{
  "ACE": {
    "mean": 8.365339797996093,
    "std": 4.954281459882724,
    "n": 47
  },
  "DSN": {
    "mean": 0.0,
    "std": 0.0,
    "n": 839
  },
  "DSS": {
    "mean": 0.0,
    "std": 0.0,
    "n": 338
  },
  "JWST": {
    "mean": 11.640517491638356,
    "std": 6.300281955477364,
    "n": 91
  },
  "KPLO": {
    "mean": 5.839161039403204,
    "std": 6.001376359723752,
    "n": 57
  },
  "LUCY": {
    "mean": 9.844355471753198,
    "std": 3.4378379294800694,
    "n": 92
  },
  "M01O": {
    "mean": 8.047818735472925,
    "std": 3.9266917144728226,
    "n": 143
  },
  "MMS2": {
    "mean": 10.242946504830826,
    "std": 6.708652523613693,
    "n": 10
  },
  "ORX": {
    "mean": 3.4532979652402034,
    "std": 5.982186077945595,
    "n": 28
  },
  "SOHO": {
    "mean": 10.164384760812766,
    "std": 4.780004932422605,
    "n": 127
  },
  "SPP": {
    "mean": 9.261807390166654,
    "std": 3.8300111789107363,
    "n": 85
  },
  "VGR2": {
    "mean": 4.399744982962319,
    "std": 1.73178778989651,
    "n": 82
  },
  "CAPS": {
    "mean": 7.299997334654112,
    "std": 6.133224528704222,
    "n": 29
  },
  "MRO": {
    "mean": 11.393011578001154,
    "std": 5.6396499745487025,
    "n": 92
  },
  "STA": {
    "mean": 8.226130048320103,
    "std": 6.413061388703788,
    "n": 45
  },
  "IMAP": {
    "mean": 10.728231206601006,
    "std": 5.4324510410501725,
    "n": 49
  },
  "MMS3": {
    "mean": 9.590152199705503,
    "std": 6.787163252542135,
    "n": 18
  },
  "TGO": {
    "mean": 11.762588737510644,
    "std": 4.191119134153914,
    "n": 18
  },
  "TDR8": {
    "mean": 6.839711603308979,
    "std": 3.15492915596383,
    "n": 114
  },
  "MMS4": {
    "mean": 10.933326803952065,
    "std": 6.317290495803746,
    "n": 12
  },
  "WIND": {
    "mean": 7.951615196490293,
    "std": 4.07062826484977,
    "n": 46
  },
  "ESCB": {
    "mean": 7.302198972940727,
    "std": 3.5078629207632055,
    "n": 32
  },
  "THC": {
    "mean": 9.080361151252493,
    "std": 6.006514288439821,
    "n": 10
  },
  "CHDR": {
    "mean": 7.947603761735916,
    "std": 6.92856032814211,
    "n": 44
  },
  "MMS1": {
    "mean": 9.636361985076183,
    "std": 6.819575393469512,
    "n": 15
  },
  "ESCG": {
    "mean": 8.014579826210472,
    "std": 2.7621924481972626,
    "n": 63
  },
  "VGR1": {
    "mean": 4.619458513622237,
    "std": 1.460801045970223,
    "n": 44
  },
  "DSSR": {
    "mean": 0.0,
    "std": 0.0,
    "n": 39
  },
  "LRO": {
    "mean": 10.668397318586155,
    "std": 7.406961212327078,
    "n": 13
  },
  "SWFO": {
    "mean": 0.0,
    "std": 0.0,
    "n": 15
  },
  "GBRA": {
    "mean": 0.0,
    "std": 0.0,
    "n": 32
  },
  "EMM": {
    "mean": 11.269348936844743,
    "std": 3.563681038762641,
    "n": 11
  },
  "TESS": {
    "mean": 4.840203249634437,
    "std": 4.840203249634437,
    "n": 4
  },
  "EURC": {
    "mean": 5.840218474500522,
    "std": 5.820616479206696,
    "n": 28
  },
  "NHPC": {
    "mean": 0.0,
    "std": 0.0,
    "n": 5
  },
  "PSYC": {
    "mean": 10.396202589648338,
    "std": 4.940618140488928,
    "n": 38
  },
  "JNO": {
    "mean": 10.04095295470704,
    "std": 3.6523635466813618,
    "n": 89
  },
  "MSL": {
    "mean": 0.0,
    "std": 0.0,
    "n": 5
  },
  "M20": {
    "mean": 0.0,
    "std": 0.0,
    "n": 22
  },
  "CGO": {
    "mean": 7.589829951122854,
    "std": 6.207553342968365,
    "n": 16
  },
  "BIOS": {
    "mean": 6.481374500800612,
    "std": 3.97086966242705,
    "n": 11
  },
  "SGP": {
    "mean": 0.0,
    "std": 0.0,
    "n": 34
  },
  "DSCO": {
    "mean": 3.961415020514468,
    "std": 4.851722729828701,
    "n": 5
  },
  "THB": {
    "mean": 6.931197549030571,
    "std": 6.931197549030571,
    "n": 2
  },
  "MMX": {
    "mean": 0.0,
    "std": 0.0,
    "n": 13
  }
}