{
  "ACE": {
    "mean": 8.44411451769859,
    "std": 4.910662787379268,
    "n": 608
  },
  "DSN": {
    "mean": 0.0,
    "std": 0.0,
    "n": 9181
  },
  "DSS": {
    "mean": 0.0,
    "std": 0.0,
    "n": 1831
  },
  "JWST": {
    "mean": 11.441885921479939,
    "std": 6.011507915316801,
    "n": 1410
  },
  "KPLO": {
    "mean": 8.57425531013894,
    "std": 6.194018304992993,
    "n": 1165
  },
  "LUCY": {
    "mean": 9.04893399048567,
    "std": 3.989587671015891,
    "n": 804
  },
  "M01O": {
    "mean": 7.93612492179415,
    "std": 4.280138435073485,
    "n": 2335
  },
  "MMS2": {
    "mean": 11.906551441678209,
    "std": 5.6616316740424795,
    "n": 277
  },
  "ORX": {
    "mean": 4.261963660492928,
    "std": 6.364119785125662,
    "n": 620
  },
  "SOHO": {
    "mean": 10.444628411619426,
    "std": 4.462927965478398,
    "n": 1924
  },
  "SPP": {
    "mean": 9.212044253111358,
    "std": 4.603411306784301,
    "n": 1122
  },
  "VGR2": {
    "mean": 4.1711046684455155,
    "std": 1.884032852916932,
    "n": 933
  },
  "CAPS": {
    "mean": 9.081313797480792,
    "std": 5.565881831113508,
    "n": 308
  },
  "MRO": {
    "mean": 11.20064055349548,
    "std": 5.804261298998639,
    "n": 973
  },
  "STA": {
    "mean": 10.543071868274499,
    "std": 5.280433391628619,
    "n": 689
  },
  "IMAP": {
    "mean": 10.548854542556196,
    "std": 5.571900591697971,
    "n": 376
  },
  "MMS3": {
    "mean": 11.693004165964766,
    "std": 5.83823733085691,
    "n": 276
  },
  "TGO": {
    "mean": 10.372236422583306,
    "std": 5.1774164321815315,
    "n": 327
  },
  "TDR8": {
    "mean": 6.839711603308979,
    "std": 3.15492915596383,
    "n": 114
  },
  "MMS4": {
    "mean": 11.959896174959383,
    "std": 5.642727747894283,
    "n": 253
  },
  "WIND": {
    "mean": 7.838584773570193,
    "std": 4.192637166255898,
    "n": 522
  },
  "ESCB": {
    "mean": 7.75397989350433,
    "std": 3.4361971455886677,
    "n": 356
  },
  "THC": {
    "mean": 8.104053890379554,
    "std": 5.622679116121541,
    "n": 149
  },
  "CHDR": {
    "mean": 8.211909659430258,
    "std": 6.870105654544769,
    "n": 634
  },
  "MMS1": {
    "mean": 10.805452931535498,
    "std": 6.312770939714658,
    "n": 307
  },
  "ESCG": {
    "mean": 7.657921705159718,
    "std": 3.628997345537329,
    "n": 354
  },
  "VGR1": {
    "mean": 4.431141908269139,
    "std": 1.6873345228494676,
    "n": 1023
  },
  "DSSR": {
    "mean": 0.0,
    "std": 0.0,
    "n": 199
  },
  "LRO": {
    "mean": 10.814381754844652,
    "std": 6.417415758672958,
    "n": 641
  },
  "SWFO": {
    "mean": 0.2545284039317955,
    "std": 1.430156866284063,
    "n": 228
  },
  "GBRA": {
    "mean": 0.0,
    "std": 0.0,
    "n": 540
  },
  "EMM": {
    "mean": 10.210121533965474,
    "std": 4.733528122869451,
    "n": 147
  },
  "TESS": {
    "mean": 9.855592996022676,
    "std": 6.549801187035146,
    "n": 192
  },
  "EURC": {
    "mean": 7.119518286213151,
    "std": 5.00011792141004,
    "n": 327
  },
  "NHPC": {
    "mean": 3.0848514399181086,
    "std": 2.6889534157948725,
    "n": 167
  },
  "PSYC": {
    "mean": 9.569411006331013,
    "std": 5.5136415973773865,
    "n": 626
  },
  "JNO": {
    "mean": 8.984053686934978,
    "std": 4.3618532302110244,
    "n": 1325
  },
  "MSL": {
    "mean": 0.28149981353707737,
    "std": 1.1780079286773841,
    "n": 185
  },
  "M20": {
    "mean": 0.41647181756341145,
    "std": 1.4079317143529417,
    "n": 174
  },
  "CGO": {
    "mean": 10.420487202432566,
    "std": 5.524406325889526,
    "n": 236
  },
  "BIOS": {
    "mean": 7.0020211887645,
    "std": 3.7444805453671663,
    "n": 72
  },
  "SGP": {
    "mean": 0.0,
    "std": 0.0,
    "n": 34
  },
  "DSCO": {
    "mean": 4.951768775643087,
    "std": 4.951768775643087,
    "n": 44
  },
  "THB": {
    "mean": 8.141870177392011,
    "std": 5.5904266470201875,
    "n": 126
  },
  "MMX": {
    "mean": 6.447047574555721,
    "std": 4.86009682234796,
    "n": 75
  },
  "RST": {
    "mean": 6.771292771997224,
    "std": 5.938614102744261,
    "n": 42
  },
  "XMM": {
    "mean": 10.478006574044688,
    "std": 2.9312374535648464,
    "n": 124
  },
  "TEST": {
    "mean": 0.0,
    "std": 0.0,
    "n": 187
  },
  "MEX": {
    "mean": 9.817453080856374,
    "std": 4.3042786535186215,
    "n": 50
  },
  "BEPI": {
    "mean": 2.420109767318459,
    "std": 3.567173330124926,
    "n": 28
  },
  "HYB2": {
    "mean": 3.340947635390163,
    "std": 2.6876188503641294,
    "n": 263
  },
  "HCRA": {
    "mean": 0.0,
    "std": 0.0,
    "n": 48
  },
  "EGS": {
    "mean": 0.0,
    "std": 0.0,
    "n": 16
  }
}