{
  "ACE": {
    "mean": 8.423607905427593,
    "std": 4.917839962117413,
    "n": 573
  },
  "DSN": {
    "mean": 0.0,
    "std": 0.0,
    "n": 8812
  },
  "DSS": {
    "mean": 0.0,
    "std": 0.0,
    "n": 1749
  },
  "JWST": {
    "mean": 11.327643301667928,
    "std": 6.0171421990465035,
    "n": 1308
  },
  "KPLO": {
    "mean": 8.685040861252709,
    "std": 6.279056444207931,
    "n": 1087
  },
  "LUCY": {
    "mean": 9.102562041209785,
    "std": 3.978388340513624,
    "n": 771
  },
  "M01O": {
    "mean": 7.877854825057241,
    "std": 4.3226452136799685,
    "n": 2177
  },
  "MMS2": {
    "mean": 11.999952204394148,
    "std": 5.582306177701422,
    "n": 259
  },
  "ORX": {
    "mean": 3.9555993410610206,
    "std": 6.2287680375052155,
    "n": 581
  },
  "SOHO": {
    "mean": 10.420774361546929,
    "std": 4.4803828051933605,
    "n": 1795
  },
  "SPP": {
    "mean": 8.998443230445735,
    "std": 4.573831969423504,
    "n": 997
  },
  "VGR2": {
    "mean": 4.144614869730113,
    "std": 1.9059040799290894,
    "n": 882
  },
  "CAPS": {
    "mean": 9.104565706084749,
    "std": 5.554492774919185,
    "n": 299
  },
  "MRO": {
    "mean": 11.193120264684001,
    "std": 5.819426267397344,
    "n": 916
  },
  "STA": {
    "mean": 10.524710863923241,
    "std": 5.291797415965376,
    "n": 645
  },
  "IMAP": {
    "mean": 10.581687596374046,
    "std": 5.549962199637346,
    "n": 357
  },
  "MMS3": {
    "mean": 11.63102133780826,
    "std": 5.877383428171743,
    "n": 256
  },
  "TGO": {
    "mean": 10.340301584553735,
    "std": 5.202878811795446,
    "n": 308
  },
  "TDR8": {
    "mean": 6.839711603308979,
    "std": 3.15492915596383,
    "n": 114
  },
  "MMS4": {
    "mean": 12.035700254357984,
    "std": 5.576410815949087,
    "n": 238
  },
  "WIND": {
    "mean": 7.908966020651206,
    "std": 4.189004041334936,
    "n": 487
  },
  "ESCB": {
    "mean": 7.786035384159938,
    "std": 3.36633904233974,
    "n": 325
  },
  "THC": {
    "mean": 8.193392562835303,
    "std": 5.613047573066228,
    "n": 139
  },
  "CHDR": {
    "mean": 8.18312401759898,
    "std": 6.87522143641298,
    "n": 597
  },
  "MMS1": {
    "mean": 10.740231007541723,
    "std": 6.351822853178325,
    "n": 286
  },
  "ESCG": {
    "mean": 7.646822630352018,
    "std": 3.6630598140434767,
    "n": 326
  },
  "VGR1": {
    "mean": 4.406123866806631,
    "std": 1.7142401394432287,
    "n": 955
  },
  "DSSR": {
    "mean": 0.0,
    "std": 0.0,
    "n": 172
  },
  "LRO": {
    "mean": 10.807846638685078,
    "std": 6.481283186441909,
    "n": 592
  },
  "SWFO": {
    "mean": 0.26620401879105215,
    "std": 1.4615279332635267,
    "n": 218
  },
  "GBRA": {
    "mean": 0.0,
    "std": 0.0,
    "n": 518
  },
  "EMM": {
    "mean": 10.210121533965474,
    "std": 4.733528122869451,
    "n": 147
  },
  "TESS": {
    "mean": 9.526441127253786,
    "std": 6.393731075681011,
    "n": 175
  },
  "EURC": {
    "mean": 7.074369393519517,
    "std": 5.019332454515391,
    "n": 310
  },
  "NHPC": {
    "mean": 1.6218780734987845,
    "std": 1.9355757017590243,
    "n": 80
  },
  "PSYC": {
    "mean": 9.631960984400793,
    "std": 5.475885829748371,
    "n": 606
  },
  "JNO": {
    "mean": 8.991855148381791,
    "std": 4.361331023672074,
    "n": 1268
  },
  "MSL": {
    "mean": 0.24836408356673606,
    "std": 1.1111895918040897,
    "n": 168
  },
  "M20": {
    "mean": 0.47055906659762076,
    "std": 1.48803842409134,
    "n": 154
  },
  "CGO": {
    "mean": 10.33353758129151,
    "std": 5.58242053959072,
    "n": 219
  },
  "BIOS": {
    "mean": 6.976562835742111,
    "std": 3.7645650646294055,
    "n": 71
  },
  "SGP": {
    "mean": 0.0,
    "std": 0.0,
    "n": 34
  },
  "DSCO": {
    "mean": 4.951768775643087,
    "std": 4.951768775643087,
    "n": 44
  },
  "THB": {
    "mean": 8.080642312408651,
    "std": 5.635489905384737,
    "n": 111
  },
  "MMX": {
    "mean": 6.447047574555721,
    "std": 4.86009682234796,
    "n": 75
  },
  "RST": {
    "mean": 6.771292771997224,
    "std": 5.938614102744261,
    "n": 42
  },
  "XMM": {
    "mean": 10.478006574044688,
    "std": 2.9312374535648464,
    "n": 124
  },
  "TEST": {
    "mean": 0.0,
    "std": 0.0,
    "n": 144
  },
  "MEX": {
    "mean": 9.48539227202379,
    "std": 4.622399748859159,
    "n": 42
  },
  "BEPI": {
    "mean": 2.420109767318459,
    "std": 3.567173330124926,
    "n": 28
  },
  "HYB2": {
    "mean": 2.3437197278788298,
    "std": 2.373659208116736,
    "n": 99
  },
  "HCRA": {
    "mean": 0.0,
    "std": 0.0,
    "n": 43
  },
  "EGS": {
    "mean": 0.0,
    "std": 0.0,
    "n": 16
  }
}