{
  "ACE": {
    "mean": 8.370335567081183,
    "std": 4.987994036736558,
    "n": 100
  },
  "DSN": {
    "mean": 0.0,
    "std": 0.0,
    "n": 1447
  },
  "DSS": {
    "mean": 0.0,
    "std": 0.0,
    "n": 534
  },
  "JWST": {
    "mean": 12.11470719943838,
    "std": 6.172457114952519,
    "n": 173
  },
  "KPLO": {
    "mean": 7.253179708275474,
    "std": 6.912197244970681,
    "n": 155
  },
  "LUCY": {
    "mean": 9.890197879876215,
    "std": 3.387095360191775,
    "n": 162
  },
  "M01O": {
    "mean": 8.242387624252059,
    "std": 4.05622406628346,
    "n": 283
  },
  "MMS2": {
    "mean": 11.596256147995392,
    "std": 5.909455498402075,
    "n": 34
  },
  "ORX": {
    "mean": 3.7320352719386016,
    "std": 6.118614554663881,
    "n": 59
  },
  "SOHO": {
    "mean": 10.00990124552746,
    "std": 4.903830085438411,
    "n": 248
  },
  "SPP": {
    "mean": 10.158958290199665,
    "std": 3.8044629581192715,
    "n": 203
  },
  "VGR2": {
    "mean": 4.454970660975161,
    "std": 1.60900176778333,
    "n": 151
  },
  "CAPS": {
    "mean": 7.467748566512434,
    "std": 6.097448408321889,
    "n": 45
  },
  "MRO": {
    "mean": 11.356442536678031,
    "std": 5.718701747489002,
    "n": 164
  },
  "STA": {
    "mean": 9.745626017150897,
    "std": 5.819514670565849,
    "n": 99
  },
  "IMAP": {
    "mean": 10.575232999238056,
    "std": 5.555115100618294,
    "n": 74
  },
  "MMS3": {
    "mean": 11.162646679906109,
    "std": 5.914033487799132,
    "n": 32
  },
  "TGO": {
    "mean": 10.85687436027468,
    "std": 4.874204077030509,
    "n": 36
  },
  "TDR8": {
    "mean": 6.839711603308979,
    "std": 3.15492915596383,
    "n": 114
  },
  "MMS4": {
    "mean": 10.758413078274286,
    "std": 6.37063146290965,
    "n": 27
  },
  "WIND": {
    "mean": 8.074747616558607,
    "std": 4.095419729468202,
    "n": 83
  },
  "ESCB": {
    "mean": 7.302198972940727,
    "std": 3.5078629207632055,
    "n": 32
  },
  "THC": {
    "mean": 9.036741273328367,
    "std": 5.393922404335639,
    "n": 27
  },
  "CHDR": {
    "mean": 7.676222169871766,
    "std": 6.960527297467464,
    "n": 82
  },
  "MMS1": {
    "mean": 10.398430174843092,
    "std": 6.5236699049617055,
    "n": 39
  },
  "ESCG": {
    "mean": 8.2751689574037,
    "std": 3.1563189004763585,
    "n": 106
  },
  "VGR1": {
    "mean": 4.583227466456565,
    "std": 1.5110453482563542,
    "n": 102
  },
  "DSSR": {
    "mean": 0.0,
    "std": 0.0,
    "n": 42
  },
  "LRO": {
    "mean": 10.928639234985097,
    "std": 7.118220187806351,
    "n": 36
  },
  "SWFO": {
    "mean": 0.0,
    "std": 0.0,
    "n": 35
  },
  "GBRA": {
    "mean": 0.0,
    "std": 0.0,
    "n": 122
  },
  "EMM": {
    "mean": 10.779377243938455,
    "std": 4.174834854826083,
    "n": 23
  },
  "TESS": {
    "mean": 5.809101792296096,
    "std": 4.743115196972252,
    "n": 15
  },
  "EURC": {
    "mean": 5.065465502432879,
    "std": 5.975348173230138,
    "n": 55
  },
  "NHPC": {
    "mean": 0.0,
    "std": 0.0,
    "n": 10
  },
  "PSYC": {
    "mean": 8.016411519630038,
    "std": 6.167295604187224,
    "n": 78
  },
  "JNO": {
    "mean": 10.034761880221101,
    "std": 3.7986362460144574,
    "n": 131
  },
  "MSL": {
    "mean": 0.0,
    "std": 0.0,
    "n": 24
  },
  "M20": {
    "mean": 0.0,
    "std": 0.0,
    "n": 25
  },
  "CGO": {
    "mean": 8.463402659914646,
    "std": 6.151656271758514,
    "n": 31
  },
  "BIOS": {
    "mean": 6.481374500800612,
    "std": 3.97086966242705,
    "n": 11
  },
  "SGP": {
    "mean": 0.0,
    "std": 0.0,
    "n": 34
  },
  "DSCO": {
    "mean": 3.961415020514468,
    "std": 4.851722729828701,
    "n": 5
  },
  "THB": {
    "mean": 8.440017389625368,
    "std": 5.469354640821094,
    "n": 17
  },
  "MMX": {
    "mean": 3.1847383128714086,
    "std": 4.556806537338114,
    "n": 27
  }
}