{
  "ACE": {
    "mean": 11.38114364947859,
    "std": 7.170114004970143e-05,
    "n": 9
  },
  "DSN": {
    "mean": 0.0,
    "std": 0.0,
    "n": 96
  },
  "DSS": {
    "mean": 0.0,
    "std": 0.0,
    "n": 32
  },
  "JWST": {
    "mean": 15.92213465708374,
    "std": 4.4160064184891885,
    "n": 14
  },
  "KPLO": {
    "mean": 1.4505069853734178,
    "std": 4.586905835764542,
    "n": 11
  },
  "LUCY": {
    "mean": 11.042937835596492,
    "std": 2.3498992183808822e-15,
    "n": 8
  },
  "M01O": {
    "mean": 8.537924128904196,
    "std": 2.9576236764860626,
    "n": 28
  },
  "MMS2": {
    "mean": 7.019327454639082,
    "std": 7.019327454639082,
    "n": 2
  },
  "ORX": {
    "mean": 0.0,
    "std": 0.0,
    "n": 2
  },
  "SOHO": {
    "mean": 9.929822035563236,
    "std": 4.964911017781618,
    "n": 25
  },
  "SPP": {
    "mean": 6.390576181243971,
    "std": 0.0,
    "n": 14
  },
  "VGR2": {
    "mean": 4.328580706802093,
    "std": 1.8051429433431732,
    "n": 27
  },
  "CAPS": {
    "mean": 7.26421303399404,
    "std": 6.13938055293441,
    "n": 12
  },
  "MRO": {
    "mean": 9.423098725013155,
    "std": 6.522086255046783,
    "n": 34
  },
  "STA": {
    "mean": 0.0,
    "std": 0.0,
    "n": 9
  },
  "IMAP": {
    "mean": 11.681851758298873,
    "std": 4.581999236189549,
    "n": 15
  },
  "MMS3": {
    "mean": 8.022088519587522,
    "std": 6.947332449370293,
    "n": 7
  },
  "TGO": {
    "mean": 13.109820359457137,
    "std": 0.5569977786728474,
    "n": 6
  },
  "TDR8": {
    "mean": 5.52953307257149,
    "std": 3.9099703324105866,
    "n": 12
  },
  "MMS4": {
    "mean": 14.731801689838349,
    "std": 0.0,
    "n": 4
  },
  "WIND": {
    "mean": 7.17087296098777,
    "std": 3.3803819670651323,
    "n": 11
  },
  "ESCB": {
    "mean": 6.913324471423173,
    "std": 3.786583760350952,
    "n": 13
  },
  "THC": {
    "mean": 10.3972731948487,
    "std": 6.00286849051162,
    "n": 4
  },
  "CHDR": {
    "mean": 6.993891310327608,
    "std": 6.993891310327608,
    "n": 6
  },
  "MMS1": {
    "mean": 11.048851267378762,
    "std": 6.379057253457265,
    "n": 4
  }
}