{
  "ACE": {
    "mean": 8.42838760498247,
    "std": 4.953028585399187,
    "n": 452
  },
  "DSN": {
    "mean": 0.0,
    "std": 0.0,
    "n": 7229
  },
  "DSS": {
    "mean": 0.0,
    "std": 0.0,
    "n": 1535
  },
  "JWST": {
    "mean": 11.18010200260507,
    "std": 6.029542656543442,
    "n": 1006
  },
  "KPLO": {
    "mean": 8.620244628487844,
    "std": 6.341421851354064,
    "n": 821
  },
  "LUCY": {
    "mean": 9.132801930359506,
    "std": 4.052375803934068,
    "n": 700
  },
  "M01O": {
    "mean": 7.7702496939995305,
    "std": 4.3911374601735185,
    "n": 1680
  },
  "MMS2": {
    "mean": 12.23507384013633,
    "std": 5.377882542960508,
    "n": 198
  },
  "ORX": {
    "mean": 3.811851504892733,
    "std": 6.148730115481576,
    "n": 407
  },
  "SOHO": {
    "mean": 10.339048702231658,
    "std": 4.533196372940515,
    "n": 1377
  },
  "SPP": {
    "mean": 8.651988959177997,
    "std": 4.456958373437672,
    "n": 808
  },
  "VGR2": {
    "mean": 4.303936966075176,
    "std": 1.746269358150772,
    "n": 663
  },
  "CAPS": {
    "mean": 9.083163709392235,
    "std": 5.571997327359381,
    "n": 238
  },
  "MRO": {
    "mean": 11.166880186209623,
    "std": 5.851724299476267,
    "n": 709
  },
  "STA": {
    "mean": 10.494481962061698,
    "std": 5.3070327454576,
    "n": 526
  },
  "IMAP": {
    "mean": 10.856991861990233,
    "std": 5.347683114247175,
    "n": 292
  },
  "MMS3": {
    "mean": 11.898879571102903,
    "std": 5.674401379489768,
    "n": 200
  },
  "TGO": {
    "mean": 10.166213627689388,
    "std": 5.289041076126431,
    "n": 226
  },
  "TDR8": {
    "mean": 6.839711603308979,
    "std": 3.15492915596383,
    "n": 114
  },
  "MMS4": {
    "mean": 11.902609809913343,
    "std": 5.702206089404182,
    "n": 177
  },
  "WIND": {
    "mean": 7.858968044157441,
    "std": 4.221057462048545,
    "n": 391
  },
  "ESCB": {
    "mean": 8.015660130859475,
    "std": 3.2505264061796355,
    "n": 228
  },
  "THC": {
    "mean": 8.527854218708585,
    "std": 5.429560259832606,
    "n": 119
  },
  "CHDR": {
    "mean": 8.128839011874843,
    "std": 6.888363419788825,
    "n": 469
  },
  "MMS1": {
    "mean": 10.492592682138206,
    "std": 6.484764049076039,
    "n": 221
  },
  "ESCG": {
    "mean": 7.685456021667649,
    "std": 3.4829368982593527,
    "n": 239
  },
  "VGR1": {
    "mean": 4.466609854742134,
    "std": 1.6504835339822954,
    "n": 701
  },
  "DSSR": {
    "mean": 0.0,
    "std": 0.0,
    "n": 113
  },
  "LRO": {
    "mean": 10.830985493178396,
    "std": 6.633671039940158,
    "n": 446
  },
  "SWFO": {
    "mean": 0.24523004070257284,
    "std": 1.4044652225680567,
    "n": 169
  },
  "GBRA": {
    "mean": 0.0,
    "std": 0.0,
    "n": 420
  },
  "EMM": {
    "mean": 10.100846322190947,
    "std": 4.826679446531576,
    "n": 113
  },
  "TESS": {
    "mean": 9.210863544255208,
    "std": 6.39099910308455,
    "n": 132
  },
  "EURC": {
    "mean": 6.927653534239651,
    "std": 5.269271732500624,
    "n": 240
  },
  "NHPC": {
    "mean": 0.0,
    "std": 0.0,
    "n": 30
  },
  "PSYC": {
    "mean": 9.443910595654938,
    "std": 5.582806617175107,
    "n": 560
  },
  "JNO": {
    "mean": 8.87698348062856,
    "std": 4.503659106799784,
    "n": 1062
  },
  "MSL": {
    "mean": 0.22574075029594007,
    "std": 1.0634007830282681,
    "n": 139
  },
  "M20": {
    "mean": 0.4020310471902004,
    "std": 1.3854038885809008,
    "n": 103
  },
  "CGO": {
    "mean": 10.316822035197166,
    "std": 5.599713687429647,
    "n": 184
  },
  "BIOS": {
    "mean": 6.881448591857102,
    "std": 3.8306128668279746,
    "n": 55
  },
  "SGP": {
    "mean": 0.0,
    "std": 0.0,
    "n": 34
  },
  "DSCO": {
    "mean": 4.951768775643087,
    "std": 4.951768775643086,
    "n": 34
  },
  "THB": {
    "mean": 8.189868970727542,
    "std": 5.59772491911716,
    "n": 92
  },
  "MMX": {
    "mean": 6.3833415820869694,
    "std": 4.865709226505287,
    "n": 71
  },
  "RST": {
    "mean": 6.636855475185483,
    "std": 5.910642800722992,
    "n": 39
  },
  "XMM": {
    "mean": 10.403132049426544,
    "std": 3.0511786047110028,
    "n": 101
  },
  "TEST": {
    "mean": 0.0,
    "std": 0.0,
    "n": 102
  },
  "MEX": {
    "mean": 9.32574765239274,
    "std": 4.759553845465456,
    "n": 39
  },
  "BEPI": {
    "mean": 2.2665968526050566,
    "std": 3.6346409384521188,
    "n": 25
  },
  "HYB2": {
    "mean": 0.0,
    "std": 0.0,
    "n": 16
  },
  "HCRA": {
    "mean": 0.0,
    "std": 0.0,
    "n": 33
  },
  "EGS": {
    "mean": 0.0,
    "std": 0.0,
    "n": 16
  }
}