{
  "ACE": {
    "mean": 8.341440009966105,
    "std": 4.970740283309859,
    "n": 694
  },
  "DSN": {
    "mean": 0.0,
    "std": 0.0,
    "n": 10783
  },
  "DSS": {
    "mean": 0.0,
    "std": 0.0,
    "n": 2019
  },
  "JWST": {
    "mean": 11.30888709475028,
    "std": 5.905060795111689,
    "n": 1633
  },
  "KPLO": {
    "mean": 8.657700925334538,
    "std": 6.191157752530573,
    "n": 1332
  },
  "LUCY": {
    "mean": 9.023204428419032,
    "std": 3.962621064704021,
    "n": 848
  },
  "M01O": {
    "mean": 7.851448092683595,
    "std": 4.29415210531829,
    "n": 2611
  },
  "MMS2": {
    "mean": 11.827771132554297,
    "std": 5.718963934241492,
    "n": 333
  },
  "ORX": {
    "mean": 4.242219064361747,
    "std": 6.35492423732074,
    "n": 746
  },
  "SOHO": {
    "mean": 10.410652480747077,
    "std": 4.504339018258009,
    "n": 2220
  },
  "SPP": {
    "mean": 8.982785776310106,
    "std": 4.622320207626064,
    "n": 1184
  },
  "VGR2": {
    "mean": 4.170757043780609,
    "std": 1.8828483442004689,
    "n": 1073
  },
  "CAPS": {
    "mean": 9.11036858930009,
    "std": 5.547640687664729,
    "n": 359
  },
  "MRO": {
    "mean": 11.322197455662668,
    "std": 5.723062273685002,
    "n": 1185
  },
  "STA": {
    "mean": 10.588223504806443,
    "std": 5.236204241582038,
    "n": 805
  },
  "IMAP": {
    "mean": 10.611333906193913,
    "std": 5.528761403829262,
    "n": 431
  },
  "MMS3": {
    "mean": 11.778315554501853,
    "std": 5.767976226796402,
    "n": 321
  },
  "TGO": {
    "mean": 10.432734557137348,
    "std": 5.127194392148625,
    "n": 361
  },
  "TDR8": {
    "mean": 7.014025107082547,
    "std": 2.9972898409743474,
    "n": 136
  },
  "MMS4": {
    "mean": 12.011774443556202,
    "std": 5.6140578667039325,
    "n": 296
  },
  "WIND": {
    "mean": 7.8191795171701255,
    "std": 4.191414585338008,
    "n": 610
  },
  "ESCB": {
    "mean": 7.787862555613745,
    "std": 3.384623188426639,
    "n": 400
  },
  "THC": {
    "mean": 8.202190333971654,
    "std": 5.6149588722058645,
    "n": 174
  },
  "CHDR": {
    "mean": 8.203588873341545,
    "std": 6.869154865587668,
    "n": 728
  },
  "MMS1": {
    "mean": 10.824557127651339,
    "std": 6.303706859843624,
    "n": 356
  },
  "ESCG": {
    "mean": 7.629744341358703,
    "std": 3.6330871348012352,
    "n": 373
  },
  "VGR1": {
    "mean": 4.3444052063542715,
    "std": 1.779874735970569,
    "n": 1174
  },
  "DSSR": {
    "mean": 0.0,
    "std": 0.0,
    "n": 235
  },
  "LRO": {
    "mean": 10.716378736878491,
    "std": 6.478858678555504,
    "n": 757
  },
  "SWFO": {
    "mean": 0.2284743153403519,
    "std": 1.3571790426253232,
    "n": 254
  },
  "GBRA": {
    "mean": 0.0,
    "std": 0.0,
    "n": 568
  },
  "EMM": {
    "mean": 10.135336904512531,
    "std": 4.79404608636372,
    "n": 186
  },
  "TESS": {
    "mean": 10.166429127361203,
    "std": 6.710185836027664,
    "n": 225
  },
  "EURC": {
    "mean": 6.9282613058264,
    "std": 4.57103906570687,
    "n": 438
  },
  "NHPC": {
    "mean": 2.6907541927575105,
    "std": 2.8792034503680926,
    "n": 402
  },
  "PSYC": {
    "mean": 9.62462859788582,
    "std": 5.4826134281452275,
    "n": 645
  },
  "JNO": {
    "mean": 9.030728620734871,
    "std": 4.158168653530123,
    "n": 1630
  },
  "MSL": {
    "mean": 0.2540364170944357,
    "std": 1.1221825856520087,
    "n": 205
  },
  "M20": {
    "mean": 0.4370970885284567,
    "std": 1.4392449802223781,
    "n": 225
  },
  "CGO": {
    "mean": 10.289850692054399,
    "std": 5.565489892861328,
    "n": 268
  },
  "BIOS": {
    "mean": 7.111815900254474,
    "std": 3.6669300959237847,
    "n": 81
  },
  "SGP": {
    "mean": 0.0,
    "std": 0.0,
    "n": 111
  },
  "DSCO": {
    "mean": 4.854675270238321,
    "std": 4.950816787020306,
    "n": 51
  },
  "THB": {
    "mean": 8.127425734448254,
    "std": 5.624767373043861,
    "n": 131
  },
  "MMX": {
    "mean": 6.447047574555721,
    "std": 4.86009682234796,
    "n": 75
  },
  "RST": {
    "mean": 6.2573459288108575,
    "std": 5.9069727957618285,
    "n": 50
  },
  "XMM": {
    "mean": 10.49102250883873,
    "std": 2.909686122370264,
    "n": 126
  },
  "TEST": {
    "mean": 0.0,
    "std": 0.0,
    "n": 220
  },
  "MEX": {
    "mean": 9.495547254342087,
    "std": 4.561461788079343,
    "n": 59
  },
  "BEPI": {
    "mean": 4.342343111860535,
    "std": 5.071384013101949,
    "n": 40
  },
  "HYB2": {
    "mean": 4.1767749285408255,
    "std": 3.2512601559797702,
    "n": 463
  },
  "HCRA": {
    "mean": 0.0,
    "std": 0.0,
    "n": 74
  },
  "EGS": {
    "mean": 0.0,
    "std": 0.0,
    "n": 16
  }
}