{
  "ACE": {
    "mean": 8.444745039199448,
    "std": 4.9070581558031545,
    "n": 581
  },
  "DSN": {
    "mean": 0.0,
    "std": 0.0,
    "n": 8896
  },
  "DSS": {
    "mean": 0.0,
    "std": 0.0,
    "n": 1749
  },
  "JWST": {
    "mean": 11.384749711765648,
    "std": 6.034522885669055,
    "n": 1334
  },
  "KPLO": {
    "mean": 8.666511066302814,
    "std": 6.23858498581049,
    "n": 1107
  },
  "LUCY": {
    "mean": 9.089254569003707,
    "std": 3.975457999534912,
    "n": 783
  },
  "M01O": {
    "mean": 7.909087844200716,
    "std": 4.307885981259819,
    "n": 2224
  },
  "MMS2": {
    "mean": 12.03123292369313,
    "std": 5.557859261647604,
    "n": 262
  },
  "ORX": {
    "mean": 4.050814092816722,
    "std": 6.271668663767792,
    "n": 591
  },
  "SOHO": {
    "mean": 10.414892827111432,
    "std": 4.487233928242196,
    "n": 1827
  },
  "SPP": {
    "mean": 9.107211814451798,
    "std": 4.573065555516134,
    "n": 1035
  },
  "VGR2": {
    "mean": 4.1469424405514275,
    "std": 1.9021416102616742,
    "n": 898
  },
  "CAPS": {
    "mean": 9.104565706084749,
    "std": 5.554492774919185,
    "n": 299
  },
  "MRO": {
    "mean": 11.218659095193935,
    "std": 5.799746676368564,
    "n": 929
  },
  "STA": {
    "mean": 10.546483957421653,
    "std": 5.277215224450212,
    "n": 660
  },
  "IMAP": {
    "mean": 10.58447157676793,
    "std": 5.547855858937284,
    "n": 362
  },
  "MMS3": {
    "mean": 11.664261470146215,
    "std": 5.851413389780298,
    "n": 259
  },
  "TGO": {
    "mean": 10.340063321335949,
    "std": 5.2022437527822545,
    "n": 313
  },
  "TDR8": {
    "mean": 6.839711603308979,
    "std": 3.15492915596383,
    "n": 114
  },
  "MMS4": {
    "mean": 12.030552539985248,
    "std": 5.583213654798027,
    "n": 243
  },
  "WIND": {
    "mean": 7.871475219959654,
    "std": 4.1970379669555475,
    "n": 496
  },
  "ESCB": {
    "mean": 7.742222017270822,
    "std": 3.405982755789647,
    "n": 328
  },
  "THC": {
    "mean": 8.160746734266631,
    "std": 5.623688506336661,
    "n": 141
  },
  "CHDR": {
    "mean": 8.232664414286374,
    "std": 6.86674598656222,
    "n": 607
  },
  "MMS1": {
    "mean": 10.771799577143788,
    "std": 6.339046440780587,
    "n": 292
  },
  "ESCG": {
    "mean": 7.659952327522551,
    "std": 3.6429004617158554,
    "n": 341
  },
  "VGR1": {
    "mean": 4.415880241393306,
    "std": 1.7037181477501415,
    "n": 969
  },
  "DSSR": {
    "mean": 0.0,
    "std": 0.0,
    "n": 184
  },
  "LRO": {
    "mean": 10.869516900218363,
    "std": 6.476404616693341,
    "n": 611
  },
  "SWFO": {
    "mean": 0.2637839822565881,
    "std": 1.4550888302296845,
    "n": 220
  },
  "GBRA": {
    "mean": 0.0,
    "std": 0.0,
    "n": 518
  },
  "EMM": {
    "mean": 10.210121533965474,
    "std": 4.733528122869451,
    "n": 147
  },
  "TESS": {
    "mean": 9.965405593021938,
    "std": 6.574692447136841,
    "n": 186
  },
  "EURC": {
    "mean": 7.074369393519517,
    "std": 5.019332454515391,
    "n": 310
  },
  "NHPC": {
    "mean": 2.0044601264869115,
    "std": 1.9655348652260427,
    "n": 102
  },
  "PSYC": {
    "mean": 9.537529994357648,
    "std": 5.531002643262781,
    "n": 612
  },
  "JNO": {
    "mean": 9.009378268772863,
    "std": 4.35662735334198,
    "n": 1285
  },
  "MSL": {
    "mean": 0.3063380323785842,
    "std": 1.2257806259927162,
    "n": 170
  },
  "M20": {
    "mean": 0.45291310160021,
    "std": 1.4626058088651175,
    "n": 160
  },
  "CGO": {
    "mean": 10.386611947069436,
    "std": 5.5407632509664095,
    "n": 224
  },
  "BIOS": {
    "mean": 6.976562835742111,
    "std": 3.7645650646294055,
    "n": 71
  },
  "SGP": {
    "mean": 0.0,
    "std": 0.0,
    "n": 34
  },
  "DSCO": {
    "mean": 4.951768775643087,
    "std": 4.951768775643087,
    "n": 44
  },
  "THB": {
    "mean": 8.10697797017238,
    "std": 5.619512825021766,
    "n": 115
  },
  "MMX": {
    "mean": 6.447047574555721,
    "std": 4.86009682234796,
    "n": 75
  },
  "RST": {
    "mean": 6.771292771997224,
    "std": 5.938614102744261,
    "n": 42
  },
  "XMM": {
    "mean": 10.478006574044688,
    "std": 2.9312374535648464,
    "n": 124
  },
  "TEST": {
    "mean": 0.0,
    "std": 0.0,
    "n": 159
  },
  "MEX": {
    "mean": 9.665860102911063,
    "std": 4.455399724792833,
    "n": 46
  },
  "BEPI": {
    "mean": 2.420109767318459,
    "std": 3.567173330124926,
    "n": 28
  },
  "HYB2": {
    "mean": 2.4188525683461446,
    "std": 2.1390466413322478,
    "n": 136
  },
  "HCRA": {
    "mean": 0.0,
    "std": 0.0,
    "n": 43
  },
  "EGS": {
    "mean": 0.0,
    "std": 0.0,
    "n": 16
  }
}