{
  "ACE": {
    "mean": 8.420384244728501,
    "std": 4.917505220904955,
    "n": 557
  },
  "DSN": {
    "mean": 0.0,
    "std": 0.0,
    "n": 8700
  },
  "DSS": {
    "mean": 0.0,
    "std": 0.0,
    "n": 1727
  },
  "JWST": {
    "mean": 11.294538205833977,
    "std": 6.008378275929511,
    "n": 1277
  },
  "KPLO": {
    "mean": 8.656403803435408,
    "std": 6.267268425861555,
    "n": 1068
  },
  "LUCY": {
    "mean": 9.104965371850646,
    "std": 3.9898551073922697,
    "n": 761
  },
  "M01O": {
    "mean": 7.873883573615741,
    "std": 4.329238183679347,
    "n": 2144
  },
  "MMS2": {
    "mean": 12.118069787392292,
    "std": 5.489119516113762,
    "n": 253
  },
  "ORX": {
    "mean": 4.04613242457122,
    "std": 6.270503531964838,
    "n": 568
  },
  "SOHO": {
    "mean": 10.424614541585449,
    "std": 4.475302496500085,
    "n": 1761
  },
  "SPP": {
    "mean": 8.94706987223503,
    "std": 4.540891404771615,
    "n": 962
  },
  "VGR2": {
    "mean": 4.1335698399155145,
    "std": 1.9135509924596434,
    "n": 861
  },
  "CAPS": {
    "mean": 9.111618599582739,
    "std": 5.553790770766209,
    "n": 292
  },
  "MRO": {
    "mean": 11.181093105105708,
    "std": 5.830248309368067,
    "n": 893
  },
  "STA": {
    "mean": 10.513136111408137,
    "std": 5.301786627365145,
    "n": 637
  },
  "IMAP": {
    "mean": 10.578824525628063,
    "std": 5.552126090083029,
    "n": 352
  },
  "MMS3": {
    "mean": 11.5720143458577,
    "std": 5.92046919022288,
    "n": 251
  },
  "TGO": {
    "mean": 10.33990568558666,
    "std": 5.203776255421645,
    "n": 298
  },
  "TDR8": {
    "mean": 6.839711603308979,
    "std": 3.15492915596383,
    "n": 114
  },
  "MMS4": {
    "mean": 12.061452547563395,
    "std": 5.563879678122106,
    "n": 234
  },
  "WIND": {
    "mean": 7.909106824686702,
    "std": 4.185799468320435,
    "n": 478
  },
  "ESCB": {
    "mean": 7.780262421991074,
    "std": 3.3803227773840296,
    "n": 316
  },
  "THC": {
    "mean": 8.193392562835303,
    "std": 5.613047573066228,
    "n": 139
  },
  "CHDR": {
    "mean": 8.19999518761599,
    "std": 6.874203135666427,
    "n": 584
  },
  "MMS1": {
    "mean": 10.67167333269858,
    "std": 6.3869657162060305,
    "n": 281
  },
  "ESCG": {
    "mean": 7.64558071040018,
    "std": 3.6736007853487265,
    "n": 319
  },
  "VGR1": {
    "mean": 4.406505173997306,
    "std": 1.718081432181896,
    "n": 935
  },
  "DSSR": {
    "mean": 0.0,
    "std": 0.0,
    "n": 162
  },
  "LRO": {
    "mean": 10.82642558610984,
    "std": 6.5155772123367495,
    "n": 580
  },
  "SWFO": {
    "mean": 0.26743076542142563,
    "std": 1.4647796565901217,
    "n": 217
  },
  "GBRA": {
    "mean": 0.0,
    "std": 0.0,
    "n": 506
  },
  "EMM": {
    "mean": 10.220441761766253,
    "std": 4.725079535760229,
    "n": 142
  },
  "TESS": {
    "mean": 9.526441127253786,
    "std": 6.393731075681011,
    "n": 175
  },
  "EURC": {
    "mean": 7.058779976944917,
    "std": 5.056053446246737,
    "n": 301
  },
  "NHPC": {
    "mean": 0.9490613596231131,
    "std": 1.6825059632775994,
    "n": 58
  },
  "PSYC": {
    "mean": 9.621695223816792,
    "std": 5.481544133087016,
    "n": 600
  },
  "JNO": {
    "mean": 8.988742915409322,
    "std": 4.372435412580771,
    "n": 1251
  },
  "MSL": {
    "mean": 0.24836408356673606,
    "std": 1.1111895918040897,
    "n": 168
  },
  "M20": {
    "mean": 0.49296664119750744,
    "std": 1.5194252329972489,
    "n": 147
  },
  "CGO": {
    "mean": 10.300315363910899,
    "std": 5.590548267115453,
    "n": 213
  },
  "BIOS": {
    "mean": 6.887781256825024,
    "std": 3.822386500483628,
    "n": 68
  },
  "SGP": {
    "mean": 0.0,
    "std": 0.0,
    "n": 34
  },
  "DSCO": {
    "mean": 4.951768775643087,
    "std": 4.951768775643087,
    "n": 42
  },
  "THB": {
    "mean": 8.120803425503418,
    "std": 5.622722137669865,
    "n": 109
  },
  "MMX": {
    "mean": 6.447047574555721,
    "std": 4.86009682234796,
    "n": 75
  },
  "RST": {
    "mean": 6.771292771997224,
    "std": 5.938614102744261,
    "n": 42
  },
  "XMM": {
    "mean": 10.478006574044688,
    "std": 2.9312374535648464,
    "n": 124
  },
  "TEST": {
    "mean": 0.0,
    "std": 0.0,
    "n": 144
  },
  "MEX": {
    "mean": 9.48539227202379,
    "std": 4.622399748859159,
    "n": 42
  },
  "BEPI": {
    "mean": 2.2665968526050566,
    "std": 3.6346409384521188,
    "n": 25
  },
  "HYB2": {
    "mean": 2.214955727827686,
    "std": 2.6093089999579844,
    "n": 66
  },
  "HCRA": {
    "mean": 0.0,
    "std": 0.0,
    "n": 43
  },
  "EGS": {
    "mean": 0.0,
    "std": 0.0,
    "n": 16
  }
}