{
  "ACE": {
    "mean": 8.197631826718867,
    "std": 5.073863783747497,
    "n": 91
  },
  "DSN": {
    "mean": 0.0,
    "std": 0.0,
    "n": 1377
  },
  "DSS": {
    "mean": 0.0,
    "std": 0.0,
    "n": 515
  },
  "JWST": {
    "mean": 12.222962539117288,
    "std": 6.188128713091243,
    "n": 168
  },
  "KPLO": {
    "mean": 7.130660682457361,
    "std": 6.795689246345952,
    "n": 142
  },
  "LUCY": {
    "mean": 9.932703845111233,
    "std": 3.322481691918828,
    "n": 159
  },
  "M01O": {
    "mean": 8.20899249368103,
    "std": 4.077541508297453,
    "n": 258
  },
  "MMS2": {
    "mean": 11.669243465410945,
    "std": 5.840116086569607,
    "n": 30
  },
  "ORX": {
    "mean": 3.7320352719386016,
    "std": 6.118614554663881,
    "n": 59
  },
  "SOHO": {
    "mean": 10.094632359804956,
    "std": 4.836918035227065,
    "n": 241
  },
  "SPP": {
    "mean": 10.17075021515594,
    "std": 3.7736733891036187,
    "n": 198
  },
  "VGR2": {
    "mean": 4.415267116354855,
    "std": 1.6512186549186096,
    "n": 142
  },
  "CAPS": {
    "mean": 7.204842166961555,
    "std": 6.144376719423259,
    "n": 38
  },
  "MRO": {
    "mean": 11.549658490409419,
    "std": 5.560567411056721,
    "n": 155
  },
  "STA": {
    "mean": 9.745626017150897,
    "std": 5.819514670565849,
    "n": 99
  },
  "IMAP": {
    "mean": 10.473028113685542,
    "std": 5.6257136168789055,
    "n": 67
  },
  "MMS3": {
    "mean": 11.162646679906109,
    "std": 5.914033487799132,
    "n": 32
  },
  "TGO": {
    "mean": 10.85687436027468,
    "std": 4.874204077030509,
    "n": 36
  },
  "TDR8": {
    "mean": 6.839711603308979,
    "std": 3.15492915596383,
    "n": 114
  },
  "MMS4": {
    "mean": 10.605590439367976,
    "std": 6.443238795543328,
    "n": 26
  },
  "WIND": {
    "mean": 8.126561038396373,
    "std": 4.173627203388643,
    "n": 76
  },
  "ESCB": {
    "mean": 7.302198972940727,
    "std": 3.5078629207632055,
    "n": 32
  },
  "THC": {
    "mean": 9.036741273328367,
    "std": 5.393922404335639,
    "n": 27
  },
  "CHDR": {
    "mean": 7.6296996112664806,
    "std": 6.964930973465078,
    "n": 77
  },
  "MMS1": {
    "mean": 10.164193876735242,
    "std": 6.6173118755344,
    "n": 37
  },
  "ESCG": {
    "mean": 8.2751689574037,
    "std": 3.1563189004763585,
    "n": 106
  },
  "VGR1": {
    "mean": 4.583227466456565,
    "std": 1.5110453482563542,
    "n": 102
  },
  "DSSR": {
    "mean": 0.0,
    "std": 0.0,
    "n": 42
  },
  "LRO": {
    "mean": 10.563093793021002,
    "std": 7.15851453318906,
    "n": 34
  },
  "SWFO": {
    "mean": 0.0,
    "std": 0.0,
    "n": 35
  },
  "GBRA": {
    "mean": 0.0,
    "std": 0.0,
    "n": 122
  },
  "EMM": {
    "mean": 10.779377243938455,
    "std": 4.174834854826083,
    "n": 23
  },
  "TESS": {
    "mean": 5.809101792296096,
    "std": 4.743115196972252,
    "n": 15
  },
  "EURC": {
    "mean": 3.5549155931742304,
    "std": 5.361567828273543,
    "n": 46
  },
  "NHPC": {
    "mean": 0.0,
    "std": 0.0,
    "n": 5
  },
  "PSYC": {
    "mean": 9.332538784046916,
    "std": 5.656621466524021,
    "n": 67
  },
  "JNO": {
    "mean": 10.1624080502013,
    "std": 3.6224542124246053,
    "n": 119
  },
  "MSL": {
    "mean": 0.0,
    "std": 0.0,
    "n": 24
  },
  "M20": {
    "mean": 0.0,
    "std": 0.0,
    "n": 25
  },
  "CGO": {
    "mean": 8.043201089507736,
    "std": 6.194512694083141,
    "n": 23
  },
  "BIOS": {
    "mean": 6.481374500800612,
    "std": 3.97086966242705,
    "n": 11
  },
  "SGP": {
    "mean": 0.0,
    "std": 0.0,
    "n": 34
  },
  "DSCO": {
    "mean": 3.961415020514468,
    "std": 4.851722729828701,
    "n": 5
  },
  "THB": {
    "mean": 8.565203502046836,
    "std": 5.442696609534125,
    "n": 14
  },
  "MMX": {
    "mean": 3.1847383128714086,
    "std": 4.556806537338114,
    "n": 27
  }
}