{
  "ACE": {
    "mean": 8.556406251858107,
    "std": 4.854854678846782,
    "n": 267
  },
  "DSN": {
    "mean": 0.0,
    "std": 0.0,
    "n": 4625
  },
  "DSS": {
    "mean": 0.0,
    "std": 0.0,
    "n": 1202
  },
  "JWST": {
    "mean": 10.719897644152976,
    "std": 5.890484630185741,
    "n": 552
  },
  "KPLO": {
    "mean": 8.488827327453308,
    "std": 6.462490422356899,
    "n": 466
  },
  "LUCY": {
    "mean": 8.814320761716331,
    "std": 4.3910891946712525,
    "n": 483
  },
  "M01O": {
    "mean": 8.262523013802046,
    "std": 4.018766997483363,
    "n": 903
  },
  "MMS2": {
    "mean": 12.119284188893154,
    "std": 5.455262831368247,
    "n": 113
  },
  "ORX": {
    "mean": 4.156350535694614,
    "std": 6.308765103856684,
    "n": 185
  },
  "SOHO": {
    "mean": 10.363587864657697,
    "std": 4.607045025089672,
    "n": 703
  },
  "SPP": {
    "mean": 8.045710281428875,
    "std": 4.277728828466388,
    "n": 403
  },
  "VGR2": {
    "mean": 4.367360266712752,
    "std": 1.6813657696891042,
    "n": 392
  },
  "CAPS": {
    "mean": 8.567011311619995,
    "std": 5.813276709726677,
    "n": 127
  },
  "MRO": {
    "mean": 11.253683338079526,
    "std": 5.864811325950084,
    "n": 461
  },
  "STA": {
    "mean": 10.518341359781061,
    "std": 5.311921564864466,
    "n": 271
  },
  "IMAP": {
    "mean": 10.465620894468486,
    "std": 5.62549177343615,
    "n": 174
  },
  "MMS3": {
    "mean": 11.51077992860771,
    "std": 5.897580962649718,
    "n": 106
  },
  "TGO": {
    "mean": 9.823268522430931,
    "std": 5.518866268307206,
    "n": 117
  },
  "TDR8": {
    "mean": 6.839711603308979,
    "std": 3.15492915596383,
    "n": 114
  },
  "MMS4": {
    "mean": 12.13941627223648,
    "std": 5.47106358190243,
    "n": 89
  },
  "WIND": {
    "mean": 8.007963947833304,
    "std": 4.088131133309175,
    "n": 231
  },
  "ESCB": {
    "mean": 8.186738073100116,
    "std": 3.2098915480235064,
    "n": 150
  },
  "THC": {
    "mean": 8.498201283961992,
    "std": 5.403398727976507,
    "n": 77
  },
  "CHDR": {
    "mean": 8.00033441738069,
    "std": 6.913469100191604,
    "n": 262
  },
  "MMS1": {
    "mean": 10.44495640342732,
    "std": 6.491768130312944,
    "n": 115
  },
  "ESCG": {
    "mean": 8.077526891985158,
    "std": 3.1640847358264295,
    "n": 162
  },
  "VGR1": {
    "mean": 4.480787283015591,
    "std": 1.6403641943256457,
    "n": 330
  },
  "DSSR": {
    "mean": 0.0,
    "std": 0.0,
    "n": 78
  },
  "LRO": {
    "mean": 10.000219254510458,
    "std": 6.774580672153589,
    "n": 223
  },
  "SWFO": {
    "mean": 0.0,
    "std": 0.0,
    "n": 89
  },
  "GBRA": {
    "mean": 0.0,
    "std": 0.0,
    "n": 283
  },
  "EMM": {
    "mean": 11.325697287323143,
    "std": 3.5141971093333795,
    "n": 57
  },
  "TESS": {
    "mean": 8.19198364748668,
    "std": 5.384932873543318,
    "n": 68
  },
  "EURC": {
    "mean": 6.147559529759076,
    "std": 5.361401561922815,
    "n": 131
  },
  "NHPC": {
    "mean": 0.0,
    "std": 0.0,
    "n": 18
  },
  "PSYC": {
    "mean": 10.396395383131207,
    "std": 4.958925136755669,
    "n": 286
  },
  "JNO": {
    "mean": 8.94779033463647,
    "std": 4.49965960594497,
    "n": 688
  },
  "MSL": {
    "mean": 0.2478173060421283,
    "std": 1.1185300713165838,
    "n": 64
  },
  "M20": {
    "mean": 0.38341849870917255,
    "std": 1.3555891023481068,
    "n": 54
  },
  "CGO": {
    "mean": 10.07358550123828,
    "std": 5.6489869174831435,
    "n": 127
  },
  "BIOS": {
    "mean": 7.475687476382571,
    "std": 3.4038750077057762,
    "n": 35
  },
  "SGP": {
    "mean": 0.0,
    "std": 0.0,
    "n": 34
  },
  "DSCO": {
    "mean": 4.244373236265502,
    "std": 4.9009800609982594,
    "n": 14
  },
  "THB": {
    "mean": 8.963650329962011,
    "std": 5.202589018834858,
    "n": 44
  },
  "MMX": {
    "mean": 5.784885711142975,
    "std": 4.886808177476845,
    "n": 52
  },
  "RST": {
    "mean": 8.091586331914513,
    "std": 5.869664019498173,
    "n": 19
  },
  "XMM": {
    "mean": 10.096105009505944,
    "std": 3.4834871754517813,
    "n": 47
  },
  "TEST": {
    "mean": 0.0,
    "std": 0.0,
    "n": 45
  },
  "MEX": {
    "mean": 9.286634546249735,
    "std": 4.918249063499639,
    "n": 23
  },
  "BEPI": {
    "mean": 6.2961023683473805,
    "std": 3.365408276344554,
    "n": 9
  },
  "HYB2": {
    "mean": 0.0,
    "std": 0.0,
    "n": 4
  }
}