{
  "ACE": {
    "mean": 8.394090860175393,
    "std": 4.971108107716564,
    "n": 443
  },
  "DSN": {
    "mean": 0.0,
    "std": 0.0,
    "n": 7008
  },
  "DSS": {
    "mean": 0.0,
    "std": 0.0,
    "n": 1519
  },
  "JWST": {
    "mean": 11.250325256219712,
    "std": 6.058635212227329,
    "n": 979
  },
  "KPLO": {
    "mean": 8.61510257588882,
    "std": 6.3410247670407935,
    "n": 807
  },
  "LUCY": {
    "mean": 9.132801930359506,
    "std": 4.052375803934068,
    "n": 700
  },
  "M01O": {
    "mean": 7.752089473910078,
    "std": 4.393434508002706,
    "n": 1647
  },
  "MMS2": {
    "mean": 12.14357072522578,
    "std": 5.453874231577609,
    "n": 191
  },
  "ORX": {
    "mean": 3.9078679155953204,
    "std": 6.195480368072135,
    "n": 397
  },
  "SOHO": {
    "mean": 10.320415497054782,
    "std": 4.547501867623836,
    "n": 1341
  },
  "SPP": {
    "mean": 8.651988959177997,
    "std": 4.456958373437672,
    "n": 808
  },
  "VGR2": {
    "mean": 4.298605149417836,
    "std": 1.7630641410450554,
    "n": 648
  },
  "CAPS": {
    "mean": 9.025693093056375,
    "std": 5.601795246414137,
    "n": 234
  },
  "MRO": {
    "mean": 11.12781664008136,
    "std": 5.882585268532247,
    "n": 690
  },
  "STA": {
    "mean": 10.46974060075079,
    "std": 5.328171474196776,
    "n": 511
  },
  "IMAP": {
    "mean": 10.856991861990233,
    "std": 5.347683114247175,
    "n": 292
  },
  "MMS3": {
    "mean": 11.879644547371349,
    "std": 5.693761877276628,
    "n": 193
  },
  "TGO": {
    "mean": 10.126480440204931,
    "std": 5.318944065844874,
    "n": 218
  },
  "TDR8": {
    "mean": 6.839711603308979,
    "std": 3.15492915596383,
    "n": 114
  },
  "MMS4": {
    "mean": 11.837194968759006,
    "std": 5.751312852036145,
    "n": 173
  },
  "WIND": {
    "mean": 7.860583322535142,
    "std": 4.249500873687558,
    "n": 382
  },
  "ESCB": {
    "mean": 8.049237850324007,
    "std": 3.235593226278354,
    "n": 217
  },
  "THC": {
    "mean": 8.472204858915315,
    "std": 5.4589189147366035,
    "n": 117
  },
  "CHDR": {
    "mean": 8.14889798084735,
    "std": 6.887597283214443,
    "n": 456
  },
  "MMS1": {
    "mean": 10.478208761383254,
    "std": 6.491693014882262,
    "n": 213
  },
  "ESCG": {
    "mean": 7.701540526553268,
    "std": 3.473340056912333,
    "n": 235
  },
  "VGR1": {
    "mean": 4.461841416273708,
    "std": 1.655735145548081,
    "n": 671
  },
  "DSSR": {
    "mean": 0.0,
    "std": 0.0,
    "n": 113
  },
  "LRO": {
    "mean": 10.844233234443005,
    "std": 6.6757428803853,
    "n": 434
  },
  "SWFO": {
    "mean": 0.2542569133664712,
    "std": 1.4292780027225476,
    "n": 163
  },
  "GBRA": {
    "mean": 0.0,
    "std": 0.0,
    "n": 414
  },
  "EMM": {
    "mean": 9.998539263338113,
    "std": 4.908986563894247,
    "n": 103
  },
  "TESS": {
    "mean": 9.35002776234433,
    "std": 6.360685931507335,
    "n": 129
  },
  "EURC": {
    "mean": 6.964960992779372,
    "std": 5.282908953679028,
    "n": 235
  },
  "NHPC": {
    "mean": 0.0,
    "std": 0.0,
    "n": 30
  },
  "PSYC": {
    "mean": 9.433364190974348,
    "std": 5.587335242669074,
    "n": 543
  },
  "JNO": {
    "mean": 8.863965927933709,
    "std": 4.536437633009701,
    "n": 1022
  },
  "MSL": {
    "mean": 0.23242936511952347,
    "std": 1.0783192518602547,
    "n": 135
  },
  "M20": {
    "mean": 0.40999205802564986,
    "std": 1.3978865454187446,
    "n": 101
  },
  "CGO": {
    "mean": 10.276503913968874,
    "std": 5.609842712093754,
    "n": 178
  },
  "BIOS": {
    "mean": 6.881448591857102,
    "std": 3.8306128668279746,
    "n": 55
  },
  "SGP": {
    "mean": 0.0,
    "std": 0.0,
    "n": 34
  },
  "DSCO": {
    "mean": 4.951768775643087,
    "std": 4.951768775643086,
    "n": 34
  },
  "THB": {
    "mean": 8.1351442206711,
    "std": 5.603868151636041,
    "n": 91
  },
  "MMX": {
    "mean": 6.3833415820869694,
    "std": 4.865709226505287,
    "n": 71
  },
  "RST": {
    "mean": 7.504568018465512,
    "std": 6.107700359240118,
    "n": 29
  },
  "XMM": {
    "mean": 10.403132049426544,
    "std": 3.0511786047110028,
    "n": 101
  },
  "TEST": {
    "mean": 0.0,
    "std": 0.0,
    "n": 102
  },
  "MEX": {
    "mean": 9.32574765239274,
    "std": 4.759553845465456,
    "n": 39
  },
  "BEPI": {
    "mean": 2.2665968526050566,
    "std": 3.6346409384521188,
    "n": 25
  },
  "HYB2": {
    "mean": 0.0,
    "std": 0.0,
    "n": 16
  },
  "HCRA": {
    "mean": 0.0,
    "std": 0.0,
    "n": 32
  },
  "EGS": {
    "mean": 0.0,
    "std": 0.0,
    "n": 16
  }
}