{
  "ACE": {
    "mean": 8.395560073943312,
    "std": 4.922372004644065,
    "n": 499
  },
  "DSN": {
    "mean": 0.0,
    "std": 0.0,
    "n": 7753
  },
  "DSS": {
    "mean": 0.0,
    "std": 0.0,
    "n": 1609
  },
  "JWST": {
    "mean": 11.22785992244187,
    "std": 5.985138551729101,
    "n": 1110
  },
  "KPLO": {
    "mean": 8.649952144158004,
    "std": 6.276248855263756,
    "n": 886
  },
  "LUCY": {
    "mean": 9.123937598029643,
    "std": 4.0317420722832855,
    "n": 718
  },
  "M01O": {
    "mean": 7.77769837654468,
    "std": 4.374920591315291,
    "n": 1852
  },
  "MMS2": {
    "mean": 12.09737567295807,
    "std": 5.503322808823497,
    "n": 222
  },
  "ORX": {
    "mean": 3.967666119315001,
    "std": 6.223043654735627,
    "n": 474
  },
  "SOHO": {
    "mean": 10.410026687764526,
    "std": 4.477059549297939,
    "n": 1525
  },
  "SPP": {
    "mean": 8.609368323911111,
    "std": 4.4870435833210145,
    "n": 812
  },
  "VGR2": {
    "mean": 4.257157757471097,
    "std": 1.798750912207134,
    "n": 738
  },
  "CAPS": {
    "mean": 9.129301424323899,
    "std": 5.54347569251669,
    "n": 249
  },
  "MRO": {
    "mean": 11.199040632618063,
    "std": 5.83702723980983,
    "n": 781
  },
  "STA": {
    "mean": 10.529065370988523,
    "std": 5.285663891368705,
    "n": 567
  },
  "IMAP": {
    "mean": 10.757549490380022,
    "std": 5.421886850171269,
    "n": 316
  },
  "MMS3": {
    "mean": 11.731552035830134,
    "std": 5.803921259016555,
    "n": 219
  },
  "TGO": {
    "mean": 10.258677227440732,
    "std": 5.245044346263586,
    "n": 247
  },
  "TDR8": {
    "mean": 6.839711603308979,
    "std": 3.15492915596383,
    "n": 114
  },
  "MMS4": {
    "mean": 12.059844445780193,
    "std": 5.559231831545338,
    "n": 200
  },
  "WIND": {
    "mean": 7.878159507656989,
    "std": 4.208856468193644,
    "n": 423
  },
  "ESCB": {
    "mean": 8.017631500625146,
    "std": 3.2153358486855943,
    "n": 247
  },
  "THC": {
    "mean": 8.295790329572489,
    "std": 5.550952889670935,
    "n": 124
  },
  "CHDR": {
    "mean": 8.186391100628656,
    "std": 6.875878826262452,
    "n": 515
  },
  "MMS1": {
    "mean": 10.581702302796641,
    "std": 6.4494173635575045,
    "n": 244
  },
  "ESCG": {
    "mean": 7.6302879889113315,
    "std": 3.653283565400851,
    "n": 294
  },
  "VGR1": {
    "mean": 4.463907534680854,
    "std": 1.656304028306699,
    "n": 787
  },
  "DSSR": {
    "mean": 0.0,
    "std": 0.0,
    "n": 136
  },
  "LRO": {
    "mean": 10.788804031347963,
    "std": 6.558185669491225,
    "n": 501
  },
  "SWFO": {
    "mean": 0.30225247966900676,
    "std": 1.553842596953312,
    "n": 192
  },
  "GBRA": {
    "mean": 0.0,
    "std": 0.0,
    "n": 453
  },
  "EMM": {
    "mean": 10.140910766217448,
    "std": 4.792813407975981,
    "n": 126
  },
  "TESS": {
    "mean": 9.609515202531682,
    "std": 6.633305184838378,
    "n": 146
  },
  "EURC": {
    "mean": 6.952340325543328,
    "std": 5.173269965269741,
    "n": 273
  },
  "NHPC": {
    "mean": 0.0,
    "std": 0.0,
    "n": 33
  },
  "PSYC": {
    "mean": 9.511877624841615,
    "std": 5.54306982999146,
    "n": 576
  },
  "JNO": {
    "mean": 8.924639539451134,
    "std": 4.404162937829405,
    "n": 1175
  },
  "MSL": {
    "mean": 0.25037064399801023,
    "std": 1.1162188022299566,
    "n": 146
  },
  "M20": {
    "mean": 0.34507664883825534,
    "std": 1.2911585921288549,
    "n": 120
  },
  "CGO": {
    "mean": 10.279060284666913,
    "std": 5.574587467313706,
    "n": 200
  },
  "BIOS": {
    "mean": 6.90725756194875,
    "std": 3.8125412770442706,
    "n": 60
  },
  "SGP": {
    "mean": 0.0,
    "std": 0.0,
    "n": 34
  },
  "DSCO": {
    "mean": 4.817937187112194,
    "std": 4.949959910276561,
    "n": 37
  },
  "THB": {
    "mean": 8.070385581632351,
    "std": 5.661008914518735,
    "n": 98
  },
  "MMX": {
    "mean": 6.3793662675728315,
    "std": 4.908486167029739,
    "n": 73
  },
  "RST": {
    "mean": 6.771292771997224,
    "std": 5.938614102744261,
    "n": 42
  },
  "XMM": {
    "mean": 10.403132049426544,
    "std": 3.0511786047110028,
    "n": 101
  },
  "TEST": {
    "mean": 0.0,
    "std": 0.0,
    "n": 138
  },
  "MEX": {
    "mean": 9.381623269263608,
    "std": 4.712619259557808,
    "n": 40
  },
  "BEPI": {
    "mean": 2.2665968526050566,
    "std": 3.6346409384521188,
    "n": 25
  },
  "HYB2": {
    "mean": 0.0,
    "std": 0.0,
    "n": 20
  },
  "HCRA": {
    "mean": 0.0,
    "std": 0.0,
    "n": 35
  },
  "EGS": {
    "mean": 0.0,
    "std": 0.0,
    "n": 16
  }
}