{
  "ACE": {
    "mean": 8.535337012859983,
    "std": 4.887363967000574,
    "n": 397
  },
  "DSN": {
    "mean": 0.0,
    "std": 0.0,
    "n": 6454
  },
  "DSS": {
    "mean": 0.0,
    "std": 0.0,
    "n": 1422
  },
  "JWST": {
    "mean": 11.104916248795684,
    "std": 6.0520310188878295,
    "n": 861
  },
  "KPLO": {
    "mean": 8.511604478499596,
    "std": 6.350073017232693,
    "n": 728
  },
  "LUCY": {
    "mean": 9.102035109901312,
    "std": 4.101826757014348,
    "n": 658
  },
  "M01O": {
    "mean": 7.9798374940161585,
    "std": 4.263150232223101,
    "n": 1459
  },
  "MMS2": {
    "mean": 12.048591492839707,
    "std": 5.5248662423329025,
    "n": 173
  },
  "ORX": {
    "mean": 3.7233511708933693,
    "std": 6.104157573743352,
    "n": 354
  },
  "SOHO": {
    "mean": 10.19653909911091,
    "std": 4.643431886609605,
    "n": 1182
  },
  "SPP": {
    "mean": 8.923976749230302,
    "std": 4.448321862370817,
    "n": 758
  },
  "VGR2": {
    "mean": 4.262139667483047,
    "std": 1.8031828357452488,
    "n": 586
  },
  "CAPS": {
    "mean": 9.11433966986283,
    "std": 5.554483496080174,
    "n": 207
  },
  "MRO": {
    "mean": 11.148845896005053,
    "std": 5.872169700933991,
    "n": 629
  },
  "STA": {
    "mean": 10.537477261693185,
    "std": 5.279925937343189,
    "n": 454
  },
  "IMAP": {
    "mean": 10.702732826129047,
    "std": 5.46498547431054,
    "n": 266
  },
  "MMS3": {
    "mean": 11.890535090203787,
    "std": 5.670209775919975,
    "n": 173
  },
  "TGO": {
    "mean": 9.982004353484006,
    "std": 5.397484382816288,
    "n": 195
  },
  "TDR8": {
    "mean": 6.839711603308979,
    "std": 3.15492915596383,
    "n": 114
  },
  "MMS4": {
    "mean": 11.971876274540588,
    "std": 5.647853214121062,
    "n": 154
  },
  "WIND": {
    "mean": 7.9144749608339096,
    "std": 4.240666275197146,
    "n": 345
  },
  "ESCB": {
    "mean": 8.077543934298621,
    "std": 3.2595493591449447,
    "n": 179
  },
  "THC": {
    "mean": 8.486753541989378,
    "std": 5.4367849299929745,
    "n": 111
  },
  "CHDR": {
    "mean": 8.1146646048083,
    "std": 6.898619047641838,
    "n": 410
  },
  "MMS1": {
    "mean": 10.501941605238697,
    "std": 6.461238640355366,
    "n": 186
  },
  "ESCG": {
    "mean": 7.701540526553268,
    "std": 3.473340056912333,
    "n": 235
  },
  "VGR1": {
    "mean": 4.447278537592424,
    "std": 1.6792485000121986,
    "n": 577
  },
  "DSSR": {
    "mean": 0.0,
    "std": 0.0,
    "n": 113
  },
  "LRO": {
    "mean": 10.678630694677393,
    "std": 6.748156471598782,
    "n": 355
  },
  "SWFO": {
    "mean": 0.28780470054676965,
    "std": 1.517471979231491,
    "n": 144
  },
  "GBRA": {
    "mean": 0.0,
    "std": 0.0,
    "n": 378
  },
  "EMM": {
    "mean": 9.927111129580219,
    "std": 4.964515800101205,
    "n": 95
  },
  "TESS": {
    "mean": 9.513631567400466,
    "std": 6.392764161118952,
    "n": 114
  },
  "EURC": {
    "mean": 6.434973688925852,
    "std": 5.188939522599281,
    "n": 200
  },
  "NHPC": {
    "mean": 0.0,
    "std": 0.0,
    "n": 28
  },
  "PSYC": {
    "mean": 9.622402403248405,
    "std": 5.480468671630307,
    "n": 490
  },
  "JNO": {
    "mean": 8.892207720451221,
    "std": 4.588577503611422,
    "n": 862
  },
  "MSL": {
    "mean": 0.14822717370744118,
    "std": 0.8735497430831852,
    "n": 107
  },
  "M20": {
    "mean": 0.39383747965235666,
    "std": 1.3723898151039942,
    "n": 92
  },
  "CGO": {
    "mean": 10.282326018520775,
    "std": 5.596667934217436,
    "n": 165
  },
  "BIOS": {
    "mean": 6.8571774360934326,
    "std": 3.8466699106995494,
    "n": 46
  },
  "SGP": {
    "mean": 0.0,
    "std": 0.0,
    "n": 34
  },
  "DSCO": {
    "mean": 4.951768775643087,
    "std": 4.951768775643086,
    "n": 28
  },
  "THB": {
    "mean": 8.309367451133356,
    "std": 5.547850272422751,
    "n": 82
  },
  "MMX": {
    "mean": 6.255844173683396,
    "std": 4.862816903973702,
    "n": 69
  },
  "RST": {
    "mean": 7.504568018465512,
    "std": 6.107700359240118,
    "n": 29
  },
  "XMM": {
    "mean": 10.247047163175289,
    "std": 3.281681488623191,
    "n": 86
  },
  "TEST": {
    "mean": 0.0,
    "std": 0.0,
    "n": 95
  },
  "MEX": {
    "mean": 9.155437514433327,
    "std": 4.828276118324093,
    "n": 37
  },
  "BEPI": {
    "mean": 3.333230665595672,
    "std": 3.9839726530306705,
    "n": 17
  },
  "HYB2": {
    "mean": 0.0,
    "std": 0.0,
    "n": 14
  },
  "HCRA": {
    "mean": 0.0,
    "std": 0.0,
    "n": 32
  }
}