{
  "ACE": {
    "mean": 8.662650019828929,
    "std": 4.817636413882783,
    "n": 188
  },
  "DSN": {
    "mean": 0.0,
    "std": 0.0,
    "n": 3362
  },
  "DSS": {
    "mean": 0.0,
    "std": 0.0,
    "n": 1093
  },
  "JWST": {
    "mean": 10.901913393774826,
    "std": 5.95987515650401,
    "n": 373
  },
  "KPLO": {
    "mean": 8.517572038618278,
    "std": 6.622865382142114,
    "n": 366
  },
  "LUCY": {
    "mean": 9.539152657457183,
    "std": 3.793064408812616,
    "n": 337
  },
  "M01O": {
    "mean": 8.373841763206489,
    "std": 3.888224718993826,
    "n": 623
  },
  "MMS2": {
    "mean": 11.74415299084596,
    "std": 5.782179751875557,
    "n": 77
  },
  "ORX": {
    "mean": 4.61294060909289,
    "std": 6.484253330191689,
    "n": 122
  },
  "SOHO": {
    "mean": 10.184910954541401,
    "std": 4.761881147713242,
    "n": 485
  },
  "SPP": {
    "mean": 8.665915275007832,
    "std": 4.237204404326526,
    "n": 345
  },
  "VGR2": {
    "mean": 4.329478076768409,
    "std": 1.7214815503373568,
    "n": 287
  },
  "CAPS": {
    "mean": 8.343006793875709,
    "std": 5.902666425660977,
    "n": 93
  },
  "MRO": {
    "mean": 11.736088938669695,
    "std": 5.572355398772946,
    "n": 350
  },
  "STA": {
    "mean": 10.240336220625528,
    "std": 5.476722600285717,
    "n": 198
  },
  "IMAP": {
    "mean": 10.56946860199934,
    "std": 5.555098552884408,
    "n": 134
  },
  "MMS3": {
    "mean": 11.62192413984537,
    "std": 5.767549106437696,
    "n": 71
  },
  "TGO": {
    "mean": 10.631305579827464,
    "std": 4.918677089449582,
    "n": 74
  },
  "TDR8": {
    "mean": 6.839711603308979,
    "std": 3.15492915596383,
    "n": 114
  },
  "MMS4": {
    "mean": 12.240046440557606,
    "std": 5.362474612350485,
    "n": 56
  },
  "WIND": {
    "mean": 7.95718114972408,
    "std": 4.081431641027656,
    "n": 163
  },
  "ESCB": {
    "mean": 8.150242689526028,
    "std": 3.1104784725607066,
    "n": 115
  },
  "THC": {
    "mean": 8.58390175349225,
    "std": 5.430293383342242,
    "n": 60
  },
  "CHDR": {
    "mean": 7.736814891426753,
    "std": 6.946829671257632,
    "n": 177
  },
  "MMS1": {
    "mean": 10.450867149363942,
    "std": 6.464293024155269,
    "n": 76
  },
  "ESCG": {
    "mean": 8.211184175608677,
    "std": 3.1049429823674495,
    "n": 132
  },
  "VGR1": {
    "mean": 4.516803879986181,
    "std": 1.5969313264139717,
    "n": 225
  },
  "DSSR": {
    "mean": 0.0,
    "std": 0.0,
    "n": 68
  },
  "LRO": {
    "mean": 10.311286426957912,
    "std": 6.700684200962409,
    "n": 128
  },
  "SWFO": {
    "mean": 0.0,
    "std": 0.0,
    "n": 65
  },
  "GBRA": {
    "mean": 0.0,
    "std": 0.0,
    "n": 191
  },
  "EMM": {
    "mean": 11.466562543239535,
    "std": 3.2650738565135717,
    "n": 40
  },
  "TESS": {
    "mean": 7.619260374159661,
    "std": 5.0856054344950925,
    "n": 45
  },
  "EURC": {
    "mean": 5.613983411635755,
    "std": 5.494120046570652,
    "n": 95
  },
  "NHPC": {
    "mean": 0.0,
    "std": 0.0,
    "n": 15
  },
  "PSYC": {
    "mean": 10.023762607237998,
    "std": 5.241101931618961,
    "n": 191
  },
  "JNO": {
    "mean": 9.673171676528634,
    "std": 4.022427626300017,
    "n": 368
  },
  "MSL": {
    "mean": 0.12445049107303414,
    "std": 0.8255111677294569,
    "n": 45
  },
  "M20": {
    "mean": 0.39065281000557206,
    "std": 1.3672848350195017,
    "n": 53
  },
  "CGO": {
    "mean": 9.83673893107173,
    "std": 5.67165373123259,
    "n": 66
  },
  "BIOS": {
    "mean": 7.300921556125871,
    "std": 3.509447946156779,
    "n": 32
  },
  "SGP": {
    "mean": 0.0,
    "std": 0.0,
    "n": 34
  },
  "DSCO": {
    "mean": 4.951768775643085,
    "std": 4.951768775643084,
    "n": 10
  },
  "THB": {
    "mean": 8.954668836338687,
    "std": 5.089404640938011,
    "n": 37
  },
  "MMX": {
    "mean": 5.125630207147106,
    "std": 4.898461512253476,
    "n": 45
  },
  "RST": {
    "mean": 7.105025557367963,
    "std": 5.919891139206077,
    "n": 13
  },
  "XMM": {
    "mean": 10.806803399541693,
    "std": 2.3040182265601743,
    "n": 23
  },
  "TEST": {
    "mean": 0.0,
    "std": 0.0,
    "n": 17
  },
  "MEX": {
    "mean": 11.162196878066604,
    "std": 3.3979678769504145,
    "n": 12
  },
  "BEPI": {
    "mean": 6.2961023683473805,
    "std": 3.365408276344554,
    "n": 9
  },
  "HYB2": {
    "mean": 0.0,
    "std": 0.0,
    "n": 4
  }
}