{
  "ACE": {
    "mean": 8.427519302246644,
    "std": 4.938271736453783,
    "n": 317
  },
  "DSN": {
    "mean": 0.0,
    "std": 0.0,
    "n": 5353
  },
  "DSS": {
    "mean": 0.0,
    "std": 0.0,
    "n": 1310
  },
  "JWST": {
    "mean": 11.107565392898971,
    "std": 6.0527831376041705,
    "n": 677
  },
  "KPLO": {
    "mean": 8.406155732638064,
    "std": 6.557187350599595,
    "n": 529
  },
  "LUCY": {
    "mean": 8.961587174778352,
    "std": 4.251758676162655,
    "n": 550
  },
  "M01O": {
    "mean": 7.965630418188399,
    "std": 4.282079034756242,
    "n": 1105
  },
  "MMS2": {
    "mean": 12.082857850809017,
    "std": 5.482190064860276,
    "n": 135
  },
  "ORX": {
    "mean": 4.124997261763802,
    "std": 6.29496684669014,
    "n": 233
  },
  "SOHO": {
    "mean": 10.350349987667313,
    "std": 4.619089624299801,
    "n": 855
  },
  "SPP": {
    "mean": 7.6721124795736,
    "std": 4.320445278236418,
    "n": 460
  },
  "VGR2": {
    "mean": 4.385664116850117,
    "std": 1.6647658810534531,
    "n": 467
  },
  "CAPS": {
    "mean": 8.649604634941179,
    "std": 5.7710023426369155,
    "n": 143
  },
  "MRO": {
    "mean": 11.294090445984194,
    "std": 5.794917192687639,
    "n": 540
  },
  "STA": {
    "mean": 10.461917598881787,
    "std": 5.346203273952837,
    "n": 353
  },
  "IMAP": {
    "mean": 10.452996150298985,
    "std": 5.632579851732092,
    "n": 200
  },
  "MMS3": {
    "mean": 11.542034496387835,
    "std": 5.887468952425205,
    "n": 131
  },
  "TGO": {
    "mean": 9.982102148876939,
    "std": 5.391865089623975,
    "n": 142
  },
  "TDR8": {
    "mean": 6.839711603308979,
    "std": 3.15492915596383,
    "n": 114
  },
  "MMS4": {
    "mean": 12.068107600788089,
    "std": 5.549871690602462,
    "n": 109
  },
  "WIND": {
    "mean": 7.855641634671211,
    "std": 4.230524888620556,
    "n": 272
  },
  "ESCB": {
    "mean": 8.186738073100116,
    "std": 3.2098915480235064,
    "n": 150
  },
  "THC": {
    "mean": 8.62802753909078,
    "std": 5.453419868177859,
    "n": 85
  },
  "CHDR": {
    "mean": 8.061668421492227,
    "std": 6.905627542069167,
    "n": 319
  },
  "MMS1": {
    "mean": 10.34060039322348,
    "std": 6.513995205811357,
    "n": 141
  },
  "ESCG": {
    "mean": 7.611165767291907,
    "std": 3.566604729787024,
    "n": 192
  },
  "VGR1": {
    "mean": 4.512610961296874,
    "std": 1.601992578245696,
    "n": 411
  },
  "DSSR": {
    "mean": 0.0,
    "std": 0.0,
    "n": 85
  },
  "LRO": {
    "mean": 10.044693677902385,
    "std": 6.69209641276859,
    "n": 257
  },
  "SWFO": {
    "mean": 0.0,
    "std": 0.0,
    "n": 111
  },
  "GBRA": {
    "mean": 0.0,
    "std": 0.0,
    "n": 336
  },
  "EMM": {
    "mean": 11.152573676561037,
    "std": 3.749130287244314,
    "n": 69
  },
  "TESS": {
    "mean": 7.985811696696151,
    "std": 5.414198920442383,
    "n": 83
  },
  "EURC": {
    "mean": 6.4752869330862435,
    "std": 5.345816731816498,
    "n": 157
  },
  "NHPC": {
    "mean": 0.0,
    "std": 0.0,
    "n": 23
  },
  "PSYC": {
    "mean": 10.266742906116106,
    "std": 5.045970555200954,
    "n": 365
  },
  "JNO": {
    "mean": 8.847994047183033,
    "std": 4.580914133254063,
    "n": 757
  },
  "MSL": {
    "mean": 0.18881318555590726,
    "std": 0.9820219229921261,
    "n": 84
  },
  "M20": {
    "mean": 0.26544357602942714,
    "std": 1.1417159905260457,
    "n": 78
  },
  "CGO": {
    "mean": 10.181088206727503,
    "std": 5.608750458111796,
    "n": 149
  },
  "BIOS": {
    "mean": 7.126539924862833,
    "std": 3.669325643173708,
    "n": 43
  },
  "SGP": {
    "mean": 0.0,
    "std": 0.0,
    "n": 34
  },
  "DSCO": {
    "mean": 4.539121377672829,
    "std": 4.934545179890666,
    "n": 24
  },
  "THB": {
    "mean": 8.850979104734368,
    "std": 5.416431888036537,
    "n": 52
  },
  "MMX": {
    "mean": 6.168381566056731,
    "std": 4.884485997423059,
    "n": 62
  },
  "RST": {
    "mean": 6.684353926364162,
    "std": 6.153663687123189,
    "n": 23
  },
  "XMM": {
    "mean": 10.08752262698692,
    "std": 3.4944203426957317,
    "n": 56
  },
  "TEST": {
    "mean": 0.0,
    "std": 0.0,
    "n": 68
  },
  "MEX": {
    "mean": 9.66010675549268,
    "std": 4.5289395426079455,
    "n": 28
  },
  "BEPI": {
    "mean": 6.2961023683473805,
    "std": 3.365408276344554,
    "n": 9
  },
  "HYB2": {
    "mean": 0.0,
    "std": 0.0,
    "n": 8
  },
  "HCRA": {
    "mean": 0.0,
    "std": 0.0,
    "n": 14
  }
}