{
  "ACE": {
    "mean": 8.415322854262183,
    "std": 4.9132948293494065,
    "n": 510
  },
  "DSN": {
    "mean": 0.0,
    "std": 0.0,
    "n": 7833
  },
  "DSS": {
    "mean": 0.0,
    "std": 0.0,
    "n": 1609
  },
  "JWST": {
    "mean": 11.252326848185467,
    "std": 5.98875722112937,
    "n": 1130
  },
  "KPLO": {
    "mean": 8.637198159203606,
    "std": 6.212061462435974,
    "n": 915
  },
  "LUCY": {
    "mean": 9.12932902232602,
    "std": 4.018296287705033,
    "n": 723
  },
  "M01O": {
    "mean": 7.796805606016198,
    "std": 4.363331655217369,
    "n": 1901
  },
  "MMS2": {
    "mean": 12.15540267773517,
    "std": 5.456093636237852,
    "n": 227
  },
  "ORX": {
    "mean": 3.9790646060538846,
    "std": 6.239487677400956,
    "n": 498
  },
  "SOHO": {
    "mean": 10.42853595967556,
    "std": 4.461505393684427,
    "n": 1558
  },
  "SPP": {
    "mean": 8.590660919980648,
    "std": 4.488145244079209,
    "n": 816
  },
  "VGR2": {
    "mean": 4.1668201923258215,
    "std": 1.8823568490090339,
    "n": 754
  },
  "CAPS": {
    "mean": 9.132627923105785,
    "std": 5.5411794963994945,
    "n": 253
  },
  "MRO": {
    "mean": 11.226216096832559,
    "std": 5.809978006882768,
    "n": 804
  },
  "STA": {
    "mean": 10.547633356602534,
    "std": 5.271850741083147,
    "n": 581
  },
  "IMAP": {
    "mean": 10.786763753880834,
    "std": 5.404746828122089,
    "n": 324
  },
  "MMS3": {
    "mean": 11.642594292052827,
    "std": 5.874316532837576,
    "n": 227
  },
  "TGO": {
    "mean": 10.280214954266233,
    "std": 5.22941782616694,
    "n": 249
  },
  "TDR8": {
    "mean": 6.839711603308979,
    "std": 3.15492915596383,
    "n": 114
  },
  "MMS4": {
    "mean": 12.066154842743838,
    "std": 5.5573532735508495,
    "n": 206
  },
  "WIND": {
    "mean": 7.893282616380132,
    "std": 4.1922330637332035,
    "n": 432
  },
  "ESCB": {
    "mean": 8.003232596302185,
    "std": 3.2042733453231405,
    "n": 259
  },
  "THC": {
    "mean": 8.295790329572489,
    "std": 5.550952889670935,
    "n": 124
  },
  "CHDR": {
    "mean": 8.216963609844463,
    "std": 6.870804175272389,
    "n": 525
  },
  "MMS1": {
    "mean": 10.648639389684412,
    "std": 6.4185210504443635,
    "n": 248
  },
  "ESCG": {
    "mean": 7.653284801181135,
    "std": 3.6683404140734273,
    "n": 295
  },
  "VGR1": {
    "mean": 4.441431091578208,
    "std": 1.6821463301417932,
    "n": 807
  },
  "DSSR": {
    "mean": 0.0,
    "std": 0.0,
    "n": 136
  },
  "LRO": {
    "mean": 10.805023752690106,
    "std": 6.55360527796095,
    "n": 511
  },
  "SWFO": {
    "mean": 0.2991364747239655,
    "std": 1.5461138149363076,
    "n": 194
  },
  "GBRA": {
    "mean": 0.0,
    "std": 0.0,
    "n": 477
  },
  "EMM": {
    "mean": 10.140910766217448,
    "std": 4.792813407975981,
    "n": 126
  },
  "TESS": {
    "mean": 9.816205956364739,
    "std": 6.526109895986046,
    "n": 157
  },
  "EURC": {
    "mean": 6.952340325543328,
    "std": 5.173269965269741,
    "n": 273
  },
  "NHPC": {
    "mean": 0.0,
    "std": 0.0,
    "n": 33
  },
  "PSYC": {
    "mean": 9.511877624841615,
    "std": 5.54306982999146,
    "n": 576
  },
  "JNO": {
    "mean": 8.947389716666752,
    "std": 4.395277171465204,
    "n": 1189
  },
  "MSL": {
    "mean": 0.24369409349139665,
    "std": 1.1019738045841472,
    "n": 150
  },
  "M20": {
    "mean": 0.336660145208054,
    "std": 1.2764259740444903,
    "n": 123
  },
  "CGO": {
    "mean": 10.279060284666913,
    "std": 5.574587467313706,
    "n": 200
  },
  "BIOS": {
    "mean": 6.90725756194875,
    "std": 3.8125412770442706,
    "n": 60
  },
  "SGP": {
    "mean": 0.0,
    "std": 0.0,
    "n": 34
  },
  "DSCO": {
    "mean": 4.817937187112194,
    "std": 4.949959910276561,
    "n": 37
  },
  "THB": {
    "mean": 8.064012213811347,
    "std": 5.658003114824895,
    "n": 101
  },
  "MMX": {
    "mean": 6.3793662675728315,
    "std": 4.908486167029739,
    "n": 73
  },
  "RST": {
    "mean": 6.771292771997224,
    "std": 5.938614102744261,
    "n": 42
  },
  "XMM": {
    "mean": 10.505180675604823,
    "std": 2.885995084216434,
    "n": 114
  },
  "TEST": {
    "mean": 0.0,
    "std": 0.0,
    "n": 138
  },
  "MEX": {
    "mean": 9.381623269263608,
    "std": 4.712619259557808,
    "n": 40
  },
  "BEPI": {
    "mean": 2.2665968526050566,
    "std": 3.6346409384521188,
    "n": 25
  },
  "HYB2": {
    "mean": 0.0,
    "std": 0.0,
    "n": 20
  },
  "HCRA": {
    "mean": 0.0,
    "std": 0.0,
    "n": 35
  },
  "EGS": {
    "mean": 0.0,
    "std": 0.0,
    "n": 16
  }
}