{
  "ACE": {
    "mean": 8.424706066751934,
    "std": 4.938496175720594,
    "n": 309
  },
  "DSN": {
    "mean": 0.0,
    "std": 0.0,
    "n": 5275
  },
  "DSS": {
    "mean": 0.0,
    "std": 0.0,
    "n": 1283
  },
  "JWST": {
    "mean": 10.994075040737547,
    "std": 6.0384320370779365,
    "n": 641
  },
  "KPLO": {
    "mean": 8.381584121520154,
    "std": 6.5410371580138165,
    "n": 514
  },
  "LUCY": {
    "mean": 8.961587174778352,
    "std": 4.251758676162655,
    "n": 550
  },
  "M01O": {
    "mean": 7.935018707009496,
    "std": 4.301343273345993,
    "n": 1077
  },
  "MMS2": {
    "mean": 12.03840791766199,
    "std": 5.5361134189395615,
    "n": 132
  },
  "ORX": {
    "mean": 3.8695275859655274,
    "std": 6.1775765934306035,
    "n": 220
  },
  "SOHO": {
    "mean": 10.32808523959983,
    "std": 4.638948971857751,
    "n": 828
  },
  "SPP": {
    "mean": 7.767900938314957,
    "std": 4.251419753713986,
    "n": 438
  },
  "VGR2": {
    "mean": 4.37727038926014,
    "std": 1.6702773727003628,
    "n": 447
  },
  "CAPS": {
    "mean": 8.649604634941179,
    "std": 5.7710023426369155,
    "n": 143
  },
  "MRO": {
    "mean": 11.290898935548789,
    "std": 5.80554761015271,
    "n": 519
  },
  "STA": {
    "mean": 10.454643256591003,
    "std": 5.355644286431444,
    "n": 342
  },
  "IMAP": {
    "mean": 10.406913963941395,
    "std": 5.662819172052789,
    "n": 197
  },
  "MMS3": {
    "mean": 11.57394137243285,
    "std": 5.878502731494647,
    "n": 127
  },
  "TGO": {
    "mean": 9.99348683578827,
    "std": 5.387190740625567,
    "n": 138
  },
  "TDR8": {
    "mean": 6.839711603308979,
    "std": 3.15492915596383,
    "n": 114
  },
  "MMS4": {
    "mean": 12.106936413489393,
    "std": 5.512094005813414,
    "n": 105
  },
  "WIND": {
    "mean": 7.924520742056814,
    "std": 4.216905182079377,
    "n": 263
  },
  "ESCB": {
    "mean": 8.186738073100116,
    "std": 3.2098915480235064,
    "n": 150
  },
  "THC": {
    "mean": 8.487213968135046,
    "std": 5.4982598661287385,
    "n": 82
  },
  "CHDR": {
    "mean": 8.044158563835188,
    "std": 6.9081508957639794,
    "n": 311
  },
  "MMS1": {
    "mean": 10.384222487462207,
    "std": 6.505903574201583,
    "n": 135
  },
  "ESCG": {
    "mean": 7.629690754688808,
    "std": 3.5570522756698475,
    "n": 188
  },
  "VGR1": {
    "mean": 4.518151770058441,
    "std": 1.5951441238376176,
    "n": 397
  },
  "DSSR": {
    "mean": 0.0,
    "std": 0.0,
    "n": 85
  },
  "LRO": {
    "mean": 10.015453977772983,
    "std": 6.740717549757004,
    "n": 253
  },
  "SWFO": {
    "mean": 0.0,
    "std": 0.0,
    "n": 105
  },
  "GBRA": {
    "mean": 0.0,
    "std": 0.0,
    "n": 329
  },
  "EMM": {
    "mean": 11.325697287323143,
    "std": 3.5141971093333795,
    "n": 57
  },
  "TESS": {
    "mean": 8.083199644216837,
    "std": 5.374367501746985,
    "n": 82
  },
  "EURC": {
    "mean": 6.48825288918556,
    "std": 5.404481776331409,
    "n": 152
  },
  "NHPC": {
    "mean": 0.0,
    "std": 0.0,
    "n": 23
  },
  "PSYC": {
    "mean": 10.464443019425214,
    "std": 4.8937046832848345,
    "n": 340
  },
  "JNO": {
    "mean": 8.814391527204107,
    "std": 4.5952874962514265,
    "n": 744
  },
  "MSL": {
    "mean": 0.20076338717336978,
    "std": 1.011436495278661,
    "n": 79
  },
  "M20": {
    "mean": 0.26544357602942714,
    "std": 1.1417159905260457,
    "n": 78
  },
  "CGO": {
    "mean": 10.163816761969827,
    "std": 5.626585778356914,
    "n": 143
  },
  "BIOS": {
    "mean": 7.126539924862833,
    "std": 3.669325643173708,
    "n": 43
  },
  "SGP": {
    "mean": 0.0,
    "std": 0.0,
    "n": 34
  },
  "DSCO": {
    "mean": 4.456591898078777,
    "std": 4.926947723221698,
    "n": 20
  },
  "THB": {
    "mean": 8.850979104734368,
    "std": 5.416431888036537,
    "n": 52
  },
  "MMX": {
    "mean": 6.016493598113673,
    "std": 4.865458928163983,
    "n": 55
  },
  "RST": {
    "mean": 6.684353926364162,
    "std": 6.153663687123189,
    "n": 23
  },
  "XMM": {
    "mean": 10.08752262698692,
    "std": 3.4944203426957317,
    "n": 56
  },
  "TEST": {
    "mean": 0.0,
    "std": 0.0,
    "n": 52
  },
  "MEX": {
    "mean": 9.596479852114397,
    "std": 4.599740883340531,
    "n": 27
  },
  "BEPI": {
    "mean": 6.2961023683473805,
    "std": 3.365408276344554,
    "n": 9
  },
  "HYB2": {
    "mean": 0.0,
    "std": 0.0,
    "n": 8
  },
  "HCRA": {
    "mean": 0.0,
    "std": 0.0,
    "n": 14
  }
}