{
  "ACE": {
    "mean": 8.527822501460104,
    "std": 4.889880104371944,
    "n": 380
  },
  "DSN": {
    "mean": 0.0,
    "std": 0.0,
    "n": 6169
  },
  "DSS": {
    "mean": 0.0,
    "std": 0.0,
    "n": 1384
  },
  "JWST": {
    "mean": 11.165635915972937,
    "std": 6.033275655293079,
    "n": 804
  },
  "KPLO": {
    "mean": 8.566425398571155,
    "std": 6.55553897351986,
    "n": 662
  },
  "LUCY": {
    "mean": 9.057240935836866,
    "std": 4.148325706863971,
    "n": 629
  },
  "M01O": {
    "mean": 7.954007144540498,
    "std": 4.287280010669454,
    "n": 1362
  },
  "MMS2": {
    "mean": 11.888227351064932,
    "std": 5.652366117104117,
    "n": 163
  },
  "ORX": {
    "mean": 3.9106878264921914,
    "std": 6.197033377227208,
    "n": 323
  },
  "SOHO": {
    "mean": 10.22992050616248,
    "std": 4.674886557424595,
    "n": 1056
  },
  "SPP": {
    "mean": 8.750963681176506,
    "std": 4.39060294680871,
    "n": 670
  },
  "VGR2": {
    "mean": 4.228988602791105,
    "std": 1.836162294391284,
    "n": 560
  },
  "CAPS": {
    "mean": 8.798912440332781,
    "std": 5.6965625989138005,
    "n": 183
  },
  "MRO": {
    "mean": 11.116750014889279,
    "std": 5.902093985769306,
    "n": 603
  },
  "STA": {
    "mean": 10.513226731757106,
    "std": 5.297888358746937,
    "n": 440
  },
  "IMAP": {
    "mean": 10.619420424561087,
    "std": 5.522813969502727,
    "n": 249
  },
  "MMS3": {
    "mean": 11.806603407341774,
    "std": 5.727440677539115,
    "n": 163
  },
  "TGO": {
    "mean": 10.050587528271112,
    "std": 5.352964115232135,
    "n": 177
  },
  "TDR8": {
    "mean": 6.839711603308979,
    "std": 3.15492915596383,
    "n": 114
  },
  "MMS4": {
    "mean": 11.989636663479883,
    "std": 5.632273640314537,
    "n": 144
  },
  "WIND": {
    "mean": 7.90854961911852,
    "std": 4.251323366840018,
    "n": 329
  },
  "ESCB": {
    "mean": 8.15365141516812,
    "std": 3.224113666488309,
    "n": 163
  },
  "THC": {
    "mean": 8.635033078746261,
    "std": 5.371897217100127,
    "n": 105
  },
  "CHDR": {
    "mean": 8.154123779380807,
    "std": 6.891761170938182,
    "n": 384
  },
  "MMS1": {
    "mean": 10.52040032313264,
    "std": 6.457298235165134,
    "n": 172
  },
  "ESCG": {
    "mean": 7.660754932909355,
    "std": 3.53001867157819,
    "n": 221
  },
  "VGR1": {
    "mean": 4.4127430986776375,
    "std": 1.7176582465159356,
    "n": 532
  },
  "DSSR": {
    "mean": 0.0,
    "std": 0.0,
    "n": 93
  },
  "LRO": {
    "mean": 10.305943597070653,
    "std": 6.766415967354782,
    "n": 313
  },
  "SWFO": {
    "mean": 0.3047343888142267,
    "std": 1.5598129177042606,
    "n": 136
  },
  "GBRA": {
    "mean": 0.0,
    "std": 0.0,
    "n": 359
  },
  "EMM": {
    "mean": 9.842546787315129,
    "std": 5.028153207500929,
    "n": 87
  },
  "TESS": {
    "mean": 8.989949020009469,
    "std": 6.063669948666713,
    "n": 103
  },
  "EURC": {
    "mean": 6.346610869726708,
    "std": 5.215633803638393,
    "n": 193
  },
  "NHPC": {
    "mean": 0.0,
    "std": 0.0,
    "n": 23
  },
  "PSYC": {
    "mean": 9.58372406405938,
    "std": 5.502977793586046,
    "n": 480
  },
  "JNO": {
    "mean": 8.973580470108033,
    "std": 4.5302839157174954,
    "n": 838
  },
  "MSL": {
    "mean": 0.16183987333363478,
    "std": 0.9115731962975565,
    "n": 98
  },
  "M20": {
    "mean": 0.40258942364463124,
    "std": 1.3862845644039656,
    "n": 90
  },
  "CGO": {
    "mean": 10.235888272113892,
    "std": 5.607585870505063,
    "n": 159
  },
  "BIOS": {
    "mean": 6.8571774360934326,
    "std": 3.8466699106995494,
    "n": 46
  },
  "SGP": {
    "mean": 0.0,
    "std": 0.0,
    "n": 34
  },
  "DSCO": {
    "mean": 4.951768775643087,
    "std": 4.951768775643086,
    "n": 28
  },
  "THB": {
    "mean": 8.222824879838331,
    "std": 5.624522999202459,
    "n": 73
  },
  "MMX": {
    "mean": 6.255844173683396,
    "std": 4.862816903973702,
    "n": 69
  },
  "RST": {
    "mean": 7.504568018465512,
    "std": 6.107700359240118,
    "n": 29
  },
  "XMM": {
    "mean": 10.247047163175289,
    "std": 3.281681488623191,
    "n": 86
  },
  "TEST": {
    "mean": 0.0,
    "std": 0.0,
    "n": 85
  },
  "MEX": {
    "mean": 9.155437514433327,
    "std": 4.828276118324093,
    "n": 37
  },
  "BEPI": {
    "mean": 3.777661421008428,
    "std": 4.038489931613466,
    "n": 15
  },
  "HYB2": {
    "mean": 0.0,
    "std": 0.0,
    "n": 12
  },
  "HCRA": {
    "mean": 0.0,
    "std": 0.0,
    "n": 30
  }
}