{
  "ACE": {
    "mean": 8.662650019828929,
    "std": 4.817636413882783,
    "n": 188
  },
  "DSN": {
    "mean": 0.0,
    "std": 0.0,
    "n": 3338
  },
  "DSS": {
    "mean": 0.0,
    "std": 0.0,
    "n": 1087
  },
  "JWST": {
    "mean": 10.905222376549798,
    "std": 5.992005733963409,
    "n": 369
  },
  "KPLO": {
    "mean": 8.500055681697175,
    "std": 6.612099758490662,
    "n": 363
  },
  "LUCY": {
    "mean": 9.539152657457183,
    "std": 3.793064408812616,
    "n": 337
  },
  "M01O": {
    "mean": 8.368090311942781,
    "std": 3.8967390268210944,
    "n": 620
  },
  "MMS2": {
    "mean": 11.74415299084596,
    "std": 5.782179751875557,
    "n": 77
  },
  "ORX": {
    "mean": 4.61294060909289,
    "std": 6.484253330191689,
    "n": 122
  },
  "SOHO": {
    "mean": 10.222550903336359,
    "std": 4.730170333309009,
    "n": 482
  },
  "SPP": {
    "mean": 8.665915275007832,
    "std": 4.237204404326526,
    "n": 345
  },
  "VGR2": {
    "mean": 4.324201401061628,
    "std": 1.7263544525878505,
    "n": 285
  },
  "CAPS": {
    "mean": 8.343006793875709,
    "std": 5.902666425660977,
    "n": 93
  },
  "MRO": {
    "mean": 11.736088938669695,
    "std": 5.572355398772946,
    "n": 350
  },
  "STA": {
    "mean": 10.292317622760683,
    "std": 5.441666806768039,
    "n": 197
  },
  "IMAP": {
    "mean": 10.56946860199934,
    "std": 5.555098552884408,
    "n": 134
  },
  "MMS3": {
    "mean": 11.787951627557447,
    "std": 5.637615417605276,
    "n": 70
  },
  "TGO": {
    "mean": 10.631305579827464,
    "std": 4.918677089449582,
    "n": 74
  },
  "TDR8": {
    "mean": 6.839711603308979,
    "std": 3.15492915596383,
    "n": 114
  },
  "MMS4": {
    "mean": 12.240046440557606,
    "std": 5.362474612350485,
    "n": 56
  },
  "WIND": {
    "mean": 7.95718114972408,
    "std": 4.081431641027656,
    "n": 163
  },
  "ESCB": {
    "mean": 8.135427129821178,
    "std": 3.1358723380776747,
    "n": 113
  },
  "THC": {
    "mean": 8.58390175349225,
    "std": 5.430293383342242,
    "n": 60
  },
  "CHDR": {
    "mean": 7.825235633043059,
    "std": 6.9367178406217755,
    "n": 175
  },
  "MMS1": {
    "mean": 10.450867149363942,
    "std": 6.464293024155269,
    "n": 76
  },
  "ESCG": {
    "mean": 8.211184175608677,
    "std": 3.1049429823674495,
    "n": 132
  },
  "VGR1": {
    "mean": 4.5245381332053345,
    "std": 1.587312981355281,
    "n": 219
  },
  "DSSR": {
    "mean": 0.0,
    "std": 0.0,
    "n": 68
  },
  "LRO": {
    "mean": 10.28616232720983,
    "std": 6.750663365523017,
    "n": 126
  },
  "SWFO": {
    "mean": 0.0,
    "std": 0.0,
    "n": 65
  },
  "GBRA": {
    "mean": 0.0,
    "std": 0.0,
    "n": 191
  },
  "EMM": {
    "mean": 11.466562543239535,
    "std": 3.2650738565135717,
    "n": 40
  },
  "TESS": {
    "mean": 7.619260374159661,
    "std": 5.0856054344950925,
    "n": 45
  },
  "EURC": {
    "mean": 5.613983411635755,
    "std": 5.494120046570652,
    "n": 95
  },
  "NHPC": {
    "mean": 0.0,
    "std": 0.0,
    "n": 15
  },
  "PSYC": {
    "mean": 10.023762607237998,
    "std": 5.241101931618961,
    "n": 191
  },
  "JNO": {
    "mean": 9.81353325125712,
    "std": 3.884156839772707,
    "n": 356
  },
  "MSL": {
    "mean": 0.12727891132469402,
    "std": 0.8346236364517667,
    "n": 44
  },
  "M20": {
    "mean": 0.39065281000557206,
    "std": 1.3672848350195017,
    "n": 53
  },
  "CGO": {
    "mean": 9.83673893107173,
    "std": 5.67165373123259,
    "n": 66
  },
  "BIOS": {
    "mean": 7.300921556125871,
    "std": 3.509447946156779,
    "n": 32
  },
  "SGP": {
    "mean": 0.0,
    "std": 0.0,
    "n": 34
  },
  "DSCO": {
    "mean": 4.951768775643085,
    "std": 4.951768775643084,
    "n": 10
  },
  "THB": {
    "mean": 8.954668836338687,
    "std": 5.089404640938011,
    "n": 37
  },
  "MMX": {
    "mean": 5.125630207147106,
    "std": 4.898461512253476,
    "n": 45
  },
  "RST": {
    "mean": 7.105025557367963,
    "std": 5.919891139206077,
    "n": 13
  },
  "XMM": {
    "mean": 10.806803399541693,
    "std": 2.3040182265601743,
    "n": 23
  },
  "TEST": {
    "mean": 0.0,
    "std": 0.0,
    "n": 17
  },
  "MEX": {
    "mean": 11.162196878066604,
    "std": 3.3979678769504145,
    "n": 12
  },
  "BEPI": {
    "mean": 6.2961023683473805,
    "std": 3.365408276344554,
    "n": 9
  },
  "HYB2": {
    "mean": 0.0,
    "std": 0.0,
    "n": 4
  }
}