{
  "ACE": {
    "mean": 8.421126759242682,
    "std": 4.910234614879216,
    "n": 511
  },
  "DSN": {
    "mean": 0.0,
    "std": 0.0,
    "n": 7873
  },
  "DSS": {
    "mean": 0.0,
    "std": 0.0,
    "n": 1609
  },
  "JWST": {
    "mean": 11.284621404842706,
    "std": 6.007512454829676,
    "n": 1145
  },
  "KPLO": {
    "mean": 8.705304709197152,
    "std": 6.254960339358242,
    "n": 939
  },
  "LUCY": {
    "mean": 9.12932902232602,
    "std": 4.018296287705033,
    "n": 723
  },
  "M01O": {
    "mean": 7.827253786820151,
    "std": 4.34665452167808,
    "n": 1928
  },
  "MMS2": {
    "mean": 12.20001564764172,
    "std": 5.419080039427865,
    "n": 231
  },
  "ORX": {
    "mean": 3.9239092550788803,
    "std": 6.213532858429598,
    "n": 505
  },
  "SOHO": {
    "mean": 10.44044593421748,
    "std": 4.451427487421398,
    "n": 1580
  },
  "SPP": {
    "mean": 8.574603131485377,
    "std": 4.475654501462204,
    "n": 822
  },
  "VGR2": {
    "mean": 4.096196121269452,
    "std": 1.9422929683381038,
    "n": 767
  },
  "CAPS": {
    "mean": 9.151623744098066,
    "std": 5.529990391740574,
    "n": 262
  },
  "MRO": {
    "mean": 11.1568328082242,
    "std": 5.858439657183268,
    "n": 809
  },
  "STA": {
    "mean": 10.547633356602534,
    "std": 5.271850741083147,
    "n": 581
  },
  "IMAP": {
    "mean": 10.729022984643743,
    "std": 5.447363974569751,
    "n": 327
  },
  "MMS3": {
    "mean": 11.632313027556307,
    "std": 5.883934835918908,
    "n": 231
  },
  "TGO": {
    "mean": 10.323166250409605,
    "std": 5.199029068310712,
    "n": 253
  },
  "TDR8": {
    "mean": 6.839711603308979,
    "std": 3.15492915596383,
    "n": 114
  },
  "MMS4": {
    "mean": 12.116929068402785,
    "std": 5.516219133776617,
    "n": 210
  },
  "WIND": {
    "mean": 7.885203510986133,
    "std": 4.181495792046698,
    "n": 438
  },
  "ESCB": {
    "mean": 7.82164251798372,
    "std": 3.4050430401426963,
    "n": 269
  },
  "THC": {
    "mean": 8.274137696092502,
    "std": 5.578146447491908,
    "n": 126
  },
  "CHDR": {
    "mean": 8.207715426105203,
    "std": 6.872559913994846,
    "n": 529
  },
  "MMS1": {
    "mean": 10.633226607411515,
    "std": 6.4224694581253745,
    "n": 251
  },
  "ESCG": {
    "mean": 7.653284801181135,
    "std": 3.6683404140734273,
    "n": 295
  },
  "VGR1": {
    "mean": 4.434508506052936,
    "std": 1.6899222532702671,
    "n": 822
  },
  "DSSR": {
    "mean": 0.0,
    "std": 0.0,
    "n": 136
  },
  "LRO": {
    "mean": 10.805023752690106,
    "std": 6.55360527796095,
    "n": 511
  },
  "SWFO": {
    "mean": 0.29309331361843083,
    "std": 1.530995381267177,
    "n": 198
  },
  "GBRA": {
    "mean": 0.0,
    "std": 0.0,
    "n": 482
  },
  "EMM": {
    "mean": 10.140910766217448,
    "std": 4.792813407975981,
    "n": 126
  },
  "TESS": {
    "mean": 9.816205956364739,
    "std": 6.526109895986046,
    "n": 157
  },
  "EURC": {
    "mean": 6.952340325543328,
    "std": 5.173269965269741,
    "n": 273
  },
  "NHPC": {
    "mean": 0.0,
    "std": 0.0,
    "n": 33
  },
  "PSYC": {
    "mean": 9.511877624841615,
    "std": 5.54306982999146,
    "n": 576
  },
  "JNO": {
    "mean": 8.947389716666752,
    "std": 4.395277171465204,
    "n": 1189
  },
  "MSL": {
    "mean": 0.24369409349139665,
    "std": 1.1019738045841472,
    "n": 150
  },
  "M20": {
    "mean": 0.4448253676430634,
    "std": 1.4507284722059157,
    "n": 128
  },
  "CGO": {
    "mean": 10.279060284666913,
    "std": 5.574587467313706,
    "n": 200
  },
  "BIOS": {
    "mean": 6.90725756194875,
    "std": 3.8125412770442706,
    "n": 60
  },
  "SGP": {
    "mean": 0.0,
    "std": 0.0,
    "n": 34
  },
  "DSCO": {
    "mean": 4.817937187112194,
    "std": 4.949959910276561,
    "n": 37
  },
  "THB": {
    "mean": 8.064012213811347,
    "std": 5.658003114824895,
    "n": 101
  },
  "MMX": {
    "mean": 6.3793662675728315,
    "std": 4.908486167029739,
    "n": 73
  },
  "RST": {
    "mean": 6.771292771997224,
    "std": 5.938614102744261,
    "n": 42
  },
  "XMM": {
    "mean": 10.505180675604823,
    "std": 2.885995084216434,
    "n": 114
  },
  "TEST": {
    "mean": 0.0,
    "std": 0.0,
    "n": 138
  },
  "MEX": {
    "mean": 9.381623269263608,
    "std": 4.712619259557808,
    "n": 40
  },
  "BEPI": {
    "mean": 2.2665968526050566,
    "std": 3.6346409384521188,
    "n": 25
  },
  "HYB2": {
    "mean": 0.0,
    "std": 0.0,
    "n": 20
  },
  "HCRA": {
    "mean": 0.0,
    "std": 0.0,
    "n": 35
  },
  "EGS": {
    "mean": 0.0,
    "std": 0.0,
    "n": 16
  }
}