{
  "ACE": {
    "mean": 8.482318002243865,
    "std": 4.92090296718407,
    "n": 429
  },
  "DSN": {
    "mean": 0.0,
    "std": 0.0,
    "n": 6851
  },
  "DSS": {
    "mean": 0.0,
    "std": 0.0,
    "n": 1464
  },
  "JWST": {
    "mean": 11.275109952158747,
    "std": 6.074380072134335,
    "n": 933
  },
  "KPLO": {
    "mean": 8.621753783613572,
    "std": 6.362575989572525,
    "n": 773
  },
  "LUCY": {
    "mean": 9.113238631967725,
    "std": 4.088051000223048,
    "n": 675
  },
  "M01O": {
    "mean": 7.7802495277704855,
    "std": 4.377489860527193,
    "n": 1594
  },
  "MMS2": {
    "mean": 12.077721219620926,
    "std": 5.511499465255345,
    "n": 186
  },
  "ORX": {
    "mean": 3.8705420373606674,
    "std": 6.177558095475378,
    "n": 376
  },
  "SOHO": {
    "mean": 10.280573141412914,
    "std": 4.57858596134341,
    "n": 1281
  },
  "SPP": {
    "mean": 8.722014160652519,
    "std": 4.44791386799724,
    "n": 796
  },
  "VGR2": {
    "mean": 4.288082900020501,
    "std": 1.7717785586224475,
    "n": 633
  },
  "CAPS": {
    "mean": 9.068768371762118,
    "std": 5.580382323410545,
    "n": 226
  },
  "MRO": {
    "mean": 11.0841277123539,
    "std": 5.907162085330534,
    "n": 672
  },
  "STA": {
    "mean": 10.512756510711633,
    "std": 5.3001694102654335,
    "n": 494
  },
  "IMAP": {
    "mean": 10.801983445365257,
    "std": 5.389842763915585,
    "n": 286
  },
  "MMS3": {
    "mean": 11.897227473932038,
    "std": 5.677050992238994,
    "n": 189
  },
  "TGO": {
    "mean": 9.994057337823186,
    "std": 5.392300375443667,
    "n": 209
  },
  "TDR8": {
    "mean": 6.839711603308979,
    "std": 3.15492915596383,
    "n": 114
  },
  "MMS4": {
    "mean": 11.959428987679233,
    "std": 5.652312178300523,
    "n": 170
  },
  "WIND": {
    "mean": 7.841049730289793,
    "std": 4.255175331004433,
    "n": 375
  },
  "ESCB": {
    "mean": 8.049237850324007,
    "std": 3.235593226278354,
    "n": 217
  },
  "THC": {
    "mean": 8.498996692629783,
    "std": 5.425904743705595,
    "n": 115
  },
  "CHDR": {
    "mean": 8.128892725906024,
    "std": 6.892068435328548,
    "n": 440
  },
  "MMS1": {
    "mean": 10.39253892035476,
    "std": 6.522061508564218,
    "n": 202
  },
  "ESCG": {
    "mean": 7.701540526553268,
    "std": 3.473340056912333,
    "n": 235
  },
  "VGR1": {
    "mean": 4.442721010882186,
    "std": 1.6772772816935866,
    "n": 635
  },
  "DSSR": {
    "mean": 0.0,
    "std": 0.0,
    "n": 113
  },
  "LRO": {
    "mean": 10.854934091145868,
    "std": 6.6562879247836495,
    "n": 413
  },
  "SWFO": {
    "mean": 0.26566587742778736,
    "std": 1.459955594196445,
    "n": 156
  },
  "GBRA": {
    "mean": 0.0,
    "std": 0.0,
    "n": 410
  },
  "EMM": {
    "mean": 10.026875683153918,
    "std": 4.8874313541980285,
    "n": 99
  },
  "TESS": {
    "mean": 9.570142069355327,
    "std": 6.344178468224271,
    "n": 123
  },
  "EURC": {
    "mean": 6.671221172841253,
    "std": 5.268935500576806,
    "n": 214
  },
  "NHPC": {
    "mean": 0.0,
    "std": 0.0,
    "n": 28
  },
  "PSYC": {
    "mean": 9.442373441912837,
    "std": 5.581673350477218,
    "n": 533
  },
  "JNO": {
    "mean": 8.899634429198896,
    "std": 4.548345199018888,
    "n": 940
  },
  "MSL": {
    "mean": 0.20970085641475092,
    "std": 1.0279677581234719,
    "n": 125
  },
  "M20": {
    "mean": 0.3814005066107033,
    "std": 1.3523016615584011,
    "n": 95
  },
  "CGO": {
    "mean": 10.325504975706124,
    "std": 5.5861506831518675,
    "n": 171
  },
  "BIOS": {
    "mean": 6.799526198420348,
    "std": 3.87844496642235,
    "n": 53
  },
  "SGP": {
    "mean": 0.0,
    "std": 0.0,
    "n": 34
  },
  "DSCO": {
    "mean": 5.111503252276735,
    "std": 4.9491917425382095,
    "n": 31
  },
  "THB": {
    "mean": 8.053153679619038,
    "std": 5.63942903441002,
    "n": 89
  },
  "MMX": {
    "mean": 6.3833415820869694,
    "std": 4.865709226505287,
    "n": 71
  },
  "RST": {
    "mean": 7.504568018465512,
    "std": 6.107700359240118,
    "n": 29
  },
  "XMM": {
    "mean": 10.403132049426544,
    "std": 3.0511786047110028,
    "n": 101
  },
  "TEST": {
    "mean": 0.0,
    "std": 0.0,
    "n": 95
  },
  "MEX": {
    "mean": 9.32574765239274,
    "std": 4.759553845465456,
    "n": 39
  },
  "BEPI": {
    "mean": 2.6983295864345913,
    "std": 3.816014296888384,
    "n": 21
  },
  "HYB2": {
    "mean": 0.0,
    "std": 0.0,
    "n": 14
  },
  "HCRA": {
    "mean": 0.0,
    "std": 0.0,
    "n": 32
  },
  "EGS": {
    "mean": 0.0,
    "std": 0.0,
    "n": 3
  }
}