{
  "ACE": {
    "mean": 8.408203534350697,
    "std": 4.928863172527652,
    "n": 593
  },
  "DSN": {
    "mean": 0.0,
    "std": 0.0,
    "n": 8984
  },
  "DSS": {
    "mean": 0.0,
    "std": 0.0,
    "n": 1749
  },
  "JWST": {
    "mean": 11.379451569906095,
    "std": 6.013093238083716,
    "n": 1361
  },
  "KPLO": {
    "mean": 8.67572476278747,
    "std": 6.1997967457665055,
    "n": 1129
  },
  "LUCY": {
    "mean": 9.089254569003707,
    "std": 3.975457999534912,
    "n": 783
  },
  "M01O": {
    "mean": 7.927475282104295,
    "std": 4.29133213394228,
    "n": 2259
  },
  "MMS2": {
    "mean": 11.99197782325945,
    "std": 5.594301222279819,
    "n": 269
  },
  "ORX": {
    "mean": 4.168273050178748,
    "std": 6.32538900874269,
    "n": 601
  },
  "SOHO": {
    "mean": 10.445443265185416,
    "std": 4.460024920578187,
    "n": 1868
  },
  "SPP": {
    "mean": 9.219813480464012,
    "std": 4.5688002291294305,
    "n": 1076
  },
  "VGR2": {
    "mean": 4.160762911870121,
    "std": 1.8917925447673816,
    "n": 917
  },
  "CAPS": {
    "mean": 9.095144558214242,
    "std": 5.557519592906378,
    "n": 302
  },
  "MRO": {
    "mean": 11.220862809344593,
    "std": 5.7886127992923635,
    "n": 956
  },
  "STA": {
    "mean": 10.573532397914118,
    "std": 5.256283851853123,
    "n": 672
  },
  "IMAP": {
    "mean": 10.58447157676793,
    "std": 5.547855858937284,
    "n": 362
  },
  "MMS3": {
    "mean": 11.733640514292713,
    "std": 5.802723243564324,
    "n": 265
  },
  "TGO": {
    "mean": 10.364550433329168,
    "std": 5.183508502925938,
    "n": 321
  },
  "TDR8": {
    "mean": 6.839711603308979,
    "std": 3.15492915596383,
    "n": 114
  },
  "MMS4": {
    "mean": 11.940906187502819,
    "std": 5.65483700011678,
    "n": 246
  },
  "WIND": {
    "mean": 7.849051206035186,
    "std": 4.198067227194383,
    "n": 503
  },
  "ESCB": {
    "mean": 7.780197176074859,
    "std": 3.368253961175626,
    "n": 337
  },
  "THC": {
    "mean": 8.079191259250443,
    "std": 5.633473853130999,
    "n": 148
  },
  "CHDR": {
    "mean": 8.248626615577527,
    "std": 6.864089609755875,
    "n": 616
  },
  "MMS1": {
    "mean": 10.754377093887548,
    "std": 6.340114668000936,
    "n": 299
  },
  "ESCG": {
    "mean": 7.659952327522551,
    "std": 3.6429004617158554,
    "n": 341
  },
  "VGR1": {
    "mean": 4.429474294648636,
    "std": 1.688936168091959,
    "n": 997
  },
  "DSSR": {
    "mean": 0.0,
    "std": 0.0,
    "n": 196
  },
  "LRO": {
    "mean": 10.875074101476788,
    "std": 6.414901833713389,
    "n": 626
  },
  "SWFO": {
    "mean": 0.26023531881815865,
    "std": 1.4455875472759874,
    "n": 223
  },
  "GBRA": {
    "mean": 0.0,
    "std": 0.0,
    "n": 528
  },
  "EMM": {
    "mean": 10.210121533965474,
    "std": 4.733528122869451,
    "n": 147
  },
  "TESS": {
    "mean": 9.965405593021938,
    "std": 6.574692447136841,
    "n": 186
  },
  "EURC": {
    "mean": 7.074369393519517,
    "std": 5.019332454515391,
    "n": 310
  },
  "NHPC": {
    "mean": 2.305057474881218,
    "std": 2.161503739909334,
    "n": 115
  },
  "PSYC": {
    "mean": 9.537529994357648,
    "std": 5.531002643262781,
    "n": 612
  },
  "JNO": {
    "mean": 9.009378268772863,
    "std": 4.35662735334198,
    "n": 1285
  },
  "MSL": {
    "mean": 0.3063380323785842,
    "std": 1.2257806259927162,
    "n": 170
  },
  "M20": {
    "mean": 0.4213145131164744,
    "std": 1.4153731258699016,
    "n": 172
  },
  "CGO": {
    "mean": 10.386611947069436,
    "std": 5.5407632509664095,
    "n": 224
  },
  "BIOS": {
    "mean": 6.976562835742111,
    "std": 3.7645650646294055,
    "n": 71
  },
  "SGP": {
    "mean": 0.0,
    "std": 0.0,
    "n": 34
  },
  "DSCO": {
    "mean": 4.951768775643087,
    "std": 4.951768775643087,
    "n": 44
  },
  "THB": {
    "mean": 8.071623779492514,
    "std": 5.602898354391541,
    "n": 121
  },
  "MMX": {
    "mean": 6.447047574555721,
    "std": 4.86009682234796,
    "n": 75
  },
  "RST": {
    "mean": 6.771292771997224,
    "std": 5.938614102744261,
    "n": 42
  },
  "XMM": {
    "mean": 10.478006574044688,
    "std": 2.9312374535648464,
    "n": 124
  },
  "TEST": {
    "mean": 0.0,
    "std": 0.0,
    "n": 187
  },
  "MEX": {
    "mean": 9.665860102911063,
    "std": 4.455399724792833,
    "n": 46
  },
  "BEPI": {
    "mean": 2.420109767318459,
    "std": 3.567173330124926,
    "n": 28
  },
  "HYB2": {
    "mean": 2.8423126069453115,
    "std": 2.301988125380446,
    "n": 173
  },
  "HCRA": {
    "mean": 0.0,
    "std": 0.0,
    "n": 46
  },
  "EGS": {
    "mean": 0.0,
    "std": 0.0,
    "n": 16
  }
}