{
  "ACE": {
    "mean": 8.508070687214005,
    "std": 4.905108657936018,
    "n": 417
  },
  "DSN": {
    "mean": 0.0,
    "std": 0.0,
    "n": 6795
  },
  "DSS": {
    "mean": 0.0,
    "std": 0.0,
    "n": 1464
  },
  "JWST": {
    "mean": 11.197064637926164,
    "std": 6.061099794978563,
    "n": 915
  },
  "KPLO": {
    "mean": 8.64759389968067,
    "std": 6.345902176659778,
    "n": 767
  },
  "LUCY": {
    "mean": 9.113238631967725,
    "std": 4.088051000223048,
    "n": 675
  },
  "M01O": {
    "mean": 7.928287024482924,
    "std": 4.287006920493508,
    "n": 1557
  },
  "MMS2": {
    "mean": 12.100333746043828,
    "std": 5.488727539961143,
    "n": 182
  },
  "ORX": {
    "mean": 3.8912401231219547,
    "std": 6.187548696008882,
    "n": 374
  },
  "SOHO": {
    "mean": 10.281362585860435,
    "std": 4.576485116995181,
    "n": 1264
  },
  "SPP": {
    "mean": 8.81926865824846,
    "std": 4.445710929723065,
    "n": 778
  },
  "VGR2": {
    "mean": 4.286058632252938,
    "std": 1.7728248208823794,
    "n": 625
  },
  "CAPS": {
    "mean": 9.23216960368576,
    "std": 5.494835037170567,
    "n": 222
  },
  "MRO": {
    "mean": 11.05497378989973,
    "std": 5.9255116831864045,
    "n": 666
  },
  "STA": {
    "mean": 10.521864747810872,
    "std": 5.292197350993351,
    "n": 481
  },
  "IMAP": {
    "mean": 10.764323209247172,
    "std": 5.419230117576154,
    "n": 277
  },
  "MMS3": {
    "mean": 11.900265140292397,
    "std": 5.671045185226445,
    "n": 184
  },
  "TGO": {
    "mean": 9.964954128733211,
    "std": 5.402988159050071,
    "n": 203
  },
  "TDR8": {
    "mean": 6.839711603308979,
    "std": 3.15492915596383,
    "n": 114
  },
  "MMS4": {
    "mean": 11.892624826181422,
    "std": 5.703403432040948,
    "n": 166
  },
  "WIND": {
    "mean": 7.887791852315866,
    "std": 4.251908326193192,
    "n": 365
  },
  "ESCB": {
    "mean": 8.049237850324007,
    "std": 3.235593226278354,
    "n": 217
  },
  "THC": {
    "mean": 8.440826251843438,
    "std": 5.455909043251383,
    "n": 113
  },
  "CHDR": {
    "mean": 8.131089304655958,
    "std": 6.8915589290028665,
    "n": 433
  },
  "MMS1": {
    "mean": 10.431966786000741,
    "std": 6.498624709923282,
    "n": 197
  },
  "ESCG": {
    "mean": 7.701540526553268,
    "std": 3.473340056912333,
    "n": 235
  },
  "VGR1": {
    "mean": 4.438575271100098,
    "std": 1.6818280761984987,
    "n": 623
  },
  "DSSR": {
    "mean": 0.0,
    "std": 0.0,
    "n": 113
  },
  "LRO": {
    "mean": 10.799304531211046,
    "std": 6.634489511610297,
    "n": 404
  },
  "SWFO": {
    "mean": 0.26737985083054727,
    "std": 1.4645011016048892,
    "n": 155
  },
  "GBRA": {
    "mean": 0.0,
    "std": 0.0,
    "n": 390
  },
  "EMM": {
    "mean": 10.026875683153918,
    "std": 4.8874313541980285,
    "n": 99
  },
  "TESS": {
    "mean": 9.433055217094156,
    "std": 6.3981889251406425,
    "n": 116
  },
  "EURC": {
    "mean": 6.705475246732207,
    "std": 5.2493965627530965,
    "n": 211
  },
  "NHPC": {
    "mean": 0.0,
    "std": 0.0,
    "n": 28
  },
  "PSYC": {
    "mean": 9.442373441912837,
    "std": 5.581673350477218,
    "n": 533
  },
  "JNO": {
    "mean": 8.880997067325655,
    "std": 4.598641669401521,
    "n": 910
  },
  "MSL": {
    "mean": 0.21139199235357956,
    "std": 1.0319312652382036,
    "n": 124
  },
  "M20": {
    "mean": 0.3854579588086895,
    "std": 1.3589003909032809,
    "n": 94
  },
  "CGO": {
    "mean": 10.325504975706124,
    "std": 5.5861506831518675,
    "n": 171
  },
  "BIOS": {
    "mean": 6.799526198420348,
    "std": 3.87844496642235,
    "n": 53
  },
  "SGP": {
    "mean": 0.0,
    "std": 0.0,
    "n": 34
  },
  "DSCO": {
    "mean": 5.111503252276735,
    "std": 4.9491917425382095,
    "n": 31
  },
  "THB": {
    "mean": 8.053153679619038,
    "std": 5.63942903441002,
    "n": 89
  },
  "MMX": {
    "mean": 6.3833415820869694,
    "std": 4.865709226505287,
    "n": 71
  },
  "RST": {
    "mean": 7.504568018465512,
    "std": 6.107700359240118,
    "n": 29
  },
  "XMM": {
    "mean": 10.403132049426544,
    "std": 3.0511786047110028,
    "n": 101
  },
  "TEST": {
    "mean": 0.0,
    "std": 0.0,
    "n": 95
  },
  "MEX": {
    "mean": 9.32574765239274,
    "std": 4.759553845465456,
    "n": 39
  },
  "BEPI": {
    "mean": 2.6983295864345913,
    "std": 3.816014296888384,
    "n": 21
  },
  "HYB2": {
    "mean": 0.0,
    "std": 0.0,
    "n": 14
  },
  "HCRA": {
    "mean": 0.0,
    "std": 0.0,
    "n": 32
  },
  "EGS": {
    "mean": 0.0,
    "std": 0.0,
    "n": 3
  }
}