{
  "ACE": {
    "mean": 8.454832906600886,
    "std": 4.896968217181419,
    "n": 548
  },
  "DSN": {
    "mean": 0.0,
    "std": 0.0,
    "n": 8427
  },
  "DSS": {
    "mean": 0.0,
    "std": 0.0,
    "n": 1672
  },
  "JWST": {
    "mean": 11.27751628437601,
    "std": 5.9807976466493695,
    "n": 1241
  },
  "KPLO": {
    "mean": 8.712464779118374,
    "std": 6.250938404860702,
    "n": 1039
  },
  "LUCY": {
    "mean": 9.091846811706453,
    "std": 4.020323483631605,
    "n": 749
  },
  "M01O": {
    "mean": 7.879924090948999,
    "std": 4.3274774809552845,
    "n": 2117
  },
  "MMS2": {
    "mean": 12.124776005850388,
    "std": 5.480469141287325,
    "n": 248
  },
  "ORX": {
    "mean": 4.063929475755757,
    "std": 6.278801603662917,
    "n": 552
  },
  "SOHO": {
    "mean": 10.427749285593304,
    "std": 4.4705002747299325,
    "n": 1720
  },
  "SPP": {
    "mean": 8.909977829666076,
    "std": 4.5395503849930225,
    "n": 950
  },
  "VGR2": {
    "mean": 4.1299017470926165,
    "std": 1.915493087910849,
    "n": 847
  },
  "CAPS": {
    "mean": 9.174811717368867,
    "std": 5.527264652697208,
    "n": 282
  },
  "MRO": {
    "mean": 11.159396666009345,
    "std": 5.848341707854747,
    "n": 872
  },
  "STA": {
    "mean": 10.494911955780276,
    "std": 5.313995504585005,
    "n": 628
  },
  "IMAP": {
    "mean": 10.606445069759024,
    "std": 5.533151840768121,
    "n": 346
  },
  "MMS3": {
    "mean": 11.567676398581012,
    "std": 5.920952064488925,
    "n": 246
  },
  "TGO": {
    "mean": 10.366293035115964,
    "std": 5.184497118456857,
    "n": 291
  },
  "TDR8": {
    "mean": 6.839711603308979,
    "std": 3.15492915596383,
    "n": 114
  },
  "MMS4": {
    "mean": 12.015011692915133,
    "std": 5.600800425576228,
    "n": 230
  },
  "WIND": {
    "mean": 7.897618411000159,
    "std": 4.196468908592944,
    "n": 470
  },
  "ESCB": {
    "mean": 7.763563819968783,
    "std": 3.415592727765834,
    "n": 297
  },
  "THC": {
    "mean": 8.25276497271092,
    "std": 5.589688994642967,
    "n": 138
  },
  "CHDR": {
    "mean": 8.177601823960432,
    "std": 6.878953026693398,
    "n": 572
  },
  "MMS1": {
    "mean": 10.636658901960395,
    "std": 6.400647993305471,
    "n": 275
  },
  "ESCG": {
    "mean": 7.644283063271017,
    "std": 3.6845820858673313,
    "n": 312
  },
  "VGR1": {
    "mean": 4.413236830943923,
    "std": 1.7105934191826144,
    "n": 914
  },
  "DSSR": {
    "mean": 0.0,
    "std": 0.0,
    "n": 155
  },
  "LRO": {
    "mean": 10.796038762263395,
    "std": 6.5409348261757945,
    "n": 553
  },
  "SWFO": {
    "mean": 0.2737380947945724,
    "std": 1.4813696955079578,
    "n": 212
  },
  "GBRA": {
    "mean": 0.0,
    "std": 0.0,
    "n": 506
  },
  "EMM": {
    "mean": 10.231515290866358,
    "std": 4.715972313412073,
    "n": 137
  },
  "TESS": {
    "mean": 9.580617287688693,
    "std": 6.389424036335485,
    "n": 173
  },
  "EURC": {
    "mean": 6.987868280915962,
    "std": 5.094751797936034,
    "n": 290
  },
  "NHPC": {
    "mean": 0.0,
    "std": 0.0,
    "n": 36
  },
  "PSYC": {
    "mean": 9.589689676063818,
    "std": 5.499854445215473,
    "n": 594
  },
  "JNO": {
    "mean": 8.975637271139197,
    "std": 4.390073401200119,
    "n": 1229
  },
  "MSL": {
    "mean": 0.24836408356673606,
    "std": 1.1111895918040897,
    "n": 168
  },
  "M20": {
    "mean": 0.42176034858008976,
    "std": 1.4160554098899794,
    "n": 135
  },
  "CGO": {
    "mean": 10.265167220885035,
    "std": 5.598919724261108,
    "n": 207
  },
  "BIOS": {
    "mean": 6.89691077485177,
    "std": 3.8177870844066226,
    "n": 64
  },
  "SGP": {
    "mean": 0.0,
    "std": 0.0,
    "n": 34
  },
  "DSCO": {
    "mean": 4.951768775643087,
    "std": 4.951768775643087,
    "n": 42
  },
  "THB": {
    "mean": 8.195996049813635,
    "std": 5.593876768962486,
    "n": 108
  },
  "MMX": {
    "mean": 6.447047574555721,
    "std": 4.86009682234796,
    "n": 75
  },
  "RST": {
    "mean": 6.771292771997224,
    "std": 5.938614102744261,
    "n": 42
  },
  "XMM": {
    "mean": 10.478006574044688,
    "std": 2.9312374535648464,
    "n": 124
  },
  "TEST": {
    "mean": 0.0,
    "std": 0.0,
    "n": 144
  },
  "MEX": {
    "mean": 9.434773246287115,
    "std": 4.666915418123494,
    "n": 41
  },
  "BEPI": {
    "mean": 2.2665968526050566,
    "std": 3.6346409384521188,
    "n": 25
  },
  "HYB2": {
    "mean": 2.284173094322301,
    "std": 2.6197622853217655,
    "n": 64
  },
  "HCRA": {
    "mean": 0.0,
    "std": 0.0,
    "n": 43
  },
  "EGS": {
    "mean": 0.0,
    "std": 0.0,
    "n": 16
  }
}