{
  "ACE": {
    "mean": 8.277297554967301,
    "std": 4.992676481103937,
    "n": 42
  },
  "DSN": {
    "mean": 0.0,
    "std": 0.0,
    "n": 707
  },
  "DSS": {
    "mean": 0.0,
    "std": 0.0,
    "n": 279
  },
  "JWST": {
    "mean": 12.518404599273223,
    "std": 6.100303914351365,
    "n": 77
  },
  "KPLO": {
    "mean": 5.839161039403204,
    "std": 6.001376359723752,
    "n": 57
  },
  "LUCY": {
    "mean": 9.865024466466197,
    "std": 3.4088332616671018,
    "n": 75
  },
  "M01O": {
    "mean": 8.051617010122836,
    "std": 3.773959569579554,
    "n": 107
  },
  "MMS2": {
    "mean": 10.242946504830826,
    "std": 6.708652523613693,
    "n": 10
  },
  "ORX": {
    "mean": 3.4532979652402034,
    "std": 5.982186077945595,
    "n": 28
  },
  "SOHO": {
    "mean": 10.184432856987934,
    "std": 4.7633323036815165,
    "n": 117
  },
  "SPP": {
    "mean": 8.960424022264405,
    "std": 3.93995413862984,
    "n": 76
  },
  "VGR2": {
    "mean": 4.399744982962319,
    "std": 1.73178778989651,
    "n": 82
  },
  "CAPS": {
    "mean": 7.471761977822443,
    "std": 6.100668108397807,
    "n": 25
  },
  "MRO": {
    "mean": 10.722060000181735,
    "std": 5.9709031011627225,
    "n": 72
  },
  "STA": {
    "mean": 8.086343967252294,
    "std": 6.471471272626652,
    "n": 41
  },
  "IMAP": {
    "mean": 11.457200762946972,
    "std": 4.81298701411955,
    "n": 40
  },
  "MMS3": {
    "mean": 9.636361985076181,
    "std": 6.8195753934695125,
    "n": 15
  },
  "TGO": {
    "mean": 11.624224159896103,
    "std": 4.425831602114742,
    "n": 16
  },
  "TDR8": {
    "mean": 6.619319481256207,
    "std": 3.3305470166417592,
    "n": 99
  },
  "MMS4": {
    "mean": 10.933326803952065,
    "std": 6.317290495803746,
    "n": 12
  },
  "WIND": {
    "mean": 7.228500469754691,
    "std": 3.921107329369148,
    "n": 32
  },
  "ESCB": {
    "mean": 7.114963101839682,
    "std": 3.649899059186077,
    "n": 24
  },
  "THC": {
    "mean": 9.080361151252493,
    "std": 6.006514288439821,
    "n": 10
  },
  "CHDR": {
    "mean": 6.993891310327609,
    "std": 6.993891310327606,
    "n": 34
  },
  "MMS1": {
    "mean": 9.636361985076183,
    "std": 6.819575393469512,
    "n": 15
  },
  "ESCG": {
    "mean": 7.742192685577566,
    "std": 3.0643780526790687,
    "n": 42
  },
  "VGR1": {
    "mean": 4.690527106139503,
    "std": 1.3540385436854394,
    "n": 39
  },
  "DSSR": {
    "mean": 0.0,
    "std": 0.0,
    "n": 30
  },
  "LRO": {
    "mean": 10.668397318586155,
    "std": 7.406961212327078,
    "n": 13
  },
  "SWFO": {
    "mean": 0.0,
    "std": 0.0,
    "n": 11
  },
  "GBRA": {
    "mean": 0.0,
    "std": 0.0,
    "n": 24
  },
  "EMM": {
    "mean": 11.269348936844743,
    "std": 3.563681038762641,
    "n": 11
  },
  "TESS": {
    "mean": 4.840203249634437,
    "std": 4.840203249634437,
    "n": 4
  },
  "EURC": {
    "mean": 4.037635994851741,
    "std": 4.441074910409731,
    "n": 12
  },
  "NHPC": {
    "mean": 0.0,
    "std": 0.0,
    "n": 5
  },
  "PSYC": {
    "mean": 10.057743041334378,
    "std": 5.218958821134369,
    "n": 33
  },
  "JNO": {
    "mean": 9.634798089661066,
    "std": 3.8429169955318363,
    "n": 68
  },
  "MSL": {
    "mean": 0.0,
    "std": 0.0,
    "n": 5
  },
  "M20": {
    "mean": 0.0,
    "std": 0.0,
    "n": 22
  },
  "CGO": {
    "mean": 7.589829951122854,
    "std": 6.207553342968365,
    "n": 16
  },
  "BIOS": {
    "mean": 6.481374500800612,
    "std": 3.97086966242705,
    "n": 11
  },
  "SGP": {
    "mean": 0.0,
    "std": 0.0,
    "n": 34
  },
  "DSCO": {
    "mean": 3.961415020514468,
    "std": 4.851722729828701,
    "n": 5
  },
  "THB": {
    "mean": 6.931197549030571,
    "std": 6.931197549030571,
    "n": 2
  },
  "MMX": {
    "mean": 0.0,
    "std": 0.0,
    "n": 13
  }
}