{
  "ACE": {
    "mean": 8.41761066305074,
    "std": 4.920517159499607,
    "n": 568
  },
  "DSN": {
    "mean": 0.0,
    "std": 0.0,
    "n": 8800
  },
  "DSS": {
    "mean": 0.0,
    "std": 0.0,
    "n": 1748
  },
  "JWST": {
    "mean": 11.331011889542964,
    "std": 6.0307855575509,
    "n": 1302
  },
  "KPLO": {
    "mean": 8.685040861252709,
    "std": 6.279056444207931,
    "n": 1087
  },
  "LUCY": {
    "mean": 9.102562041209785,
    "std": 3.978388340513624,
    "n": 771
  },
  "M01O": {
    "mean": 7.873199034547847,
    "std": 4.327705771960726,
    "n": 2171
  },
  "MMS2": {
    "mean": 12.046463647046838,
    "std": 5.542799595480078,
    "n": 258
  },
  "ORX": {
    "mean": 3.9555993410610206,
    "std": 6.2287680375052155,
    "n": 581
  },
  "SOHO": {
    "mean": 10.42214573675917,
    "std": 4.478880593333722,
    "n": 1790
  },
  "SPP": {
    "mean": 9.016530553522008,
    "std": 4.560581554120368,
    "n": 995
  },
  "VGR2": {
    "mean": 4.144614869730113,
    "std": 1.9059040799290894,
    "n": 882
  },
  "CAPS": {
    "mean": 9.103384760466334,
    "std": 5.557694695916504,
    "n": 295
  },
  "MRO": {
    "mean": 11.190775608273979,
    "std": 5.819285679428976,
    "n": 911
  },
  "STA": {
    "mean": 10.524710863923241,
    "std": 5.291797415965376,
    "n": 645
  },
  "IMAP": {
    "mean": 10.581687596374046,
    "std": 5.549962199637346,
    "n": 357
  },
  "MMS3": {
    "mean": 11.63102133780826,
    "std": 5.877383428171743,
    "n": 256
  },
  "TGO": {
    "mean": 10.331497572703547,
    "std": 5.209772823928212,
    "n": 302
  },
  "TDR8": {
    "mean": 6.839711603308979,
    "std": 3.15492915596383,
    "n": 114
  },
  "MMS4": {
    "mean": 12.035700254357984,
    "std": 5.576410815949087,
    "n": 238
  },
  "WIND": {
    "mean": 7.898020105231678,
    "std": 4.184462155957587,
    "n": 482
  },
  "ESCB": {
    "mean": 7.782327709997314,
    "std": 3.3708673761186088,
    "n": 324
  },
  "THC": {
    "mean": 8.193392562835303,
    "std": 5.613047573066228,
    "n": 139
  },
  "CHDR": {
    "mean": 8.19685409145401,
    "std": 6.87280410286189,
    "n": 596
  },
  "MMS1": {
    "mean": 10.740231007541723,
    "std": 6.351822853178325,
    "n": 286
  },
  "ESCG": {
    "mean": 7.646822630352018,
    "std": 3.6630598140434767,
    "n": 326
  },
  "VGR1": {
    "mean": 4.415370716474641,
    "std": 1.7041003721206693,
    "n": 953
  },
  "DSSR": {
    "mean": 0.0,
    "std": 0.0,
    "n": 171
  },
  "LRO": {
    "mean": 10.807846638685078,
    "std": 6.481283186441909,
    "n": 592
  },
  "SWFO": {
    "mean": 0.26620401879105215,
    "std": 1.4615279332635267,
    "n": 218
  },
  "GBRA": {
    "mean": 0.0,
    "std": 0.0,
    "n": 517
  },
  "EMM": {
    "mean": 10.210121533965474,
    "std": 4.733528122869451,
    "n": 147
  },
  "TESS": {
    "mean": 9.526441127253786,
    "std": 6.393731075681011,
    "n": 175
  },
  "EURC": {
    "mean": 7.074369393519517,
    "std": 5.019332454515391,
    "n": 310
  },
  "NHPC": {
    "mean": 1.5203059113200728,
    "std": 1.9147448100767426,
    "n": 75
  },
  "PSYC": {
    "mean": 9.631960984400793,
    "std": 5.475885829748371,
    "n": 606
  },
  "JNO": {
    "mean": 8.991855148381791,
    "std": 4.361331023672074,
    "n": 1268
  },
  "MSL": {
    "mean": 0.24836408356673606,
    "std": 1.1111895918040897,
    "n": 168
  },
  "M20": {
    "mean": 0.47055906659762076,
    "std": 1.48803842409134,
    "n": 154
  },
  "CGO": {
    "mean": 10.252183049126268,
    "std": 5.621533903242143,
    "n": 214
  },
  "BIOS": {
    "mean": 6.976562835742111,
    "std": 3.7645650646294055,
    "n": 71
  },
  "SGP": {
    "mean": 0.0,
    "std": 0.0,
    "n": 34
  },
  "DSCO": {
    "mean": 4.951768775643087,
    "std": 4.951768775643087,
    "n": 44
  },
  "THB": {
    "mean": 8.080642312408651,
    "std": 5.635489905384737,
    "n": 111
  },
  "MMX": {
    "mean": 6.447047574555721,
    "std": 4.86009682234796,
    "n": 75
  },
  "RST": {
    "mean": 6.771292771997224,
    "std": 5.938614102744261,
    "n": 42
  },
  "XMM": {
    "mean": 10.478006574044688,
    "std": 2.9312374535648464,
    "n": 124
  },
  "TEST": {
    "mean": 0.0,
    "std": 0.0,
    "n": 144
  },
  "MEX": {
    "mean": 9.48539227202379,
    "std": 4.622399748859159,
    "n": 42
  },
  "BEPI": {
    "mean": 2.2665968526050566,
    "std": 3.6346409384521188,
    "n": 25
  },
  "HYB2": {
    "mean": 2.3121394945770626,
    "std": 2.4456702396302066,
    "n": 93
  },
  "HCRA": {
    "mean": 0.0,
    "std": 0.0,
    "n": 43
  },
  "EGS": {
    "mean": 0.0,
    "std": 0.0,
    "n": 16
  }
}