{
  "ACE": {
    "mean": 8.318295064018368,
    "std": 4.9780447603146,
    "n": 783
  },
  "DSN": {
    "mean": 0.0,
    "std": 0.0,
    "n": 11894
  },
  "DSS": {
    "mean": 0.0,
    "std": 0.0,
    "n": 2266
  },
  "JWST": {
    "mean": 11.408101394641365,
    "std": 5.864609854188953,
    "n": 1876
  },
  "KPLO": {
    "mean": 8.706501570145809,
    "std": 6.145047272581568,
    "n": 1518
  },
  "LUCY": {
    "mean": 9.016392643890288,
    "std": 3.9050973728813028,
    "n": 908
  },
  "M01O": {
    "mean": 7.87468519488083,
    "std": 4.269443853228026,
    "n": 2850
  },
  "MMS2": {
    "mean": 11.905096402824414,
    "std": 5.627573583950792,
    "n": 384
  },
  "ORX": {
    "mean": 4.415914708804224,
    "std": 6.423298694527371,
    "n": 838
  },
  "SOHO": {
    "mean": 10.418233638853746,
    "std": 4.504534337818618,
    "n": 2521
  },
  "SPP": {
    "mean": 8.809975549289248,
    "std": 4.566697696159363,
    "n": 1270
  },
  "VGR2": {
    "mean": 4.201069629200762,
    "std": 1.8534520556773286,
    "n": 1167
  },
  "CAPS": {
    "mean": 9.274855806623359,
    "std": 5.453838196876368,
    "n": 413
  },
  "MRO": {
    "mean": 11.420997843164574,
    "std": 5.66315102941239,
    "n": 1334
  },
  "STA": {
    "mean": 10.585180414064997,
    "std": 5.2286462503787074,
    "n": 934
  },
  "IMAP": {
    "mean": 10.737951833662892,
    "std": 5.436050410188496,
    "n": 505
  },
  "MMS3": {
    "mean": 11.847897939726918,
    "std": 5.694219661460576,
    "n": 363
  },
  "TGO": {
    "mean": 10.447758470715046,
    "std": 5.111250060134529,
    "n": 400
  },
  "TDR8": {
    "mean": 7.014025107082547,
    "std": 2.9972898409743474,
    "n": 136
  },
  "MMS4": {
    "mean": 11.961447940932093,
    "std": 5.623935540202039,
    "n": 343
  },
  "WIND": {
    "mean": 7.8504332015561955,
    "std": 4.175594665589772,
    "n": 685
  },
  "ESCB": {
    "mean": 7.791229092708756,
    "std": 3.414442809620589,
    "n": 491
  },
  "THC": {
    "mean": 8.128018986257501,
    "std": 5.657351834889141,
    "n": 201
  },
  "CHDR": {
    "mean": 8.189726337454275,
    "std": 6.87038055777644,
    "n": 816
  },
  "MMS1": {
    "mean": 10.712533699940627,
    "std": 6.359379699834508,
    "n": 419
  },
  "ESCG": {
    "mean": 7.6554711865493745,
    "std": 3.6607168711491234,
    "n": 400
  },
  "VGR1": {
    "mean": 4.0535639722983525,
    "std": 2.034819494289139,
    "n": 1380
  },
  "DSSR": {
    "mean": 0.0,
    "std": 0.0,
    "n": 278
  },
  "LRO": {
    "mean": 10.422918430559516,
    "std": 6.481269445178496,
    "n": 931
  },
  "SWFO": {
    "mean": 0.20011198653948054,
    "std": 1.2723822544514929,
    "n": 290
  },
  "GBRA": {
    "mean": 0.0,
    "std": 0.0,
    "n": 643
  },
  "EMM": {
    "mean": 10.076165978371462,
    "std": 4.840854724692306,
    "n": 224
  },
  "TESS": {
    "mean": 9.851685441483488,
    "std": 6.676837139320293,
    "n": 243
  },
  "EURC": {
    "mean": 6.60792411160258,
    "std": 4.557867320968567,
    "n": 538
  },
  "NHPC": {
    "mean": 2.662340020840244,
    "std": 2.9564922830384135,
    "n": 626
  },
  "PSYC": {
    "mean": 9.752596437688219,
    "std": 5.407756826936085,
    "n": 706
  },
  "JNO": {
    "mean": 9.006983290446488,
    "std": 4.146489883243441,
    "n": 1749
  },
  "MSL": {
    "mean": 0.3383544583615944,
    "std": 1.2821381492386876,
    "n": 261
  },
  "M20": {
    "mean": 0.4370970885284567,
    "std": 1.4392449802223781,
    "n": 225
  },
  "CGO": {
    "mean": 10.212318963519964,
    "std": 5.5687725453085335,
    "n": 309
  },
  "BIOS": {
    "mean": 6.908636657782526,
    "std": 3.8018288013863715,
    "n": 99
  },
  "SGP": {
    "mean": 0.0,
    "std": 0.0,
    "n": 111
  },
  "DSCO": {
    "mean": 4.854675270238321,
    "std": 4.950816787020306,
    "n": 51
  },
  "THB": {
    "mean": 8.174940783804717,
    "std": 5.599068453312844,
    "n": 136
  },
  "MMX": {
    "mean": 6.286980854753921,
    "std": 4.837917009469494,
    "n": 84
  },
  "RST": {
    "mean": 5.586916007866837,
    "std": 5.907579842444726,
    "n": 56
  },
  "XMM": {
    "mean": 10.356520785449455,
    "std": 3.1226085073686924,
    "n": 144
  },
  "TEST": {
    "mean": 0.0,
    "std": 0.0,
    "n": 271
  },
  "MEX": {
    "mean": 9.3423261489249,
    "std": 4.873425922516413,
    "n": 80
  },
  "BEPI": {
    "mean": 4.342343111860535,
    "std": 5.071384013101949,
    "n": 40
  },
  "HYB2": {
    "mean": 4.1767749285408255,
    "std": 3.2512601559797702,
    "n": 463
  },
  "HCRA": {
    "mean": 0.0,
    "std": 0.0,
    "n": 74
  },
  "EGS": {
    "mean": 0.0,
    "std": 0.0,
    "n": 16
  },
  "TERR": {
    "mean": 0.0,
    "std": 0.0,
    "n": 3
  }
}