{
  "ACE": {
    "mean": 8.49620207805702,
    "std": 4.906201991714735,
    "n": 364
  },
  "DSN": {
    "mean": 0.0,
    "std": 0.0,
    "n": 6013
  },
  "DSS": {
    "mean": 0.0,
    "std": 0.0,
    "n": 1361
  },
  "JWST": {
    "mean": 11.183556073583171,
    "std": 6.062517310551874,
    "n": 765
  },
  "KPLO": {
    "mean": 8.483289151131208,
    "std": 6.555196353020581,
    "n": 616
  },
  "LUCY": {
    "mean": 9.063725625795975,
    "std": 4.1450414461484355,
    "n": 619
  },
  "M01O": {
    "mean": 7.927543563249688,
    "std": 4.288957218800705,
    "n": 1291
  },
  "MMS2": {
    "mean": 12.013528538085152,
    "std": 5.545716108212945,
    "n": 154
  },
  "ORX": {
    "mean": 3.8832453699610365,
    "std": 6.183940695245231,
    "n": 297
  },
  "SOHO": {
    "mean": 10.371890418677701,
    "std": 4.596088663869997,
    "n": 975
  },
  "SPP": {
    "mean": 8.561046426088325,
    "std": 4.357802960912687,
    "n": 606
  },
  "VGR2": {
    "mean": 4.222466421242223,
    "std": 1.8395459397334077,
    "n": 538
  },
  "CAPS": {
    "mean": 8.774384381096755,
    "std": 5.708985335419593,
    "n": 175
  },
  "MRO": {
    "mean": 11.15347812869876,
    "std": 5.877297125077278,
    "n": 587
  },
  "STA": {
    "mean": 10.52842201338429,
    "std": 5.29202032348749,
    "n": 417
  },
  "IMAP": {
    "mean": 10.4896907754759,
    "std": 5.607279020471506,
    "n": 225
  },
  "MMS3": {
    "mean": 11.826972360830128,
    "std": 5.702716285919217,
    "n": 154
  },
  "TGO": {
    "mean": 10.005168010106598,
    "std": 5.38954032950223,
    "n": 165
  },
  "TDR8": {
    "mean": 6.839711603308979,
    "std": 3.15492915596383,
    "n": 114
  },
  "MMS4": {
    "mean": 12.00487511957012,
    "std": 5.612054770851729,
    "n": 134
  },
  "WIND": {
    "mean": 7.826032844310986,
    "std": 4.286182764629368,
    "n": 310
  },
  "ESCB": {
    "mean": 8.15365141516812,
    "std": 3.224113666488309,
    "n": 163
  },
  "THC": {
    "mean": 8.646742363746323,
    "std": 5.407949213152428,
    "n": 97
  },
  "CHDR": {
    "mean": 8.118712711874977,
    "std": 6.897357469940086,
    "n": 365
  },
  "MMS1": {
    "mean": 10.386750525775247,
    "std": 6.518998711569204,
    "n": 163
  },
  "ESCG": {
    "mean": 7.578398972001499,
    "std": 3.5644656163972974,
    "n": 213
  },
  "VGR1": {
    "mean": 4.396910127810405,
    "std": 1.7347492791337271,
    "n": 490
  },
  "DSSR": {
    "mean": 0.0,
    "std": 0.0,
    "n": 93
  },
  "LRO": {
    "mean": 9.896413578840324,
    "std": 6.7540056080805675,
    "n": 285
  },
  "SWFO": {
    "mean": 0.3139687642328397,
    "std": 1.5823541956919125,
    "n": 132
  },
  "GBRA": {
    "mean": 0.0,
    "std": 0.0,
    "n": 353
  },
  "EMM": {
    "mean": 9.77404834391551,
    "std": 5.078363072239936,
    "n": 80
  },
  "TESS": {
    "mean": 9.072122203581252,
    "std": 6.056774043994458,
    "n": 101
  },
  "EURC": {
    "mean": 6.242787554479728,
    "std": 5.368755675981038,
    "n": 179
  },
  "NHPC": {
    "mean": 0.0,
    "std": 0.0,
    "n": 23
  },
  "PSYC": {
    "mean": 9.464023844319989,
    "std": 5.5778954148161475,
    "n": 450
  },
  "JNO": {
    "mean": 8.91262826722243,
    "std": 4.557429965041722,
    "n": 816
  },
  "MSL": {
    "mean": 0.174289094359299,
    "std": 0.9448366877996783,
    "n": 91
  },
  "M20": {
    "mean": 0.40258942364463124,
    "std": 1.3862845644039656,
    "n": 90
  },
  "CGO": {
    "mean": 10.235888272113892,
    "std": 5.607585870505063,
    "n": 159
  },
  "BIOS": {
    "mean": 6.8571774360934326,
    "std": 3.8466699106995494,
    "n": 46
  },
  "SGP": {
    "mean": 0.0,
    "std": 0.0,
    "n": 34
  },
  "DSCO": {
    "mean": 4.539121377672829,
    "std": 4.934545179890666,
    "n": 24
  },
  "THB": {
    "mean": 8.339431705441138,
    "std": 5.668333287634757,
    "n": 64
  },
  "MMX": {
    "mean": 6.255844173683396,
    "std": 4.862816903973702,
    "n": 69
  },
  "RST": {
    "mean": 7.504568018465512,
    "std": 6.107700359240118,
    "n": 29
  },
  "XMM": {
    "mean": 10.296936623248849,
    "std": 3.2106340817210572,
    "n": 79
  },
  "TEST": {
    "mean": 0.0,
    "std": 0.0,
    "n": 74
  },
  "MEX": {
    "mean": 9.093698746870189,
    "std": 4.880448830985071,
    "n": 36
  },
  "BEPI": {
    "mean": 3.777661421008428,
    "std": 4.038489931613466,
    "n": 15
  },
  "HYB2": {
    "mean": 0.0,
    "std": 0.0,
    "n": 12
  },
  "HCRA": {
    "mean": 0.0,
    "std": 0.0,
    "n": 30
  }
}