{
  "ACE": {
    "mean": 8.216612340459147,
    "std": 5.030895019687992,
    "n": 835
  },
  "DSN": {
    "mean": 0.0,
    "std": 0.0,
    "n": 12620
  },
  "DSS": {
    "mean": 0.0,
    "std": 0.0,
    "n": 2309
  },
  "JWST": {
    "mean": 11.490116277945557,
    "std": 5.841021276992013,
    "n": 2007
  },
  "KPLO": {
    "mean": 8.814360297889541,
    "std": 6.163672901789821,
    "n": 1635
  },
  "LUCY": {
    "mean": 9.00254921667872,
    "std": 3.8690271803550957,
    "n": 960
  },
  "M01O": {
    "mean": 7.931845022084108,
    "std": 4.222611238465279,
    "n": 3067
  },
  "MMS2": {
    "mean": 11.895898189452993,
    "std": 5.631309468478992,
    "n": 405
  },
  "ORX": {
    "mean": 4.370762681860154,
    "std": 6.404906471812156,
    "n": 900
  },
  "SOHO": {
    "mean": 10.436966062355808,
    "std": 4.490553124456544,
    "n": 2702
  },
  "SPP": {
    "mean": 8.736612789472417,
    "std": 4.551970271948253,
    "n": 1300
  },
  "VGR2": {
    "mean": 4.208011769177041,
    "std": 1.8535355625549832,
    "n": 1281
  },
  "CAPS": {
    "mean": 9.355673466915219,
    "std": 5.405366234794006,
    "n": 428
  },
  "MRO": {
    "mean": 11.474588180356486,
    "std": 5.614650656905636,
    "n": 1420
  },
  "STA": {
    "mean": 10.573380818831945,
    "std": 5.231444886117282,
    "n": 1018
  },
  "IMAP": {
    "mean": 10.811088443349673,
    "std": 5.380900683629937,
    "n": 534
  },
  "MMS3": {
    "mean": 11.865522615025407,
    "std": 5.678756609023214,
    "n": 387
  },
  "TGO": {
    "mean": 10.50909623263593,
    "std": 5.06023282609917,
    "n": 437
  },
  "TDR8": {
    "mean": 7.014025107082547,
    "std": 2.9972898409743474,
    "n": 136
  },
  "MMS4": {
    "mean": 11.748835432528312,
    "std": 5.798340272804559,
    "n": 363
  },
  "WIND": {
    "mean": 7.871567979682599,
    "std": 4.204505418923971,
    "n": 737
  },
  "ESCB": {
    "mean": 7.787627494436133,
    "std": 3.403851983876745,
    "n": 512
  },
  "THC": {
    "mean": 8.02489772425563,
    "std": 5.691939001232985,
    "n": 232
  },
  "CHDR": {
    "mean": 8.191984048422533,
    "std": 6.871195960798524,
    "n": 867
  },
  "MMS1": {
    "mean": 10.719973573386104,
    "std": 6.36275889299287,
    "n": 446
  },
  "ESCG": {
    "mean": 7.714477893044763,
    "std": 3.635195660065651,
    "n": 439
  },
  "VGR1": {
    "mean": 3.7358141391853343,
    "std": 2.23354235331857,
    "n": 1603
  },
  "DSSR": {
    "mean": 0.0,
    "std": 0.0,
    "n": 287
  },
  "LRO": {
    "mean": 10.258415911120245,
    "std": 6.42617946607038,
    "n": 1024
  },
  "SWFO": {
    "mean": 0.18841713018327716,
    "std": 1.2355346073170201,
    "n": 308
  },
  "GBRA": {
    "mean": 0.0,
    "std": 0.0,
    "n": 661
  },
  "EMM": {
    "mean": 10.076165978371462,
    "std": 4.840854724692306,
    "n": 224
  },
  "TESS": {
    "mean": 9.691314278364082,
    "std": 6.48100590868308,
    "n": 267
  },
  "EURC": {
    "mean": 6.60792411160258,
    "std": 4.557867320968567,
    "n": 538
  },
  "NHPC": {
    "mean": 2.781373457687908,
    "std": 2.9942802579193466,
    "n": 747
  },
  "PSYC": {
    "mean": 9.743070276217408,
    "std": 5.410579939472391,
    "n": 713
  },
  "JNO": {
    "mean": 8.849132780955584,
    "std": 4.303663181773219,
    "n": 1851
  },
  "MSL": {
    "mean": 0.2993576733300887,
    "std": 1.2108213280844138,
    "n": 295
  },
  "M20": {
    "mean": 0.3981653640441407,
    "std": 1.3792852806772187,
    "n": 247
  },
  "CGO": {
    "mean": 10.319310396423036,
    "std": 5.513565976668552,
    "n": 339
  },
  "BIOS": {
    "mean": 6.908636657782526,
    "std": 3.8018288013863715,
    "n": 99
  },
  "SGP": {
    "mean": 0.0,
    "std": 0.0,
    "n": 111
  },
  "DSCO": {
    "mean": 5.519787753357474,
    "std": 5.061207224223677,
    "n": 69
  },
  "THB": {
    "mean": 7.751827512100509,
    "std": 5.7755097653703125,
    "n": 147
  },
  "MMX": {
    "mean": 6.286980854753921,
    "std": 4.837917009469494,
    "n": 84
  },
  "RST": {
    "mean": 5.586916007866837,
    "std": 5.907579842444726,
    "n": 56
  },
  "XMM": {
    "mean": 10.356520785449455,
    "std": 3.1226085073686924,
    "n": 144
  },
  "TEST": {
    "mean": 0.0,
    "std": 0.0,
    "n": 271
  },
  "MEX": {
    "mean": 8.64732212457721,
    "std": 5.286989164477508,
    "n": 96
  },
  "BEPI": {
    "mean": 4.342343111860535,
    "std": 5.071384013101949,
    "n": 40
  },
  "HYB2": {
    "mean": 4.1767749285408255,
    "std": 3.2512601559797702,
    "n": 463
  },
  "HCRA": {
    "mean": 0.0,
    "std": 0.0,
    "n": 74
  },
  "EGS": {
    "mean": 0.0,
    "std": 0.0,
    "n": 16
  },
  "TERR": {
    "mean": 0.0,
    "std": 0.0,
    "n": 5
  }
}