{
  "ACE": {
    "mean": 8.167917201087235,
    "std": 5.054153693134319,
    "n": 870
  },
  "DSN": {
    "mean": 0.0,
    "std": 0.0,
    "n": 13632
  },
  "DSS": {
    "mean": 0.0,
    "std": 0.0,
    "n": 2416
  },
  "JWST": {
    "mean": 11.44802329673894,
    "std": 5.826106081825965,
    "n": 2080
  },
  "KPLO": {
    "mean": 8.706203870474445,
    "std": 6.18626062612976,
    "n": 1680
  },
  "LUCY": {
    "mean": 8.993181319470937,
    "std": 3.8778913924033858,
    "n": 961
  },
  "M01O": {
    "mean": 7.937381624026222,
    "std": 4.217374800902256,
    "n": 3131
  },
  "MMS2": {
    "mean": 11.77380144449091,
    "std": 5.721851281203121,
    "n": 430
  },
  "ORX": {
    "mean": 4.384775893294549,
    "std": 6.409943500820846,
    "n": 919
  },
  "SOHO": {
    "mean": 10.443275142433064,
    "std": 4.486011773686692,
    "n": 2780
  },
  "SPP": {
    "mean": 8.667599662611996,
    "std": 4.5353184217872,
    "n": 1332
  },
  "VGR2": {
    "mean": 4.221025563859652,
    "std": 1.8438578961433705,
    "n": 1324
  },
  "CAPS": {
    "mean": 9.311573656845004,
    "std": 5.428067245932764,
    "n": 446
  },
  "MRO": {
    "mean": 11.430292136240533,
    "std": 5.647166036978823,
    "n": 1444
  },
  "STA": {
    "mean": 10.588089507739387,
    "std": 5.21638373467702,
    "n": 1066
  },
  "IMAP": {
    "mean": 10.760805953780489,
    "std": 5.417791779913434,
    "n": 549
  },
  "MMS3": {
    "mean": 11.868385077376207,
    "std": 5.664323586643329,
    "n": 405
  },
  "TGO": {
    "mean": 10.550472922780324,
    "std": 5.033925492799646,
    "n": 449
  },
  "TDR8": {
    "mean": 7.014025107082547,
    "std": 2.9972898409743474,
    "n": 136
  },
  "MMS4": {
    "mean": 11.711315028031732,
    "std": 5.831364651980709,
    "n": 378
  },
  "WIND": {
    "mean": 7.850878239644205,
    "std": 4.226230634153286,
    "n": 765
  },
  "ESCB": {
    "mean": 7.787627494436133,
    "std": 3.403851983876745,
    "n": 512
  },
  "THC": {
    "mean": 8.036380286672573,
    "std": 5.681867823453106,
    "n": 239
  },
  "CHDR": {
    "mean": 8.202735751993961,
    "std": 6.8693834690764755,
    "n": 905
  },
  "MMS1": {
    "mean": 10.880871253585545,
    "std": 6.280128869945203,
    "n": 465
  },
  "ESCG": {
    "mean": 7.751468579692049,
    "std": 3.6558779681106235,
    "n": 468
  },
  "VGR1": {
    "mean": 3.7363704320167592,
    "std": 2.2338118394581423,
    "n": 1717
  },
  "DSSR": {
    "mean": 0.0,
    "std": 0.0,
    "n": 287
  },
  "LRO": {
    "mean": 10.170135059026167,
    "std": 6.441617017936521,
    "n": 1059
  },
  "SWFO": {
    "mean": 0.1848168028549343,
    "std": 1.2239450569972241,
    "n": 314
  },
  "GBRA": {
    "mean": 0.0,
    "std": 0.0,
    "n": 661
  },
  "EMM": {
    "mean": 10.075642807613153,
    "std": 4.840551021548727,
    "n": 256
  },
  "TESS": {
    "mean": 9.691314278364082,
    "std": 6.48100590868308,
    "n": 267
  },
  "EURC": {
    "mean": 6.433473710986997,
    "std": 4.642424412340575,
    "n": 584
  },
  "NHPC": {
    "mean": 2.789201883030447,
    "std": 2.976865015526967,
    "n": 759
  },
  "PSYC": {
    "mean": 9.801750384129395,
    "std": 5.374569499777658,
    "n": 727
  },
  "JNO": {
    "mean": 8.84226192314807,
    "std": 4.313948927804952,
    "n": 1884
  },
  "MSL": {
    "mean": 0.2993576733300887,
    "std": 1.2108213280844138,
    "n": 295
  },
  "M20": {
    "mean": 0.3981653640441407,
    "std": 1.3792852806772187,
    "n": 247
  },
  "CGO": {
    "mean": 10.319310396423036,
    "std": 5.513565976668552,
    "n": 339
  },
  "BIOS": {
    "mean": 6.8961560828751995,
    "std": 3.808922480449452,
    "n": 107
  },
  "SGP": {
    "mean": 0.0,
    "std": 0.0,
    "n": 111
  },
  "DSCO": {
    "mean": 5.519787753357474,
    "std": 5.061207224223677,
    "n": 69
  },
  "THB": {
    "mean": 7.751827512100509,
    "std": 5.7755097653703125,
    "n": 147
  },
  "MMX": {
    "mean": 6.286980854753921,
    "std": 4.837917009469494,
    "n": 84
  },
  "RST": {
    "mean": 5.586916007866837,
    "std": 5.907579842444726,
    "n": 56
  },
  "XMM": {
    "mean": 10.309444622685579,
    "std": 3.1924408557625874,
    "n": 160
  },
  "TEST": {
    "mean": 0.0,
    "std": 0.0,
    "n": 271
  },
  "MEX": {
    "mean": 8.64732212457721,
    "std": 5.286989164477508,
    "n": 96
  },
  "BEPI": {
    "mean": 4.342343111860535,
    "std": 5.071384013101949,
    "n": 40
  },
  "HYB2": {
    "mean": 4.1767749285408255,
    "std": 3.2512601559797702,
    "n": 463
  },
  "HCRA": {
    "mean": 0.0,
    "std": 0.0,
    "n": 74
  },
  "EGS": {
    "mean": 0.0,
    "std": 0.0,
    "n": 16
  },
  "TERR": {
    "mean": 0.0,
    "std": 0.0,
    "n": 5
  }
}