{
  "ACE": {
    "mean": 8.270883820717094,
    "std": 5.00043142754886,
    "n": 802
  },
  "DSN": {
    "mean": 0.0,
    "std": 0.0,
    "n": 12081
  },
  "DSS": {
    "mean": 0.0,
    "std": 0.0,
    "n": 2266
  },
  "JWST": {
    "mean": 11.458644952050523,
    "std": 5.857182385958354,
    "n": 1922
  },
  "KPLO": {
    "mean": 8.809617576392236,
    "std": 6.187346429643003,
    "n": 1560
  },
  "LUCY": {
    "mean": 9.001552466438103,
    "std": 3.9024681635734186,
    "n": 926
  },
  "M01O": {
    "mean": 7.888208515885777,
    "std": 4.2470601409373625,
    "n": 2913
  },
  "MMS2": {
    "mean": 11.910810325984013,
    "std": 5.625671544462559,
    "n": 390
  },
  "ORX": {
    "mean": 4.338260874534512,
    "std": 6.392973764198264,
    "n": 853
  },
  "SOHO": {
    "mean": 10.419762932620637,
    "std": 4.504311237316688,
    "n": 2579
  },
  "SPP": {
    "mean": 8.736612789472417,
    "std": 4.551970271948253,
    "n": 1300
  },
  "VGR2": {
    "mean": 4.210153697453185,
    "std": 1.8463564427377808,
    "n": 1185
  },
  "CAPS": {
    "mean": 9.33381043282494,
    "std": 5.418120999364227,
    "n": 425
  },
  "MRO": {
    "mean": 11.47054401578729,
    "std": 5.623573745954702,
    "n": 1369
  },
  "STA": {
    "mean": 10.585743213932258,
    "std": 5.226526598389043,
    "n": 950
  },
  "IMAP": {
    "mean": 10.737951833662892,
    "std": 5.436050410188496,
    "n": 505
  },
  "MMS3": {
    "mean": 11.820849029565032,
    "std": 5.709358330012788,
    "n": 376
  },
  "TGO": {
    "mean": 10.44523540799424,
    "std": 5.114142906189246,
    "n": 415
  },
  "TDR8": {
    "mean": 7.014025107082547,
    "std": 2.9972898409743474,
    "n": 136
  },
  "MMS4": {
    "mean": 11.72221898211345,
    "std": 5.813808750146134,
    "n": 350
  },
  "WIND": {
    "mean": 7.8455012753158435,
    "std": 4.1920360032755895,
    "n": 694
  },
  "ESCB": {
    "mean": 7.787627494436133,
    "std": 3.403851983876745,
    "n": 512
  },
  "THC": {
    "mean": 8.120110571415381,
    "std": 5.6545808022159525,
    "n": 207
  },
  "CHDR": {
    "mean": 8.156925512998713,
    "std": 6.876428173122225,
    "n": 833
  },
  "MMS1": {
    "mean": 10.709414621418574,
    "std": 6.364396594260015,
    "n": 426
  },
  "ESCG": {
    "mean": 7.667300847575416,
    "std": 3.646622456547681,
    "n": 409
  },
  "VGR1": {
    "mean": 3.9101675105512,
    "std": 2.134273971541,
    "n": 1454
  },
  "DSSR": {
    "mean": 0.0,
    "std": 0.0,
    "n": 278
  },
  "LRO": {
    "mean": 10.35786583153907,
    "std": 6.445072777239543,
    "n": 969
  },
  "SWFO": {
    "mean": 0.1960556624880046,
    "std": 1.2597361544685268,
    "n": 296
  },
  "GBRA": {
    "mean": 0.0,
    "std": 0.0,
    "n": 643
  },
  "EMM": {
    "mean": 10.076165978371462,
    "std": 4.840854724692306,
    "n": 224
  },
  "TESS": {
    "mean": 9.766352329228772,
    "std": 6.524564104443467,
    "n": 259
  },
  "EURC": {
    "mean": 6.60792411160258,
    "std": 4.557867320968567,
    "n": 538
  },
  "NHPC": {
    "mean": 2.671383287763775,
    "std": 2.983848283470145,
    "n": 672
  },
  "PSYC": {
    "mean": 9.752596437688219,
    "std": 5.407756826936085,
    "n": 706
  },
  "JNO": {
    "mean": 9.027859991742499,
    "std": 4.144130828033787,
    "n": 1781
  },
  "MSL": {
    "mean": 0.3234817349171287,
    "std": 1.255559996262865,
    "n": 273
  },
  "M20": {
    "mean": 0.41672391914789303,
    "std": 1.4083204812344743,
    "n": 236
  },
  "CGO": {
    "mean": 10.280951203414133,
    "std": 5.537429223463082,
    "n": 315
  },
  "BIOS": {
    "mean": 6.908636657782526,
    "std": 3.8018288013863715,
    "n": 99
  },
  "SGP": {
    "mean": 0.0,
    "std": 0.0,
    "n": 111
  },
  "DSCO": {
    "mean": 4.864895639228295,
    "std": 4.951006671940902,
    "n": 57
  },
  "THB": {
    "mean": 8.174940783804717,
    "std": 5.599068453312844,
    "n": 136
  },
  "MMX": {
    "mean": 6.286980854753921,
    "std": 4.837917009469494,
    "n": 84
  },
  "RST": {
    "mean": 5.586916007866837,
    "std": 5.907579842444726,
    "n": 56
  },
  "XMM": {
    "mean": 10.356520785449455,
    "std": 3.1226085073686924,
    "n": 144
  },
  "TEST": {
    "mean": 0.0,
    "std": 0.0,
    "n": 271
  },
  "MEX": {
    "mean": 8.64732212457721,
    "std": 5.286989164477508,
    "n": 96
  },
  "BEPI": {
    "mean": 4.342343111860535,
    "std": 5.071384013101949,
    "n": 40
  },
  "HYB2": {
    "mean": 4.1767749285408255,
    "std": 3.2512601559797702,
    "n": 463
  },
  "HCRA": {
    "mean": 0.0,
    "std": 0.0,
    "n": 74
  },
  "EGS": {
    "mean": 0.0,
    "std": 0.0,
    "n": 16
  },
  "TERR": {
    "mean": 0.0,
    "std": 0.0,
    "n": 5
  }
}