{
  "ACE": {
    "mean": 8.353532567571621,
    "std": 4.938463464626214,
    "n": 462
  },
  "DSN": {
    "mean": 0.0,
    "std": 0.0,
    "n": 7306
  },
  "DSS": {
    "mean": 0.0,
    "std": 0.0,
    "n": 1535
  },
  "JWST": {
    "mean": 11.231663401207422,
    "std": 6.035339193517073,
    "n": 1029
  },
  "KPLO": {
    "mean": 8.690088050950546,
    "std": 6.34825701339505,
    "n": 833
  },
  "LUCY": {
    "mean": 9.132801930359506,
    "std": 4.052375803934068,
    "n": 700
  },
  "M01O": {
    "mean": 7.712943285150058,
    "std": 4.425230210825667,
    "n": 1723
  },
  "MMS2": {
    "mean": 12.211584284240141,
    "std": 5.402038217401783,
    "n": 202
  },
  "ORX": {
    "mean": 3.7564735169281893,
    "std": 6.120919494222854,
    "n": 413
  },
  "SOHO": {
    "mean": 10.352358944512167,
    "std": 4.523316588469333,
    "n": 1410
  },
  "SPP": {
    "mean": 8.651988959177997,
    "std": 4.456958373437672,
    "n": 808
  },
  "VGR2": {
    "mean": 4.318525273247411,
    "std": 1.7346456082459407,
    "n": 689
  },
  "CAPS": {
    "mean": 9.07339679650725,
    "std": 5.576456742435356,
    "n": 241
  },
  "MRO": {
    "mean": 11.191108054983964,
    "std": 5.839227652697753,
    "n": 728
  },
  "STA": {
    "mean": 10.492889043693992,
    "std": 5.311424218663289,
    "n": 535
  },
  "IMAP": {
    "mean": 10.85455000486775,
    "std": 5.349160159468968,
    "n": 302
  },
  "MMS3": {
    "mean": 11.80999763529538,
    "std": 5.746854284008257,
    "n": 204
  },
  "TGO": {
    "mean": 10.261154547979089,
    "std": 5.236674764679098,
    "n": 238
  },
  "TDR8": {
    "mean": 6.839711603308979,
    "std": 3.15492915596383,
    "n": 114
  },
  "MMS4": {
    "mean": 11.995370199419085,
    "std": 5.630534264580591,
    "n": 183
  },
  "WIND": {
    "mean": 7.8896677972200315,
    "std": 4.222203487108827,
    "n": 398
  },
  "ESCB": {
    "mean": 8.015660130859475,
    "std": 3.2505264061796355,
    "n": 228
  },
  "THC": {
    "mean": 8.386897950630757,
    "std": 5.493180832996186,
    "n": 121
  },
  "CHDR": {
    "mean": 8.105144905370727,
    "std": 6.892493350434256,
    "n": 479
  },
  "MMS1": {
    "mean": 10.502390119451041,
    "std": 6.48325695714352,
    "n": 225
  },
  "ESCG": {
    "mean": 7.685456021667649,
    "std": 3.4829368982593527,
    "n": 239
  },
  "VGR1": {
    "mean": 4.44226395242244,
    "std": 1.678665412307152,
    "n": 722
  },
  "DSSR": {
    "mean": 0.0,
    "std": 0.0,
    "n": 127
  },
  "LRO": {
    "mean": 10.78094750628966,
    "std": 6.606114966599272,
    "n": 458
  },
  "SWFO": {
    "mean": 0.23682215359277037,
    "std": 1.3808998480604076,
    "n": 175
  },
  "GBRA": {
    "mean": 0.0,
    "std": 0.0,
    "n": 439
  },
  "EMM": {
    "mean": 10.100846322190947,
    "std": 4.826679446531576,
    "n": 113
  },
  "TESS": {
    "mean": 9.675723122874741,
    "std": 6.653842692326138,
    "n": 143
  },
  "EURC": {
    "mean": 6.940257735265395,
    "std": 5.185708540024445,
    "n": 250
  },
  "NHPC": {
    "mean": 0.0,
    "std": 0.0,
    "n": 30
  },
  "PSYC": {
    "mean": 9.443910595654938,
    "std": 5.582806617175107,
    "n": 560
  },
  "JNO": {
    "mean": 8.88808613902863,
    "std": 4.462502149563622,
    "n": 1096
  },
  "MSL": {
    "mean": 0.22574075029594007,
    "std": 1.0634007830282681,
    "n": 139
  },
  "M20": {
    "mean": 0.3764472532780967,
    "std": 1.3441855582035345,
    "n": 110
  },
  "CGO": {
    "mean": 10.316822035197166,
    "std": 5.599713687429647,
    "n": 184
  },
  "BIOS": {
    "mean": 6.881448591857102,
    "std": 3.8306128668279746,
    "n": 55
  },
  "SGP": {
    "mean": 0.0,
    "std": 0.0,
    "n": 34
  },
  "DSCO": {
    "mean": 4.951768775643087,
    "std": 4.951768775643086,
    "n": 34
  },
  "THB": {
    "mean": 8.189868970727542,
    "std": 5.59772491911716,
    "n": 92
  },
  "MMX": {
    "mean": 6.3833415820869694,
    "std": 4.865709226505287,
    "n": 71
  },
  "RST": {
    "mean": 6.636855475185483,
    "std": 5.910642800722992,
    "n": 39
  },
  "XMM": {
    "mean": 10.403132049426544,
    "std": 3.0511786047110028,
    "n": 101
  },
  "TEST": {
    "mean": 0.0,
    "std": 0.0,
    "n": 106
  },
  "MEX": {
    "mean": 9.381623269263608,
    "std": 4.712619259557808,
    "n": 40
  },
  "BEPI": {
    "mean": 2.2665968526050566,
    "std": 3.6346409384521188,
    "n": 25
  },
  "HYB2": {
    "mean": 0.0,
    "std": 0.0,
    "n": 16
  },
  "HCRA": {
    "mean": 0.0,
    "std": 0.0,
    "n": 33
  },
  "EGS": {
    "mean": 0.0,
    "std": 0.0,
    "n": 16
  }
}