{
  "ACE": {
    "mean": 8.428126569626574,
    "std": 4.918309145548985,
    "n": 597
  },
  "DSN": {
    "mean": 0.0,
    "std": 0.0,
    "n": 9022
  },
  "DSS": {
    "mean": 0.0,
    "std": 0.0,
    "n": 1761
  },
  "JWST": {
    "mean": 11.382640856927088,
    "std": 6.013919127730825,
    "n": 1367
  },
  "KPLO": {
    "mean": 8.676317924039234,
    "std": 6.194328657434321,
    "n": 1131
  },
  "LUCY": {
    "mean": 9.089254569003707,
    "std": 3.975457999534912,
    "n": 783
  },
  "M01O": {
    "mean": 7.934378005386914,
    "std": 4.28766057798002,
    "n": 2274
  },
  "MMS2": {
    "mean": 11.99197782325945,
    "std": 5.594301222279819,
    "n": 269
  },
  "ORX": {
    "mean": 4.179190060110669,
    "std": 6.329926142274971,
    "n": 606
  },
  "SOHO": {
    "mean": 10.453830618188702,
    "std": 4.452350159589004,
    "n": 1876
  },
  "SPP": {
    "mean": 9.226928126847085,
    "std": 4.57686769033642,
    "n": 1085
  },
  "VGR2": {
    "mean": 4.159244086080189,
    "std": 1.893380846409948,
    "n": 921
  },
  "CAPS": {
    "mean": 9.095144558214242,
    "std": 5.557519592906378,
    "n": 302
  },
  "MRO": {
    "mean": 11.217645347785803,
    "std": 5.789875614915562,
    "n": 960
  },
  "STA": {
    "mean": 10.577106811929363,
    "std": 5.253507467799988,
    "n": 678
  },
  "IMAP": {
    "mean": 10.58447157676793,
    "std": 5.547855858937284,
    "n": 362
  },
  "MMS3": {
    "mean": 11.733640514292713,
    "std": 5.802723243564324,
    "n": 265
  },
  "TGO": {
    "mean": 10.364550433329168,
    "std": 5.183508502925938,
    "n": 321
  },
  "TDR8": {
    "mean": 6.839711603308979,
    "std": 3.15492915596383,
    "n": 114
  },
  "MMS4": {
    "mean": 11.940906187502819,
    "std": 5.65483700011678,
    "n": 246
  },
  "WIND": {
    "mean": 7.838985596764301,
    "std": 4.196557450981419,
    "n": 507
  },
  "ESCB": {
    "mean": 7.790848275811111,
    "std": 3.355260701619133,
    "n": 340
  },
  "THC": {
    "mean": 8.079191259250443,
    "std": 5.633473853130999,
    "n": 148
  },
  "CHDR": {
    "mean": 8.21797060938131,
    "std": 6.869728135406308,
    "n": 620
  },
  "MMS1": {
    "mean": 10.776199537843631,
    "std": 6.324646922404421,
    "n": 301
  },
  "ESCG": {
    "mean": 7.659952327522551,
    "std": 3.6429004617158554,
    "n": 341
  },
  "VGR1": {
    "mean": 4.42830796968057,
    "std": 1.690301879733532,
    "n": 1003
  },
  "DSSR": {
    "mean": 0.0,
    "std": 0.0,
    "n": 196
  },
  "LRO": {
    "mean": 10.876699349657985,
    "std": 6.409913224717747,
    "n": 627
  },
  "SWFO": {
    "mean": 0.26023531881815865,
    "std": 1.4455875472759874,
    "n": 223
  },
  "GBRA": {
    "mean": 0.0,
    "std": 0.0,
    "n": 528
  },
  "EMM": {
    "mean": 10.210121533965474,
    "std": 4.733528122869451,
    "n": 147
  },
  "TESS": {
    "mean": 9.9095928160731,
    "std": 6.5622919675658515,
    "n": 189
  },
  "EURC": {
    "mean": 7.0516222250516085,
    "std": 5.027235229378722,
    "n": 311
  },
  "NHPC": {
    "mean": 2.5275842647781817,
    "std": 2.321534496159712,
    "n": 121
  },
  "PSYC": {
    "mean": 9.563889106651033,
    "std": 5.5162600503832335,
    "n": 617
  },
  "JNO": {
    "mean": 9.010157222661093,
    "std": 4.357635973213803,
    "n": 1290
  },
  "MSL": {
    "mean": 0.30102581216392665,
    "std": 1.2157638272824527,
    "n": 173
  },
  "M20": {
    "mean": 0.4213145131164744,
    "std": 1.4153731258699016,
    "n": 172
  },
  "CGO": {
    "mean": 10.392526050045905,
    "std": 5.52265650338005,
    "n": 226
  },
  "BIOS": {
    "mean": 6.976562835742111,
    "std": 3.7645650646294055,
    "n": 71
  },
  "SGP": {
    "mean": 0.0,
    "std": 0.0,
    "n": 34
  },
  "DSCO": {
    "mean": 4.951768775643087,
    "std": 4.951768775643087,
    "n": 44
  },
  "THB": {
    "mean": 8.119096935731648,
    "std": 5.604270907993594,
    "n": 122
  },
  "MMX": {
    "mean": 6.447047574555721,
    "std": 4.86009682234796,
    "n": 75
  },
  "RST": {
    "mean": 6.771292771997224,
    "std": 5.938614102744261,
    "n": 42
  },
  "XMM": {
    "mean": 10.478006574044688,
    "std": 2.9312374535648464,
    "n": 124
  },
  "TEST": {
    "mean": 0.0,
    "std": 0.0,
    "n": 187
  },
  "MEX": {
    "mean": 9.665860102911063,
    "std": 4.455399724792833,
    "n": 46
  },
  "BEPI": {
    "mean": 2.420109767318459,
    "std": 3.567173330124926,
    "n": 28
  },
  "HYB2": {
    "mean": 2.897304916085903,
    "std": 2.3621527690148887,
    "n": 186
  },
  "HCRA": {
    "mean": 0.0,
    "std": 0.0,
    "n": 48
  },
  "EGS": {
    "mean": 0.0,
    "std": 0.0,
    "n": 16
  }
}