{
  "ACE": {
    "mean": 8.486472831986012,
    "std": 4.8870126773689275,
    "n": 658
  },
  "DSN": {
    "mean": 0.0,
    "std": 0.0,
    "n": 10365
  },
  "DSS": {
    "mean": 0.0,
    "std": 0.0,
    "n": 2019
  },
  "JWST": {
    "mean": 11.306735747772658,
    "std": 5.9290558785678265,
    "n": 1553
  },
  "KPLO": {
    "mean": 8.70690584338555,
    "std": 6.204791914975075,
    "n": 1261
  },
  "LUCY": {
    "mean": 9.023204428419032,
    "std": 3.962621064704021,
    "n": 848
  },
  "M01O": {
    "mean": 7.933093437797358,
    "std": 4.269200540914675,
    "n": 2466
  },
  "MMS2": {
    "mean": 11.899485730182167,
    "std": 5.6649265247306335,
    "n": 309
  },
  "ORX": {
    "mean": 4.324873066562014,
    "std": 6.389133788081008,
    "n": 700
  },
  "SOHO": {
    "mean": 10.421344744360713,
    "std": 4.490872996821205,
    "n": 2101
  },
  "SPP": {
    "mean": 9.011941658868105,
    "std": 4.623998408612996,
    "n": 1174
  },
  "VGR2": {
    "mean": 4.154677253668679,
    "std": 1.8929048961533328,
    "n": 1016
  },
  "CAPS": {
    "mean": 9.041464724668586,
    "std": 5.585074295375424,
    "n": 319
  },
  "MRO": {
    "mean": 11.301275722488585,
    "std": 5.742643186537599,
    "n": 1126
  },
  "STA": {
    "mean": 10.587156241767872,
    "std": 5.241798363049374,
    "n": 773
  },
  "IMAP": {
    "mean": 10.588963346387184,
    "std": 5.544593621103245,
    "n": 423
  },
  "MMS3": {
    "mean": 11.768281544351458,
    "std": 5.768742388272576,
    "n": 305
  },
  "TGO": {
    "mean": 10.383194661222143,
    "std": 5.16496987623233,
    "n": 349
  },
  "TDR8": {
    "mean": 7.014025107082547,
    "std": 2.9972898409743474,
    "n": 136
  },
  "MMS4": {
    "mean": 11.93888061870923,
    "std": 5.668913411743775,
    "n": 283
  },
  "WIND": {
    "mean": 7.885171945177888,
    "std": 4.186510764478761,
    "n": 586
  },
  "ESCB": {
    "mean": 7.792541502939834,
    "std": 3.397349696146697,
    "n": 379
  },
  "THC": {
    "mean": 8.180192935608826,
    "std": 5.607825255535234,
    "n": 161
  },
  "CHDR": {
    "mean": 8.197448529602479,
    "std": 6.871323569747973,
    "n": 698
  },
  "MMS1": {
    "mean": 10.754060634356767,
    "std": 6.340151392108208,
    "n": 334
  },
  "ESCG": {
    "mean": 7.607549614304348,
    "std": 3.6584820887998775,
    "n": 367
  },
  "VGR1": {
    "mean": 4.335346890076668,
    "std": 1.7871446191792995,
    "n": 1127
  },
  "DSSR": {
    "mean": 0.0,
    "std": 0.0,
    "n": 204
  },
  "LRO": {
    "mean": 10.80088800286452,
    "std": 6.4676750303092065,
    "n": 698
  },
  "SWFO": {
    "mean": 0.2398036202332619,
    "std": 1.3894436882991108,
    "n": 242
  },
  "GBRA": {
    "mean": 0.0,
    "std": 0.0,
    "n": 541
  },
  "EMM": {
    "mean": 10.135336904512531,
    "std": 4.79404608636372,
    "n": 186
  },
  "TESS": {
    "mean": 9.609397897603882,
    "std": 6.486769392008635,
    "n": 207
  },
  "EURC": {
    "mean": 6.984305075939726,
    "std": 4.668447790331447,
    "n": 411
  },
  "NHPC": {
    "mean": 2.647324603167919,
    "std": 2.920641332761624,
    "n": 296
  },
  "PSYC": {
    "mean": 9.62462859788582,
    "std": 5.4826134281452275,
    "n": 645
  },
  "JNO": {
    "mean": 9.013821438552581,
    "std": 4.2283336168606,
    "n": 1521
  },
  "MSL": {
    "mean": 0.2657013546140782,
    "std": 1.1463067124922508,
    "n": 196
  },
  "M20": {
    "mean": 0.48209237705344493,
    "std": 1.504316877704969,
    "n": 204
  },
  "CGO": {
    "mean": 10.236431588025468,
    "std": 5.590420360000202,
    "n": 264
  },
  "BIOS": {
    "mean": 7.111815900254474,
    "std": 3.6669300959237847,
    "n": 81
  },
  "SGP": {
    "mean": 0.0,
    "std": 0.0,
    "n": 111
  },
  "DSCO": {
    "mean": 4.841729469517685,
    "std": 4.950545965703306,
    "n": 45
  },
  "THB": {
    "mean": 8.127425734448254,
    "std": 5.624767373043861,
    "n": 131
  },
  "MMX": {
    "mean": 6.447047574555721,
    "std": 4.86009682234796,
    "n": 75
  },
  "RST": {
    "mean": 6.2573459288108575,
    "std": 5.9069727957618285,
    "n": 50
  },
  "XMM": {
    "mean": 10.49102250883873,
    "std": 2.909686122370264,
    "n": 126
  },
  "TEST": {
    "mean": 0.0,
    "std": 0.0,
    "n": 194
  },
  "MEX": {
    "mean": 9.495547254342087,
    "std": 4.561461788079343,
    "n": 59
  },
  "BEPI": {
    "mean": 3.8990842387014975,
    "std": 4.810716727900418,
    "n": 38
  },
  "HYB2": {
    "mean": 4.1767749285408255,
    "std": 3.2512601559797702,
    "n": 463
  },
  "HCRA": {
    "mean": 0.0,
    "std": 0.0,
    "n": 48
  },
  "EGS": {
    "mean": 0.0,
    "std": 0.0,
    "n": 16
  }
}