{
  "ACE": {
    "mean": 8.463341933476615,
    "std": 4.92384381572243,
    "n": 356
  },
  "DSN": {
    "mean": 0.0,
    "std": 0.0,
    "n": 5725
  },
  "DSS": {
    "mean": 0.0,
    "std": 0.0,
    "n": 1343
  },
  "JWST": {
    "mean": 11.145353330723863,
    "std": 6.065589206230861,
    "n": 754
  },
  "KPLO": {
    "mean": 8.567205074009681,
    "std": 6.5382176726019114,
    "n": 606
  },
  "LUCY": {
    "mean": 9.063725625795975,
    "std": 4.1450414461484355,
    "n": 619
  },
  "M01O": {
    "mean": 7.910955467213222,
    "std": 4.296040658220462,
    "n": 1270
  },
  "MMS2": {
    "mean": 12.000292418011995,
    "std": 5.5613847196012225,
    "n": 153
  },
  "ORX": {
    "mean": 3.834959534393006,
    "std": 6.160449375986652,
    "n": 290
  },
  "SOHO": {
    "mean": 10.362478188993622,
    "std": 4.608248641645501,
    "n": 963
  },
  "SPP": {
    "mean": 8.497682830807895,
    "std": 4.366147734980191,
    "n": 596
  },
  "VGR2": {
    "mean": 4.219088875610236,
    "std": 1.841632917084388,
    "n": 530
  },
  "CAPS": {
    "mean": 8.73185776550592,
    "std": 5.72809398787004,
    "n": 173
  },
  "MRO": {
    "mean": 11.15347812869876,
    "std": 5.877297125077278,
    "n": 587
  },
  "STA": {
    "mean": 10.52247664855538,
    "std": 5.29769975204936,
    "n": 406
  },
  "IMAP": {
    "mean": 10.43558455021548,
    "std": 5.643224733725681,
    "n": 221
  },
  "MMS3": {
    "mean": 11.885670670250008,
    "std": 5.654173368102536,
    "n": 152
  },
  "TGO": {
    "mean": 9.936182896263716,
    "std": 5.437989498919304,
    "n": 161
  },
  "TDR8": {
    "mean": 6.839711603308979,
    "std": 3.15492915596383,
    "n": 114
  },
  "MMS4": {
    "mean": 11.920969686638784,
    "std": 5.677005943509153,
    "n": 130
  },
  "WIND": {
    "mean": 7.849116388336802,
    "std": 4.271951477800035,
    "n": 304
  },
  "ESCB": {
    "mean": 8.15365141516812,
    "std": 3.224113666488309,
    "n": 163
  },
  "THC": {
    "mean": 8.646742363746323,
    "std": 5.407949213152428,
    "n": 97
  },
  "CHDR": {
    "mean": 8.11490775547889,
    "std": 6.897900641967208,
    "n": 360
  },
  "MMS1": {
    "mean": 10.428581868273833,
    "std": 6.501583364278283,
    "n": 161
  },
  "ESCG": {
    "mean": 7.557934917618794,
    "std": 3.585689891265214,
    "n": 210
  },
  "VGR1": {
    "mean": 4.459345556560403,
    "std": 1.6654325400784047,
    "n": 482
  },
  "DSSR": {
    "mean": 0.0,
    "std": 0.0,
    "n": 93
  },
  "LRO": {
    "mean": 9.938714878584749,
    "std": 6.770267150695956,
    "n": 279
  },
  "SWFO": {
    "mean": 0.32378028811511594,
    "std": 1.605899490196644,
    "n": 128
  },
  "GBRA": {
    "mean": 0.0,
    "std": 0.0,
    "n": 353
  },
  "EMM": {
    "mean": 9.77404834391551,
    "std": 5.078363072239936,
    "n": 80
  },
  "TESS": {
    "mean": 9.072122203581252,
    "std": 6.056774043994458,
    "n": 101
  },
  "EURC": {
    "mean": 6.239467387072083,
    "std": 5.401014400116778,
    "n": 175
  },
  "NHPC": {
    "mean": 0.0,
    "std": 0.0,
    "n": 23
  },
  "PSYC": {
    "mean": 9.499285669654306,
    "std": 5.558534933858115,
    "n": 447
  },
  "JNO": {
    "mean": 8.903606577058582,
    "std": 4.564136765013807,
    "n": 803
  },
  "MSL": {
    "mean": 0.174289094359299,
    "std": 0.9448366877996783,
    "n": 91
  },
  "M20": {
    "mean": 0.40258942364463124,
    "std": 1.3862845644039656,
    "n": 90
  },
  "CGO": {
    "mean": 10.185808349518233,
    "std": 5.618906239404096,
    "n": 153
  },
  "BIOS": {
    "mean": 6.8571774360934326,
    "std": 3.8466699106995494,
    "n": 46
  },
  "SGP": {
    "mean": 0.0,
    "std": 0.0,
    "n": 34
  },
  "DSCO": {
    "mean": 4.539121377672829,
    "std": 4.934545179890666,
    "n": 24
  },
  "THB": {
    "mean": 8.339431705441138,
    "std": 5.668333287634757,
    "n": 64
  },
  "MMX": {
    "mean": 6.255844173683396,
    "std": 4.862816903973702,
    "n": 69
  },
  "RST": {
    "mean": 7.504568018465512,
    "std": 6.107700359240118,
    "n": 29
  },
  "XMM": {
    "mean": 10.296936623248849,
    "std": 3.2106340817210572,
    "n": 79
  },
  "TEST": {
    "mean": 0.0,
    "std": 0.0,
    "n": 68
  },
  "MEX": {
    "mean": 9.093698746870189,
    "std": 4.880448830985071,
    "n": 36
  },
  "BEPI": {
    "mean": 3.777661421008428,
    "std": 4.038489931613466,
    "n": 15
  },
  "HYB2": {
    "mean": 0.0,
    "std": 0.0,
    "n": 12
  },
  "HCRA": {
    "mean": 0.0,
    "std": 0.0,
    "n": 28
  }
}