{
  "ACE": {
    "mean": 8.527822501460104,
    "std": 4.889880104371944,
    "n": 380
  },
  "DSN": {
    "mean": 0.0,
    "std": 0.0,
    "n": 6155
  },
  "DSS": {
    "mean": 0.0,
    "std": 0.0,
    "n": 1384
  },
  "JWST": {
    "mean": 11.165635915972937,
    "std": 6.033275655293079,
    "n": 804
  },
  "KPLO": {
    "mean": 8.576757001774086,
    "std": 6.571844585139705,
    "n": 657
  },
  "LUCY": {
    "mean": 9.037405081433953,
    "std": 4.16736329877874,
    "n": 622
  },
  "M01O": {
    "mean": 7.966869247798277,
    "std": 4.281103856575348,
    "n": 1355
  },
  "MMS2": {
    "mean": 11.888227351064932,
    "std": 5.652366117104117,
    "n": 163
  },
  "ORX": {
    "mean": 3.9106878264921914,
    "std": 6.197033377227208,
    "n": 323
  },
  "SOHO": {
    "mean": 10.239617113277328,
    "std": 4.666475115918162,
    "n": 1055
  },
  "SPP": {
    "mean": 8.767389068309651,
    "std": 4.364074646757696,
    "n": 663
  },
  "VGR2": {
    "mean": 4.21819852985195,
    "std": 1.8452249269351964,
    "n": 553
  },
  "CAPS": {
    "mean": 8.798912440332781,
    "std": 5.6965625989138005,
    "n": 183
  },
  "MRO": {
    "mean": 11.116750014889279,
    "std": 5.902093985769306,
    "n": 603
  },
  "STA": {
    "mean": 10.471706599791267,
    "std": 5.330385479580757,
    "n": 433
  },
  "IMAP": {
    "mean": 10.619420424561087,
    "std": 5.522813969502727,
    "n": 249
  },
  "MMS3": {
    "mean": 11.861767414328389,
    "std": 5.68234729820072,
    "n": 161
  },
  "TGO": {
    "mean": 10.050587528271112,
    "std": 5.352964115232135,
    "n": 177
  },
  "TDR8": {
    "mean": 6.839711603308979,
    "std": 3.15492915596383,
    "n": 114
  },
  "MMS4": {
    "mean": 12.01651624622563,
    "std": 5.607157396487475,
    "n": 140
  },
  "WIND": {
    "mean": 7.878212017372948,
    "std": 4.2590068451254135,
    "n": 326
  },
  "ESCB": {
    "mean": 8.15365141516812,
    "std": 3.224113666488309,
    "n": 163
  },
  "THC": {
    "mean": 8.635033078746261,
    "std": 5.371897217100127,
    "n": 105
  },
  "CHDR": {
    "mean": 8.10818945779597,
    "std": 6.899295913027364,
    "n": 381
  },
  "MMS1": {
    "mean": 10.52040032313264,
    "std": 6.457298235165134,
    "n": 172
  },
  "ESCG": {
    "mean": 7.660754932909355,
    "std": 3.53001867157819,
    "n": 221
  },
  "VGR1": {
    "mean": 4.416041197412838,
    "std": 1.7140559970949607,
    "n": 527
  },
  "DSSR": {
    "mean": 0.0,
    "std": 0.0,
    "n": 93
  },
  "LRO": {
    "mean": 10.262010473524214,
    "std": 6.765851647858369,
    "n": 311
  },
  "SWFO": {
    "mean": 0.3047343888142267,
    "std": 1.5598129177042606,
    "n": 136
  },
  "GBRA": {
    "mean": 0.0,
    "std": 0.0,
    "n": 359
  },
  "EMM": {
    "mean": 9.842546787315129,
    "std": 5.028153207500929,
    "n": 87
  },
  "TESS": {
    "mean": 8.989949020009469,
    "std": 6.063669948666713,
    "n": 103
  },
  "EURC": {
    "mean": 6.346610869726708,
    "std": 5.215633803638393,
    "n": 193
  },
  "NHPC": {
    "mean": 0.0,
    "std": 0.0,
    "n": 23
  },
  "PSYC": {
    "mean": 9.58372406405938,
    "std": 5.502977793586046,
    "n": 480
  },
  "JNO": {
    "mean": 8.965132869862671,
    "std": 4.532227993007291,
    "n": 836
  },
  "MSL": {
    "mean": 0.17239464768148055,
    "std": 0.9398614367619921,
    "n": 92
  },
  "M20": {
    "mean": 0.40258942364463124,
    "std": 1.3862845644039656,
    "n": 90
  },
  "CGO": {
    "mean": 10.235888272113892,
    "std": 5.607585870505063,
    "n": 159
  },
  "BIOS": {
    "mean": 6.8571774360934326,
    "std": 3.8466699106995494,
    "n": 46
  },
  "SGP": {
    "mean": 0.0,
    "std": 0.0,
    "n": 34
  },
  "DSCO": {
    "mean": 4.951768775643087,
    "std": 4.951768775643086,
    "n": 28
  },
  "THB": {
    "mean": 8.217317720119066,
    "std": 5.668483253582933,
    "n": 69
  },
  "MMX": {
    "mean": 6.255844173683396,
    "std": 4.862816903973702,
    "n": 69
  },
  "RST": {
    "mean": 7.504568018465512,
    "std": 6.107700359240118,
    "n": 29
  },
  "XMM": {
    "mean": 10.247047163175289,
    "std": 3.281681488623191,
    "n": 86
  },
  "TEST": {
    "mean": 0.0,
    "std": 0.0,
    "n": 85
  },
  "MEX": {
    "mean": 9.155437514433327,
    "std": 4.828276118324093,
    "n": 37
  },
  "BEPI": {
    "mean": 3.777661421008428,
    "std": 4.038489931613466,
    "n": 15
  },
  "HYB2": {
    "mean": 0.0,
    "std": 0.0,
    "n": 12
  },
  "HCRA": {
    "mean": 0.0,
    "std": 0.0,
    "n": 30
  }
}