{
  "ACE": {
    "mean": 8.215075751366419,
    "std": 5.031335437129845,
    "n": 831
  },
  "DSN": {
    "mean": 0.0,
    "std": 0.0,
    "n": 12574
  },
  "DSS": {
    "mean": 0.0,
    "std": 0.0,
    "n": 2294
  },
  "JWST": {
    "mean": 11.482238711279027,
    "std": 5.834680332604051,
    "n": 1997
  },
  "KPLO": {
    "mean": 8.813393241406434,
    "std": 6.178792320753071,
    "n": 1627
  },
  "LUCY": {
    "mean": 8.988247814542085,
    "std": 3.897934127757696,
    "n": 945
  },
  "M01O": {
    "mean": 7.932767053495903,
    "std": 4.223819642804057,
    "n": 3057
  },
  "MMS2": {
    "mean": 11.895898189452993,
    "std": 5.631309468478992,
    "n": 405
  },
  "ORX": {
    "mean": 4.40009665959076,
    "std": 6.416313237461783,
    "n": 894
  },
  "SOHO": {
    "mean": 10.444922387811104,
    "std": 4.482894214843857,
    "n": 2694
  },
  "SPP": {
    "mean": 8.736612789472417,
    "std": 4.551970271948253,
    "n": 1300
  },
  "VGR2": {
    "mean": 4.208011769177041,
    "std": 1.8535355625549832,
    "n": 1281
  },
  "CAPS": {
    "mean": 9.355673466915219,
    "std": 5.405366234794006,
    "n": 428
  },
  "MRO": {
    "mean": 11.479077749797165,
    "std": 5.611044903568631,
    "n": 1412
  },
  "STA": {
    "mean": 10.597289568352052,
    "std": 5.213410004731031,
    "n": 1012
  },
  "IMAP": {
    "mean": 10.801058476140032,
    "std": 5.388513883527407,
    "n": 532
  },
  "MMS3": {
    "mean": 11.865522615025407,
    "std": 5.678756609023214,
    "n": 387
  },
  "TGO": {
    "mean": 10.50909623263593,
    "std": 5.06023282609917,
    "n": 437
  },
  "TDR8": {
    "mean": 7.014025107082547,
    "std": 2.9972898409743474,
    "n": 136
  },
  "MMS4": {
    "mean": 11.732307088499306,
    "std": 5.8101145576876885,
    "n": 361
  },
  "WIND": {
    "mean": 7.871567979682599,
    "std": 4.204505418923971,
    "n": 737
  },
  "ESCB": {
    "mean": 7.787627494436133,
    "std": 3.403851983876745,
    "n": 512
  },
  "THC": {
    "mean": 8.02489772425563,
    "std": 5.691939001232985,
    "n": 232
  },
  "CHDR": {
    "mean": 8.191984048422533,
    "std": 6.871195960798524,
    "n": 867
  },
  "MMS1": {
    "mean": 10.721701920819838,
    "std": 6.365243654019038,
    "n": 442
  },
  "ESCG": {
    "mean": 7.714477893044763,
    "std": 3.635195660065651,
    "n": 439
  },
  "VGR1": {
    "mean": 3.7231039040549914,
    "std": 2.2402164437926473,
    "n": 1588
  },
  "DSSR": {
    "mean": 0.0,
    "std": 0.0,
    "n": 287
  },
  "LRO": {
    "mean": 10.258206271039553,
    "std": 6.4149268154905075,
    "n": 1019
  },
  "SWFO": {
    "mean": 0.18841713018327716,
    "std": 1.2355346073170201,
    "n": 308
  },
  "GBRA": {
    "mean": 0.0,
    "std": 0.0,
    "n": 661
  },
  "EMM": {
    "mean": 10.076165978371462,
    "std": 4.840854724692306,
    "n": 224
  },
  "TESS": {
    "mean": 9.765591828627349,
    "std": 6.499523566711595,
    "n": 261
  },
  "EURC": {
    "mean": 6.60792411160258,
    "std": 4.557867320968567,
    "n": 538
  },
  "NHPC": {
    "mean": 2.72243546124175,
    "std": 2.9771009933495836,
    "n": 736
  },
  "PSYC": {
    "mean": 9.752596437688219,
    "std": 5.407756826936085,
    "n": 706
  },
  "JNO": {
    "mean": 8.921429617401298,
    "std": 4.245921010310092,
    "n": 1836
  },
  "MSL": {
    "mean": 0.2993576733300887,
    "std": 1.2108213280844138,
    "n": 295
  },
  "M20": {
    "mean": 0.3981653640441407,
    "std": 1.3792852806772187,
    "n": 247
  },
  "CGO": {
    "mean": 10.319310396423036,
    "std": 5.513565976668552,
    "n": 339
  },
  "BIOS": {
    "mean": 6.908636657782526,
    "std": 3.8018288013863715,
    "n": 99
  },
  "SGP": {
    "mean": 0.0,
    "std": 0.0,
    "n": 111
  },
  "DSCO": {
    "mean": 4.806859931838041,
    "std": 4.847460754582525,
    "n": 62
  },
  "THB": {
    "mean": 7.751827512100509,
    "std": 5.7755097653703125,
    "n": 147
  },
  "MMX": {
    "mean": 6.286980854753921,
    "std": 4.837917009469494,
    "n": 84
  },
  "RST": {
    "mean": 5.586916007866837,
    "std": 5.907579842444726,
    "n": 56
  },
  "XMM": {
    "mean": 10.356520785449455,
    "std": 3.1226085073686924,
    "n": 144
  },
  "TEST": {
    "mean": 0.0,
    "std": 0.0,
    "n": 271
  },
  "MEX": {
    "mean": 8.64732212457721,
    "std": 5.286989164477508,
    "n": 96
  },
  "BEPI": {
    "mean": 4.342343111860535,
    "std": 5.071384013101949,
    "n": 40
  },
  "HYB2": {
    "mean": 4.1767749285408255,
    "std": 3.2512601559797702,
    "n": 463
  },
  "HCRA": {
    "mean": 0.0,
    "std": 0.0,
    "n": 74
  },
  "EGS": {
    "mean": 0.0,
    "std": 0.0,
    "n": 16
  },
  "TERR": {
    "mean": 0.0,
    "std": 0.0,
    "n": 5
  }
}