{
  "ACE": {
    "mean": 8.285621540625021,
    "std": 5.038550871492746,
    "n": 123
  },
  "DSN": {
    "mean": 0.0,
    "std": 0.0,
    "n": 2339
  },
  "DSS": {
    "mean": 0.0,
    "std": 0.0,
    "n": 749
  },
  "JWST": {
    "mean": 11.409975643112976,
    "std": 6.075939958136375,
    "n": 231
  },
  "KPLO": {
    "mean": 7.974165092213839,
    "std": 6.798149517480488,
    "n": 219
  },
  "LUCY": {
    "mean": 9.80427897207903,
    "std": 3.493258713735265,
    "n": 222
  },
  "M01O": {
    "mean": 8.329228779885856,
    "std": 3.940329131184731,
    "n": 375
  },
  "MMS2": {
    "mean": 11.053229352460264,
    "std": 6.290700753692061,
    "n": 45
  },
  "ORX": {
    "mean": 4.002889189068873,
    "std": 6.2388810713452205,
    "n": 72
  },
  "SOHO": {
    "mean": 10.107717870076563,
    "std": 4.826369132522182,
    "n": 307
  },
  "SPP": {
    "mean": 10.18989271295936,
    "std": 3.83156093762059,
    "n": 252
  },
  "VGR2": {
    "mean": 4.432155174219811,
    "std": 1.6448001093002407,
    "n": 177
  },
  "CAPS": {
    "mean": 7.981832574397967,
    "std": 5.96353407666399,
    "n": 67
  },
  "MRO": {
    "mean": 11.646698208824006,
    "std": 5.665827980867957,
    "n": 226
  },
  "STA": {
    "mean": 9.691933976838019,
    "std": 5.825083045803691,
    "n": 132
  },
  "IMAP": {
    "mean": 10.525219981517582,
    "std": 5.586799392836416,
    "n": 91
  },
  "MMS3": {
    "mean": 11.42153929207657,
    "std": 5.71835611036029,
    "n": 40
  },
  "TGO": {
    "mean": 11.037517917288396,
    "std": 4.656207354483694,
    "n": 40
  },
  "TDR8": {
    "mean": 6.839711603308979,
    "std": 3.15492915596383,
    "n": 114
  },
  "MMS4": {
    "mean": 11.480847371285932,
    "std": 5.962756507598812,
    "n": 33
  },
  "WIND": {
    "mean": 8.148718127148777,
    "std": 4.096029450141414,
    "n": 100
  },
  "ESCB": {
    "mean": 7.302198972940727,
    "std": 3.5078629207632055,
    "n": 32
  },
  "THC": {
    "mean": 8.19970751292628,
    "std": 5.624890718536139,
    "n": 41
  },
  "CHDR": {
    "mean": 8.030023356302074,
    "std": 6.916714974898184,
    "n": 108
  },
  "MMS1": {
    "mean": 10.097086599526824,
    "std": 6.684000708149028,
    "n": 46
  },
  "ESCG": {
    "mean": 8.219362499303115,
    "std": 3.198957672312773,
    "n": 110
  },
  "VGR1": {
    "mean": 4.592083944652615,
    "std": 1.4989998152089623,
    "n": 135
  },
  "DSSR": {
    "mean": 0.0,
    "std": 0.0,
    "n": 42
  },
  "LRO": {
    "mean": 10.430616786232068,
    "std": 7.1674789281195865,
    "n": 40
  },
  "SWFO": {
    "mean": 0.0,
    "std": 0.0,
    "n": 40
  },
  "GBRA": {
    "mean": 0.0,
    "std": 0.0,
    "n": 147
  },
  "EMM": {
    "mean": 11.23413222141711,
    "std": 3.6132761917819316,
    "n": 32
  },
  "TESS": {
    "mean": 8.151111908456105,
    "std": 5.3131324059263,
    "n": 29
  },
  "EURC": {
    "mean": 5.166783501664324,
    "std": 5.612777683650139,
    "n": 75
  },
  "NHPC": {
    "mean": 0.0,
    "std": 0.0,
    "n": 10
  },
  "PSYC": {
    "mean": 9.089976865513393,
    "std": 5.785437215458321,
    "n": 111
  },
  "JNO": {
    "mean": 9.981963523222076,
    "std": 3.6266079890091394,
    "n": 204
  },
  "MSL": {
    "mean": 0.0,
    "std": 0.0,
    "n": 31
  },
  "M20": {
    "mean": 0.1522396980168773,
    "std": 0.874550482547983,
    "n": 34
  },
  "CGO": {
    "mean": 8.935647562683684,
    "std": 6.066983483415078,
    "n": 34
  },
  "BIOS": {
    "mean": 6.837637997928658,
    "std": 3.794236603448397,
    "n": 17
  },
  "SGP": {
    "mean": 0.0,
    "std": 0.0,
    "n": 34
  },
  "DSCO": {
    "mean": 3.961415020514468,
    "std": 4.851722729828701,
    "n": 5
  },
  "THB": {
    "mean": 8.466122720918177,
    "std": 5.370120329956986,
    "n": 28
  },
  "MMX": {
    "mean": 4.050844072739909,
    "std": 4.930773778386302,
    "n": 34
  },
  "RST": {
    "mean": 4.273278775786431,
    "std": 5.542383218646343,
    "n": 5
  },
  "XMM": {
    "mean": 11.298010466069329,
    "std": 1.4503892858778862e-15,
    "n": 3
  }
}