{
  "ACE": {
    "mean": 8.38363955537133,
    "std": 4.931696354206736,
    "n": 516
  },
  "DSN": {
    "mean": 0.0,
    "std": 0.0,
    "n": 7937
  },
  "DSS": {
    "mean": 0.0,
    "std": 0.0,
    "n": 1625
  },
  "JWST": {
    "mean": 11.29724341066444,
    "std": 6.000626413141229,
    "n": 1156
  },
  "KPLO": {
    "mean": 8.686331717764967,
    "std": 6.25546576238011,
    "n": 946
  },
  "LUCY": {
    "mean": 9.122116009462472,
    "std": 4.016490607939735,
    "n": 729
  },
  "M01O": {
    "mean": 7.821402269721061,
    "std": 4.353802121535515,
    "n": 1947
  },
  "MMS2": {
    "mean": 12.221747716673452,
    "std": 5.400824454889248,
    "n": 233
  },
  "ORX": {
    "mean": 3.93156799820836,
    "std": 6.217023369278398,
    "n": 511
  },
  "SOHO": {
    "mean": 10.429105204634766,
    "std": 4.463054291989559,
    "n": 1596
  },
  "SPP": {
    "mean": 8.55859511075314,
    "std": 4.476033624337219,
    "n": 826
  },
  "VGR2": {
    "mean": 4.10278109176357,
    "std": 1.9347183149755092,
    "n": 774
  },
  "CAPS": {
    "mean": 9.151623744098066,
    "std": 5.529990391740574,
    "n": 262
  },
  "MRO": {
    "mean": 11.157276638749977,
    "std": 5.855380377652681,
    "n": 819
  },
  "STA": {
    "mean": 10.537357693176913,
    "std": 5.277940379472546,
    "n": 589
  },
  "IMAP": {
    "mean": 10.663800960420986,
    "std": 5.494442762505305,
    "n": 329
  },
  "MMS3": {
    "mean": 11.642685190839591,
    "std": 5.873356232518334,
    "n": 232
  },
  "TGO": {
    "mean": 10.323166250409605,
    "std": 5.199029068310712,
    "n": 253
  },
  "TDR8": {
    "mean": 6.839711603308979,
    "std": 3.15492915596383,
    "n": 114
  },
  "MMS4": {
    "mean": 12.14159767803897,
    "std": 5.4959537212062495,
    "n": 212
  },
  "WIND": {
    "mean": 7.893835873486061,
    "std": 4.179299286324245,
    "n": 444
  },
  "ESCB": {
    "mean": 7.82164251798372,
    "std": 3.4050430401426963,
    "n": 269
  },
  "THC": {
    "mean": 8.274137696092502,
    "std": 5.578146447491908,
    "n": 126
  },
  "CHDR": {
    "mean": 8.178814940805255,
    "std": 6.877800164064195,
    "n": 536
  },
  "MMS1": {
    "mean": 10.663499792092614,
    "std": 6.402362780241998,
    "n": 257
  },
  "ESCG": {
    "mean": 7.636555905953473,
    "std": 3.678242527780648,
    "n": 298
  },
  "VGR1": {
    "mean": 4.419445116181519,
    "std": 1.706707115304768,
    "n": 834
  },
  "DSSR": {
    "mean": 0.0,
    "std": 0.0,
    "n": 142
  },
  "LRO": {
    "mean": 10.76729193601324,
    "std": 6.562981548358264,
    "n": 515
  },
  "SWFO": {
    "mean": 0.2901623804822465,
    "std": 1.52360028728753,
    "n": 200
  },
  "GBRA": {
    "mean": 0.0,
    "std": 0.0,
    "n": 482
  },
  "EMM": {
    "mean": 10.140910766217448,
    "std": 4.792813407975981,
    "n": 126
  },
  "TESS": {
    "mean": 9.754017036109094,
    "std": 6.510762666029546,
    "n": 160
  },
  "EURC": {
    "mean": 7.015747212590843,
    "std": 5.180509860285611,
    "n": 276
  },
  "NHPC": {
    "mean": 0.0,
    "std": 0.0,
    "n": 35
  },
  "PSYC": {
    "mean": 9.540450371828479,
    "std": 5.527543876129292,
    "n": 585
  },
  "JNO": {
    "mean": 8.94390130060628,
    "std": 4.4012207344654986,
    "n": 1196
  },
  "MSL": {
    "mean": 0.24369409349139665,
    "std": 1.1019738045841472,
    "n": 150
  },
  "M20": {
    "mean": 0.4448253676430634,
    "std": 1.4507284722059157,
    "n": 128
  },
  "CGO": {
    "mean": 10.314074653709458,
    "std": 5.557962091861507,
    "n": 202
  },
  "BIOS": {
    "mean": 6.974408779021245,
    "std": 3.7685359765902495,
    "n": 62
  },
  "SGP": {
    "mean": 0.0,
    "std": 0.0,
    "n": 34
  },
  "DSCO": {
    "mean": 4.817937187112194,
    "std": 4.949959910276561,
    "n": 37
  },
  "THB": {
    "mean": 8.17131157199432,
    "std": 5.610450677587311,
    "n": 104
  },
  "MMX": {
    "mean": 6.3793662675728315,
    "std": 4.908486167029739,
    "n": 73
  },
  "RST": {
    "mean": 6.771292771997224,
    "std": 5.938614102744261,
    "n": 42
  },
  "XMM": {
    "mean": 10.525509644591095,
    "std": 2.8515098630196727,
    "n": 117
  },
  "TEST": {
    "mean": 0.0,
    "std": 0.0,
    "n": 138
  },
  "MEX": {
    "mean": 9.381623269263608,
    "std": 4.712619259557808,
    "n": 40
  },
  "BEPI": {
    "mean": 2.2665968526050566,
    "std": 3.6346409384521188,
    "n": 25
  },
  "HYB2": {
    "mean": 0.0,
    "std": 0.0,
    "n": 22
  },
  "HCRA": {
    "mean": 0.0,
    "std": 0.0,
    "n": 38
  },
  "EGS": {
    "mean": 0.0,
    "std": 0.0,
    "n": 16
  }
}