{
  "ACE": {
    "mean": 7.587426459279631,
    "std": 5.365120701335105,
    "n": 24
  },
  "DSN": {
    "mean": 0.0,
    "std": 0.0,
    "n": 272
  },
  "DSS": {
    "mean": 0.0,
    "std": 0.0,
    "n": 117
  },
  "JWST": {
    "mean": 13.761879003123873,
    "std": 6.055850521003097,
    "n": 35
  },
  "KPLO": {
    "mean": 5.210756859368735,
    "std": 5.764824540334442,
    "n": 33
  },
  "LUCY": {
    "mean": 9.815944742752437,
    "std": 3.470460545676344,
    "n": 18
  },
  "M01O": {
    "mean": 8.124902407821288,
    "std": 3.5645899608468925,
    "n": 50
  },
  "MMS2": {
    "mean": 10.875564572238716,
    "std": 6.285383334759951,
    "n": 4
  },
  "ORX": {
    "mean": 5.720223597841123,
    "std": 6.7682598363994435,
    "n": 12
  },
  "SOHO": {
    "mean": 10.410297295348554,
    "std": 4.565217363127864,
    "n": 62
  },
  "SPP": {
    "mean": 6.124302173692139,
    "std": 1.277005279255886,
    "n": 24
  },
  "VGR2": {
    "mean": 4.503957930077449,
    "std": 1.612675635538536,
    "n": 44
  },
  "CAPS": {
    "mean": 7.26421303399404,
    "std": 6.13938055293441,
    "n": 12
  },
  "MRO": {
    "mean": 10.44106065854629,
    "std": 6.11933635914884,
    "n": 47
  },
  "STA": {
    "mean": 4.358124954445886,
    "std": 6.163324975661881,
    "n": 15
  },
  "IMAP": {
    "mean": 11.681851758298873,
    "std": 4.581999236189549,
    "n": 15
  },
  "MMS3": {
    "mean": 8.022088519587522,
    "std": 6.947332449370293,
    "n": 7
  },
  "TGO": {
    "mean": 12.21353152213034,
    "std": 3.9042072721854955,
    "n": 11
  },
  "TDR8": {
    "mean": 6.111589185473754,
    "std": 3.652373121488457,
    "n": 38
  },
  "MMS4": {
    "mean": 14.731801689838349,
    "std": 0.0,
    "n": 4
  },
  "WIND": {
    "mean": 7.303611990394738,
    "std": 3.2662746016511113,
    "n": 18
  },
  "ESCB": {
    "mean": 7.114963101839682,
    "std": 3.649899059186077,
    "n": 24
  },
  "THC": {
    "mean": 9.617532833982262,
    "std": 5.625208682398356,
    "n": 8
  },
  "CHDR": {
    "mean": 6.5276318896391,
    "std": 6.978332022288365,
    "n": 15
  },
  "MMS1": {
    "mean": 8.418172394193343,
    "std": 7.290351146808303,
    "n": 7
  },
  "ESCG": {
    "mean": 7.998710846184679,
    "std": 3.9993554230923385,
    "n": 5
  },
  "VGR1": {
    "mean": 4.35548945570097,
    "std": 1.778121124423301,
    "n": 14
  },
  "DSSR": {
    "mean": 0.0,
    "std": 0.0,
    "n": 14
  },
  "LRO": {
    "mean": 8.920578533315334,
    "std": 5.1502984175368045,
    "n": 4
  },
  "SWFO": {
    "mean": 0.0,
    "std": 0.0,
    "n": 5
  },
  "GBRA": {
    "mean": 0.0,
    "std": 0.0,
    "n": 7
  },
  "EMM": {
    "mean": 11.269348936844743,
    "std": 3.563681038762641,
    "n": 11
  },
  "TESS": {
    "mean": 4.840203249634437,
    "std": 4.840203249634437,
    "n": 4
  },
  "EURC": {
    "mean": 6.173484142518602,
    "std": 5.734930793741121,
    "n": 5
  },
  "NHPC": {
    "mean": 0.0,
    "std": 0.0,
    "n": 5
  },
  "PSYC": {
    "mean": 10.097561408969591,
    "std": 5.214358289899458,
    "n": 19
  },
  "JNO": {
    "mean": 9.778771879548417,
    "std": 4.090699664957761,
    "n": 21
  },
  "MSL": {
    "mean": 0.0,
    "std": 0.0,
    "n": 5
  },
  "M20": {
    "mean": 0.0,
    "std": 0.0,
    "n": 9
  },
  "CGO": {
    "mean": 2.764766536285745,
    "std": 3.9099703324105866,
    "n": 3
  },
  "BIOS": {
    "mean": 0.0,
    "std": 0.0,
    "n": 1
  }
}