{
  "ACE": {
    "mean": 8.414370159636007,
    "std": 4.913165292525931,
    "n": 506
  },
  "DSN": {
    "mean": 0.0,
    "std": 0.0,
    "n": 7823
  },
  "DSS": {
    "mean": 0.0,
    "std": 0.0,
    "n": 1609
  },
  "JWST": {
    "mean": 11.252907598509116,
    "std": 5.99137706847649,
    "n": 1129
  },
  "KPLO": {
    "mean": 8.630202114800158,
    "std": 6.209627417589476,
    "n": 911
  },
  "LUCY": {
    "mean": 9.126103153455354,
    "std": 4.02634761192989,
    "n": 720
  },
  "M01O": {
    "mean": 7.794314970304695,
    "std": 4.364281470821984,
    "n": 1891
  },
  "MMS2": {
    "mean": 12.15540267773517,
    "std": 5.456093636237852,
    "n": 227
  },
  "ORX": {
    "mean": 3.995109221400876,
    "std": 6.2469262167075215,
    "n": 496
  },
  "SOHO": {
    "mean": 10.430141606565813,
    "std": 4.459702810328826,
    "n": 1553
  },
  "SPP": {
    "mean": 8.609368323911111,
    "std": 4.4870435833210145,
    "n": 812
  },
  "VGR2": {
    "mean": 4.1668201923258215,
    "std": 1.8823568490090339,
    "n": 754
  },
  "CAPS": {
    "mean": 9.119452094904997,
    "std": 5.548206261593711,
    "n": 252
  },
  "MRO": {
    "mean": 11.22263362204736,
    "std": 5.812707025961936,
    "n": 803
  },
  "STA": {
    "mean": 10.547633356602534,
    "std": 5.271850741083147,
    "n": 581
  },
  "IMAP": {
    "mean": 10.786763753880834,
    "std": 5.404746828122089,
    "n": 324
  },
  "MMS3": {
    "mean": 11.642594292052827,
    "std": 5.874316532837576,
    "n": 227
  },
  "TGO": {
    "mean": 10.258677227440732,
    "std": 5.245044346263586,
    "n": 247
  },
  "TDR8": {
    "mean": 6.839711603308979,
    "std": 3.15492915596383,
    "n": 114
  },
  "MMS4": {
    "mean": 12.066154842743838,
    "std": 5.5573532735508495,
    "n": 206
  },
  "WIND": {
    "mean": 7.893282616380132,
    "std": 4.1922330637332035,
    "n": 432
  },
  "ESCB": {
    "mean": 8.003232596302185,
    "std": 3.2042733453231405,
    "n": 259
  },
  "THC": {
    "mean": 8.295790329572489,
    "std": 5.550952889670935,
    "n": 124
  },
  "CHDR": {
    "mean": 8.210594501775924,
    "std": 6.871846805642811,
    "n": 522
  },
  "MMS1": {
    "mean": 10.648639389684412,
    "std": 6.4185210504443635,
    "n": 248
  },
  "ESCG": {
    "mean": 7.653284801181135,
    "std": 3.6683404140734273,
    "n": 295
  },
  "VGR1": {
    "mean": 4.469120811600515,
    "std": 1.650305599341348,
    "n": 802
  },
  "DSSR": {
    "mean": 0.0,
    "std": 0.0,
    "n": 136
  },
  "LRO": {
    "mean": 10.780142330022237,
    "std": 6.554412607648832,
    "n": 509
  },
  "SWFO": {
    "mean": 0.2991364747239655,
    "std": 1.5461138149363076,
    "n": 194
  },
  "GBRA": {
    "mean": 0.0,
    "std": 0.0,
    "n": 472
  },
  "EMM": {
    "mean": 10.140910766217448,
    "std": 4.792813407975981,
    "n": 126
  },
  "TESS": {
    "mean": 9.816205956364739,
    "std": 6.526109895986046,
    "n": 157
  },
  "EURC": {
    "mean": 6.952340325543328,
    "std": 5.173269965269741,
    "n": 273
  },
  "NHPC": {
    "mean": 0.0,
    "std": 0.0,
    "n": 33
  },
  "PSYC": {
    "mean": 9.511877624841615,
    "std": 5.54306982999146,
    "n": 576
  },
  "JNO": {
    "mean": 8.947389716666752,
    "std": 4.395277171465204,
    "n": 1189
  },
  "MSL": {
    "mean": 0.24369409349139665,
    "std": 1.1019738045841472,
    "n": 150
  },
  "M20": {
    "mean": 0.336660145208054,
    "std": 1.2764259740444903,
    "n": 123
  },
  "CGO": {
    "mean": 10.279060284666913,
    "std": 5.574587467313706,
    "n": 200
  },
  "BIOS": {
    "mean": 6.90725756194875,
    "std": 3.8125412770442706,
    "n": 60
  },
  "SGP": {
    "mean": 0.0,
    "std": 0.0,
    "n": 34
  },
  "DSCO": {
    "mean": 4.817937187112194,
    "std": 4.949959910276561,
    "n": 37
  },
  "THB": {
    "mean": 8.064012213811347,
    "std": 5.658003114824895,
    "n": 101
  },
  "MMX": {
    "mean": 6.3793662675728315,
    "std": 4.908486167029739,
    "n": 73
  },
  "RST": {
    "mean": 6.771292771997224,
    "std": 5.938614102744261,
    "n": 42
  },
  "XMM": {
    "mean": 10.505180675604823,
    "std": 2.885995084216434,
    "n": 114
  },
  "TEST": {
    "mean": 0.0,
    "std": 0.0,
    "n": 138
  },
  "MEX": {
    "mean": 9.381623269263608,
    "std": 4.712619259557808,
    "n": 40
  },
  "BEPI": {
    "mean": 2.2665968526050566,
    "std": 3.6346409384521188,
    "n": 25
  },
  "HYB2": {
    "mean": 0.0,
    "std": 0.0,
    "n": 20
  },
  "HCRA": {
    "mean": 0.0,
    "std": 0.0,
    "n": 35
  },
  "EGS": {
    "mean": 0.0,
    "std": 0.0,
    "n": 16
  }
}