{
  "ACE": {
    "mean": 8.661125256178972,
    "std": 4.822711225528268,
    "n": 213
  },
  "DSN": {
    "mean": 0.0,
    "std": 0.0,
    "n": 3705
  },
  "DSS": {
    "mean": 0.0,
    "std": 0.0,
    "n": 1094
  },
  "JWST": {
    "mean": 10.986571964305131,
    "std": 5.933356550214225,
    "n": 421
  },
  "KPLO": {
    "mean": 8.379283590366366,
    "std": 6.549260563630821,
    "n": 389
  },
  "LUCY": {
    "mean": 9.141189894697083,
    "std": 4.174068195320872,
    "n": 371
  },
  "M01O": {
    "mean": 8.371572887670151,
    "std": 3.8760868655388316,
    "n": 684
  },
  "MMS2": {
    "mean": 11.687659469902421,
    "std": 5.809629781790374,
    "n": 91
  },
  "ORX": {
    "mean": 4.048768016613905,
    "std": 6.2599907953383696,
    "n": 139
  },
  "SOHO": {
    "mean": 10.177331859652066,
    "std": 4.768327756031903,
    "n": 550
  },
  "SPP": {
    "mean": 8.439686157468543,
    "std": 4.26271094309813,
    "n": 364
  },
  "VGR2": {
    "mean": 4.300779905024,
    "std": 1.72980470013457,
    "n": 313
  },
  "CAPS": {
    "mean": 8.4172982514558,
    "std": 5.869264034913598,
    "n": 104
  },
  "MRO": {
    "mean": 11.336120997107834,
    "std": 5.850853586694316,
    "n": 387
  },
  "STA": {
    "mean": 10.42457619409104,
    "std": 5.3600780140297095,
    "n": 225
  },
  "IMAP": {
    "mean": 10.551696529789467,
    "std": 5.566465338656324,
    "n": 147
  },
  "MMS3": {
    "mean": 11.708210651166805,
    "std": 5.729012110984742,
    "n": 83
  },
  "TGO": {
    "mean": 9.593680627896891,
    "std": 5.628802445094852,
    "n": 90
  },
  "TDR8": {
    "mean": 6.839711603308979,
    "std": 3.15492915596383,
    "n": 114
  },
  "MMS4": {
    "mean": 12.429262948800138,
    "std": 5.211714542811658,
    "n": 67
  },
  "WIND": {
    "mean": 7.99151869846534,
    "std": 4.088857894565821,
    "n": 179
  },
  "ESCB": {
    "mean": 8.263116725355085,
    "std": 3.157964276265671,
    "n": 141
  },
  "THC": {
    "mean": 8.535454265412818,
    "std": 5.402919927212952,
    "n": 67
  },
  "CHDR": {
    "mean": 7.826225962358544,
    "std": 6.9375480391137305,
    "n": 200
  },
  "MMS1": {
    "mean": 10.745111478876753,
    "std": 6.3495002139776275,
    "n": 89
  },
  "ESCG": {
    "mean": 8.211184175608677,
    "std": 3.1049429823674495,
    "n": 132
  },
  "VGR1": {
    "mean": 4.488244322379275,
    "std": 1.6316394189541366,
    "n": 257
  },
  "DSSR": {
    "mean": 0.0,
    "std": 0.0,
    "n": 68
  },
  "LRO": {
    "mean": 10.257517688539615,
    "std": 6.7711716214244735,
    "n": 157
  },
  "SWFO": {
    "mean": 0.0,
    "std": 0.0,
    "n": 68
  },
  "GBRA": {
    "mean": 0.0,
    "std": 0.0,
    "n": 212
  },
  "EMM": {
    "mean": 11.587830537233842,
    "std": 3.06075476965658,
    "n": 46
  },
  "TESS": {
    "mean": 7.2923124771566945,
    "std": 5.136003125364137,
    "n": 51
  },
  "EURC": {
    "mean": 5.613983411635755,
    "std": 5.494120046570652,
    "n": 95
  },
  "NHPC": {
    "mean": 0.0,
    "std": 0.0,
    "n": 15
  },
  "PSYC": {
    "mean": 10.258280020667963,
    "std": 5.0758932848948355,
    "n": 239
  },
  "JNO": {
    "mean": 9.248194719033997,
    "std": 4.390040163562483,
    "n": 495
  },
  "MSL": {
    "mean": 0.11200544196573073,
    "std": 0.784038093760115,
    "n": 50
  },
  "M20": {
    "mean": 0.39065281000557206,
    "std": 1.3672848350195017,
    "n": 53
  },
  "CGO": {
    "mean": 9.89999413528588,
    "std": 5.674190465929065,
    "n": 84
  },
  "BIOS": {
    "mean": 7.300921556125871,
    "std": 3.509447946156779,
    "n": 32
  },
  "SGP": {
    "mean": 0.0,
    "std": 0.0,
    "n": 34
  },
  "DSCO": {
    "mean": 4.244373236265502,
    "std": 4.9009800609982594,
    "n": 14
  },
  "THB": {
    "mean": 8.954668836338687,
    "std": 5.089404640938011,
    "n": 37
  },
  "MMX": {
    "mean": 5.125630207147106,
    "std": 4.898461512253476,
    "n": 45
  },
  "RST": {
    "mean": 7.105025557367963,
    "std": 5.919891139206077,
    "n": 13
  },
  "XMM": {
    "mean": 10.168218717059913,
    "std": 3.389406239175829,
    "n": 40
  },
  "TEST": {
    "mean": 0.0,
    "std": 0.0,
    "n": 17
  },
  "MEX": {
    "mean": 9.087453727158627,
    "std": 5.102613566453179,
    "n": 21
  },
  "BEPI": {
    "mean": 6.2961023683473805,
    "std": 3.365408276344554,
    "n": 9
  },
  "HYB2": {
    "mean": 0.0,
    "std": 0.0,
    "n": 4
  }
}