{
  "ACE": {
    "mean": 8.338699039670923,
    "std": 4.970529526632302,
    "n": 725
  },
  "DSN": {
    "mean": 0.0,
    "std": 0.0,
    "n": 11164
  },
  "DSS": {
    "mean": 0.0,
    "std": 0.0,
    "n": 2085
  },
  "JWST": {
    "mean": 11.404185561225912,
    "std": 5.908060271706334,
    "n": 1729
  },
  "KPLO": {
    "mean": 8.692594259051281,
    "std": 6.211984900343879,
    "n": 1392
  },
  "LUCY": {
    "mean": 9.030220234203158,
    "std": 3.9351646452210534,
    "n": 866
  },
  "M01O": {
    "mean": 7.860207163699274,
    "std": 4.2819567643347085,
    "n": 2681
  },
  "MMS2": {
    "mean": 11.900763005077721,
    "std": 5.645654288468669,
    "n": 349
  },
  "ORX": {
    "mean": 4.306416485414514,
    "std": 6.380004131096891,
    "n": 789
  },
  "SOHO": {
    "mean": 10.39846527139632,
    "std": 4.518702648106172,
    "n": 2336
  },
  "SPP": {
    "mean": 8.892530564325703,
    "std": 4.586187848519402,
    "n": 1230
  },
  "VGR2": {
    "mean": 4.184412602412114,
    "std": 1.8722968014490038,
    "n": 1095
  },
  "CAPS": {
    "mean": 9.169626422469072,
    "std": 5.515984283082913,
    "n": 373
  },
  "MRO": {
    "mean": 11.34120178416644,
    "std": 5.715467212867894,
    "n": 1260
  },
  "STA": {
    "mean": 10.582808674113616,
    "std": 5.237331223683033,
    "n": 860
  },
  "IMAP": {
    "mean": 10.68099884233957,
    "std": 5.478502412673328,
    "n": 461
  },
  "MMS3": {
    "mean": 11.7668286265798,
    "std": 5.757958686833525,
    "n": 337
  },
  "TGO": {
    "mean": 10.50848055621284,
    "std": 5.058261569697154,
    "n": 384
  },
  "TDR8": {
    "mean": 7.014025107082547,
    "std": 2.9972898409743474,
    "n": 136
  },
  "MMS4": {
    "mean": 12.000394548815015,
    "std": 5.596123978898027,
    "n": 314
  },
  "WIND": {
    "mean": 7.810231808965664,
    "std": 4.1871684335331105,
    "n": 643
  },
  "ESCB": {
    "mean": 7.833801017237921,
    "std": 3.4136406529332337,
    "n": 439
  },
  "THC": {
    "mean": 8.14536274917507,
    "std": 5.630591875431658,
    "n": 181
  },
  "CHDR": {
    "mean": 8.192618739239807,
    "std": 6.871843379515185,
    "n": 758
  },
  "MMS1": {
    "mean": 10.746085849218623,
    "std": 6.331106959970004,
    "n": 381
  },
  "ESCG": {
    "mean": 7.629744341358703,
    "std": 3.6330871348012352,
    "n": 373
  },
  "VGR1": {
    "mean": 4.138849423107304,
    "std": 1.967132612803475,
    "n": 1263
  },
  "DSSR": {
    "mean": 0.0,
    "std": 0.0,
    "n": 256
  },
  "LRO": {
    "mean": 10.69158145232959,
    "std": 6.410441027739807,
    "n": 822
  },
  "SWFO": {
    "mean": 0.21816720337011045,
    "std": 1.3270602162643328,
    "n": 266
  },
  "GBRA": {
    "mean": 0.0,
    "std": 0.0,
    "n": 619
  },
  "EMM": {
    "mean": 9.98540555585629,
    "std": 4.913034167322434,
    "n": 195
  },
  "TESS": {
    "mean": 10.069945880849138,
    "std": 6.689301786347574,
    "n": 231
  },
  "EURC": {
    "mean": 6.6048981397851785,
    "std": 4.687640333019864,
    "n": 481
  },
  "NHPC": {
    "mean": 2.7812617183156716,
    "std": 2.956109734555796,
    "n": 483
  },
  "PSYC": {
    "mean": 9.721354123946155,
    "std": 5.426520296329287,
    "n": 682
  },
  "JNO": {
    "mean": 8.99380843445778,
    "std": 4.162461815188009,
    "n": 1692
  },
  "MSL": {
    "mean": 0.3890330997020975,
    "std": 1.3676191765791825,
    "n": 227
  },
  "M20": {
    "mean": 0.4370970885284567,
    "std": 1.4392449802223781,
    "n": 225
  },
  "CGO": {
    "mean": 10.266166110861224,
    "std": 5.572589823600985,
    "n": 281
  },
  "BIOS": {
    "mean": 7.000237304147708,
    "std": 3.7431823578094545,
    "n": 90
  },
  "SGP": {
    "mean": 0.0,
    "std": 0.0,
    "n": 111
  },
  "DSCO": {
    "mean": 4.854675270238321,
    "std": 4.950816787020306,
    "n": 51
  },
  "THB": {
    "mean": 8.127425734448254,
    "std": 5.624767373043861,
    "n": 131
  },
  "MMX": {
    "mean": 6.447047574555721,
    "std": 4.86009682234796,
    "n": 75
  },
  "RST": {
    "mean": 6.2573459288108575,
    "std": 5.9069727957618285,
    "n": 50
  },
  "XMM": {
    "mean": 10.356520785449455,
    "std": 3.1226085073686924,
    "n": 144
  },
  "TEST": {
    "mean": 0.0,
    "std": 0.0,
    "n": 220
  },
  "MEX": {
    "mean": 9.495547254342087,
    "std": 4.561461788079343,
    "n": 59
  },
  "BEPI": {
    "mean": 4.342343111860535,
    "std": 5.071384013101949,
    "n": 40
  },
  "HYB2": {
    "mean": 4.1767749285408255,
    "std": 3.2512601559797702,
    "n": 463
  },
  "HCRA": {
    "mean": 0.0,
    "std": 0.0,
    "n": 74
  },
  "EGS": {
    "mean": 0.0,
    "std": 0.0,
    "n": 16
  }
}