{
  "ACE": {
    "mean": 8.408653775690498,
    "std": 4.919821105125228,
    "n": 528
  },
  "DSN": {
    "mean": 0.0,
    "std": 0.0,
    "n": 8301
  },
  "DSS": {
    "mean": 0.0,
    "std": 0.0,
    "n": 1665
  },
  "JWST": {
    "mean": 11.282730900301399,
    "std": 5.971968211719914,
    "n": 1206
  },
  "KPLO": {
    "mean": 8.675681081307467,
    "std": 6.265263060481172,
    "n": 1000
  },
  "LUCY": {
    "mean": 9.088582639831467,
    "std": 4.0280689447088145,
    "n": 746
  },
  "M01O": {
    "mean": 7.836351969072098,
    "std": 4.335999193482422,
    "n": 2030
  },
  "MMS2": {
    "mean": 12.276061036745876,
    "std": 5.343613225214175,
    "n": 239
  },
  "ORX": {
    "mean": 3.9217946075772625,
    "std": 6.2137914117497655,
    "n": 537
  },
  "SOHO": {
    "mean": 10.406923226151441,
    "std": 4.487467493697974,
    "n": 1665
  },
  "SPP": {
    "mean": 8.775719493890346,
    "std": 4.502652875043064,
    "n": 895
  },
  "VGR2": {
    "mean": 4.11814905977312,
    "std": 1.926009999722803,
    "n": 818
  },
  "CAPS": {
    "mean": 9.294047229644514,
    "std": 5.461106805015586,
    "n": 277
  },
  "MRO": {
    "mean": 11.17496655112452,
    "std": 5.8435257762584545,
    "n": 861
  },
  "STA": {
    "mean": 10.502729015838263,
    "std": 5.308669178683128,
    "n": 615
  },
  "IMAP": {
    "mean": 10.606445069759024,
    "std": 5.533151840768121,
    "n": 346
  },
  "MMS3": {
    "mean": 11.549955773340569,
    "std": 5.930234220221166,
    "n": 240
  },
  "TGO": {
    "mean": 10.305492666090343,
    "std": 5.2125024169197625,
    "n": 266
  },
  "TDR8": {
    "mean": 6.839711603308979,
    "std": 3.15492915596383,
    "n": 114
  },
  "MMS4": {
    "mean": 12.10748880548421,
    "std": 5.522021180060516,
    "n": 221
  },
  "WIND": {
    "mean": 7.893110626448072,
    "std": 4.1868044850993265,
    "n": 457
  },
  "ESCB": {
    "mean": 7.7622101807222625,
    "std": 3.4337025553676503,
    "n": 282
  },
  "THC": {
    "mean": 8.423966349147124,
    "std": 5.524510076153643,
    "n": 131
  },
  "CHDR": {
    "mean": 8.15301068275023,
    "std": 6.882838395785831,
    "n": 560
  },
  "MMS1": {
    "mean": 10.677354603360413,
    "std": 6.387229962222706,
    "n": 266
  },
  "ESCG": {
    "mean": 7.665893509520586,
    "std": 3.6704066485630436,
    "n": 310
  },
  "VGR1": {
    "mean": 4.403619044364826,
    "std": 1.7241673439125311,
    "n": 882
  },
  "DSSR": {
    "mean": 0.0,
    "std": 0.0,
    "n": 147
  },
  "LRO": {
    "mean": 10.790636838170053,
    "std": 6.577880560206297,
    "n": 531
  },
  "SWFO": {
    "mean": 0.2830852492509722,
    "std": 1.5055705838951674,
    "n": 205
  },
  "GBRA": {
    "mean": 0.0,
    "std": 0.0,
    "n": 489
  },
  "EMM": {
    "mean": 10.231515290866358,
    "std": 4.715972313412073,
    "n": 137
  },
  "TESS": {
    "mean": 9.63499855253772,
    "std": 6.460542628658073,
    "n": 167
  },
  "EURC": {
    "mean": 6.987868280915962,
    "std": 5.094751797936034,
    "n": 290
  },
  "NHPC": {
    "mean": 0.0,
    "std": 0.0,
    "n": 35
  },
  "PSYC": {
    "mean": 9.573443205123223,
    "std": 5.509054585204536,
    "n": 591
  },
  "JNO": {
    "mean": 8.972105479602963,
    "std": 4.391474950454558,
    "n": 1217
  },
  "MSL": {
    "mean": 0.2657653887847876,
    "std": 1.1474442260604223,
    "n": 157
  },
  "M20": {
    "mean": 0.43798190044855473,
    "std": 1.4405664690525166,
    "n": 130
  },
  "CGO": {
    "mean": 10.265167220885035,
    "std": 5.598919724261108,
    "n": 207
  },
  "BIOS": {
    "mean": 6.89691077485177,
    "std": 3.8177870844066226,
    "n": 64
  },
  "SGP": {
    "mean": 0.0,
    "std": 0.0,
    "n": 34
  },
  "DSCO": {
    "mean": 4.951768775643088,
    "std": 4.951768775643087,
    "n": 38
  },
  "THB": {
    "mean": 8.162465888620419,
    "std": 5.6091424913193455,
    "n": 107
  },
  "MMX": {
    "mean": 6.447047574555721,
    "std": 4.86009682234796,
    "n": 75
  },
  "RST": {
    "mean": 6.771292771997224,
    "std": 5.938614102744261,
    "n": 42
  },
  "XMM": {
    "mean": 10.525509644591095,
    "std": 2.8515098630196727,
    "n": 117
  },
  "TEST": {
    "mean": 0.0,
    "std": 0.0,
    "n": 144
  },
  "MEX": {
    "mean": 9.434773246287115,
    "std": 4.666915418123494,
    "n": 41
  },
  "BEPI": {
    "mean": 2.2665968526050566,
    "std": 3.6346409384521188,
    "n": 25
  },
  "HYB2": {
    "mean": 0.12056922625746483,
    "std": 0.6379923768894616,
    "n": 29
  },
  "HCRA": {
    "mean": 0.0,
    "std": 0.0,
    "n": 38
  },
  "EGS": {
    "mean": 0.0,
    "std": 0.0,
    "n": 16
  }
}