{
  "ACE": {
    "mean": 8.54262710926387,
    "std": 4.882376049361663,
    "n": 390
  },
  "DSN": {
    "mean": 0.0,
    "std": 0.0,
    "n": 6229
  },
  "DSS": {
    "mean": 0.0,
    "std": 0.0,
    "n": 1384
  },
  "JWST": {
    "mean": 11.180584829883086,
    "std": 6.049992466967797,
    "n": 823
  },
  "KPLO": {
    "mean": 8.553133435580557,
    "std": 6.539378725937023,
    "n": 676
  },
  "LUCY": {
    "mean": 9.082104597491034,
    "std": 4.124203797779426,
    "n": 638
  },
  "M01O": {
    "mean": 7.9893910735987,
    "std": 4.272646237230626,
    "n": 1411
  },
  "MMS2": {
    "mean": 11.93961724875361,
    "std": 5.613852228348957,
    "n": 166
  },
  "ORX": {
    "mean": 3.8393682916625465,
    "std": 6.162522366324494,
    "n": 329
  },
  "SOHO": {
    "mean": 10.258807030721924,
    "std": 4.629584746639824,
    "n": 1103
  },
  "SPP": {
    "mean": 8.692464947954194,
    "std": 4.485286750436244,
    "n": 704
  },
  "VGR2": {
    "mean": 4.25122445517704,
    "std": 1.8171402929889502,
    "n": 575
  },
  "CAPS": {
    "mean": 8.798912440332781,
    "std": 5.6965625989138005,
    "n": 183
  },
  "MRO": {
    "mean": 11.131340335608316,
    "std": 5.891100723076004,
    "n": 606
  },
  "STA": {
    "mean": 10.51268749626514,
    "std": 5.297161859866085,
    "n": 445
  },
  "IMAP": {
    "mean": 10.65598873059731,
    "std": 5.496563567003937,
    "n": 257
  },
  "MMS3": {
    "mean": 11.806603407341774,
    "std": 5.727440677539115,
    "n": 163
  },
  "TGO": {
    "mean": 10.055552882172512,
    "std": 5.348135841694868,
    "n": 191
  },
  "TDR8": {
    "mean": 6.839711603308979,
    "std": 3.15492915596383,
    "n": 114
  },
  "MMS4": {
    "mean": 11.989636663479883,
    "std": 5.632273640314537,
    "n": 144
  },
  "WIND": {
    "mean": 7.913719769499326,
    "std": 4.238978718796326,
    "n": 331
  },
  "ESCB": {
    "mean": 8.15365141516812,
    "std": 3.224113666488309,
    "n": 163
  },
  "THC": {
    "mean": 8.635033078746261,
    "std": 5.371897217100127,
    "n": 105
  },
  "CHDR": {
    "mean": 8.208006267655144,
    "std": 6.882553599315203,
    "n": 390
  },
  "MMS1": {
    "mean": 10.540471611389417,
    "std": 6.43610598501157,
    "n": 177
  },
  "ESCG": {
    "mean": 7.626247027806159,
    "std": 3.5592227882570278,
    "n": 222
  },
  "VGR1": {
    "mean": 4.426288722856961,
    "std": 1.7027789420679844,
    "n": 543
  },
  "DSSR": {
    "mean": 0.0,
    "std": 0.0,
    "n": 104
  },
  "LRO": {
    "mean": 10.354879345928039,
    "std": 6.730595462609013,
    "n": 329
  },
  "SWFO": {
    "mean": 0.30031794839662923,
    "std": 1.5488968875335907,
    "n": 138
  },
  "GBRA": {
    "mean": 0.0,
    "std": 0.0,
    "n": 365
  },
  "EMM": {
    "mean": 9.842546787315129,
    "std": 5.028153207500929,
    "n": 87
  },
  "TESS": {
    "mean": 9.597085644503432,
    "std": 6.386069101590135,
    "n": 112
  },
  "EURC": {
    "mean": 6.346610869726708,
    "std": 5.215633803638393,
    "n": 193
  },
  "NHPC": {
    "mean": 0.0,
    "std": 0.0,
    "n": 23
  },
  "PSYC": {
    "mean": 9.58372406405938,
    "std": 5.502977793586046,
    "n": 480
  },
  "JNO": {
    "mean": 8.973580470108033,
    "std": 4.5302839157174954,
    "n": 838
  },
  "MSL": {
    "mean": 0.16183987333363478,
    "std": 0.9115731962975565,
    "n": 98
  },
  "M20": {
    "mean": 0.40258942364463124,
    "std": 1.3862845644039656,
    "n": 90
  },
  "CGO": {
    "mean": 10.235888272113892,
    "std": 5.607585870505063,
    "n": 159
  },
  "BIOS": {
    "mean": 6.8571774360934326,
    "std": 3.8466699106995494,
    "n": 46
  },
  "SGP": {
    "mean": 0.0,
    "std": 0.0,
    "n": 34
  },
  "DSCO": {
    "mean": 4.951768775643087,
    "std": 4.951768775643086,
    "n": 28
  },
  "THB": {
    "mean": 8.299337034229897,
    "std": 5.568242733353508,
    "n": 75
  },
  "MMX": {
    "mean": 6.255844173683396,
    "std": 4.862816903973702,
    "n": 69
  },
  "RST": {
    "mean": 7.504568018465512,
    "std": 6.107700359240118,
    "n": 29
  },
  "XMM": {
    "mean": 10.247047163175289,
    "std": 3.281681488623191,
    "n": 86
  },
  "TEST": {
    "mean": 0.0,
    "std": 0.0,
    "n": 95
  },
  "MEX": {
    "mean": 9.155437514433327,
    "std": 4.828276118324093,
    "n": 37
  },
  "BEPI": {
    "mean": 3.777661421008428,
    "std": 4.038489931613466,
    "n": 15
  },
  "HYB2": {
    "mean": 0.0,
    "std": 0.0,
    "n": 12
  },
  "HCRA": {
    "mean": 0.0,
    "std": 0.0,
    "n": 30
  }
}