{
  "ACE": {
    "mean": 8.493291182462743,
    "std": 4.886480152414164,
    "n": 642
  },
  "DSN": {
    "mean": 0.0,
    "std": 0.0,
    "n": 9895
  },
  "DSS": {
    "mean": 0.0,
    "std": 0.0,
    "n": 1912
  },
  "JWST": {
    "mean": 11.4138944541519,
    "std": 5.982201593272303,
    "n": 1484
  },
  "KPLO": {
    "mean": 8.582028352496762,
    "std": 6.165914212501828,
    "n": 1194
  },
  "LUCY": {
    "mean": 9.04515725518409,
    "std": 3.9833550111861578,
    "n": 812
  },
  "M01O": {
    "mean": 7.932295622517201,
    "std": 4.2836619103177025,
    "n": 2412
  },
  "MMS2": {
    "mean": 11.799051686975051,
    "std": 5.755295059528221,
    "n": 297
  },
  "ORX": {
    "mean": 4.130676287970735,
    "std": 6.308217634835033,
    "n": 653
  },
  "SOHO": {
    "mean": 10.419644379755306,
    "std": 4.489610755221098,
    "n": 2012
  },
  "SPP": {
    "mean": 9.091711169971845,
    "std": 4.626908573701006,
    "n": 1151
  },
  "VGR2": {
    "mean": 4.175478432971605,
    "std": 1.874309687903068,
    "n": 969
  },
  "CAPS": {
    "mean": 9.041464724668586,
    "std": 5.585074295375424,
    "n": 319
  },
  "MRO": {
    "mean": 11.174724853975961,
    "std": 5.82314206942848,
    "n": 1035
  },
  "STA": {
    "mean": 10.550484789794957,
    "std": 5.270107601735639,
    "n": 722
  },
  "IMAP": {
    "mean": 10.505214119990708,
    "std": 5.602658860491997,
    "n": 402
  },
  "MMS3": {
    "mean": 11.741247874338468,
    "std": 5.799955182828129,
    "n": 291
  },
  "TGO": {
    "mean": 10.383194661222143,
    "std": 5.16496987623233,
    "n": 349
  },
  "TDR8": {
    "mean": 7.014025107082547,
    "std": 2.9972898409743474,
    "n": 136
  },
  "MMS4": {
    "mean": 11.869645783955955,
    "std": 5.719496742665355,
    "n": 271
  },
  "WIND": {
    "mean": 7.839859060878702,
    "std": 4.178553420950261,
    "n": 549
  },
  "ESCB": {
    "mean": 7.76463747223539,
    "std": 3.438556880516401,
    "n": 363
  },
  "THC": {
    "mean": 8.094511503054267,
    "std": 5.6187009703980415,
    "n": 152
  },
  "CHDR": {
    "mean": 8.12793727495577,
    "std": 6.884323040919796,
    "n": 668
  },
  "MMS1": {
    "mean": 10.785842821194933,
    "std": 6.338168963957133,
    "n": 320
  },
  "ESCG": {
    "mean": 7.622566835900113,
    "std": 3.6549578881159683,
    "n": 358
  },
  "VGR1": {
    "mean": 4.33180367300373,
    "std": 1.7902140090887413,
    "n": 1081
  },
  "DSSR": {
    "mean": 0.0,
    "std": 0.0,
    "n": 204
  },
  "LRO": {
    "mean": 10.817397325189608,
    "std": 6.404024982798625,
    "n": 652
  },
  "SWFO": {
    "mean": 0.24590032244258211,
    "std": 1.4064623909811713,
    "n": 236
  },
  "GBRA": {
    "mean": 0.0,
    "std": 0.0,
    "n": 541
  },
  "EMM": {
    "mean": 10.18593852307624,
    "std": 4.753681458685461,
    "n": 151
  },
  "TESS": {
    "mean": 9.703372796364341,
    "std": 6.512023992797841,
    "n": 201
  },
  "EURC": {
    "mean": 7.067286670799746,
    "std": 4.866294390829584,
    "n": 361
  },
  "NHPC": {
    "mean": 3.0393762323985434,
    "std": 2.876813034194495,
    "n": 231
  },
  "PSYC": {
    "mean": 9.589860742489934,
    "std": 5.502060818156504,
    "n": 630
  },
  "JNO": {
    "mean": 8.979022029049682,
    "std": 4.318952217014733,
    "n": 1408
  },
  "MSL": {
    "mean": 0.27554214552571066,
    "std": 1.1661796172817924,
    "n": 189
  },
  "M20": {
    "mean": 0.39816536404414066,
    "std": 1.3792852806772187,
    "n": 182
  },
  "CGO": {
    "mean": 10.317405840078965,
    "std": 5.576596008098267,
    "n": 248
  },
  "BIOS": {
    "mean": 7.029239327153974,
    "std": 3.7259097904270746,
    "n": 73
  },
  "SGP": {
    "mean": 0.0,
    "std": 0.0,
    "n": 111
  },
  "DSCO": {
    "mean": 4.841729469517685,
    "std": 4.950545965703306,
    "n": 45
  },
  "THB": {
    "mean": 8.165087193160534,
    "std": 5.574468787416359,
    "n": 127
  },
  "MMX": {
    "mean": 6.447047574555721,
    "std": 4.86009682234796,
    "n": 75
  },
  "RST": {
    "mean": 6.771292771997224,
    "std": 5.938614102744261,
    "n": 42
  },
  "XMM": {
    "mean": 10.49102250883873,
    "std": 2.909686122370264,
    "n": 126
  },
  "TEST": {
    "mean": 0.0,
    "std": 0.0,
    "n": 194
  },
  "MEX": {
    "mean": 9.624954000839583,
    "std": 4.4739622976170645,
    "n": 51
  },
  "BEPI": {
    "mean": 2.420109767318459,
    "std": 3.567173330124926,
    "n": 28
  },
  "HYB2": {
    "mean": 4.160187746189196,
    "std": 3.2344300205991483,
    "n": 426
  },
  "HCRA": {
    "mean": 0.0,
    "std": 0.0,
    "n": 48
  },
  "EGS": {
    "mean": 0.0,
    "std": 0.0,
    "n": 16
  }
}