{
  "ACE": {
    "mean": 8.216612340459147,
    "std": 5.030895019687992,
    "n": 835
  },
  "DSN": {
    "mean": 0.0,
    "std": 0.0,
    "n": 12719
  },
  "DSS": {
    "mean": 0.0,
    "std": 0.0,
    "n": 2334
  },
  "JWST": {
    "mean": 11.484810301314452,
    "std": 5.824041506370456,
    "n": 2019
  },
  "KPLO": {
    "mean": 8.798605845996239,
    "std": 6.16391227434066,
    "n": 1641
  },
  "LUCY": {
    "mean": 8.993181319470937,
    "std": 3.8778913924033858,
    "n": 961
  },
  "M01O": {
    "mean": 7.931845022084108,
    "std": 4.222611238465279,
    "n": 3067
  },
  "MMS2": {
    "mean": 11.864155439987508,
    "std": 5.649294021265652,
    "n": 412
  },
  "ORX": {
    "mean": 4.341817233635914,
    "std": 6.39349891750844,
    "n": 906
  },
  "SOHO": {
    "mean": 10.4370741422994,
    "std": 4.49080208471049,
    "n": 2721
  },
  "SPP": {
    "mean": 8.729897483715712,
    "std": 4.556657848009458,
    "n": 1301
  },
  "VGR2": {
    "mean": 4.208011769177041,
    "std": 1.8535355625549832,
    "n": 1281
  },
  "CAPS": {
    "mean": 9.355673466915219,
    "std": 5.405366234794006,
    "n": 428
  },
  "MRO": {
    "mean": 11.478379736475844,
    "std": 5.6116103668232435,
    "n": 1422
  },
  "STA": {
    "mean": 10.572294872017466,
    "std": 5.231492395922075,
    "n": 1028
  },
  "IMAP": {
    "mean": 10.765848903540865,
    "std": 5.414721557906119,
    "n": 540
  },
  "MMS3": {
    "mean": 11.857428244010064,
    "std": 5.678400269906159,
    "n": 392
  },
  "TGO": {
    "mean": 10.50909623263593,
    "std": 5.06023282609917,
    "n": 437
  },
  "TDR8": {
    "mean": 7.014025107082547,
    "std": 2.9972898409743474,
    "n": 136
  },
  "MMS4": {
    "mean": 11.748835432528312,
    "std": 5.798340272804559,
    "n": 363
  },
  "WIND": {
    "mean": 7.871567979682599,
    "std": 4.204505418923971,
    "n": 737
  },
  "ESCB": {
    "mean": 7.787627494436133,
    "std": 3.403851983876745,
    "n": 512
  },
  "THC": {
    "mean": 8.02489772425563,
    "std": 5.691939001232985,
    "n": 232
  },
  "CHDR": {
    "mean": 8.215795055080884,
    "std": 6.86713461916586,
    "n": 873
  },
  "MMS1": {
    "mean": 10.761376781858699,
    "std": 6.33956271549546,
    "n": 451
  },
  "ESCG": {
    "mean": 7.714136107728149,
    "std": 3.6210380226996843,
    "n": 453
  },
  "VGR1": {
    "mean": 3.6990990235318044,
    "std": 2.2530739467753547,
    "n": 1656
  },
  "DSSR": {
    "mean": 0.0,
    "std": 0.0,
    "n": 287
  },
  "LRO": {
    "mean": 10.258415911120245,
    "std": 6.42617946607038,
    "n": 1024
  },
  "SWFO": {
    "mean": 0.18841713018327716,
    "std": 1.2355346073170201,
    "n": 308
  },
  "GBRA": {
    "mean": 0.0,
    "std": 0.0,
    "n": 661
  },
  "EMM": {
    "mean": 10.031383018467588,
    "std": 4.876367391398224,
    "n": 225
  },
  "TESS": {
    "mean": 9.691314278364082,
    "std": 6.48100590868308,
    "n": 267
  },
  "EURC": {
    "mean": 6.628190552585644,
    "std": 4.5889846604710085,
    "n": 546
  },
  "NHPC": {
    "mean": 2.781373457687908,
    "std": 2.9942802579193466,
    "n": 747
  },
  "PSYC": {
    "mean": 9.801750384129395,
    "std": 5.374569499777658,
    "n": 727
  },
  "JNO": {
    "mean": 8.83481379587313,
    "std": 4.314864106460276,
    "n": 1854
  },
  "MSL": {
    "mean": 0.2993576733300887,
    "std": 1.2108213280844138,
    "n": 295
  },
  "M20": {
    "mean": 0.3981653640441407,
    "std": 1.3792852806772187,
    "n": 247
  },
  "CGO": {
    "mean": 10.319310396423036,
    "std": 5.513565976668552,
    "n": 339
  },
  "BIOS": {
    "mean": 6.908636657782526,
    "std": 3.8018288013863715,
    "n": 99
  },
  "SGP": {
    "mean": 0.0,
    "std": 0.0,
    "n": 111
  },
  "DSCO": {
    "mean": 5.519787753357474,
    "std": 5.061207224223677,
    "n": 69
  },
  "THB": {
    "mean": 7.751827512100509,
    "std": 5.7755097653703125,
    "n": 147
  },
  "MMX": {
    "mean": 6.286980854753921,
    "std": 4.837917009469494,
    "n": 84
  },
  "RST": {
    "mean": 5.586916007866837,
    "std": 5.907579842444726,
    "n": 56
  },
  "XMM": {
    "mean": 10.356520785449455,
    "std": 3.1226085073686924,
    "n": 144
  },
  "TEST": {
    "mean": 0.0,
    "std": 0.0,
    "n": 271
  },
  "MEX": {
    "mean": 8.64732212457721,
    "std": 5.286989164477508,
    "n": 96
  },
  "BEPI": {
    "mean": 4.342343111860535,
    "std": 5.071384013101949,
    "n": 40
  },
  "HYB2": {
    "mean": 4.1767749285408255,
    "std": 3.2512601559797702,
    "n": 463
  },
  "HCRA": {
    "mean": 0.0,
    "std": 0.0,
    "n": 74
  },
  "EGS": {
    "mean": 0.0,
    "std": 0.0,
    "n": 16
  },
  "TERR": {
    "mean": 0.0,
    "std": 0.0,
    "n": 5
  }
}