{
  "ACE": {
    "mean": 8.544971977014065,
    "std": 4.866485679184538,
    "n": 290
  },
  "DSN": {
    "mean": 0.0,
    "std": 0.0,
    "n": 4835
  },
  "DSS": {
    "mean": 0.0,
    "std": 0.0,
    "n": 1202
  },
  "JWST": {
    "mean": 11.019732282143616,
    "std": 5.973785715757495,
    "n": 593
  },
  "KPLO": {
    "mean": 8.453839658230606,
    "std": 6.517218238603414,
    "n": 490
  },
  "LUCY": {
    "mean": 8.901791004011129,
    "std": 4.307748926678306,
    "n": 522
  },
  "M01O": {
    "mean": 7.875984302792321,
    "std": 4.3193008636841395,
    "n": 986
  },
  "MMS2": {
    "mean": 12.092142494826293,
    "std": 5.49288773597615,
    "n": 123
  },
  "ORX": {
    "mean": 3.9432043543769413,
    "std": 6.212885314017028,
    "n": 195
  },
  "SOHO": {
    "mean": 10.351269121084956,
    "std": 4.618181476579719,
    "n": 753
  },
  "SPP": {
    "mean": 7.850765240874546,
    "std": 4.260061973518559,
    "n": 425
  },
  "VGR2": {
    "mean": 4.352688578619299,
    "std": 1.7013307282321681,
    "n": 412
  },
  "CAPS": {
    "mean": 8.529693669714842,
    "std": 5.831468390221018,
    "n": 132
  },
  "MRO": {
    "mean": 11.24137051558125,
    "std": 5.8570299160666845,
    "n": 480
  },
  "STA": {
    "mean": 10.437192808549387,
    "std": 5.369177472818045,
    "n": 311
  },
  "IMAP": {
    "mean": 10.515100176605683,
    "std": 5.591777109240539,
    "n": 186
  },
  "MMS3": {
    "mean": 11.83834485279949,
    "std": 5.6738143561539625,
    "n": 118
  },
  "TGO": {
    "mean": 9.966989052573545,
    "std": 5.413632796686822,
    "n": 132
  },
  "TDR8": {
    "mean": 6.839711603308979,
    "std": 3.15492915596383,
    "n": 114
  },
  "MMS4": {
    "mean": 12.120587819025538,
    "std": 5.494881293004276,
    "n": 94
  },
  "WIND": {
    "mean": 7.975169005236436,
    "std": 4.172722083036455,
    "n": 246
  },
  "ESCB": {
    "mean": 8.186738073100116,
    "std": 3.2098915480235064,
    "n": 150
  },
  "THC": {
    "mean": 8.526102456830086,
    "std": 5.451919427225525,
    "n": 80
  },
  "CHDR": {
    "mean": 8.00695098285035,
    "std": 6.913018769375197,
    "n": 281
  },
  "MMS1": {
    "mean": 10.412160088806159,
    "std": 6.499475575152491,
    "n": 125
  },
  "ESCG": {
    "mean": 7.7429547721987895,
    "std": 3.49103627879801,
    "n": 169
  },
  "VGR1": {
    "mean": 4.4809246941496035,
    "std": 1.6402082735668984,
    "n": 347
  },
  "DSSR": {
    "mean": 0.0,
    "std": 0.0,
    "n": 78
  },
  "LRO": {
    "mean": 10.15273413936941,
    "std": 6.778973911002759,
    "n": 235
  },
  "SWFO": {
    "mean": 0.0,
    "std": 0.0,
    "n": 96
  },
  "GBRA": {
    "mean": 0.0,
    "std": 0.0,
    "n": 320
  },
  "EMM": {
    "mean": 11.325697287323143,
    "std": 3.5141971093333795,
    "n": 57
  },
  "TESS": {
    "mean": 7.8961054935292045,
    "std": 5.4536603638678,
    "n": 73
  },
  "EURC": {
    "mean": 6.147559529759076,
    "std": 5.361401561922815,
    "n": 131
  },
  "NHPC": {
    "mean": 0.0,
    "std": 0.0,
    "n": 18
  },
  "PSYC": {
    "mean": 10.374331570897496,
    "std": 4.970579482307955,
    "n": 300
  },
  "JNO": {
    "mean": 8.864412020279604,
    "std": 4.570314144966563,
    "n": 709
  },
  "MSL": {
    "mean": 0.20597802060644432,
    "std": 1.0239634812655733,
    "n": 77
  },
  "M20": {
    "mean": 0.2836246428807577,
    "std": 1.1779816133324597,
    "n": 73
  },
  "CGO": {
    "mean": 10.07358550123828,
    "std": 5.6489869174831435,
    "n": 127
  },
  "BIOS": {
    "mean": 7.475687476382571,
    "std": 3.4038750077057762,
    "n": 35
  },
  "SGP": {
    "mean": 0.0,
    "std": 0.0,
    "n": 34
  },
  "DSCO": {
    "mean": 4.456591898078777,
    "std": 4.926947723221698,
    "n": 20
  },
  "THB": {
    "mean": 8.70594266851052,
    "std": 5.466939572235507,
    "n": 50
  },
  "MMX": {
    "mean": 5.784885711142975,
    "std": 4.886808177476845,
    "n": 52
  },
  "RST": {
    "mean": 8.091586331914513,
    "std": 5.869664019498173,
    "n": 19
  },
  "XMM": {
    "mean": 10.08752262698692,
    "std": 3.4944203426957317,
    "n": 56
  },
  "TEST": {
    "mean": 0.0,
    "std": 0.0,
    "n": 45
  },
  "MEX": {
    "mean": 9.596479852114397,
    "std": 4.599740883340531,
    "n": 27
  },
  "BEPI": {
    "mean": 6.2961023683473805,
    "std": 3.365408276344554,
    "n": 9
  },
  "HYB2": {
    "mean": 0.0,
    "std": 0.0,
    "n": 4
  },
  "HCRA": {
    "mean": 0.0,
    "std": 0.0,
    "n": 11
  }
}