{
  "ACE": {
    "mean": 8.19106188553784,
    "std": 5.0458967257536145,
    "n": 48
  },
  "DSN": {
    "mean": 0.0,
    "std": 0.0,
    "n": 871
  },
  "DSS": {
    "mean": 0.0,
    "std": 0.0,
    "n": 354
  },
  "JWST": {
    "mean": 11.449128382510862,
    "std": 6.1559005681457055,
    "n": 99
  },
  "KPLO": {
    "mean": 6.042839837512784,
    "std": 6.248353421874923,
    "n": 63
  },
  "LUCY": {
    "mean": 9.844355471753198,
    "std": 3.4378379294800694,
    "n": 92
  },
  "M01O": {
    "mean": 8.047818735472925,
    "std": 3.9266917144728226,
    "n": 143
  },
  "MMS2": {
    "mean": 10.570925466295328,
    "std": 6.381437858907023,
    "n": 15
  },
  "ORX": {
    "mean": 3.4532979652402034,
    "std": 5.982186077945595,
    "n": 28
  },
  "SOHO": {
    "mean": 10.00679740018001,
    "std": 4.906236078085326,
    "n": 129
  },
  "SPP": {
    "mean": 9.131388672534408,
    "std": 3.98948881582733,
    "n": 90
  },
  "VGR2": {
    "mean": 4.380513862791356,
    "std": 1.752205546365809,
    "n": 87
  },
  "CAPS": {
    "mean": 7.299997334654112,
    "std": 6.133224528704222,
    "n": 29
  },
  "MRO": {
    "mean": 11.67459663526425,
    "std": 5.49299893447051,
    "n": 100
  },
  "STA": {
    "mean": 8.536458515061486,
    "std": 6.3078494410736,
    "n": 51
  },
  "IMAP": {
    "mean": 10.728231206601006,
    "std": 5.4324510410501725,
    "n": 49
  },
  "MMS3": {
    "mean": 9.590152199705503,
    "std": 6.787163252542135,
    "n": 18
  },
  "TGO": {
    "mean": 11.762588737510644,
    "std": 4.191119134153914,
    "n": 18
  },
  "TDR8": {
    "mean": 6.839711603308979,
    "std": 3.15492915596383,
    "n": 114
  },
  "MMS4": {
    "mean": 10.933326803952065,
    "std": 6.317290495803746,
    "n": 12
  },
  "WIND": {
    "mean": 7.951615196490293,
    "std": 4.07062826484977,
    "n": 46
  },
  "ESCB": {
    "mean": 7.302198972940727,
    "std": 3.5078629207632055,
    "n": 32
  },
  "THC": {
    "mean": 9.080361151252493,
    "std": 6.006514288439821,
    "n": 10
  },
  "CHDR": {
    "mean": 7.770990344808451,
    "std": 6.950585065394487,
    "n": 45
  },
  "MMS1": {
    "mean": 9.636361985076183,
    "std": 6.819575393469512,
    "n": 15
  },
  "ESCG": {
    "mean": 8.014579826210472,
    "std": 2.7621924481972626,
    "n": 63
  },
  "VGR1": {
    "mean": 4.529077803573106,
    "std": 1.5816225749564985,
    "n": 46
  },
  "DSSR": {
    "mean": 0.0,
    "std": 0.0,
    "n": 42
  },
  "LRO": {
    "mean": 10.668397318586155,
    "std": 7.406961212327078,
    "n": 13
  },
  "SWFO": {
    "mean": 0.0,
    "std": 0.0,
    "n": 15
  },
  "GBRA": {
    "mean": 0.0,
    "std": 0.0,
    "n": 33
  },
  "EMM": {
    "mean": 11.018918960470419,
    "std": 3.8957761591468274,
    "n": 18
  },
  "TESS": {
    "mean": 4.840203249634437,
    "std": 4.840203249634437,
    "n": 4
  },
  "EURC": {
    "mean": 5.110191165187956,
    "std": 5.777128030401957,
    "n": 32
  },
  "NHPC": {
    "mean": 0.0,
    "std": 0.0,
    "n": 5
  },
  "PSYC": {
    "mean": 10.396202589648338,
    "std": 4.940618140488928,
    "n": 38
  },
  "JNO": {
    "mean": 10.04095295470704,
    "std": 3.6523635466813618,
    "n": 89
  },
  "MSL": {
    "mean": 0.0,
    "std": 0.0,
    "n": 5
  },
  "M20": {
    "mean": 0.0,
    "std": 0.0,
    "n": 22
  },
  "CGO": {
    "mean": 7.589829951122854,
    "std": 6.207553342968365,
    "n": 16
  },
  "BIOS": {
    "mean": 6.481374500800612,
    "std": 3.97086966242705,
    "n": 11
  },
  "SGP": {
    "mean": 0.0,
    "std": 0.0,
    "n": 34
  },
  "DSCO": {
    "mean": 3.961415020514468,
    "std": 4.851722729828701,
    "n": 5
  },
  "THB": {
    "mean": 6.931197549030571,
    "std": 6.931197549030571,
    "n": 2
  },
  "MMX": {
    "mean": 0.0,
    "std": 0.0,
    "n": 13
  }
}