{
  "ACE": {
    "mean": 8.616149310884058,
    "std": 4.851903303511064,
    "n": 226
  },
  "DSN": {
    "mean": 0.0,
    "std": 0.0,
    "n": 3888
  },
  "DSS": {
    "mean": 0.0,
    "std": 0.0,
    "n": 1101
  },
  "JWST": {
    "mean": 10.795283753321305,
    "std": 5.8783370089678755,
    "n": 453
  },
  "KPLO": {
    "mean": 8.437532631257584,
    "std": 6.517320731648618,
    "n": 421
  },
  "LUCY": {
    "mean": 8.678545064165231,
    "std": 4.530183992382177,
    "n": 397
  },
  "M01O": {
    "mean": 8.394531864579909,
    "std": 3.8674225637978057,
    "n": 755
  },
  "MMS2": {
    "mean": 11.954745492640628,
    "std": 5.574143555483917,
    "n": 101
  },
  "ORX": {
    "mean": 4.063724437435762,
    "std": 6.266672199406517,
    "n": 152
  },
  "SOHO": {
    "mean": 10.270118018794221,
    "std": 4.689572721509552,
    "n": 597
  },
  "SPP": {
    "mean": 8.35035127714643,
    "std": 4.292999987282097,
    "n": 370
  },
  "VGR2": {
    "mean": 4.321708052454337,
    "std": 1.7152523741542511,
    "n": 335
  },
  "CAPS": {
    "mean": 8.416533678140365,
    "std": 5.875751073221292,
    "n": 113
  },
  "MRO": {
    "mean": 11.213345845471101,
    "std": 5.922453278410749,
    "n": 410
  },
  "STA": {
    "mean": 10.42457619409104,
    "std": 5.3600780140297095,
    "n": 225
  },
  "IMAP": {
    "mean": 10.551696529789467,
    "std": 5.566465338656324,
    "n": 147
  },
  "MMS3": {
    "mean": 11.683740172562102,
    "std": 5.769386169800854,
    "n": 92
  },
  "TGO": {
    "mean": 9.723792592327786,
    "std": 5.545004553244885,
    "n": 98
  },
  "TDR8": {
    "mean": 6.839711603308979,
    "std": 3.15492915596383,
    "n": 114
  },
  "MMS4": {
    "mean": 12.26353512196692,
    "std": 5.358049567909576,
    "n": 75
  },
  "WIND": {
    "mean": 7.908304608680579,
    "std": 4.113424978037602,
    "n": 194
  },
  "ESCB": {
    "mean": 8.263116725355085,
    "std": 3.157964276265671,
    "n": 141
  },
  "THC": {
    "mean": 8.535454265412818,
    "std": 5.402919927212952,
    "n": 67
  },
  "CHDR": {
    "mean": 7.873931706276765,
    "std": 6.932063731222384,
    "n": 213
  },
  "MMS1": {
    "mean": 10.746677226883707,
    "std": 6.33408477661278,
    "n": 101
  },
  "ESCG": {
    "mean": 8.162494335168121,
    "std": 3.112390402282501,
    "n": 146
  },
  "VGR1": {
    "mean": 4.5168038799862025,
    "std": 1.5969313264139708,
    "n": 288
  },
  "DSSR": {
    "mean": 0.0,
    "std": 0.0,
    "n": 78
  },
  "LRO": {
    "mean": 10.086032488082886,
    "std": 6.65647669214597,
    "n": 175
  },
  "SWFO": {
    "mean": 0.0,
    "std": 0.0,
    "n": 72
  },
  "GBRA": {
    "mean": 0.0,
    "std": 0.0,
    "n": 251
  },
  "EMM": {
    "mean": 11.587830537233842,
    "std": 3.06075476965658,
    "n": 46
  },
  "TESS": {
    "mean": 7.2923124771566945,
    "std": 5.136003125364137,
    "n": 51
  },
  "EURC": {
    "mean": 5.613983411635755,
    "std": 5.494120046570652,
    "n": 95
  },
  "NHPC": {
    "mean": 0.0,
    "std": 0.0,
    "n": 15
  },
  "PSYC": {
    "mean": 10.258280020667963,
    "std": 5.0758932848948355,
    "n": 239
  },
  "JNO": {
    "mean": 8.846891636794151,
    "std": 4.618366115670258,
    "n": 562
  },
  "MSL": {
    "mean": 0.10566551128842522,
    "std": 0.7619648379970722,
    "n": 53
  },
  "M20": {
    "mean": 0.38341849870917255,
    "std": 1.3555891023481068,
    "n": 54
  },
  "CGO": {
    "mean": 9.801931395253485,
    "std": 5.707283378597058,
    "n": 95
  },
  "BIOS": {
    "mean": 7.300921556125871,
    "std": 3.509447946156779,
    "n": 32
  },
  "SGP": {
    "mean": 0.0,
    "std": 0.0,
    "n": 34
  },
  "DSCO": {
    "mean": 4.244373236265502,
    "std": 4.9009800609982594,
    "n": 14
  },
  "THB": {
    "mean": 8.706580953236246,
    "std": 5.292246722234438,
    "n": 41
  },
  "MMX": {
    "mean": 5.125630207147106,
    "std": 4.898461512253476,
    "n": 45
  },
  "RST": {
    "mean": 7.105025557367963,
    "std": 5.919891139206077,
    "n": 13
  },
  "XMM": {
    "mean": 10.096105009505944,
    "std": 3.4834871754517813,
    "n": 47
  },
  "TEST": {
    "mean": 0.0,
    "std": 0.0,
    "n": 35
  },
  "MEX": {
    "mean": 9.087453727158627,
    "std": 5.102613566453179,
    "n": 21
  },
  "BEPI": {
    "mean": 6.2961023683473805,
    "std": 3.365408276344554,
    "n": 9
  },
  "HYB2": {
    "mean": 0.0,
    "std": 0.0,
    "n": 4
  }
}