{
  "ACE": {
    "mean": 8.210618874856054,
    "std": 5.0316107676854935,
    "n": 853
  },
  "DSN": {
    "mean": 0.0,
    "std": 0.0,
    "n": 13562
  },
  "DSS": {
    "mean": 0.0,
    "std": 0.0,
    "n": 2401
  },
  "JWST": {
    "mean": 11.463021747415413,
    "std": 5.836274999256658,
    "n": 2058
  },
  "KPLO": {
    "mean": 8.719693740225447,
    "std": 6.20299678045212,
    "n": 1665
  },
  "LUCY": {
    "mean": 8.993181319470937,
    "std": 3.8778913924033858,
    "n": 961
  },
  "M01O": {
    "mean": 7.936218211271615,
    "std": 4.220846335837428,
    "n": 3117
  },
  "MMS2": {
    "mean": 11.77380144449091,
    "std": 5.721851281203121,
    "n": 430
  },
  "ORX": {
    "mean": 4.363895102672122,
    "std": 6.4020818844946685,
    "n": 914
  },
  "SOHO": {
    "mean": 10.441571532689329,
    "std": 4.4873551862521985,
    "n": 2765
  },
  "SPP": {
    "mean": 8.667599662611996,
    "std": 4.5353184217872,
    "n": 1332
  },
  "VGR2": {
    "mean": 4.213156245556684,
    "std": 1.8504256973134212,
    "n": 1312
  },
  "CAPS": {
    "mean": 9.311573656845004,
    "std": 5.428067245932764,
    "n": 446
  },
  "MRO": {
    "mean": 11.466943964013371,
    "std": 5.619493221825672,
    "n": 1432
  },
  "STA": {
    "mean": 10.588078737250884,
    "std": 5.217981650523623,
    "n": 1045
  },
  "IMAP": {
    "mean": 10.765848903540865,
    "std": 5.414721557906119,
    "n": 540
  },
  "MMS3": {
    "mean": 11.868385077376207,
    "std": 5.664323586643329,
    "n": 405
  },
  "TGO": {
    "mean": 10.51364088542246,
    "std": 5.057634198277266,
    "n": 443
  },
  "TDR8": {
    "mean": 7.014025107082547,
    "std": 2.9972898409743474,
    "n": 136
  },
  "MMS4": {
    "mean": 11.687151134737283,
    "std": 5.848357171280898,
    "n": 375
  },
  "WIND": {
    "mean": 7.872424431110464,
    "std": 4.226942732895284,
    "n": 754
  },
  "ESCB": {
    "mean": 7.787627494436133,
    "std": 3.403851983876745,
    "n": 512
  },
  "THC": {
    "mean": 8.036380286672573,
    "std": 5.681867823453106,
    "n": 239
  },
  "CHDR": {
    "mean": 8.20784626914523,
    "std": 6.869037411520743,
    "n": 896
  },
  "MMS1": {
    "mean": 10.880871253585545,
    "std": 6.280128869945203,
    "n": 465
  },
  "ESCG": {
    "mean": 7.680227817144728,
    "std": 3.6489320302264563,
    "n": 455
  },
  "VGR1": {
    "mean": 3.714881724211952,
    "std": 2.2450548031635793,
    "n": 1690
  },
  "DSSR": {
    "mean": 0.0,
    "std": 0.0,
    "n": 287
  },
  "LRO": {
    "mean": 10.165039165976093,
    "std": 6.462651637757985,
    "n": 1049
  },
  "SWFO": {
    "mean": 0.1848168028549343,
    "std": 1.2239450569972241,
    "n": 314
  },
  "GBRA": {
    "mean": 0.0,
    "std": 0.0,
    "n": 661
  },
  "EMM": {
    "mean": 10.075642807613153,
    "std": 4.840551021548727,
    "n": 256
  },
  "TESS": {
    "mean": 9.691314278364082,
    "std": 6.48100590868308,
    "n": 267
  },
  "EURC": {
    "mean": 6.433473710986997,
    "std": 4.642424412340575,
    "n": 584
  },
  "NHPC": {
    "mean": 2.789201883030447,
    "std": 2.976865015526967,
    "n": 759
  },
  "PSYC": {
    "mean": 9.801750384129395,
    "std": 5.374569499777658,
    "n": 727
  },
  "JNO": {
    "mean": 8.84523257988789,
    "std": 4.3137946967389835,
    "n": 1869
  },
  "MSL": {
    "mean": 0.2993576733300887,
    "std": 1.2108213280844138,
    "n": 295
  },
  "M20": {
    "mean": 0.3981653640441407,
    "std": 1.3792852806772187,
    "n": 247
  },
  "CGO": {
    "mean": 10.319310396423036,
    "std": 5.513565976668552,
    "n": 339
  },
  "BIOS": {
    "mean": 6.908636657782526,
    "std": 3.8018288013863715,
    "n": 99
  },
  "SGP": {
    "mean": 0.0,
    "std": 0.0,
    "n": 111
  },
  "DSCO": {
    "mean": 5.519787753357474,
    "std": 5.061207224223677,
    "n": 69
  },
  "THB": {
    "mean": 7.751827512100509,
    "std": 5.7755097653703125,
    "n": 147
  },
  "MMX": {
    "mean": 6.286980854753921,
    "std": 4.837917009469494,
    "n": 84
  },
  "RST": {
    "mean": 5.586916007866837,
    "std": 5.907579842444726,
    "n": 56
  },
  "XMM": {
    "mean": 10.309444622685579,
    "std": 3.1924408557625874,
    "n": 160
  },
  "TEST": {
    "mean": 0.0,
    "std": 0.0,
    "n": 271
  },
  "MEX": {
    "mean": 8.64732212457721,
    "std": 5.286989164477508,
    "n": 96
  },
  "BEPI": {
    "mean": 4.342343111860535,
    "std": 5.071384013101949,
    "n": 40
  },
  "HYB2": {
    "mean": 4.1767749285408255,
    "std": 3.2512601559797702,
    "n": 463
  },
  "HCRA": {
    "mean": 0.0,
    "std": 0.0,
    "n": 74
  },
  "EGS": {
    "mean": 0.0,
    "std": 0.0,
    "n": 16
  },
  "TERR": {
    "mean": 0.0,
    "std": 0.0,
    "n": 5
  }
}