{
  "ACE": {
    "mean": 8.579351906972407,
    "std": 4.838829197274963,
    "n": 257
  },
  "DSN": {
    "mean": 0.0,
    "std": 0.0,
    "n": 4505
  },
  "DSS": {
    "mean": 0.0,
    "std": 0.0,
    "n": 1186
  },
  "JWST": {
    "mean": 10.67331603284855,
    "std": 5.881144174182098,
    "n": 533
  },
  "KPLO": {
    "mean": 8.483163465385104,
    "std": 6.497211871730632,
    "n": 461
  },
  "LUCY": {
    "mean": 8.816840599734661,
    "std": 4.3974360267098405,
    "n": 462
  },
  "M01O": {
    "mean": 8.252496088107861,
    "std": 4.015262504541726,
    "n": 881
  },
  "MMS2": {
    "mean": 12.048033711594647,
    "std": 5.511833292411452,
    "n": 110
  },
  "ORX": {
    "mean": 4.295669548064267,
    "std": 6.366800157314754,
    "n": 179
  },
  "SOHO": {
    "mean": 10.370310239433463,
    "std": 4.600945503644914,
    "n": 681
  },
  "SPP": {
    "mean": 8.073162038480561,
    "std": 4.2668678732100425,
    "n": 401
  },
  "VGR2": {
    "mean": 4.363848536896926,
    "std": 1.6831393823013772,
    "n": 383
  },
  "CAPS": {
    "mean": 8.567011311619995,
    "std": 5.813276709726677,
    "n": 127
  },
  "MRO": {
    "mean": 11.178098121009137,
    "std": 5.931163457355958,
    "n": 439
  },
  "STA": {
    "mean": 10.472066398617752,
    "std": 5.337310947212657,
    "n": 267
  },
  "IMAP": {
    "mean": 10.465620894468486,
    "std": 5.62549177343615,
    "n": 174
  },
  "MMS3": {
    "mean": 11.4867049287918,
    "std": 5.9204117278472586,
    "n": 105
  },
  "TGO": {
    "mean": 9.681950184889942,
    "std": 5.563442466975627,
    "n": 113
  },
  "TDR8": {
    "mean": 6.839711603308979,
    "std": 3.15492915596383,
    "n": 114
  },
  "MMS4": {
    "mean": 12.160486207972534,
    "std": 5.444209681421864,
    "n": 84
  },
  "WIND": {
    "mean": 7.9139946738456075,
    "std": 4.093135401431955,
    "n": 221
  },
  "ESCB": {
    "mean": 8.186738073100116,
    "std": 3.2098915480235064,
    "n": 150
  },
  "THC": {
    "mean": 8.498201283961992,
    "std": 5.403398727976507,
    "n": 77
  },
  "CHDR": {
    "mean": 7.897917545490728,
    "std": 6.9273346358607775,
    "n": 253
  },
  "MMS1": {
    "mean": 10.61444570022593,
    "std": 6.397317008962848,
    "n": 109
  },
  "ESCG": {
    "mean": 8.077526891985158,
    "std": 3.1640847358264295,
    "n": 162
  },
  "VGR1": {
    "mean": 4.4722016793239145,
    "std": 1.6504836252538606,
    "n": 317
  },
  "DSSR": {
    "mean": 0.0,
    "std": 0.0,
    "n": 78
  },
  "LRO": {
    "mean": 10.000136097396982,
    "std": 6.780145392652028,
    "n": 209
  },
  "SWFO": {
    "mean": 0.0,
    "std": 0.0,
    "n": 89
  },
  "GBRA": {
    "mean": 0.0,
    "std": 0.0,
    "n": 263
  },
  "EMM": {
    "mean": 11.325697287323143,
    "std": 3.5141971093333795,
    "n": 57
  },
  "TESS": {
    "mean": 8.19198364748668,
    "std": 5.384932873543318,
    "n": 68
  },
  "EURC": {
    "mean": 6.147559529759076,
    "std": 5.361401561922815,
    "n": 131
  },
  "NHPC": {
    "mean": 0.0,
    "std": 0.0,
    "n": 18
  },
  "PSYC": {
    "mean": 10.401597641072755,
    "std": 4.957096777610133,
    "n": 281
  },
  "JNO": {
    "mean": 8.931485129902235,
    "std": 4.543897983403092,
    "n": 665
  },
  "MSL": {
    "mean": 0.25175091407454303,
    "std": 1.1269330558194341,
    "n": 63
  },
  "M20": {
    "mean": 0.38341849870917255,
    "std": 1.3555891023481068,
    "n": 54
  },
  "CGO": {
    "mean": 9.923393418066286,
    "std": 5.677671957590241,
    "n": 115
  },
  "BIOS": {
    "mean": 7.475687476382571,
    "std": 3.4038750077057762,
    "n": 35
  },
  "SGP": {
    "mean": 0.0,
    "std": 0.0,
    "n": 34
  },
  "DSCO": {
    "mean": 4.244373236265502,
    "std": 4.9009800609982594,
    "n": 14
  },
  "THB": {
    "mean": 8.963650329962011,
    "std": 5.202589018834858,
    "n": 44
  },
  "MMX": {
    "mean": 5.125630207147106,
    "std": 4.898461512253476,
    "n": 45
  },
  "RST": {
    "mean": 8.091586331914513,
    "std": 5.869664019498173,
    "n": 19
  },
  "XMM": {
    "mean": 10.096105009505944,
    "std": 3.4834871754517813,
    "n": 47
  },
  "TEST": {
    "mean": 0.0,
    "std": 0.0,
    "n": 35
  },
  "MEX": {
    "mean": 9.286634546249735,
    "std": 4.918249063499639,
    "n": 23
  },
  "BEPI": {
    "mean": 6.2961023683473805,
    "std": 3.365408276344554,
    "n": 9
  },
  "HYB2": {
    "mean": 0.0,
    "std": 0.0,
    "n": 4
  }
}