{
  "ACE": {
    "mean": 8.444781002030153,
    "std": 4.902910995030047,
    "n": 550
  },
  "DSN": {
    "mean": 0.0,
    "std": 0.0,
    "n": 8490
  },
  "DSS": {
    "mean": 0.0,
    "std": 0.0,
    "n": 1690
  },
  "JWST": {
    "mean": 11.272845406790944,
    "std": 5.993951072771077,
    "n": 1251
  },
  "KPLO": {
    "mean": 8.737851703869321,
    "std": 6.25668133094781,
    "n": 1049
  },
  "LUCY": {
    "mean": 9.095407992043576,
    "std": 4.012697278738058,
    "n": 752
  },
  "M01O": {
    "mean": 7.877578424972212,
    "std": 4.331922146461042,
    "n": 2126
  },
  "MMS2": {
    "mean": 12.086705004562939,
    "std": 5.5144388087847025,
    "n": 250
  },
  "ORX": {
    "mean": 3.9916175633757613,
    "std": 6.2458392541817735,
    "n": 562
  },
  "SOHO": {
    "mean": 10.422297476476064,
    "std": 4.476281543675655,
    "n": 1734
  },
  "SPP": {
    "mean": 8.94390484805684,
    "std": 4.535668572465043,
    "n": 958
  },
  "VGR2": {
    "mean": 4.127281868844017,
    "std": 1.9179033686497096,
    "n": 850
  },
  "CAPS": {
    "mean": 9.0464926723707,
    "std": 5.5932289385976155,
    "n": 286
  },
  "MRO": {
    "mean": 11.151149429279332,
    "std": 5.853732062500519,
    "n": 879
  },
  "STA": {
    "mean": 10.500197885891563,
    "std": 5.31094573189018,
    "n": 634
  },
  "IMAP": {
    "mean": 10.606445069759024,
    "std": 5.533151840768121,
    "n": 346
  },
  "MMS3": {
    "mean": 11.593193538026636,
    "std": 5.903815586523125,
    "n": 248
  },
  "TGO": {
    "mean": 10.366293035115964,
    "std": 5.184497118456857,
    "n": 291
  },
  "TDR8": {
    "mean": 6.839711603308979,
    "std": 3.15492915596383,
    "n": 114
  },
  "MMS4": {
    "mean": 12.026772688572809,
    "std": 5.591509890398903,
    "n": 231
  },
  "WIND": {
    "mean": 7.911633546266544,
    "std": 4.193076533053332,
    "n": 472
  },
  "ESCB": {
    "mean": 7.767670390414693,
    "std": 3.4105913998967927,
    "n": 298
  },
  "THC": {
    "mean": 8.193392562835303,
    "std": 5.613047573066228,
    "n": 139
  },
  "CHDR": {
    "mean": 8.165314171569777,
    "std": 6.881201995336543,
    "n": 578
  },
  "MMS1": {
    "mean": 10.666226719923413,
    "std": 6.386916701574475,
    "n": 277
  },
  "ESCG": {
    "mean": 7.657073908505103,
    "std": 3.669313767192658,
    "n": 315
  },
  "VGR1": {
    "mean": 4.416408111768438,
    "std": 1.7072014131759485,
    "n": 926
  },
  "DSSR": {
    "mean": 0.0,
    "std": 0.0,
    "n": 155
  },
  "LRO": {
    "mean": 10.814853305756422,
    "std": 6.538731186381039,
    "n": 559
  },
  "SWFO": {
    "mean": 0.2711797948432213,
    "std": 1.474666402211869,
    "n": 214
  },
  "GBRA": {
    "mean": 0.0,
    "std": 0.0,
    "n": 506
  },
  "EMM": {
    "mean": 10.220441761766253,
    "std": 4.725079535760229,
    "n": 142
  },
  "TESS": {
    "mean": 9.580617287688693,
    "std": 6.389424036335485,
    "n": 173
  },
  "EURC": {
    "mean": 7.048023961981187,
    "std": 5.103005027892985,
    "n": 293
  },
  "NHPC": {
    "mean": 0.0,
    "std": 0.0,
    "n": 36
  },
  "PSYC": {
    "mean": 9.621695223816792,
    "std": 5.481544133087016,
    "n": 600
  },
  "JNO": {
    "mean": 8.984281767785962,
    "std": 4.375253146303563,
    "n": 1238
  },
  "MSL": {
    "mean": 0.24836408356673606,
    "std": 1.1111895918040897,
    "n": 168
  },
  "M20": {
    "mean": 0.42176034858008976,
    "std": 1.4160554098899794,
    "n": 135
  },
  "CGO": {
    "mean": 10.283734249788008,
    "std": 5.5984903980633085,
    "n": 212
  },
  "BIOS": {
    "mean": 6.887781256825024,
    "std": 3.822386500483628,
    "n": 68
  },
  "SGP": {
    "mean": 0.0,
    "std": 0.0,
    "n": 34
  },
  "DSCO": {
    "mean": 4.951768775643087,
    "std": 4.951768775643087,
    "n": 42
  },
  "THB": {
    "mean": 8.120803425503418,
    "std": 5.622722137669865,
    "n": 109
  },
  "MMX": {
    "mean": 6.447047574555721,
    "std": 4.86009682234796,
    "n": 75
  },
  "RST": {
    "mean": 6.771292771997224,
    "std": 5.938614102744261,
    "n": 42
  },
  "XMM": {
    "mean": 10.478006574044688,
    "std": 2.9312374535648464,
    "n": 124
  },
  "TEST": {
    "mean": 0.0,
    "std": 0.0,
    "n": 144
  },
  "MEX": {
    "mean": 9.434773246287115,
    "std": 4.666915418123494,
    "n": 41
  },
  "BEPI": {
    "mean": 2.2665968526050566,
    "std": 3.6346409384521188,
    "n": 25
  },
  "HYB2": {
    "mean": 2.284173094322301,
    "std": 2.6197622853217655,
    "n": 64
  },
  "HCRA": {
    "mean": 0.0,
    "std": 0.0,
    "n": 43
  },
  "EGS": {
    "mean": 0.0,
    "std": 0.0,
    "n": 16
  }
}