{
  "ACE": {
    "mean": 7.422478375699643,
    "std": 5.4206117854815075,
    "n": 23
  },
  "DSN": {
    "mean": 0.0,
    "std": 0.0,
    "n": 198
  },
  "DSS": {
    "mean": 0.0,
    "std": 0.0,
    "n": 80
  },
  "JWST": {
    "mean": 15.310088087336348,
    "std": 5.303570437482576,
    "n": 28
  },
  "KPLO": {
    "mean": 5.256256159646015,
    "std": 5.833820707543797,
    "n": 31
  },
  "LUCY": {
    "mean": 11.042937835596492,
    "std": 2.3498992183808822e-15,
    "n": 8
  },
  "M01O": {
    "mean": 8.602670452051534,
    "std": 3.065463272216972,
    "n": 45
  },
  "MMS2": {
    "mean": 10.875564572238716,
    "std": 6.285383334759951,
    "n": 4
  },
  "ORX": {
    "mean": 5.720223597841123,
    "std": 6.7682598363994435,
    "n": 12
  },
  "SOHO": {
    "mean": 10.132471464860455,
    "std": 4.806253223343264,
    "n": 49
  },
  "SPP": {
    "mean": 6.124302173692139,
    "std": 1.277005279255886,
    "n": 24
  },
  "VGR2": {
    "mean": 4.490528943219147,
    "std": 1.6288860520517152,
    "n": 43
  },
  "CAPS": {
    "mean": 7.26421303399404,
    "std": 6.13938055293441,
    "n": 12
  },
  "MRO": {
    "mean": 10.44106065854629,
    "std": 6.11933635914884,
    "n": 47
  },
  "STA": {
    "mean": 4.358124954445886,
    "std": 6.163324975661881,
    "n": 15
  },
  "IMAP": {
    "mean": 11.681851758298873,
    "std": 4.581999236189549,
    "n": 15
  },
  "MMS3": {
    "mean": 8.022088519587522,
    "std": 6.947332449370293,
    "n": 7
  },
  "TGO": {
    "mean": 11.8575359586118,
    "std": 4.234749146767406,
    "n": 9
  },
  "TDR8": {
    "mean": 5.628274734581695,
    "std": 3.873644335977603,
    "n": 28
  },
  "MMS4": {
    "mean": 14.731801689838349,
    "std": 0.0,
    "n": 4
  },
  "WIND": {
    "mean": 7.17087296098777,
    "std": 3.3803819670651323,
    "n": 11
  },
  "ESCB": {
    "mean": 7.114963101839682,
    "std": 3.649899059186077,
    "n": 24
  },
  "THC": {
    "mean": 9.617532833982262,
    "std": 5.625208682398356,
    "n": 8
  },
  "CHDR": {
    "mean": 6.993891310327608,
    "std": 6.993891310327607,
    "n": 10
  },
  "MMS1": {
    "mean": 8.418172394193343,
    "std": 7.290351146808303,
    "n": 7
  },
  "ESCG": {
    "mean": 7.998710846184679,
    "std": 3.9993554230923385,
    "n": 5
  },
  "VGR1": {
    "mean": 4.446228819361406,
    "std": 1.6805165325883717,
    "n": 8
  },
  "DSSR": {
    "mean": 0.0,
    "std": 0.0,
    "n": 6
  },
  "LRO": {
    "mean": 8.920578533315334,
    "std": 5.1502984175368045,
    "n": 4
  },
  "SWFO": {
    "mean": 0.0,
    "std": 0.0,
    "n": 1
  },
  "GBRA": {
    "mean": 0.0,
    "std": 0.0,
    "n": 7
  },
  "EMM": {
    "mean": 11.269348936844743,
    "std": 3.563681038762641,
    "n": 11
  },
  "TESS": {
    "mean": 4.840203249634437,
    "std": 4.840203249634437,
    "n": 4
  },
  "EURC": {
    "mean": 7.7168551781482515,
    "std": 5.403870672318825,
    "n": 4
  }
}