{
  "ACE": {
    "mean": 6.589080497047481,
    "std": 5.619186728602832,
    "n": 19
  },
  "DSN": {
    "mean": 0.0,
    "std": 0.0,
    "n": 186
  },
  "DSS": {
    "mean": 0.0,
    "std": 0.0,
    "n": 72
  },
  "JWST": {
    "mean": 15.310088087336348,
    "std": 5.303570437482576,
    "n": 28
  },
  "KPLO": {
    "mean": 4.6999925669799705,
    "std": 6.0561854777933934,
    "n": 27
  },
  "LUCY": {
    "mean": 11.042937835596492,
    "std": 2.3498992183808822e-15,
    "n": 8
  },
  "M01O": {
    "mean": 8.602670452051534,
    "std": 3.065463272216972,
    "n": 45
  },
  "MMS2": {
    "mean": 10.875564572238716,
    "std": 6.285383334759951,
    "n": 4
  },
  "ORX": {
    "mean": 5.720223597841123,
    "std": 6.7682598363994435,
    "n": 12
  },
  "SOHO": {
    "mean": 9.929822035563246,
    "std": 4.964911017781619,
    "n": 45
  },
  "SPP": {
    "mean": 6.112725042929015,
    "std": 1.3032373580373458,
    "n": 23
  },
  "VGR2": {
    "mean": 4.429926335858603,
    "std": 1.6987992042158242,
    "n": 39
  },
  "CAPS": {
    "mean": 7.26421303399404,
    "std": 6.13938055293441,
    "n": 12
  },
  "MRO": {
    "mean": 10.44106065854629,
    "std": 6.11933635914884,
    "n": 47
  },
  "STA": {
    "mean": 4.358124954445886,
    "std": 6.163324975661881,
    "n": 15
  },
  "IMAP": {
    "mean": 11.681851758298873,
    "std": 4.581999236189549,
    "n": 15
  },
  "MMS3": {
    "mean": 8.022088519587522,
    "std": 6.947332449370293,
    "n": 7
  },
  "TGO": {
    "mean": 13.109820359457137,
    "std": 0.5569977786728474,
    "n": 6
  },
  "TDR8": {
    "mean": 5.836729354381017,
    "std": 3.7873701224933076,
    "n": 27
  },
  "MMS4": {
    "mean": 14.731801689838349,
    "std": 0.0,
    "n": 4
  },
  "WIND": {
    "mean": 7.17087296098777,
    "std": 3.3803819670651323,
    "n": 11
  },
  "ESCB": {
    "mean": 7.114963101839682,
    "std": 3.649899059186077,
    "n": 24
  },
  "THC": {
    "mean": 8.31781855587896,
    "std": 6.791470420581458,
    "n": 5
  },
  "CHDR": {
    "mean": 6.993891310327608,
    "std": 6.993891310327607,
    "n": 10
  },
  "MMS1": {
    "mean": 8.418172394193343,
    "std": 7.290351146808303,
    "n": 7
  },
  "ESCG": {
    "mean": 7.998710846184679,
    "std": 3.9993554230923385,
    "n": 5
  },
  "VGR1": {
    "mean": 4.446228819361406,
    "std": 1.6805165325883717,
    "n": 8
  },
  "DSSR": {
    "mean": 0.0,
    "std": 0.0,
    "n": 6
  },
  "LRO": {
    "mean": 8.920578533315334,
    "std": 5.1502984175368045,
    "n": 4
  },
  "SWFO": {
    "mean": 0.0,
    "std": 0.0,
    "n": 1
  },
  "GBRA": {
    "mean": 0.0,
    "std": 0.0,
    "n": 7
  },
  "EMM": {
    "mean": 10.625386140453617,
    "std": 4.337795727358612,
    "n": 7
  },
  "TESS": {
    "mean": 3.2268021664229583,
    "std": 4.563387386850232,
    "n": 3
  }
}