{
  "ACE": {
    "mean": 11.38114364947859,
    "std": 7.170114004970143e-05,
    "n": 9
  },
  "DSN": {
    "mean": 0.0,
    "std": 0.0,
    "n": 33
  },
  "DSS": {
    "mean": 0.0,
    "std": 0.0,
    "n": 11
  },
  "JWST": {
    "mean": 17.14771510385376,
    "std": 3.552713678800501e-15,
    "n": 11
  },
  "KPLO": {
    "mean": 1.4505069853734178,
    "std": 4.586905835764542,
    "n": 11
  },
  "LUCY": {
    "mean": 11.042937835596492,
    "std": 2.3498992183808822e-15,
    "n": 8
  },
  "M01O": {
    "mean": 9.5624750243727,
    "std": 2.6238529424773432e-15,
    "n": 11
  },
  "MMS2": {
    "mean": 7.019327454639082,
    "std": 7.019327454639082,
    "n": 2
  },
  "ORX": {
    "mean": 0.0,
    "std": 0.0,
    "n": 2
  },
  "SOHO": {
    "mean": 10.343564620378372,
    "std": 4.625782724165569,
    "n": 12
  },
  "SPP": {
    "mean": 6.390576181243971,
    "std": 0.0,
    "n": 11
  },
  "VGR2": {
    "mean": 4.157456179443096,
    "std": 1.9598436459384059,
    "n": 11
  },
  "CAPS": {
    "mean": 6.918298127613372,
    "std": 6.187913960781207,
    "n": 9
  },
  "MRO": {
    "mean": 4.6207961858267685,
    "std": 6.534904723913339,
    "n": 9
  },
  "STA": {
    "mean": 0.0,
    "std": 0.0,
    "n": 3
  },
  "IMAP": {
    "mean": 0.0,
    "std": 0.0,
    "n": 1
  }
}