{
  "ACE": {
    "mean": 8.46604753041713,
    "std": 4.901380654102467,
    "n": 636
  },
  "DSN": {
    "mean": 0.0,
    "std": 0.0,
    "n": 9877
  },
  "DSS": {
    "mean": 0.0,
    "std": 0.0,
    "n": 1912
  },
  "JWST": {
    "mean": 11.390617780337147,
    "std": 5.983143614270901,
    "n": 1478
  },
  "KPLO": {
    "mean": 8.582028352496762,
    "std": 6.165914212501828,
    "n": 1194
  },
  "LUCY": {
    "mean": 9.04515725518409,
    "std": 3.9833550111861578,
    "n": 812
  },
  "M01O": {
    "mean": 7.928436319839017,
    "std": 4.286077629117177,
    "n": 2408
  },
  "MMS2": {
    "mean": 11.799051686975051,
    "std": 5.755295059528221,
    "n": 297
  },
  "ORX": {
    "mean": 4.130676287970735,
    "std": 6.308217634835033,
    "n": 653
  },
  "SOHO": {
    "mean": 10.413684360319513,
    "std": 4.494995219856569,
    "n": 2006
  },
  "SPP": {
    "mean": 9.091711169971845,
    "std": 4.626908573701006,
    "n": 1151
  },
  "VGR2": {
    "mean": 4.17835635425676,
    "std": 1.8797838368712365,
    "n": 963
  },
  "CAPS": {
    "mean": 9.041464724668586,
    "std": 5.585074295375424,
    "n": 319
  },
  "MRO": {
    "mean": 11.173246111820582,
    "std": 5.823489036886308,
    "n": 1030
  },
  "STA": {
    "mean": 10.550484789794957,
    "std": 5.270107601735639,
    "n": 722
  },
  "IMAP": {
    "mean": 10.540004371271197,
    "std": 5.579423599297152,
    "n": 393
  },
  "MMS3": {
    "mean": 11.741247874338468,
    "std": 5.799955182828129,
    "n": 291
  },
  "TGO": {
    "mean": 10.361267729454124,
    "std": 5.18191769355202,
    "n": 346
  },
  "TDR8": {
    "mean": 7.014025107082547,
    "std": 2.9972898409743474,
    "n": 136
  },
  "MMS4": {
    "mean": 11.937117618248639,
    "std": 5.664049811541441,
    "n": 267
  },
  "WIND": {
    "mean": 7.815159132224089,
    "std": 4.183864646180566,
    "n": 545
  },
  "ESCB": {
    "mean": 7.76463747223539,
    "std": 3.438556880516401,
    "n": 363
  },
  "THC": {
    "mean": 8.094511503054267,
    "std": 5.6187009703980415,
    "n": 152
  },
  "CHDR": {
    "mean": 8.15234549500068,
    "std": 6.880206648367874,
    "n": 666
  },
  "MMS1": {
    "mean": 10.785842821194933,
    "std": 6.338168963957133,
    "n": 320
  },
  "ESCG": {
    "mean": 7.622566835900113,
    "std": 3.6549578881159683,
    "n": 358
  },
  "VGR1": {
    "mean": 4.33180367300373,
    "std": 1.7902140090887413,
    "n": 1081
  },
  "DSSR": {
    "mean": 0.0,
    "std": 0.0,
    "n": 204
  },
  "LRO": {
    "mean": 10.817397325189608,
    "std": 6.404024982798625,
    "n": 652
  },
  "SWFO": {
    "mean": 0.24590032244258211,
    "std": 1.4064623909811713,
    "n": 236
  },
  "GBRA": {
    "mean": 0.0,
    "std": 0.0,
    "n": 541
  },
  "EMM": {
    "mean": 10.18593852307624,
    "std": 4.753681458685461,
    "n": 151
  },
  "TESS": {
    "mean": 9.703372796364341,
    "std": 6.512023992797841,
    "n": 201
  },
  "EURC": {
    "mean": 7.067286670799746,
    "std": 4.866294390829584,
    "n": 361
  },
  "NHPC": {
    "mean": 3.0393762323985434,
    "std": 2.876813034194495,
    "n": 231
  },
  "PSYC": {
    "mean": 9.589860742489934,
    "std": 5.502060818156504,
    "n": 630
  },
  "JNO": {
    "mean": 8.991794464368388,
    "std": 4.308716173433482,
    "n": 1406
  },
  "MSL": {
    "mean": 0.27554214552571066,
    "std": 1.1661796172817924,
    "n": 189
  },
  "M20": {
    "mean": 0.39816536404414066,
    "std": 1.3792852806772187,
    "n": 182
  },
  "CGO": {
    "mean": 10.317405840078965,
    "std": 5.576596008098267,
    "n": 248
  },
  "BIOS": {
    "mean": 7.029239327153974,
    "std": 3.7259097904270746,
    "n": 73
  },
  "SGP": {
    "mean": 0.0,
    "std": 0.0,
    "n": 111
  },
  "DSCO": {
    "mean": 4.841729469517685,
    "std": 4.950545965703306,
    "n": 45
  },
  "THB": {
    "mean": 8.165087193160534,
    "std": 5.574468787416359,
    "n": 127
  },
  "MMX": {
    "mean": 6.447047574555721,
    "std": 4.86009682234796,
    "n": 75
  },
  "RST": {
    "mean": 6.771292771997224,
    "std": 5.938614102744261,
    "n": 42
  },
  "XMM": {
    "mean": 10.49102250883873,
    "std": 2.909686122370264,
    "n": 126
  },
  "TEST": {
    "mean": 0.0,
    "std": 0.0,
    "n": 194
  },
  "MEX": {
    "mean": 9.817453080856374,
    "std": 4.3042786535186215,
    "n": 50
  },
  "BEPI": {
    "mean": 2.420109767318459,
    "std": 3.567173330124926,
    "n": 28
  },
  "HYB2": {
    "mean": 4.110577370432736,
    "std": 3.2163631717832444,
    "n": 419
  },
  "HCRA": {
    "mean": 0.0,
    "std": 0.0,
    "n": 48
  },
  "EGS": {
    "mean": 0.0,
    "std": 0.0,
    "n": 16
  }
}