{
  "ACE": {
    "mean": 8.180189472431032,
    "std": 5.117062244342562,
    "n": 32
  },
  "DSN": {
    "mean": 0.0,
    "std": 0.0,
    "n": 361
  },
  "DSS": {
    "mean": 0.0,
    "std": 0.0,
    "n": 159
  },
  "JWST": {
    "mean": 13.298676183074072,
    "std": 5.705968721048818,
    "n": 41
  },
  "KPLO": {
    "mean": 5.596005338813355,
    "std": 5.446407663791242,
    "n": 42
  },
  "LUCY": {
    "mean": 10.147564497575154,
    "std": 3.0142758163414105,
    "n": 37
  },
  "M01O": {
    "mean": 8.328243034086416,
    "std": 3.674407009382468,
    "n": 69
  },
  "MMS2": {
    "mean": 10.423694524090223,
    "std": 6.596686430710676,
    "n": 7
  },
  "ORX": {
    "mean": 6.043271439170355,
    "std": 6.853798235382321,
    "n": 16
  },
  "SOHO": {
    "mean": 10.39947578048852,
    "std": 4.575159362829235,
    "n": 74
  },
  "SPP": {
    "mean": 7.745223089151748,
    "std": 3.5878290227513308,
    "n": 42
  },
  "VGR2": {
    "mean": 4.536957088182797,
    "std": 1.5716480398476447,
    "n": 56
  },
  "CAPS": {
    "mean": 7.26421303399404,
    "std": 6.13938055293441,
    "n": 12
  },
  "MRO": {
    "mean": 10.090907250192789,
    "std": 6.298036337058136,
    "n": 50
  },
  "STA": {
    "mean": 6.649723708907697,
    "std": 6.651314116632824,
    "n": 22
  },
  "IMAP": {
    "mean": 11.028321590002433,
    "std": 5.198800654264485,
    "n": 22
  },
  "MMS3": {
    "mean": 8.36250205888564,
    "std": 7.072458209579446,
    "n": 12
  },
  "TGO": {
    "mean": 11.624224159896103,
    "std": 4.425831602114742,
    "n": 16
  },
  "TDR8": {
    "mean": 6.665062185688846,
    "std": 3.295294939860278,
    "n": 56
  },
  "MMS4": {
    "mean": 11.458067980985383,
    "std": 6.1245949570302765,
    "n": 9
  },
  "WIND": {
    "mean": 6.793819340998678,
    "std": 3.8327165937666816,
    "n": 21
  },
  "ESCB": {
    "mean": 7.114963101839682,
    "std": 3.649899059186077,
    "n": 24
  },
  "THC": {
    "mean": 9.617532833982262,
    "std": 5.625208682398356,
    "n": 8
  },
  "CHDR": {
    "mean": 6.689809079443798,
    "std": 6.987277700044325,
    "n": 23
  },
  "MMS1": {
    "mean": 9.8212011265589,
    "std": 6.944637915986757,
    "n": 9
  },
  "ESCG": {
    "mean": 7.610398463773187,
    "std": 3.8301399270794323,
    "n": 10
  },
  "VGR1": {
    "mean": 4.516803879986191,
    "std": 1.5969313264139706,
    "n": 18
  },
  "DSSR": {
    "mean": 0.0,
    "std": 0.0,
    "n": 14
  },
  "LRO": {
    "mean": 8.808480288756181,
    "std": 6.501704187639039,
    "n": 6
  },
  "SWFO": {
    "mean": 0.0,
    "std": 0.0,
    "n": 9
  },
  "GBRA": {
    "mean": 0.0,
    "std": 0.0,
    "n": 16
  },
  "EMM": {
    "mean": 11.269348936844743,
    "std": 3.563681038762641,
    "n": 11
  },
  "TESS": {
    "mean": 4.840203249634437,
    "std": 4.840203249634437,
    "n": 4
  },
  "EURC": {
    "mean": 6.173484142518602,
    "std": 5.734930793741121,
    "n": 5
  },
  "NHPC": {
    "mean": 0.0,
    "std": 0.0,
    "n": 5
  },
  "PSYC": {
    "mean": 10.097561408969591,
    "std": 5.214358289899458,
    "n": 19
  },
  "JNO": {
    "mean": 9.045436669952625,
    "std": 4.604236967706996,
    "n": 25
  },
  "MSL": {
    "mean": 0.0,
    "std": 0.0,
    "n": 5
  },
  "M20": {
    "mean": 0.0,
    "std": 0.0,
    "n": 9
  },
  "CGO": {
    "mean": 6.049982052265153,
    "std": 5.314335654992488,
    "n": 5
  },
  "BIOS": {
    "mean": 4.494472645598045,
    "std": 4.494472645598045,
    "n": 4
  }
}