{
  "ACE": {
    "mean": 8.44950424136694,
    "std": 4.908206582267125,
    "n": 613
  },
  "DSN": {
    "mean": 0.0,
    "std": 0.0,
    "n": 9249
  },
  "DSS": {
    "mean": 0.0,
    "std": 0.0,
    "n": 1836
  },
  "JWST": {
    "mean": 11.434248853125718,
    "std": 6.019744800572971,
    "n": 1427
  },
  "KPLO": {
    "mean": 8.573337624761521,
    "std": 6.1931926865675555,
    "n": 1172
  },
  "LUCY": {
    "mean": 9.053164701182702,
    "std": 3.980152180280576,
    "n": 808
  },
  "M01O": {
    "mean": 7.924709615218913,
    "std": 4.288046755406062,
    "n": 2350
  },
  "MMS2": {
    "mean": 11.90433101120086,
    "std": 5.665797276424352,
    "n": 282
  },
  "ORX": {
    "mean": 4.251392584037027,
    "std": 6.359630922088173,
    "n": 628
  },
  "SOHO": {
    "mean": 10.436282674927202,
    "std": 4.471459789390782,
    "n": 1941
  },
  "SPP": {
    "mean": 9.166991486712279,
    "std": 4.621260980214747,
    "n": 1131
  },
  "VGR2": {
    "mean": 4.170946287017506,
    "std": 1.8849346860031713,
    "n": 944
  },
  "CAPS": {
    "mean": 9.074035437697551,
    "std": 5.569566438707983,
    "n": 311
  },
  "MRO": {
    "mean": 11.192031035433263,
    "std": 5.810722872170832,
    "n": 989
  },
  "STA": {
    "mean": 10.546047972638236,
    "std": 5.277117191554695,
    "n": 695
  },
  "IMAP": {
    "mean": 10.528699385508581,
    "std": 5.585562343994482,
    "n": 378
  },
  "MMS3": {
    "mean": 11.712372684911482,
    "std": 5.821720757040528,
    "n": 278
  },
  "TGO": {
    "mean": 10.388660871432219,
    "std": 5.165936885738539,
    "n": 329
  },
  "TDR8": {
    "mean": 6.912441003586394,
    "std": 3.0913428842208104,
    "n": 120
  },
  "MMS4": {
    "mean": 12.00034160406038,
    "std": 5.608000971353169,
    "n": 257
  },
  "WIND": {
    "mean": 7.830736413343852,
    "std": 4.187417181884309,
    "n": 527
  },
  "ESCB": {
    "mean": 7.76463747223539,
    "std": 3.438556880516401,
    "n": 363
  },
  "THC": {
    "mean": 8.104053890379554,
    "std": 5.622679116121541,
    "n": 149
  },
  "CHDR": {
    "mean": 8.222346647752193,
    "std": 6.868405817061857,
    "n": 640
  },
  "MMS1": {
    "mean": 10.830866192107038,
    "std": 6.3001806842760875,
    "n": 309
  },
  "ESCG": {
    "mean": 7.6439185637317655,
    "std": 3.637708849120593,
    "n": 357
  },
  "VGR1": {
    "mean": 4.377347938287688,
    "std": 1.745835470108534,
    "n": 1046
  },
  "DSSR": {
    "mean": 0.0,
    "std": 0.0,
    "n": 204
  },
  "LRO": {
    "mean": 10.834415611751934,
    "std": 6.4049796427018935,
    "n": 645
  },
  "SWFO": {
    "mean": 0.25231511346282337,
    "std": 1.424121296896639,
    "n": 230
  },
  "GBRA": {
    "mean": 0.0,
    "std": 0.0,
    "n": 541
  },
  "EMM": {
    "mean": 10.18593852307624,
    "std": 4.753681458685461,
    "n": 151
  },
  "TESS": {
    "mean": 9.853008782417568,
    "std": 6.4992558188539435,
    "n": 195
  },
  "EURC": {
    "mean": 7.08717945218389,
    "std": 4.963568100720077,
    "n": 336
  },
  "NHPC": {
    "mean": 2.921301395627611,
    "std": 2.72530475889869,
    "n": 181
  },
  "PSYC": {
    "mean": 9.569411006331013,
    "std": 5.5136415973773865,
    "n": 626
  },
  "JNO": {
    "mean": 8.99971212190783,
    "std": 4.342849599211786,
    "n": 1344
  },
  "MSL": {
    "mean": 0.27848912034416745,
    "std": 1.1720492248333116,
    "n": 187
  },
  "M20": {
    "mean": 0.41647181756341145,
    "std": 1.4079317143529417,
    "n": 174
  },
  "CGO": {
    "mean": 10.390968450974999,
    "std": 5.546747385468396,
    "n": 238
  },
  "BIOS": {
    "mean": 7.029239327153974,
    "std": 3.7259097904270746,
    "n": 73
  },
  "SGP": {
    "mean": 0.0,
    "std": 0.0,
    "n": 34
  },
  "DSCO": {
    "mean": 4.841729469517685,
    "std": 4.950545965703306,
    "n": 45
  },
  "THB": {
    "mean": 8.141870177392011,
    "std": 5.5904266470201875,
    "n": 126
  },
  "MMX": {
    "mean": 6.447047574555721,
    "std": 4.86009682234796,
    "n": 75
  },
  "RST": {
    "mean": 6.771292771997224,
    "std": 5.938614102744261,
    "n": 42
  },
  "XMM": {
    "mean": 10.478006574044688,
    "std": 2.9312374535648464,
    "n": 124
  },
  "TEST": {
    "mean": 0.0,
    "std": 0.0,
    "n": 194
  },
  "MEX": {
    "mean": 9.817453080856374,
    "std": 4.3042786535186215,
    "n": 50
  },
  "BEPI": {
    "mean": 2.420109767318459,
    "std": 3.567173330124926,
    "n": 28
  },
  "HYB2": {
    "mean": 3.849477213436204,
    "std": 3.036808379315653,
    "n": 321
  },
  "HCRA": {
    "mean": 0.0,
    "std": 0.0,
    "n": 48
  },
  "EGS": {
    "mean": 0.0,
    "std": 0.0,
    "n": 16
  }
}