{
  "ACE": {
    "mean": 8.616618166310914,
    "std": 4.8628500924892295,
    "n": 183
  },
  "DSN": {
    "mean": 0.0,
    "std": 0.0,
    "n": 3279
  },
  "DSS": {
    "mean": 0.0,
    "std": 0.0,
    "n": 1083
  },
  "JWST": {
    "mean": 10.931689469797757,
    "std": 5.9606054701170414,
    "n": 364
  },
  "KPLO": {
    "mean": 8.421934511046281,
    "std": 6.584260606203671,
    "n": 355
  },
  "LUCY": {
    "mean": 9.539152657457183,
    "std": 3.793064408812616,
    "n": 337
  },
  "M01O": {
    "mean": 8.393622648948353,
    "std": 3.885164464162025,
    "n": 609
  },
  "MMS2": {
    "mean": 11.98405721802003,
    "std": 5.584326909513649,
    "n": 73
  },
  "ORX": {
    "mean": 4.340723143333826,
    "std": 6.383224858848556,
    "n": 117
  },
  "SOHO": {
    "mean": 10.228752786128165,
    "std": 4.724874676715225,
    "n": 472
  },
  "SPP": {
    "mean": 8.665915275007832,
    "std": 4.237204404326526,
    "n": 345
  },
  "VGR2": {
    "mean": 4.31234801333109,
    "std": 1.7351188294582893,
    "n": 274
  },
  "CAPS": {
    "mean": 8.343006793875709,
    "std": 5.902666425660977,
    "n": 93
  },
  "MRO": {
    "mean": 11.681040286404185,
    "std": 5.604357897786834,
    "n": 344
  },
  "STA": {
    "mean": 10.292317622760683,
    "std": 5.441666806768039,
    "n": 197
  },
  "IMAP": {
    "mean": 10.583627796188996,
    "std": 5.545604760106646,
    "n": 130
  },
  "MMS3": {
    "mean": 11.656137445664273,
    "std": 5.727163149501001,
    "n": 67
  },
  "TGO": {
    "mean": 10.529698791321765,
    "std": 5.022228824019938,
    "n": 65
  },
  "TDR8": {
    "mean": 6.839711603308979,
    "std": 3.15492915596383,
    "n": 114
  },
  "MMS4": {
    "mean": 12.048372959843704,
    "std": 5.518496366621658,
    "n": 52
  },
  "WIND": {
    "mean": 7.95718114972408,
    "std": 4.081431641027656,
    "n": 163
  },
  "ESCB": {
    "mean": 8.123195304241992,
    "std": 3.2043045232084295,
    "n": 101
  },
  "THC": {
    "mean": 8.58390175349225,
    "std": 5.430293383342242,
    "n": 60
  },
  "CHDR": {
    "mean": 7.8446822838668115,
    "std": 6.934181905074241,
    "n": 171
  },
  "MMS1": {
    "mean": 10.450867149363942,
    "std": 6.464293024155269,
    "n": 76
  },
  "ESCG": {
    "mean": 8.211184175608677,
    "std": 3.1049429823674495,
    "n": 132
  },
  "VGR1": {
    "mean": 4.5245381332053345,
    "std": 1.587312981355281,
    "n": 219
  },
  "DSSR": {
    "mean": 0.0,
    "std": 0.0,
    "n": 68
  },
  "LRO": {
    "mean": 10.391478400613474,
    "std": 6.80838946777604,
    "n": 119
  },
  "SWFO": {
    "mean": 0.0,
    "std": 0.0,
    "n": 62
  },
  "GBRA": {
    "mean": 0.0,
    "std": 0.0,
    "n": 191
  },
  "EMM": {
    "mean": 11.466562543239535,
    "std": 3.2650738565135717,
    "n": 40
  },
  "TESS": {
    "mean": 7.79242538266329,
    "std": 5.010170793347968,
    "n": 44
  },
  "EURC": {
    "mean": 5.613983411635755,
    "std": 5.494120046570652,
    "n": 95
  },
  "NHPC": {
    "mean": 0.0,
    "std": 0.0,
    "n": 15
  },
  "PSYC": {
    "mean": 9.7708271243467,
    "std": 5.4052656522347995,
    "n": 175
  },
  "JNO": {
    "mean": 9.806521878141435,
    "std": 3.8662296087871804,
    "n": 336
  },
  "MSL": {
    "mean": 0.12727891132469402,
    "std": 0.8346236364517667,
    "n": 44
  },
  "M20": {
    "mean": 0.39065281000557206,
    "std": 1.3672848350195017,
    "n": 53
  },
  "CGO": {
    "mean": 9.83673893107173,
    "std": 5.67165373123259,
    "n": 66
  },
  "BIOS": {
    "mean": 7.300921556125871,
    "std": 3.509447946156779,
    "n": 32
  },
  "SGP": {
    "mean": 0.0,
    "std": 0.0,
    "n": 34
  },
  "DSCO": {
    "mean": 4.951768775643085,
    "std": 4.951768775643084,
    "n": 10
  },
  "THB": {
    "mean": 8.954668836338687,
    "std": 5.089404640938011,
    "n": 37
  },
  "MMX": {
    "mean": 5.125630207147106,
    "std": 4.898461512253476,
    "n": 45
  },
  "RST": {
    "mean": 4.273278775786431,
    "std": 5.542383218646343,
    "n": 5
  },
  "XMM": {
    "mean": 10.806803399541693,
    "std": 2.3040182265601743,
    "n": 23
  },
  "TEST": {
    "mean": 0.0,
    "std": 0.0,
    "n": 17
  },
  "MEX": {
    "mean": 11.162196878066604,
    "std": 3.3979678769504145,
    "n": 12
  },
  "BEPI": {
    "mean": 6.2961023683473805,
    "std": 3.365408276344554,
    "n": 9
  },
  "HYB2": {
    "mean": 0.0,
    "std": 0.0,
    "n": 4
  }
}