{
  "ACE": {
    "mean": 8.520778958089283,
    "std": 4.895180633623231,
    "n": 391
  },
  "DSN": {
    "mean": 0.0,
    "std": 0.0,
    "n": 6273
  },
  "DSS": {
    "mean": 0.0,
    "std": 0.0,
    "n": 1384
  },
  "JWST": {
    "mean": 11.164543321953618,
    "std": 6.04932623687859,
    "n": 832
  },
  "KPLO": {
    "mean": 8.540428819947541,
    "std": 6.461435387474578,
    "n": 696
  },
  "LUCY": {
    "mean": 9.082104597491034,
    "std": 4.124203797779426,
    "n": 638
  },
  "M01O": {
    "mean": 7.974636208081404,
    "std": 4.275774936091224,
    "n": 1428
  },
  "MMS2": {
    "mean": 11.972859920194269,
    "std": 5.588548604310404,
    "n": 168
  },
  "ORX": {
    "mean": 3.781892718434065,
    "std": 6.133965696431892,
    "n": 334
  },
  "SOHO": {
    "mean": 10.227049943561777,
    "std": 4.638579764864146,
    "n": 1130
  },
  "SPP": {
    "mean": 8.781093528731343,
    "std": 4.4723419726931075,
    "n": 725
  },
  "VGR2": {
    "mean": 4.25122445517704,
    "std": 1.8171402929889502,
    "n": 575
  },
  "CAPS": {
    "mean": 8.970865212448679,
    "std": 5.626818976598164,
    "n": 195
  },
  "MRO": {
    "mean": 11.161884234749767,
    "std": 5.867875723297332,
    "n": 617
  },
  "STA": {
    "mean": 10.524181258994226,
    "std": 5.288078074942121,
    "n": 447
  },
  "IMAP": {
    "mean": 10.636720089252833,
    "std": 5.510106540004806,
    "n": 260
  },
  "MMS3": {
    "mean": 11.87666803686265,
    "std": 5.676081939509787,
    "n": 167
  },
  "TGO": {
    "mean": 10.055552882172512,
    "std": 5.348135841694868,
    "n": 191
  },
  "TDR8": {
    "mean": 6.839711603308979,
    "std": 3.15492915596383,
    "n": 114
  },
  "MMS4": {
    "mean": 12.001111253268634,
    "std": 5.626941086298166,
    "n": 150
  },
  "WIND": {
    "mean": 7.948735673782844,
    "std": 4.239479260530363,
    "n": 338
  },
  "ESCB": {
    "mean": 8.15365141516812,
    "std": 3.224113666488309,
    "n": 163
  },
  "THC": {
    "mean": 8.613388146882713,
    "std": 5.378589299241076,
    "n": 108
  },
  "CHDR": {
    "mean": 8.2103437778417,
    "std": 6.88220604131955,
    "n": 395
  },
  "MMS1": {
    "mean": 10.501129218576564,
    "std": 6.453535790646329,
    "n": 179
  },
  "ESCG": {
    "mean": 7.684914044402879,
    "std": 3.4926262139131423,
    "n": 232
  },
  "VGR1": {
    "mean": 4.432466958437305,
    "std": 1.6959142624778798,
    "n": 556
  },
  "DSSR": {
    "mean": 0.0,
    "std": 0.0,
    "n": 110
  },
  "LRO": {
    "mean": 10.555649548491159,
    "std": 6.729841805029729,
    "n": 339
  },
  "SWFO": {
    "mean": 0.30031794839662923,
    "std": 1.5488968875335907,
    "n": 138
  },
  "GBRA": {
    "mean": 0.0,
    "std": 0.0,
    "n": 378
  },
  "EMM": {
    "mean": 9.842546787315129,
    "std": 5.028153207500929,
    "n": 87
  },
  "TESS": {
    "mean": 9.597085644503432,
    "std": 6.386069101590135,
    "n": 112
  },
  "EURC": {
    "mean": 6.346610869726708,
    "std": 5.215633803638393,
    "n": 193
  },
  "NHPC": {
    "mean": 0.0,
    "std": 0.0,
    "n": 23
  },
  "PSYC": {
    "mean": 9.58372406405938,
    "std": 5.502977793586046,
    "n": 480
  },
  "JNO": {
    "mean": 8.973580470108033,
    "std": 4.5302839157174954,
    "n": 838
  },
  "MSL": {
    "mean": 0.16183987333363478,
    "std": 0.9115731962975565,
    "n": 98
  },
  "M20": {
    "mean": 0.40258942364463124,
    "std": 1.3862845644039656,
    "n": 90
  },
  "CGO": {
    "mean": 10.258260917650453,
    "std": 5.597148651961475,
    "n": 160
  },
  "BIOS": {
    "mean": 6.8571774360934326,
    "std": 3.8466699106995494,
    "n": 46
  },
  "SGP": {
    "mean": 0.0,
    "std": 0.0,
    "n": 34
  },
  "DSCO": {
    "mean": 4.951768775643087,
    "std": 4.951768775643086,
    "n": 28
  },
  "THB": {
    "mean": 8.411952234480681,
    "std": 5.504151850217482,
    "n": 81
  },
  "MMX": {
    "mean": 6.255844173683396,
    "std": 4.862816903973702,
    "n": 69
  },
  "RST": {
    "mean": 7.504568018465512,
    "std": 6.107700359240118,
    "n": 29
  },
  "XMM": {
    "mean": 10.247047163175289,
    "std": 3.281681488623191,
    "n": 86
  },
  "TEST": {
    "mean": 0.0,
    "std": 0.0,
    "n": 95
  },
  "MEX": {
    "mean": 9.155437514433327,
    "std": 4.828276118324093,
    "n": 37
  },
  "BEPI": {
    "mean": 3.777661421008428,
    "std": 4.038489931613466,
    "n": 15
  },
  "HYB2": {
    "mean": 0.0,
    "std": 0.0,
    "n": 14
  },
  "HCRA": {
    "mean": 0.0,
    "std": 0.0,
    "n": 30
  }
}