{
  "ACE": {
    "mean": 8.463341933476615,
    "std": 4.92384381572243,
    "n": 356
  },
  "DSN": {
    "mean": 0.0,
    "std": 0.0,
    "n": 5699
  },
  "DSS": {
    "mean": 0.0,
    "std": 0.0,
    "n": 1334
  },
  "JWST": {
    "mean": 11.112752628699573,
    "std": 6.060376728480067,
    "n": 746
  },
  "KPLO": {
    "mean": 8.581225661195152,
    "std": 6.545147190239842,
    "n": 600
  },
  "LUCY": {
    "mean": 9.040732857764368,
    "std": 4.167184131740725,
    "n": 611
  },
  "M01O": {
    "mean": 7.8976043332613735,
    "std": 4.302414715705697,
    "n": 1259
  },
  "MMS2": {
    "mean": 11.982321962276295,
    "std": 5.575219355220711,
    "n": 152
  },
  "ORX": {
    "mean": 3.867639888518144,
    "std": 6.176428623733782,
    "n": 284
  },
  "SOHO": {
    "mean": 10.373436305730742,
    "std": 4.598337440130104,
    "n": 956
  },
  "SPP": {
    "mean": 8.459232780338123,
    "std": 4.377428917674333,
    "n": 589
  },
  "VGR2": {
    "mean": 4.219088875610236,
    "std": 1.841632917084388,
    "n": 530
  },
  "CAPS": {
    "mean": 8.782624380421652,
    "std": 5.705782909033028,
    "n": 172
  },
  "MRO": {
    "mean": 11.15347812869876,
    "std": 5.877297125077278,
    "n": 587
  },
  "STA": {
    "mean": 10.50342652336188,
    "std": 5.312761470561231,
    "n": 403
  },
  "IMAP": {
    "mean": 10.43558455021548,
    "std": 5.643224733725681,
    "n": 221
  },
  "MMS3": {
    "mean": 11.885670670250008,
    "std": 5.654173368102536,
    "n": 152
  },
  "TGO": {
    "mean": 9.936182896263716,
    "std": 5.437989498919304,
    "n": 161
  },
  "TDR8": {
    "mean": 6.839711603308979,
    "std": 3.15492915596383,
    "n": 114
  },
  "MMS4": {
    "mean": 12.013380304364665,
    "std": 5.600720053583212,
    "n": 129
  },
  "WIND": {
    "mean": 7.849116388336802,
    "std": 4.271951477800035,
    "n": 304
  },
  "ESCB": {
    "mean": 8.15365141516812,
    "std": 3.224113666488309,
    "n": 163
  },
  "THC": {
    "mean": 8.712037664246306,
    "std": 5.385859581833297,
    "n": 95
  },
  "CHDR": {
    "mean": 8.098548772567536,
    "std": 6.9005238270504385,
    "n": 359
  },
  "MMS1": {
    "mean": 10.467106157875778,
    "std": 6.480767574905201,
    "n": 159
  },
  "ESCG": {
    "mean": 7.557934917618794,
    "std": 3.585689891265214,
    "n": 210
  },
  "VGR1": {
    "mean": 4.448846673717805,
    "std": 1.6774496466541837,
    "n": 474
  },
  "DSSR": {
    "mean": 0.0,
    "std": 0.0,
    "n": 93
  },
  "LRO": {
    "mean": 9.931681102208842,
    "std": 6.781415309622075,
    "n": 278
  },
  "SWFO": {
    "mean": 0.3263297392026365,
    "std": 1.611951492396501,
    "n": 127
  },
  "GBRA": {
    "mean": 0.0,
    "std": 0.0,
    "n": 353
  },
  "EMM": {
    "mean": 9.77404834391551,
    "std": 5.078363072239936,
    "n": 80
  },
  "TESS": {
    "mean": 9.147031442057662,
    "std": 6.109988969835761,
    "n": 97
  },
  "EURC": {
    "mean": 6.239467387072083,
    "std": 5.401014400116778,
    "n": 175
  },
  "NHPC": {
    "mean": 0.0,
    "std": 0.0,
    "n": 23
  },
  "PSYC": {
    "mean": 9.431663228934303,
    "std": 5.5950935109910365,
    "n": 438
  },
  "JNO": {
    "mean": 8.903606577058582,
    "std": 4.564136765013807,
    "n": 803
  },
  "MSL": {
    "mean": 0.174289094359299,
    "std": 0.9448366877996783,
    "n": 91
  },
  "M20": {
    "mean": 0.24358351682700374,
    "std": 1.0961258257215165,
    "n": 85
  },
  "CGO": {
    "mean": 10.185808349518233,
    "std": 5.618906239404096,
    "n": 153
  },
  "BIOS": {
    "mean": 6.8571774360934326,
    "std": 3.8466699106995494,
    "n": 46
  },
  "SGP": {
    "mean": 0.0,
    "std": 0.0,
    "n": 34
  },
  "DSCO": {
    "mean": 4.539121377672829,
    "std": 4.934545179890666,
    "n": 24
  },
  "THB": {
    "mean": 8.28479677436503,
    "std": 5.696399200475719,
    "n": 63
  },
  "MMX": {
    "mean": 6.442585790808274,
    "std": 4.811420746364651,
    "n": 67
  },
  "RST": {
    "mean": 7.504568018465512,
    "std": 6.107700359240118,
    "n": 29
  },
  "XMM": {
    "mean": 10.296936623248849,
    "std": 3.2106340817210572,
    "n": 79
  },
  "TEST": {
    "mean": 0.0,
    "std": 0.0,
    "n": 68
  },
  "MEX": {
    "mean": 9.093698746870189,
    "std": 4.880448830985071,
    "n": 36
  },
  "BEPI": {
    "mean": 4.358840101163571,
    "std": 4.035501777351856,
    "n": 13
  },
  "HYB2": {
    "mean": 0.0,
    "std": 0.0,
    "n": 12
  },
  "HCRA": {
    "mean": 0.0,
    "std": 0.0,
    "n": 28
  }
}