{
  "ACE": {
    "mean": 8.43178548817102,
    "std": 4.908171156789153,
    "n": 536
  },
  "DSN": {
    "mean": 0.0,
    "std": 0.0,
    "n": 8335
  },
  "DSS": {
    "mean": 0.0,
    "std": 0.0,
    "n": 1665
  },
  "JWST": {
    "mean": 11.265049995420263,
    "std": 5.967509364047902,
    "n": 1216
  },
  "KPLO": {
    "mean": 8.693175958713688,
    "std": 6.280288038867157,
    "n": 1009
  },
  "LUCY": {
    "mean": 9.088582639831467,
    "std": 4.0280689447088145,
    "n": 746
  },
  "M01O": {
    "mean": 7.867840860618838,
    "std": 4.328646157125651,
    "n": 2062
  },
  "MMS2": {
    "mean": 12.195235354575889,
    "std": 5.4191899365572604,
    "n": 243
  },
  "ORX": {
    "mean": 3.968926643573838,
    "std": 6.235802601380596,
    "n": 541
  },
  "SOHO": {
    "mean": 10.414807535509441,
    "std": 4.4809957581410185,
    "n": 1684
  },
  "SPP": {
    "mean": 8.808302238169134,
    "std": 4.507066468262707,
    "n": 905
  },
  "VGR2": {
    "mean": 4.120341673409072,
    "std": 1.921829982300444,
    "n": 828
  },
  "CAPS": {
    "mean": 9.294047229644514,
    "std": 5.461106805015586,
    "n": 277
  },
  "MRO": {
    "mean": 11.164407093761389,
    "std": 5.849545181959922,
    "n": 863
  },
  "STA": {
    "mean": 10.502729015838263,
    "std": 5.308669178683128,
    "n": 615
  },
  "IMAP": {
    "mean": 10.606445069759024,
    "std": 5.533151840768121,
    "n": 346
  },
  "MMS3": {
    "mean": 11.549955773340569,
    "std": 5.930234220221166,
    "n": 240
  },
  "TGO": {
    "mean": 10.325073741546838,
    "std": 5.2095419052435625,
    "n": 277
  },
  "TDR8": {
    "mean": 6.839711603308979,
    "std": 3.15492915596383,
    "n": 114
  },
  "MMS4": {
    "mean": 12.076868881212889,
    "std": 5.549712815252924,
    "n": 224
  },
  "WIND": {
    "mean": 7.911830764537614,
    "std": 4.189850389854393,
    "n": 463
  },
  "ESCB": {
    "mean": 7.7622101807222625,
    "std": 3.4337025553676503,
    "n": 282
  },
  "THC": {
    "mean": 8.261654185450082,
    "std": 5.590182335786487,
    "n": 135
  },
  "CHDR": {
    "mean": 8.15513155787981,
    "std": 6.8826078574986,
    "n": 565
  },
  "MMS1": {
    "mean": 10.677354603360413,
    "std": 6.387229962222706,
    "n": 266
  },
  "ESCG": {
    "mean": 7.665893509520586,
    "std": 3.6704066485630436,
    "n": 310
  },
  "VGR1": {
    "mean": 4.41046536073472,
    "std": 1.7167756644711696,
    "n": 891
  },
  "DSSR": {
    "mean": 0.0,
    "std": 0.0,
    "n": 148
  },
  "LRO": {
    "mean": 10.829769225861302,
    "std": 6.586130119418195,
    "n": 537
  },
  "SWFO": {
    "mean": 0.28171104901188987,
    "std": 1.5020407134089881,
    "n": 206
  },
  "GBRA": {
    "mean": 0.0,
    "std": 0.0,
    "n": 489
  },
  "EMM": {
    "mean": 10.231515290866358,
    "std": 4.715972313412073,
    "n": 137
  },
  "TESS": {
    "mean": 9.636060726730262,
    "std": 6.384537287896362,
    "n": 171
  },
  "EURC": {
    "mean": 6.987868280915962,
    "std": 5.094751797936034,
    "n": 290
  },
  "NHPC": {
    "mean": 0.0,
    "std": 0.0,
    "n": 35
  },
  "PSYC": {
    "mean": 9.573443205123223,
    "std": 5.509054585204536,
    "n": 591
  },
  "JNO": {
    "mean": 8.980323089019171,
    "std": 4.3894219909979935,
    "n": 1225
  },
  "MSL": {
    "mean": 0.2591625219826811,
    "std": 1.1338554610773361,
    "n": 161
  },
  "M20": {
    "mean": 0.42490781386800086,
    "std": 1.420858830720103,
    "n": 134
  },
  "CGO": {
    "mean": 10.265167220885035,
    "std": 5.598919724261108,
    "n": 207
  },
  "BIOS": {
    "mean": 6.89691077485177,
    "std": 3.8177870844066226,
    "n": 64
  },
  "SGP": {
    "mean": 0.0,
    "std": 0.0,
    "n": 34
  },
  "DSCO": {
    "mean": 4.824800345498393,
    "std": 4.950140707614323,
    "n": 39
  },
  "THB": {
    "mean": 8.162465888620419,
    "std": 5.6091424913193455,
    "n": 107
  },
  "MMX": {
    "mean": 6.447047574555721,
    "std": 4.86009682234796,
    "n": 75
  },
  "RST": {
    "mean": 6.771292771997224,
    "std": 5.938614102744261,
    "n": 42
  },
  "XMM": {
    "mean": 10.525509644591095,
    "std": 2.8515098630196727,
    "n": 117
  },
  "TEST": {
    "mean": 0.0,
    "std": 0.0,
    "n": 144
  },
  "MEX": {
    "mean": 9.434773246287115,
    "std": 4.666915418123494,
    "n": 41
  },
  "BEPI": {
    "mean": 2.2665968526050566,
    "std": 3.6346409384521188,
    "n": 25
  },
  "HYB2": {
    "mean": 1.8180841657774067,
    "std": 2.615526198764722,
    "n": 44
  },
  "HCRA": {
    "mean": 0.0,
    "std": 0.0,
    "n": 38
  },
  "EGS": {
    "mean": 0.0,
    "std": 0.0,
    "n": 16
  }
}