{
  "ACE": {
    "mean": 8.54262710926387,
    "std": 4.882376049361663,
    "n": 390
  },
  "DSN": {
    "mean": 0.0,
    "std": 0.0,
    "n": 6253
  },
  "DSS": {
    "mean": 0.0,
    "std": 0.0,
    "n": 1384
  },
  "JWST": {
    "mean": 11.195050600244228,
    "std": 6.049775666563901,
    "n": 825
  },
  "KPLO": {
    "mean": 8.561150456365592,
    "std": 6.482377690368545,
    "n": 688
  },
  "LUCY": {
    "mean": 9.082104597491034,
    "std": 4.124203797779426,
    "n": 638
  },
  "M01O": {
    "mean": 7.9690584014795425,
    "std": 4.285028640947241,
    "n": 1417
  },
  "MMS2": {
    "mean": 11.972859920194269,
    "std": 5.588548604310404,
    "n": 168
  },
  "ORX": {
    "mean": 3.8393682916625465,
    "std": 6.162522366324494,
    "n": 329
  },
  "SOHO": {
    "mean": 10.265793759790139,
    "std": 4.605091978697744,
    "n": 1115
  },
  "SPP": {
    "mean": 8.756929861423965,
    "std": 4.474882142944697,
    "n": 716
  },
  "VGR2": {
    "mean": 4.25122445517704,
    "std": 1.8171402929889502,
    "n": 575
  },
  "CAPS": {
    "mean": 8.915212875705889,
    "std": 5.652824947600145,
    "n": 192
  },
  "MRO": {
    "mean": 11.161884234749767,
    "std": 5.867875723297332,
    "n": 617
  },
  "STA": {
    "mean": 10.51268749626514,
    "std": 5.297161859866085,
    "n": 445
  },
  "IMAP": {
    "mean": 10.636720089252833,
    "std": 5.510106540004806,
    "n": 260
  },
  "MMS3": {
    "mean": 11.87666803686265,
    "std": 5.676081939509787,
    "n": 167
  },
  "TGO": {
    "mean": 10.055552882172512,
    "std": 5.348135841694868,
    "n": 191
  },
  "TDR8": {
    "mean": 6.839711603308979,
    "std": 3.15492915596383,
    "n": 114
  },
  "MMS4": {
    "mean": 12.001111253268634,
    "std": 5.626941086298166,
    "n": 150
  },
  "WIND": {
    "mean": 7.948735673782844,
    "std": 4.239479260530363,
    "n": 338
  },
  "ESCB": {
    "mean": 8.15365141516812,
    "std": 3.224113666488309,
    "n": 163
  },
  "THC": {
    "mean": 8.635033078746261,
    "std": 5.371897217100127,
    "n": 105
  },
  "CHDR": {
    "mean": 8.19568022747923,
    "std": 6.884768865903902,
    "n": 394
  },
  "MMS1": {
    "mean": 10.540471611389417,
    "std": 6.43610598501157,
    "n": 177
  },
  "ESCG": {
    "mean": 7.684914044402879,
    "std": 3.4926262139131423,
    "n": 232
  },
  "VGR1": {
    "mean": 4.420581657951096,
    "std": 1.7090779369843339,
    "n": 546
  },
  "DSSR": {
    "mean": 0.0,
    "std": 0.0,
    "n": 104
  },
  "LRO": {
    "mean": 10.555649548491159,
    "std": 6.729841805029729,
    "n": 339
  },
  "SWFO": {
    "mean": 0.30031794839662923,
    "std": 1.5488968875335907,
    "n": 138
  },
  "GBRA": {
    "mean": 0.0,
    "std": 0.0,
    "n": 377
  },
  "EMM": {
    "mean": 9.842546787315129,
    "std": 5.028153207500929,
    "n": 87
  },
  "TESS": {
    "mean": 9.597085644503432,
    "std": 6.386069101590135,
    "n": 112
  },
  "EURC": {
    "mean": 6.346610869726708,
    "std": 5.215633803638393,
    "n": 193
  },
  "NHPC": {
    "mean": 0.0,
    "std": 0.0,
    "n": 23
  },
  "PSYC": {
    "mean": 9.58372406405938,
    "std": 5.502977793586046,
    "n": 480
  },
  "JNO": {
    "mean": 8.973580470108033,
    "std": 4.5302839157174954,
    "n": 838
  },
  "MSL": {
    "mean": 0.16183987333363478,
    "std": 0.9115731962975565,
    "n": 98
  },
  "M20": {
    "mean": 0.40258942364463124,
    "std": 1.3862845644039656,
    "n": 90
  },
  "CGO": {
    "mean": 10.235888272113892,
    "std": 5.607585870505063,
    "n": 159
  },
  "BIOS": {
    "mean": 6.8571774360934326,
    "std": 3.8466699106995494,
    "n": 46
  },
  "SGP": {
    "mean": 0.0,
    "std": 0.0,
    "n": 34
  },
  "DSCO": {
    "mean": 4.951768775643087,
    "std": 4.951768775643086,
    "n": 28
  },
  "THB": {
    "mean": 8.369814634464916,
    "std": 5.525446762116934,
    "n": 80
  },
  "MMX": {
    "mean": 6.255844173683396,
    "std": 4.862816903973702,
    "n": 69
  },
  "RST": {
    "mean": 7.504568018465512,
    "std": 6.107700359240118,
    "n": 29
  },
  "XMM": {
    "mean": 10.247047163175289,
    "std": 3.281681488623191,
    "n": 86
  },
  "TEST": {
    "mean": 0.0,
    "std": 0.0,
    "n": 95
  },
  "MEX": {
    "mean": 9.155437514433327,
    "std": 4.828276118324093,
    "n": 37
  },
  "BEPI": {
    "mean": 3.777661421008428,
    "std": 4.038489931613466,
    "n": 15
  },
  "HYB2": {
    "mean": 0.0,
    "std": 0.0,
    "n": 12
  },
  "HCRA": {
    "mean": 0.0,
    "std": 0.0,
    "n": 30
  }
}