{
  "ACE": {
    "mean": 8.516942784273503,
    "std": 4.870191508280403,
    "n": 665
  },
  "DSN": {
    "mean": 0.0,
    "std": 0.0,
    "n": 10380
  },
  "DSS": {
    "mean": 0.0,
    "std": 0.0,
    "n": 2019
  },
  "JWST": {
    "mean": 11.297205846667639,
    "std": 5.9246889658523765,
    "n": 1559
  },
  "KPLO": {
    "mean": 8.700006551909018,
    "std": 6.207170039498385,
    "n": 1262
  },
  "LUCY": {
    "mean": 9.023204428419032,
    "std": 3.962621064704021,
    "n": 848
  },
  "M01O": {
    "mean": 7.937705516691831,
    "std": 4.264032908485013,
    "n": 2473
  },
  "MMS2": {
    "mean": 11.899485730182167,
    "std": 5.6649265247306335,
    "n": 309
  },
  "ORX": {
    "mean": 4.324873066562014,
    "std": 6.389133788081008,
    "n": 700
  },
  "SOHO": {
    "mean": 10.41617964688052,
    "std": 4.495929752986522,
    "n": 2108
  },
  "SPP": {
    "mean": 9.011941658868105,
    "std": 4.623998408612996,
    "n": 1174
  },
  "VGR2": {
    "mean": 4.154677253668679,
    "std": 1.8929048961533328,
    "n": 1016
  },
  "CAPS": {
    "mean": 9.013210147403997,
    "std": 5.599128595670928,
    "n": 320
  },
  "MRO": {
    "mean": 11.2797054669903,
    "std": 5.756032961786365,
    "n": 1133
  },
  "STA": {
    "mean": 10.587156241767872,
    "std": 5.241798363049374,
    "n": 773
  },
  "IMAP": {
    "mean": 10.636011426905993,
    "std": 5.511426202536488,
    "n": 430
  },
  "MMS3": {
    "mean": 11.768281544351458,
    "std": 5.768742388272576,
    "n": 305
  },
  "TGO": {
    "mean": 10.383194661222143,
    "std": 5.16496987623233,
    "n": 349
  },
  "TDR8": {
    "mean": 7.014025107082547,
    "std": 2.9972898409743474,
    "n": 136
  },
  "MMS4": {
    "mean": 11.93888061870923,
    "std": 5.668913411743775,
    "n": 283
  },
  "WIND": {
    "mean": 7.885171945177888,
    "std": 4.186510764478761,
    "n": 586
  },
  "ESCB": {
    "mean": 7.792541502939834,
    "std": 3.397349696146697,
    "n": 379
  },
  "THC": {
    "mean": 8.180192935608826,
    "std": 5.607825255535234,
    "n": 161
  },
  "CHDR": {
    "mean": 8.197448529602479,
    "std": 6.871323569747973,
    "n": 698
  },
  "MMS1": {
    "mean": 10.82419544431946,
    "std": 6.305709398561475,
    "n": 340
  },
  "ESCG": {
    "mean": 7.629744341358703,
    "std": 3.6330871348012352,
    "n": 373
  },
  "VGR1": {
    "mean": 4.336332588289664,
    "std": 1.787684381931686,
    "n": 1134
  },
  "DSSR": {
    "mean": 0.0,
    "std": 0.0,
    "n": 204
  },
  "LRO": {
    "mean": 10.80088800286452,
    "std": 6.4676750303092065,
    "n": 698
  },
  "SWFO": {
    "mean": 0.2398036202332619,
    "std": 1.3894436882991108,
    "n": 242
  },
  "GBRA": {
    "mean": 0.0,
    "std": 0.0,
    "n": 541
  },
  "EMM": {
    "mean": 10.135336904512531,
    "std": 4.79404608636372,
    "n": 186
  },
  "TESS": {
    "mean": 9.609397897603882,
    "std": 6.486769392008635,
    "n": 207
  },
  "EURC": {
    "mean": 6.950920494496845,
    "std": 4.676651250653464,
    "n": 414
  },
  "NHPC": {
    "mean": 2.7408203014583563,
    "std": 2.9500653406703825,
    "n": 303
  },
  "PSYC": {
    "mean": 9.62462859788582,
    "std": 5.4826134281452275,
    "n": 645
  },
  "JNO": {
    "mean": 9.00355957903443,
    "std": 4.234126872005194,
    "n": 1526
  },
  "MSL": {
    "mean": 0.2657013546140782,
    "std": 1.1463067124922508,
    "n": 196
  },
  "M20": {
    "mean": 0.48209237705344493,
    "std": 1.504316877704969,
    "n": 204
  },
  "CGO": {
    "mean": 10.289850692054399,
    "std": 5.565489892861328,
    "n": 268
  },
  "BIOS": {
    "mean": 7.111815900254474,
    "std": 3.6669300959237847,
    "n": 81
  },
  "SGP": {
    "mean": 0.0,
    "std": 0.0,
    "n": 111
  },
  "DSCO": {
    "mean": 4.841729469517685,
    "std": 4.950545965703306,
    "n": 45
  },
  "THB": {
    "mean": 8.127425734448254,
    "std": 5.624767373043861,
    "n": 131
  },
  "MMX": {
    "mean": 6.447047574555721,
    "std": 4.86009682234796,
    "n": 75
  },
  "RST": {
    "mean": 6.2573459288108575,
    "std": 5.9069727957618285,
    "n": 50
  },
  "XMM": {
    "mean": 10.49102250883873,
    "std": 2.909686122370264,
    "n": 126
  },
  "TEST": {
    "mean": 0.0,
    "std": 0.0,
    "n": 194
  },
  "MEX": {
    "mean": 9.495547254342087,
    "std": 4.561461788079343,
    "n": 59
  },
  "BEPI": {
    "mean": 4.342343111860535,
    "std": 5.071384013101949,
    "n": 40
  },
  "HYB2": {
    "mean": 4.1767749285408255,
    "std": 3.2512601559797702,
    "n": 463
  },
  "HCRA": {
    "mean": 0.0,
    "std": 0.0,
    "n": 48
  },
  "EGS": {
    "mean": 0.0,
    "std": 0.0,
    "n": 16
  }
}