{
  "ACE": {
    "mean": 8.497782537360344,
    "std": 4.8840049199444655,
    "n": 643
  },
  "DSN": {
    "mean": 0.0,
    "std": 0.0,
    "n": 9987
  },
  "DSS": {
    "mean": 0.0,
    "std": 0.0,
    "n": 1926
  },
  "JWST": {
    "mean": 11.397551485735503,
    "std": 5.9749117883651035,
    "n": 1496
  },
  "KPLO": {
    "mean": 8.592303466864632,
    "std": 6.17513422927768,
    "n": 1200
  },
  "LUCY": {
    "mean": 9.030441478767942,
    "std": 3.987298467811678,
    "n": 821
  },
  "M01O": {
    "mean": 7.932295622517201,
    "std": 4.2836619103177025,
    "n": 2412
  },
  "MMS2": {
    "mean": 11.799051686975051,
    "std": 5.755295059528221,
    "n": 297
  },
  "ORX": {
    "mean": 4.276174840914783,
    "std": 6.368419000209919,
    "n": 666
  },
  "SOHO": {
    "mean": 10.42214311798007,
    "std": 4.487763974819685,
    "n": 2027
  },
  "SPP": {
    "mean": 9.091711169971845,
    "std": 4.626908573701006,
    "n": 1151
  },
  "VGR2": {
    "mean": 4.179202691684916,
    "std": 1.871351050746934,
    "n": 973
  },
  "CAPS": {
    "mean": 9.041464724668586,
    "std": 5.585074295375424,
    "n": 319
  },
  "MRO": {
    "mean": 11.223686524092399,
    "std": 5.792317724409016,
    "n": 1051
  },
  "STA": {
    "mean": 10.561744001404309,
    "std": 5.266936704739809,
    "n": 734
  },
  "IMAP": {
    "mean": 10.605135088740886,
    "std": 5.533543021819903,
    "n": 416
  },
  "MMS3": {
    "mean": 11.741247874338468,
    "std": 5.799955182828129,
    "n": 291
  },
  "TGO": {
    "mean": 10.383194661222143,
    "std": 5.16496987623233,
    "n": 349
  },
  "TDR8": {
    "mean": 7.014025107082547,
    "std": 2.9972898409743474,
    "n": 136
  },
  "MMS4": {
    "mean": 11.869645783955955,
    "std": 5.719496742665355,
    "n": 271
  },
  "WIND": {
    "mean": 7.839859060878702,
    "std": 4.178553420950261,
    "n": 549
  },
  "ESCB": {
    "mean": 7.76463747223539,
    "std": 3.438556880516401,
    "n": 363
  },
  "THC": {
    "mean": 8.094511503054267,
    "std": 5.6187009703980415,
    "n": 152
  },
  "CHDR": {
    "mean": 8.150688306319577,
    "std": 6.880663287412515,
    "n": 673
  },
  "MMS1": {
    "mean": 10.785842821194933,
    "std": 6.338168963957133,
    "n": 320
  },
  "ESCG": {
    "mean": 7.622566835900113,
    "std": 3.6549578881159683,
    "n": 358
  },
  "VGR1": {
    "mean": 4.332106504928625,
    "std": 1.7900618903296304,
    "n": 1095
  },
  "DSSR": {
    "mean": 0.0,
    "std": 0.0,
    "n": 204
  },
  "LRO": {
    "mean": 10.7962073095762,
    "std": 6.4565765131043555,
    "n": 666
  },
  "SWFO": {
    "mean": 0.24590032244258211,
    "std": 1.4064623909811713,
    "n": 236
  },
  "GBRA": {
    "mean": 0.0,
    "std": 0.0,
    "n": 541
  },
  "EMM": {
    "mean": 10.052788999898773,
    "std": 4.862162017075744,
    "n": 153
  },
  "TESS": {
    "mean": 9.703372796364341,
    "std": 6.512023992797841,
    "n": 201
  },
  "EURC": {
    "mean": 7.048161485394408,
    "std": 4.7970072124312475,
    "n": 376
  },
  "NHPC": {
    "mean": 2.9624299986669347,
    "std": 2.880014015551248,
    "n": 237
  },
  "PSYC": {
    "mean": 9.589860742489934,
    "std": 5.502060818156504,
    "n": 630
  },
  "JNO": {
    "mean": 8.973734991211998,
    "std": 4.30689019816182,
    "n": 1430
  },
  "MSL": {
    "mean": 0.27554214552571066,
    "std": 1.1661796172817924,
    "n": 189
  },
  "M20": {
    "mean": 0.39816536404414066,
    "std": 1.3792852806772187,
    "n": 182
  },
  "CGO": {
    "mean": 10.317405840078965,
    "std": 5.576596008098267,
    "n": 248
  },
  "BIOS": {
    "mean": 7.111815900254474,
    "std": 3.6669300959237847,
    "n": 81
  },
  "SGP": {
    "mean": 0.0,
    "std": 0.0,
    "n": 111
  },
  "DSCO": {
    "mean": 4.841729469517685,
    "std": 4.950545965703306,
    "n": 45
  },
  "THB": {
    "mean": 8.165087193160534,
    "std": 5.574468787416359,
    "n": 127
  },
  "MMX": {
    "mean": 6.447047574555721,
    "std": 4.86009682234796,
    "n": 75
  },
  "RST": {
    "mean": 6.771292771997224,
    "std": 5.938614102744261,
    "n": 42
  },
  "XMM": {
    "mean": 10.49102250883873,
    "std": 2.909686122370264,
    "n": 126
  },
  "TEST": {
    "mean": 0.0,
    "std": 0.0,
    "n": 194
  },
  "MEX": {
    "mean": 9.495547254342087,
    "std": 4.561461788079343,
    "n": 59
  },
  "BEPI": {
    "mean": 2.420109767318459,
    "std": 3.567173330124926,
    "n": 28
  },
  "HYB2": {
    "mean": 4.287908629521957,
    "std": 3.221090119814863,
    "n": 451
  },
  "HCRA": {
    "mean": 0.0,
    "std": 0.0,
    "n": 48
  },
  "EGS": {
    "mean": 0.0,
    "std": 0.0,
    "n": 16
  }
}