{
  "ACE": {
    "mean": 8.616618166310914,
    "std": 4.8628500924892295,
    "n": 183
  },
  "DSN": {
    "mean": 0.0,
    "std": 0.0,
    "n": 3244
  },
  "DSS": {
    "mean": 0.0,
    "std": 0.0,
    "n": 1075
  },
  "JWST": {
    "mean": 10.888338978604663,
    "std": 5.91631315973028,
    "n": 356
  },
  "KPLO": {
    "mean": 8.421934511046281,
    "std": 6.584260606203671,
    "n": 355
  },
  "LUCY": {
    "mean": 9.529700261350037,
    "std": 3.802386005504796,
    "n": 335
  },
  "M01O": {
    "mean": 8.407964780064901,
    "std": 3.882001103998023,
    "n": 600
  },
  "MMS2": {
    "mean": 11.98405721802003,
    "std": 5.584326909513649,
    "n": 73
  },
  "ORX": {
    "mean": 4.080634785862911,
    "std": 6.274152502807011,
    "n": 111
  },
  "SOHO": {
    "mean": 10.21009018135615,
    "std": 4.740690808714971,
    "n": 468
  },
  "SPP": {
    "mean": 8.741488062062713,
    "std": 4.2359500319294545,
    "n": 339
  },
  "VGR2": {
    "mean": 4.31234801333109,
    "std": 1.7351188294582893,
    "n": 274
  },
  "CAPS": {
    "mean": 8.343006793875709,
    "std": 5.902666425660977,
    "n": 93
  },
  "MRO": {
    "mean": 11.783806036724457,
    "std": 5.520342360091764,
    "n": 341
  },
  "STA": {
    "mean": 10.287814571973927,
    "std": 5.446930278321555,
    "n": 192
  },
  "IMAP": {
    "mean": 10.665671422516043,
    "std": 5.487903317211534,
    "n": 129
  },
  "MMS3": {
    "mean": 11.656137445664273,
    "std": 5.727163149501001,
    "n": 67
  },
  "TGO": {
    "mean": 10.661026150825396,
    "std": 4.915847177259597,
    "n": 63
  },
  "TDR8": {
    "mean": 6.839711603308979,
    "std": 3.15492915596383,
    "n": 114
  },
  "MMS4": {
    "mean": 12.048372959843704,
    "std": 5.518496366621658,
    "n": 52
  },
  "WIND": {
    "mean": 8.067152827451208,
    "std": 3.9796218195974604,
    "n": 158
  },
  "ESCB": {
    "mean": 8.123195304241992,
    "std": 3.2043045232084295,
    "n": 101
  },
  "THC": {
    "mean": 8.58390175349225,
    "std": 5.430293383342242,
    "n": 60
  },
  "CHDR": {
    "mean": 7.8182446744042515,
    "std": 6.937235807790471,
    "n": 168
  },
  "MMS1": {
    "mean": 10.4465269253309,
    "std": 6.485003815915294,
    "n": 72
  },
  "ESCG": {
    "mean": 8.211184175608677,
    "std": 3.1049429823674495,
    "n": 132
  },
  "VGR1": {
    "mean": 4.5245381332053345,
    "std": 1.587312981355281,
    "n": 219
  },
  "DSSR": {
    "mean": 0.0,
    "std": 0.0,
    "n": 68
  },
  "LRO": {
    "mean": 10.416950496615648,
    "std": 6.910810000950363,
    "n": 113
  },
  "SWFO": {
    "mean": 0.0,
    "std": 0.0,
    "n": 62
  },
  "GBRA": {
    "mean": 0.0,
    "std": 0.0,
    "n": 191
  },
  "EMM": {
    "mean": 11.466562543239535,
    "std": 3.2650738565135717,
    "n": 40
  },
  "TESS": {
    "mean": 7.933007388997997,
    "std": 4.974610001446154,
    "n": 42
  },
  "EURC": {
    "mean": 5.613983411635755,
    "std": 5.494120046570652,
    "n": 95
  },
  "NHPC": {
    "mean": 0.0,
    "std": 0.0,
    "n": 15
  },
  "PSYC": {
    "mean": 9.826981303222256,
    "std": 5.3696353605394895,
    "n": 174
  },
  "JNO": {
    "mean": 9.850873018288977,
    "std": 3.821834915575521,
    "n": 330
  },
  "MSL": {
    "mean": 0.12727891132469402,
    "std": 0.8346236364517667,
    "n": 44
  },
  "M20": {
    "mean": 0.39065281000557206,
    "std": 1.3672848350195017,
    "n": 53
  },
  "CGO": {
    "mean": 9.83673893107173,
    "std": 5.67165373123259,
    "n": 66
  },
  "BIOS": {
    "mean": 7.300921556125871,
    "std": 3.509447946156779,
    "n": 32
  },
  "SGP": {
    "mean": 0.0,
    "std": 0.0,
    "n": 34
  },
  "DSCO": {
    "mean": 4.951768775643085,
    "std": 4.951768775643084,
    "n": 10
  },
  "THB": {
    "mean": 8.954668836338687,
    "std": 5.089404640938011,
    "n": 37
  },
  "MMX": {
    "mean": 5.125630207147106,
    "std": 4.898461512253476,
    "n": 45
  },
  "RST": {
    "mean": 4.273278775786431,
    "std": 5.542383218646343,
    "n": 5
  },
  "XMM": {
    "mean": 10.591892559937923,
    "std": 2.7348148994610875,
    "n": 16
  },
  "TEST": {
    "mean": 0.0,
    "std": 0.0,
    "n": 17
  },
  "MEX": {
    "mean": 11.162196878066604,
    "std": 3.3979678769504145,
    "n": 12
  },
  "BEPI": {
    "mean": 6.2961023683473805,
    "std": 3.365408276344554,
    "n": 9
  },
  "HYB2": {
    "mean": 0.0,
    "std": 0.0,
    "n": 4
  }
}