{
  "ACE": {
    "mean": 8.440129815036492,
    "std": 4.9059401275887735,
    "n": 553
  },
  "DSN": {
    "mean": 0.0,
    "std": 0.0,
    "n": 8506
  },
  "DSS": {
    "mean": 0.0,
    "std": 0.0,
    "n": 1696
  },
  "JWST": {
    "mean": 11.300887744247094,
    "std": 5.993322681375437,
    "n": 1257
  },
  "KPLO": {
    "mean": 8.730598272295525,
    "std": 6.2476417863033324,
    "n": 1054
  },
  "LUCY": {
    "mean": 9.095407992043576,
    "std": 4.012697278738058,
    "n": 752
  },
  "M01O": {
    "mean": 7.88074255004151,
    "std": 4.328467422352726,
    "n": 2130
  },
  "MMS2": {
    "mean": 12.097243238368817,
    "std": 5.505964714144635,
    "n": 251
  },
  "ORX": {
    "mean": 3.9916175633757613,
    "std": 6.2458392541817735,
    "n": 562
  },
  "SOHO": {
    "mean": 10.428019098293142,
    "std": 4.471111568897283,
    "n": 1739
  },
  "SPP": {
    "mean": 8.94390484805684,
    "std": 4.535668572465043,
    "n": 958
  },
  "VGR2": {
    "mean": 4.1339696433496735,
    "std": 1.9128268899199277,
    "n": 856
  },
  "CAPS": {
    "mean": 9.0464926723707,
    "std": 5.5932289385976155,
    "n": 286
  },
  "MRO": {
    "mean": 11.160014476054839,
    "std": 5.845740067575622,
    "n": 882
  },
  "STA": {
    "mean": 10.505046639424492,
    "std": 5.308166448241979,
    "n": 635
  },
  "IMAP": {
    "mean": 10.578824525628063,
    "std": 5.552126090083029,
    "n": 352
  },
  "MMS3": {
    "mean": 11.605798390041944,
    "std": 5.895291444402994,
    "n": 249
  },
  "TGO": {
    "mean": 10.383861848645656,
    "std": 5.1711165520272,
    "n": 293
  },
  "TDR8": {
    "mean": 6.839711603308979,
    "std": 3.15492915596383,
    "n": 114
  },
  "MMS4": {
    "mean": 12.049991821630885,
    "std": 5.573049721925595,
    "n": 233
  },
  "WIND": {
    "mean": 7.9185966684390605,
    "std": 4.191372656869155,
    "n": 473
  },
  "ESCB": {
    "mean": 7.767670390414693,
    "std": 3.4105913998967927,
    "n": 298
  },
  "THC": {
    "mean": 8.193392562835303,
    "std": 5.613047573066228,
    "n": 139
  },
  "CHDR": {
    "mean": 8.184196278803059,
    "std": 6.876853531688084,
    "n": 580
  },
  "MMS1": {
    "mean": 10.695370626517786,
    "std": 6.373219084473736,
    "n": 279
  },
  "ESCG": {
    "mean": 7.657073908505103,
    "std": 3.669313767192658,
    "n": 315
  },
  "VGR1": {
    "mean": 4.412365642093274,
    "std": 1.7116464231852542,
    "n": 928
  },
  "DSSR": {
    "mean": 0.0,
    "std": 0.0,
    "n": 155
  },
  "LRO": {
    "mean": 10.79354978227624,
    "std": 6.5415756833290555,
    "n": 565
  },
  "SWFO": {
    "mean": 0.2711797948432213,
    "std": 1.474666402211869,
    "n": 214
  },
  "GBRA": {
    "mean": 0.0,
    "std": 0.0,
    "n": 506
  },
  "EMM": {
    "mean": 10.220441761766253,
    "std": 4.725079535760229,
    "n": 142
  },
  "TESS": {
    "mean": 9.580617287688693,
    "std": 6.389424036335485,
    "n": 173
  },
  "EURC": {
    "mean": 7.048023961981187,
    "std": 5.103005027892985,
    "n": 293
  },
  "NHPC": {
    "mean": 0.0,
    "std": 0.0,
    "n": 36
  },
  "PSYC": {
    "mean": 9.621695223816792,
    "std": 5.481544133087016,
    "n": 600
  },
  "JNO": {
    "mean": 8.990827218343291,
    "std": 4.371983981788158,
    "n": 1241
  },
  "MSL": {
    "mean": 0.24836408356673606,
    "std": 1.1111895918040897,
    "n": 168
  },
  "M20": {
    "mean": 0.42176034858008976,
    "std": 1.4160554098899794,
    "n": 135
  },
  "CGO": {
    "mean": 10.300315363910899,
    "std": 5.590548267115453,
    "n": 213
  },
  "BIOS": {
    "mean": 6.887781256825024,
    "std": 3.822386500483628,
    "n": 68
  },
  "SGP": {
    "mean": 0.0,
    "std": 0.0,
    "n": 34
  },
  "DSCO": {
    "mean": 4.951768775643087,
    "std": 4.951768775643087,
    "n": 42
  },
  "THB": {
    "mean": 8.120803425503418,
    "std": 5.622722137669865,
    "n": 109
  },
  "MMX": {
    "mean": 6.447047574555721,
    "std": 4.86009682234796,
    "n": 75
  },
  "RST": {
    "mean": 6.771292771997224,
    "std": 5.938614102744261,
    "n": 42
  },
  "XMM": {
    "mean": 10.478006574044688,
    "std": 2.9312374535648464,
    "n": 124
  },
  "TEST": {
    "mean": 0.0,
    "std": 0.0,
    "n": 144
  },
  "MEX": {
    "mean": 9.434773246287115,
    "std": 4.666915418123494,
    "n": 41
  },
  "BEPI": {
    "mean": 2.2665968526050566,
    "std": 3.6346409384521188,
    "n": 25
  },
  "HYB2": {
    "mean": 2.284173094322301,
    "std": 2.6197622853217655,
    "n": 64
  },
  "HCRA": {
    "mean": 0.0,
    "std": 0.0,
    "n": 43
  },
  "EGS": {
    "mean": 0.0,
    "std": 0.0,
    "n": 16
  }
}