{
  "ACE": {
    "mean": 8.445305741163198,
    "std": 4.910901518138101,
    "n": 616
  },
  "DSN": {
    "mean": 0.0,
    "std": 0.0,
    "n": 9275
  },
  "DSS": {
    "mean": 0.0,
    "std": 0.0,
    "n": 1836
  },
  "JWST": {
    "mean": 11.426182239976496,
    "std": 6.01060281042621,
    "n": 1436
  },
  "KPLO": {
    "mean": 8.574827637746631,
    "std": 6.182703681100118,
    "n": 1176
  },
  "LUCY": {
    "mean": 9.053164701182702,
    "std": 3.980152180280576,
    "n": 808
  },
  "M01O": {
    "mean": 7.931321009587957,
    "std": 4.28347781581146,
    "n": 2357
  },
  "MMS2": {
    "mean": 11.924242776543378,
    "std": 5.650760747823758,
    "n": 284
  },
  "ORX": {
    "mean": 4.251392584037027,
    "std": 6.359630922088173,
    "n": 628
  },
  "SOHO": {
    "mean": 10.421982896949228,
    "std": 4.4853392106030805,
    "n": 1952
  },
  "SPP": {
    "mean": 9.166991486712279,
    "std": 4.621260980214747,
    "n": 1131
  },
  "VGR2": {
    "mean": 4.174787882283188,
    "std": 1.8818794202817917,
    "n": 948
  },
  "CAPS": {
    "mean": 9.09542631718903,
    "std": 5.5581487319988225,
    "n": 313
  },
  "MRO": {
    "mean": 11.192752447517092,
    "std": 5.810027326254729,
    "n": 994
  },
  "STA": {
    "mean": 10.5533234259914,
    "std": 5.271285585172522,
    "n": 697
  },
  "IMAP": {
    "mean": 10.528699385508581,
    "std": 5.585562343994482,
    "n": 378
  },
  "MMS3": {
    "mean": 11.720710614031077,
    "std": 5.812940837067225,
    "n": 279
  },
  "TGO": {
    "mean": 10.388660871432219,
    "std": 5.165936885738539,
    "n": 329
  },
  "TDR8": {
    "mean": 7.008849743489013,
    "std": 3.002266442273297,
    "n": 129
  },
  "MMS4": {
    "mean": 12.00034160406038,
    "std": 5.608000971353169,
    "n": 257
  },
  "WIND": {
    "mean": 7.834265612186191,
    "std": 4.179886571137638,
    "n": 529
  },
  "ESCB": {
    "mean": 7.76463747223539,
    "std": 3.438556880516401,
    "n": 363
  },
  "THC": {
    "mean": 8.070079636865966,
    "std": 5.629222048994168,
    "n": 151
  },
  "CHDR": {
    "mean": 8.231341087647516,
    "std": 6.866817202589657,
    "n": 641
  },
  "MMS1": {
    "mean": 10.80858345675535,
    "std": 6.313687481167953,
    "n": 311
  },
  "ESCG": {
    "mean": 7.622566835900113,
    "std": 3.6549578881159683,
    "n": 358
  },
  "VGR1": {
    "mean": 4.342316487200803,
    "std": 1.7794214333201028,
    "n": 1062
  },
  "DSSR": {
    "mean": 0.0,
    "std": 0.0,
    "n": 204
  },
  "LRO": {
    "mean": 10.834415611751934,
    "std": 6.4049796427018935,
    "n": 645
  },
  "SWFO": {
    "mean": 0.25231511346282337,
    "std": 1.424121296896639,
    "n": 230
  },
  "GBRA": {
    "mean": 0.0,
    "std": 0.0,
    "n": 541
  },
  "EMM": {
    "mean": 10.18593852307624,
    "std": 4.753681458685461,
    "n": 151
  },
  "TESS": {
    "mean": 9.853008782417568,
    "std": 6.4992558188539435,
    "n": 195
  },
  "EURC": {
    "mean": 7.070872067463348,
    "std": 4.949440181427026,
    "n": 340
  },
  "NHPC": {
    "mean": 2.8125295351521147,
    "std": 2.7306889634307923,
    "n": 188
  },
  "PSYC": {
    "mean": 9.569411006331013,
    "std": 5.5136415973773865,
    "n": 626
  },
  "JNO": {
    "mean": 8.998660324843135,
    "std": 4.3414022597299695,
    "n": 1363
  },
  "MSL": {
    "mean": 0.27848912034416745,
    "std": 1.1720492248333116,
    "n": 187
  },
  "M20": {
    "mean": 0.41409197860590624,
    "std": 1.4042542211352513,
    "n": 175
  },
  "CGO": {
    "mean": 10.390968450974999,
    "std": 5.546747385468396,
    "n": 238
  },
  "BIOS": {
    "mean": 7.029239327153974,
    "std": 3.7259097904270746,
    "n": 73
  },
  "SGP": {
    "mean": 0.0,
    "std": 0.0,
    "n": 34
  },
  "DSCO": {
    "mean": 4.841729469517685,
    "std": 4.950545965703306,
    "n": 45
  },
  "THB": {
    "mean": 8.141870177392011,
    "std": 5.5904266470201875,
    "n": 126
  },
  "MMX": {
    "mean": 6.447047574555721,
    "std": 4.86009682234796,
    "n": 75
  },
  "RST": {
    "mean": 6.771292771997224,
    "std": 5.938614102744261,
    "n": 42
  },
  "XMM": {
    "mean": 10.49102250883873,
    "std": 2.909686122370264,
    "n": 126
  },
  "TEST": {
    "mean": 0.0,
    "std": 0.0,
    "n": 194
  },
  "MEX": {
    "mean": 9.817453080856374,
    "std": 4.3042786535186215,
    "n": 50
  },
  "BEPI": {
    "mean": 2.420109767318459,
    "std": 3.567173330124926,
    "n": 28
  },
  "HYB2": {
    "mean": 3.9719625474299156,
    "std": 3.177606462562618,
    "n": 357
  },
  "HCRA": {
    "mean": 0.0,
    "std": 0.0,
    "n": 48
  },
  "EGS": {
    "mean": 0.0,
    "std": 0.0,
    "n": 16
  }
}