{
  "ACE": {
    "mean": 8.23196253299599,
    "std": 5.021984130143524,
    "n": 821
  },
  "DSN": {
    "mean": 0.0,
    "std": 0.0,
    "n": 12549
  },
  "DSS": {
    "mean": 0.0,
    "std": 0.0,
    "n": 2284
  },
  "JWST": {
    "mean": 11.450858932669608,
    "std": 5.835519482651418,
    "n": 1986
  },
  "KPLO": {
    "mean": 8.824240494626627,
    "std": 6.174847644505248,
    "n": 1625
  },
  "LUCY": {
    "mean": 9.007310906407497,
    "std": 3.880001011749592,
    "n": 943
  },
  "M01O": {
    "mean": 7.931700141567341,
    "std": 4.2249961092587345,
    "n": 3055
  },
  "MMS2": {
    "mean": 11.895898189452993,
    "std": 5.631309468478992,
    "n": 405
  },
  "ORX": {
    "mean": 4.346811414237862,
    "std": 6.395632352003816,
    "n": 886
  },
  "SOHO": {
    "mean": 10.438327901252519,
    "std": 4.4889514802931085,
    "n": 2685
  },
  "SPP": {
    "mean": 8.736612789472417,
    "std": 4.551970271948253,
    "n": 1300
  },
  "VGR2": {
    "mean": 4.203212908760516,
    "std": 1.857486649749377,
    "n": 1274
  },
  "CAPS": {
    "mean": 9.355673466915219,
    "std": 5.405366234794006,
    "n": 428
  },
  "MRO": {
    "mean": 11.463593458299592,
    "std": 5.623245719928819,
    "n": 1404
  },
  "STA": {
    "mean": 10.594050594792975,
    "std": 5.214969890331659,
    "n": 1011
  },
  "IMAP": {
    "mean": 10.744517183059967,
    "std": 5.430885119053876,
    "n": 521
  },
  "MMS3": {
    "mean": 11.820384361878752,
    "std": 5.711804199036992,
    "n": 381
  },
  "TGO": {
    "mean": 10.50909623263593,
    "std": 5.06023282609917,
    "n": 437
  },
  "TDR8": {
    "mean": 7.014025107082547,
    "std": 2.9972898409743474,
    "n": 136
  },
  "MMS4": {
    "mean": 11.690179355334438,
    "std": 5.83981298876123,
    "n": 356
  },
  "WIND": {
    "mean": 7.8396017379301455,
    "std": 4.211863528282721,
    "n": 730
  },
  "ESCB": {
    "mean": 7.787627494436133,
    "std": 3.403851983876745,
    "n": 512
  },
  "THC": {
    "mean": 8.044081263546397,
    "std": 5.665891169545024,
    "n": 228
  },
  "CHDR": {
    "mean": 8.191984048422533,
    "std": 6.871195960798524,
    "n": 867
  },
  "MMS1": {
    "mean": 10.721701920819838,
    "std": 6.365243654019038,
    "n": 442
  },
  "ESCG": {
    "mean": 7.714477893044763,
    "std": 3.635195660065651,
    "n": 439
  },
  "VGR1": {
    "mean": 3.7245949528842,
    "std": 2.239417976682499,
    "n": 1586
  },
  "DSSR": {
    "mean": 0.0,
    "std": 0.0,
    "n": 286
  },
  "LRO": {
    "mean": 10.258206271039553,
    "std": 6.4149268154905075,
    "n": 1019
  },
  "SWFO": {
    "mean": 0.18841713018327716,
    "std": 1.2355346073170201,
    "n": 308
  },
  "GBRA": {
    "mean": 0.0,
    "std": 0.0,
    "n": 661
  },
  "EMM": {
    "mean": 10.076165978371462,
    "std": 4.840854724692306,
    "n": 224
  },
  "TESS": {
    "mean": 9.765591828627349,
    "std": 6.499523566711595,
    "n": 261
  },
  "EURC": {
    "mean": 6.60792411160258,
    "std": 4.557867320968567,
    "n": 538
  },
  "NHPC": {
    "mean": 2.718752919851987,
    "std": 2.9742283023200824,
    "n": 732
  },
  "PSYC": {
    "mean": 9.752596437688219,
    "std": 5.407756826936085,
    "n": 706
  },
  "JNO": {
    "mean": 8.965377546551057,
    "std": 4.209826904745002,
    "n": 1827
  },
  "MSL": {
    "mean": 0.2993576733300887,
    "std": 1.2108213280844138,
    "n": 295
  },
  "M20": {
    "mean": 0.39978392243456407,
    "std": 1.3818517498486647,
    "n": 246
  },
  "CGO": {
    "mean": 10.319310396423036,
    "std": 5.513565976668552,
    "n": 339
  },
  "BIOS": {
    "mean": 6.908636657782526,
    "std": 3.8018288013863715,
    "n": 99
  },
  "SGP": {
    "mean": 0.0,
    "std": 0.0,
    "n": 111
  },
  "DSCO": {
    "mean": 4.864895639228295,
    "std": 4.951006671940902,
    "n": 57
  },
  "THB": {
    "mean": 7.720777406926676,
    "std": 5.754512945745642,
    "n": 144
  },
  "MMX": {
    "mean": 6.286980854753921,
    "std": 4.837917009469494,
    "n": 84
  },
  "RST": {
    "mean": 5.586916007866837,
    "std": 5.907579842444726,
    "n": 56
  },
  "XMM": {
    "mean": 10.356520785449455,
    "std": 3.1226085073686924,
    "n": 144
  },
  "TEST": {
    "mean": 0.0,
    "std": 0.0,
    "n": 271
  },
  "MEX": {
    "mean": 8.64732212457721,
    "std": 5.286989164477508,
    "n": 96
  },
  "BEPI": {
    "mean": 4.342343111860535,
    "std": 5.071384013101949,
    "n": 40
  },
  "HYB2": {
    "mean": 4.1767749285408255,
    "std": 3.2512601559797702,
    "n": 463
  },
  "HCRA": {
    "mean": 0.0,
    "std": 0.0,
    "n": 74
  },
  "EGS": {
    "mean": 0.0,
    "std": 0.0,
    "n": 16
  },
  "TERR": {
    "mean": 0.0,
    "std": 0.0,
    "n": 5
  }
}