{
  "ACE": {
    "mean": 8.38363955537133,
    "std": 4.931696354206736,
    "n": 516
  },
  "DSN": {
    "mean": 0.0,
    "std": 0.0,
    "n": 7929
  },
  "DSS": {
    "mean": 0.0,
    "std": 0.0,
    "n": 1623
  },
  "JWST": {
    "mean": 11.29724341066444,
    "std": 6.000626413141229,
    "n": 1156
  },
  "KPLO": {
    "mean": 8.685988115974093,
    "std": 6.2587657350607735,
    "n": 945
  },
  "LUCY": {
    "mean": 9.122116009462472,
    "std": 4.016490607939735,
    "n": 729
  },
  "M01O": {
    "mean": 7.828553366318175,
    "std": 4.349746929199357,
    "n": 1944
  },
  "MMS2": {
    "mean": 12.210928518513258,
    "std": 5.409931515652605,
    "n": 232
  },
  "ORX": {
    "mean": 3.9123582557836336,
    "std": 6.207946547343183,
    "n": 510
  },
  "SOHO": {
    "mean": 10.433162179226727,
    "std": 4.459050761014262,
    "n": 1593
  },
  "SPP": {
    "mean": 8.558915468937258,
    "std": 4.478736086636767,
    "n": 825
  },
  "VGR2": {
    "mean": 4.10278109176357,
    "std": 1.9347183149755092,
    "n": 774
  },
  "CAPS": {
    "mean": 9.151623744098066,
    "std": 5.529990391740574,
    "n": 262
  },
  "MRO": {
    "mean": 11.157276638749977,
    "std": 5.855380377652681,
    "n": 819
  },
  "STA": {
    "mean": 10.546656304349439,
    "std": 5.271395093329172,
    "n": 586
  },
  "IMAP": {
    "mean": 10.696312548714952,
    "std": 5.4711229645970425,
    "n": 328
  },
  "MMS3": {
    "mean": 11.642685190839591,
    "std": 5.873356232518334,
    "n": 232
  },
  "TGO": {
    "mean": 10.323166250409605,
    "std": 5.199029068310712,
    "n": 253
  },
  "TDR8": {
    "mean": 6.839711603308979,
    "std": 3.15492915596383,
    "n": 114
  },
  "MMS4": {
    "mean": 12.14159767803897,
    "std": 5.4959537212062495,
    "n": 212
  },
  "WIND": {
    "mean": 7.893835873486061,
    "std": 4.179299286324245,
    "n": 444
  },
  "ESCB": {
    "mean": 7.82164251798372,
    "std": 3.4050430401426963,
    "n": 269
  },
  "THC": {
    "mean": 8.274137696092502,
    "std": 5.578146447491908,
    "n": 126
  },
  "CHDR": {
    "mean": 8.178814940805255,
    "std": 6.877800164064195,
    "n": 536
  },
  "MMS1": {
    "mean": 10.650315592416108,
    "std": 6.411372301506319,
    "n": 256
  },
  "ESCG": {
    "mean": 7.636555905953473,
    "std": 3.678242527780648,
    "n": 298
  },
  "VGR1": {
    "mean": 4.433841276435969,
    "std": 1.690701718936436,
    "n": 829
  },
  "DSSR": {
    "mean": 0.0,
    "std": 0.0,
    "n": 142
  },
  "LRO": {
    "mean": 10.76729193601324,
    "std": 6.562981548358264,
    "n": 515
  },
  "SWFO": {
    "mean": 0.29309331361843083,
    "std": 1.530995381267177,
    "n": 198
  },
  "GBRA": {
    "mean": 0.0,
    "std": 0.0,
    "n": 482
  },
  "EMM": {
    "mean": 10.140910766217448,
    "std": 4.792813407975981,
    "n": 126
  },
  "TESS": {
    "mean": 9.754017036109094,
    "std": 6.510762666029546,
    "n": 160
  },
  "EURC": {
    "mean": 7.015747212590843,
    "std": 5.180509860285611,
    "n": 276
  },
  "NHPC": {
    "mean": 0.0,
    "std": 0.0,
    "n": 35
  },
  "PSYC": {
    "mean": 9.534885655938869,
    "std": 5.530636871635557,
    "n": 584
  },
  "JNO": {
    "mean": 8.951385736841097,
    "std": 4.395447383976349,
    "n": 1195
  },
  "MSL": {
    "mean": 0.24369409349139665,
    "std": 1.1019738045841472,
    "n": 150
  },
  "M20": {
    "mean": 0.4448253676430634,
    "std": 1.4507284722059157,
    "n": 128
  },
  "CGO": {
    "mean": 10.29665456960869,
    "std": 5.56626716135314,
    "n": 201
  },
  "BIOS": {
    "mean": 6.941383590297067,
    "std": 3.790390445344345,
    "n": 61
  },
  "SGP": {
    "mean": 0.0,
    "std": 0.0,
    "n": 34
  },
  "DSCO": {
    "mean": 4.817937187112194,
    "std": 4.949959910276561,
    "n": 37
  },
  "THB": {
    "mean": 8.17131157199432,
    "std": 5.610450677587311,
    "n": 104
  },
  "MMX": {
    "mean": 6.3793662675728315,
    "std": 4.908486167029739,
    "n": 73
  },
  "RST": {
    "mean": 6.771292771997224,
    "std": 5.938614102744261,
    "n": 42
  },
  "XMM": {
    "mean": 10.525509644591095,
    "std": 2.8515098630196727,
    "n": 117
  },
  "TEST": {
    "mean": 0.0,
    "std": 0.0,
    "n": 138
  },
  "MEX": {
    "mean": 9.381623269263608,
    "std": 4.712619259557808,
    "n": 40
  },
  "BEPI": {
    "mean": 2.2665968526050566,
    "std": 3.6346409384521188,
    "n": 25
  },
  "HYB2": {
    "mean": 0.0,
    "std": 0.0,
    "n": 22
  },
  "HCRA": {
    "mean": 0.0,
    "std": 0.0,
    "n": 38
  },
  "EGS": {
    "mean": 0.0,
    "std": 0.0,
    "n": 16
  }
}