{
  "ACE": {
    "mean": 8.36534187328183,
    "std": 4.938001130070871,
    "n": 494
  },
  "DSN": {
    "mean": 0.0,
    "std": 0.0,
    "n": 7722
  },
  "DSS": {
    "mean": 0.0,
    "std": 0.0,
    "n": 1609
  },
  "JWST": {
    "mean": 11.207999538279195,
    "std": 5.985322956780281,
    "n": 1095
  },
  "KPLO": {
    "mean": 8.667179351918913,
    "std": 6.291151501610451,
    "n": 878
  },
  "LUCY": {
    "mean": 9.123937598029643,
    "std": 4.0317420722832855,
    "n": 718
  },
  "M01O": {
    "mean": 7.744984155417951,
    "std": 4.3890317685768,
    "n": 1827
  },
  "MMS2": {
    "mean": 12.085455193243678,
    "std": 5.512899371934458,
    "n": 221
  },
  "ORX": {
    "mean": 3.8083503279558943,
    "std": 6.146463506409107,
    "n": 465
  },
  "SOHO": {
    "mean": 10.403916800844886,
    "std": 4.481783504120999,
    "n": 1508
  },
  "SPP": {
    "mean": 8.609368323911111,
    "std": 4.4870435833210145,
    "n": 812
  },
  "VGR2": {
    "mean": 4.333493000018851,
    "std": 1.721256097697382,
    "n": 725
  },
  "CAPS": {
    "mean": 9.129301424323899,
    "std": 5.54347569251669,
    "n": 249
  },
  "MRO": {
    "mean": 11.197394271417442,
    "std": 5.83752005234204,
    "n": 776
  },
  "STA": {
    "mean": 10.529065370988523,
    "std": 5.285663891368705,
    "n": 567
  },
  "IMAP": {
    "mean": 10.757549490380022,
    "std": 5.421886850171269,
    "n": 316
  },
  "MMS3": {
    "mean": 11.839676939386173,
    "std": 5.719773029561869,
    "n": 217
  },
  "TGO": {
    "mean": 10.238629199150507,
    "std": 5.261654943248207,
    "n": 245
  },
  "TDR8": {
    "mean": 6.839711603308979,
    "std": 3.15492915596383,
    "n": 114
  },
  "MMS4": {
    "mean": 12.09108634912349,
    "std": 5.54371931976731,
    "n": 196
  },
  "WIND": {
    "mean": 7.89061180603072,
    "std": 4.210661524998115,
    "n": 419
  },
  "ESCB": {
    "mean": 8.014637486661439,
    "std": 3.2353752532866498,
    "n": 237
  },
  "THC": {
    "mean": 8.250525626230258,
    "std": 5.550633120173332,
    "n": 123
  },
  "CHDR": {
    "mean": 8.172422396685592,
    "std": 6.882096897332446,
    "n": 511
  },
  "MMS1": {
    "mean": 10.564623704496057,
    "std": 6.457165596878887,
    "n": 243
  },
  "ESCG": {
    "mean": 7.51291671521597,
    "std": 3.573144140311201,
    "n": 289
  },
  "VGR1": {
    "mean": 4.452644620530866,
    "std": 1.6676847709729794,
    "n": 774
  },
  "DSSR": {
    "mean": 0.0,
    "std": 0.0,
    "n": 136
  },
  "LRO": {
    "mean": 10.821298912403964,
    "std": 6.567692642161504,
    "n": 494
  },
  "SWFO": {
    "mean": 0.30868338349175156,
    "std": 1.5696536198400957,
    "n": 188
  },
  "GBRA": {
    "mean": 0.0,
    "std": 0.0,
    "n": 449
  },
  "EMM": {
    "mean": 10.140910766217448,
    "std": 4.792813407975981,
    "n": 126
  },
  "TESS": {
    "mean": 9.609515202531682,
    "std": 6.633305184838378,
    "n": 146
  },
  "EURC": {
    "mean": 6.952340325543328,
    "std": 5.173269965269741,
    "n": 273
  },
  "NHPC": {
    "mean": 0.0,
    "std": 0.0,
    "n": 33
  },
  "PSYC": {
    "mean": 9.511877624841615,
    "std": 5.54306982999146,
    "n": 576
  },
  "JNO": {
    "mean": 8.924639539451134,
    "std": 4.404162937829405,
    "n": 1175
  },
  "MSL": {
    "mean": 0.25037064399801023,
    "std": 1.1162188022299566,
    "n": 146
  },
  "M20": {
    "mean": 0.34507664883825534,
    "std": 1.2911585921288549,
    "n": 120
  },
  "CGO": {
    "mean": 10.299108372301356,
    "std": 5.599083147777526,
    "n": 198
  },
  "BIOS": {
    "mean": 6.90725756194875,
    "std": 3.8125412770442706,
    "n": 60
  },
  "SGP": {
    "mean": 0.0,
    "std": 0.0,
    "n": 34
  },
  "DSCO": {
    "mean": 4.817937187112194,
    "std": 4.949959910276561,
    "n": 37
  },
  "THB": {
    "mean": 8.070385581632351,
    "std": 5.661008914518735,
    "n": 98
  },
  "MMX": {
    "mean": 6.3793662675728315,
    "std": 4.908486167029739,
    "n": 73
  },
  "RST": {
    "mean": 6.771292771997224,
    "std": 5.938614102744261,
    "n": 42
  },
  "XMM": {
    "mean": 10.403132049426544,
    "std": 3.0511786047110028,
    "n": 101
  },
  "TEST": {
    "mean": 0.0,
    "std": 0.0,
    "n": 133
  },
  "MEX": {
    "mean": 9.381623269263608,
    "std": 4.712619259557808,
    "n": 40
  },
  "BEPI": {
    "mean": 2.2665968526050566,
    "std": 3.6346409384521188,
    "n": 25
  },
  "HYB2": {
    "mean": 0.0,
    "std": 0.0,
    "n": 20
  },
  "HCRA": {
    "mean": 0.0,
    "std": 0.0,
    "n": 35
  },
  "EGS": {
    "mean": 0.0,
    "std": 0.0,
    "n": 16
  }
}