{
  "ACE": {
    "mean": 8.61475260503343,
    "std": 4.853251255128528,
    "n": 230
  },
  "DSN": {
    "mean": 0.0,
    "std": 0.0,
    "n": 3911
  },
  "DSS": {
    "mean": 0.0,
    "std": 0.0,
    "n": 1109
  },
  "JWST": {
    "mean": 10.768850668945845,
    "std": 5.848751176822493,
    "n": 461
  },
  "KPLO": {
    "mean": 8.437532631257584,
    "std": 6.517320731648618,
    "n": 421
  },
  "LUCY": {
    "mean": 8.678545064165231,
    "std": 4.530183992382177,
    "n": 397
  },
  "M01O": {
    "mean": 8.398237603206121,
    "std": 3.8741792736310825,
    "n": 765
  },
  "MMS2": {
    "mean": 11.954745492640628,
    "std": 5.574143555483917,
    "n": 101
  },
  "ORX": {
    "mean": 4.063724437435762,
    "std": 6.266672199406517,
    "n": 152
  },
  "SOHO": {
    "mean": 10.284375320129726,
    "std": 4.677185099481693,
    "n": 601
  },
  "SPP": {
    "mean": 8.324074451741481,
    "std": 4.285647874173153,
    "n": 373
  },
  "VGR2": {
    "mean": 4.3179347500945315,
    "std": 1.7206199809807785,
    "n": 340
  },
  "CAPS": {
    "mean": 8.416533678140365,
    "std": 5.875751073221292,
    "n": 113
  },
  "MRO": {
    "mean": 11.212924454657589,
    "std": 5.918574592269644,
    "n": 415
  },
  "STA": {
    "mean": 10.42457619409104,
    "std": 5.3600780140297095,
    "n": 225
  },
  "IMAP": {
    "mean": 10.578396656762235,
    "std": 5.547743077932795,
    "n": 153
  },
  "MMS3": {
    "mean": 11.683740172562102,
    "std": 5.769386169800854,
    "n": 92
  },
  "TGO": {
    "mean": 9.723792592327786,
    "std": 5.545004553244885,
    "n": 98
  },
  "TDR8": {
    "mean": 6.839711603308979,
    "std": 3.15492915596383,
    "n": 114
  },
  "MMS4": {
    "mean": 12.26353512196692,
    "std": 5.358049567909576,
    "n": 75
  },
  "WIND": {
    "mean": 7.867749200430935,
    "std": 4.1415666408707255,
    "n": 195
  },
  "ESCB": {
    "mean": 8.263116725355085,
    "std": 3.157964276265671,
    "n": 141
  },
  "THC": {
    "mean": 8.535454265412818,
    "std": 5.402919927212952,
    "n": 67
  },
  "CHDR": {
    "mean": 7.894088049436395,
    "std": 6.929561775880661,
    "n": 216
  },
  "MMS1": {
    "mean": 10.746677226883707,
    "std": 6.33408477661278,
    "n": 101
  },
  "ESCG": {
    "mean": 8.162494335168121,
    "std": 3.112390402282501,
    "n": 146
  },
  "VGR1": {
    "mean": 4.5168038799862025,
    "std": 1.5969313264139708,
    "n": 288
  },
  "DSSR": {
    "mean": 0.0,
    "std": 0.0,
    "n": 78
  },
  "LRO": {
    "mean": 10.069063576349043,
    "std": 6.683252840855229,
    "n": 177
  },
  "SWFO": {
    "mean": 0.0,
    "std": 0.0,
    "n": 72
  },
  "GBRA": {
    "mean": 0.0,
    "std": 0.0,
    "n": 251
  },
  "EMM": {
    "mean": 11.641474136744053,
    "std": 3.0089238373033087,
    "n": 48
  },
  "TESS": {
    "mean": 7.017130874245121,
    "std": 5.226289053497401,
    "n": 53
  },
  "EURC": {
    "mean": 5.774611978666613,
    "std": 5.5513097710717965,
    "n": 99
  },
  "NHPC": {
    "mean": 0.0,
    "std": 0.0,
    "n": 18
  },
  "PSYC": {
    "mean": 10.257826952367699,
    "std": 5.076762477171622,
    "n": 244
  },
  "JNO": {
    "mean": 8.846340723186074,
    "std": 4.62166115830511,
    "n": 566
  },
  "MSL": {
    "mean": 0.10566551128842522,
    "std": 0.7619648379970722,
    "n": 53
  },
  "M20": {
    "mean": 0.38341849870917255,
    "std": 1.3555891023481068,
    "n": 54
  },
  "CGO": {
    "mean": 9.924806293084758,
    "std": 5.661630446168464,
    "n": 98
  },
  "BIOS": {
    "mean": 7.300921556125871,
    "std": 3.509447946156779,
    "n": 32
  },
  "SGP": {
    "mean": 0.0,
    "std": 0.0,
    "n": 34
  },
  "DSCO": {
    "mean": 4.244373236265502,
    "std": 4.9009800609982594,
    "n": 14
  },
  "THB": {
    "mean": 8.849703852968876,
    "std": 5.208177115089756,
    "n": 43
  },
  "MMX": {
    "mean": 5.125630207147106,
    "std": 4.898461512253476,
    "n": 45
  },
  "RST": {
    "mean": 7.105025557367963,
    "std": 5.919891139206077,
    "n": 13
  },
  "XMM": {
    "mean": 10.096105009505944,
    "std": 3.4834871754517813,
    "n": 47
  },
  "TEST": {
    "mean": 0.0,
    "std": 0.0,
    "n": 35
  },
  "MEX": {
    "mean": 9.087453727158627,
    "std": 5.102613566453179,
    "n": 21
  },
  "BEPI": {
    "mean": 6.2961023683473805,
    "std": 3.365408276344554,
    "n": 9
  },
  "HYB2": {
    "mean": 0.0,
    "std": 0.0,
    "n": 4
  }
}