{
  "ACE": {
    "mean": 8.454832906600886,
    "std": 4.896968217181419,
    "n": 548
  },
  "DSN": {
    "mean": 0.0,
    "std": 0.0,
    "n": 8476
  },
  "DSS": {
    "mean": 0.0,
    "std": 0.0,
    "n": 1685
  },
  "JWST": {
    "mean": 11.282412285158276,
    "std": 5.990223599910008,
    "n": 1249
  },
  "KPLO": {
    "mean": 8.724064263305351,
    "std": 6.2546890253364955,
    "n": 1047
  },
  "LUCY": {
    "mean": 9.095407992043576,
    "std": 4.012697278738058,
    "n": 752
  },
  "M01O": {
    "mean": 7.881600903321233,
    "std": 4.329154192387656,
    "n": 2121
  },
  "MMS2": {
    "mean": 12.086705004562939,
    "std": 5.5144388087847025,
    "n": 250
  },
  "ORX": {
    "mean": 4.005873340387818,
    "std": 6.252417484047028,
    "n": 560
  },
  "SOHO": {
    "mean": 10.418848637536758,
    "std": 4.479391451975416,
    "n": 1731
  },
  "SPP": {
    "mean": 8.922481602820337,
    "std": 4.537872618268548,
    "n": 953
  },
  "VGR2": {
    "mean": 4.127281868844017,
    "std": 1.9179033686497096,
    "n": 850
  },
  "CAPS": {
    "mean": 9.0464926723707,
    "std": 5.5932289385976155,
    "n": 286
  },
  "MRO": {
    "mean": 11.153533182642388,
    "std": 5.8522556183714585,
    "n": 875
  },
  "STA": {
    "mean": 10.50264196192954,
    "std": 5.3073286609637575,
    "n": 630
  },
  "IMAP": {
    "mean": 10.606445069759024,
    "std": 5.533151840768121,
    "n": 346
  },
  "MMS3": {
    "mean": 11.580486622432256,
    "std": 5.91236911070449,
    "n": 247
  },
  "TGO": {
    "mean": 10.366293035115964,
    "std": 5.184497118456857,
    "n": 291
  },
  "TDR8": {
    "mean": 6.839711603308979,
    "std": 3.15492915596383,
    "n": 114
  },
  "MMS4": {
    "mean": 12.026772688572809,
    "std": 5.591509890398903,
    "n": 231
  },
  "WIND": {
    "mean": 7.897618411000159,
    "std": 4.196468908592944,
    "n": 470
  },
  "ESCB": {
    "mean": 7.767670390414693,
    "std": 3.4105913998967927,
    "n": 298
  },
  "THC": {
    "mean": 8.193392562835303,
    "std": 5.613047573066228,
    "n": 139
  },
  "CHDR": {
    "mean": 8.169381612060201,
    "std": 6.8804600561842015,
    "n": 576
  },
  "MMS1": {
    "mean": 10.666226719923413,
    "std": 6.386916701574475,
    "n": 277
  },
  "ESCG": {
    "mean": 7.652837450211011,
    "std": 3.674382748300984,
    "n": 314
  },
  "VGR1": {
    "mean": 4.4135230954855045,
    "std": 1.710337460125101,
    "n": 922
  },
  "DSSR": {
    "mean": 0.0,
    "std": 0.0,
    "n": 155
  },
  "LRO": {
    "mean": 10.799995756673573,
    "std": 6.529470256084862,
    "n": 555
  },
  "SWFO": {
    "mean": 0.2711797948432213,
    "std": 1.474666402211869,
    "n": 214
  },
  "GBRA": {
    "mean": 0.0,
    "std": 0.0,
    "n": 506
  },
  "EMM": {
    "mean": 10.189358303641068,
    "std": 4.751497235554039,
    "n": 140
  },
  "TESS": {
    "mean": 9.580617287688693,
    "std": 6.389424036335485,
    "n": 173
  },
  "EURC": {
    "mean": 7.048023961981187,
    "std": 5.103005027892985,
    "n": 293
  },
  "NHPC": {
    "mean": 0.0,
    "std": 0.0,
    "n": 36
  },
  "PSYC": {
    "mean": 9.621695223816792,
    "std": 5.481544133087016,
    "n": 600
  },
  "JNO": {
    "mean": 8.984281767785962,
    "std": 4.375253146303563,
    "n": 1238
  },
  "MSL": {
    "mean": 0.24836408356673606,
    "std": 1.1111895918040897,
    "n": 168
  },
  "M20": {
    "mean": 0.42176034858008976,
    "std": 1.4160554098899794,
    "n": 135
  },
  "CGO": {
    "mean": 10.265167220885035,
    "std": 5.598919724261108,
    "n": 207
  },
  "BIOS": {
    "mean": 6.887781256825024,
    "std": 3.822386500483628,
    "n": 68
  },
  "SGP": {
    "mean": 0.0,
    "std": 0.0,
    "n": 34
  },
  "DSCO": {
    "mean": 4.951768775643087,
    "std": 4.951768775643087,
    "n": 42
  },
  "THB": {
    "mean": 8.120803425503418,
    "std": 5.622722137669865,
    "n": 109
  },
  "MMX": {
    "mean": 6.447047574555721,
    "std": 4.86009682234796,
    "n": 75
  },
  "RST": {
    "mean": 6.771292771997224,
    "std": 5.938614102744261,
    "n": 42
  },
  "XMM": {
    "mean": 10.478006574044688,
    "std": 2.9312374535648464,
    "n": 124
  },
  "TEST": {
    "mean": 0.0,
    "std": 0.0,
    "n": 144
  },
  "MEX": {
    "mean": 9.434773246287115,
    "std": 4.666915418123494,
    "n": 41
  },
  "BEPI": {
    "mean": 2.2665968526050566,
    "std": 3.6346409384521188,
    "n": 25
  },
  "HYB2": {
    "mean": 2.284173094322301,
    "std": 2.6197622853217655,
    "n": 64
  },
  "HCRA": {
    "mean": 0.0,
    "std": 0.0,
    "n": 43
  },
  "EGS": {
    "mean": 0.0,
    "std": 0.0,
    "n": 16
  }
}