{
  "ACE": {
    "mean": 8.542558191651779,
    "std": 4.882843155511597,
    "n": 394
  },
  "DSN": {
    "mean": 0.0,
    "std": 0.0,
    "n": 6292
  },
  "DSS": {
    "mean": 0.0,
    "std": 0.0,
    "n": 1390
  },
  "JWST": {
    "mean": 11.161150946868974,
    "std": 6.031389446653561,
    "n": 837
  },
  "KPLO": {
    "mean": 8.541777612585683,
    "std": 6.452220736575207,
    "n": 698
  },
  "LUCY": {
    "mean": 9.082104597491034,
    "std": 4.124203797779426,
    "n": 638
  },
  "M01O": {
    "mean": 7.979071512037526,
    "std": 4.270621317665076,
    "n": 1432
  },
  "MMS2": {
    "mean": 11.985083559182932,
    "std": 5.574241977211176,
    "n": 169
  },
  "ORX": {
    "mean": 3.6934273916870697,
    "std": 6.088690002659123,
    "n": 342
  },
  "SOHO": {
    "mean": 10.248116993175987,
    "std": 4.621101824311896,
    "n": 1141
  },
  "SPP": {
    "mean": 8.812563397083215,
    "std": 4.467369839155487,
    "n": 731
  },
  "VGR2": {
    "mean": 4.2522349129364,
    "std": 1.8117851014188657,
    "n": 579
  },
  "CAPS": {
    "mean": 8.970865212448679,
    "std": 5.626818976598164,
    "n": 195
  },
  "MRO": {
    "mean": 11.15742454028286,
    "std": 5.869297948388424,
    "n": 621
  },
  "STA": {
    "mean": 10.535572627400557,
    "std": 5.279035100940376,
    "n": 449
  },
  "IMAP": {
    "mean": 10.65841733835101,
    "std": 5.494607248165262,
    "n": 262
  },
  "MMS3": {
    "mean": 11.893662880035127,
    "std": 5.663423580918886,
    "n": 168
  },
  "TGO": {
    "mean": 10.070576691209196,
    "std": 5.338229750051024,
    "n": 192
  },
  "TDR8": {
    "mean": 6.839711603308979,
    "std": 3.15492915596383,
    "n": 114
  },
  "MMS4": {
    "mean": 12.014604919864725,
    "std": 5.610712311211329,
    "n": 151
  },
  "WIND": {
    "mean": 7.925288075925077,
    "std": 4.25511399672313,
    "n": 339
  },
  "ESCB": {
    "mean": 8.15365141516812,
    "std": 3.224113666488309,
    "n": 163
  },
  "THC": {
    "mean": 8.613388146882713,
    "std": 5.378589299241076,
    "n": 108
  },
  "CHDR": {
    "mean": 8.224933269869007,
    "std": 6.879624194681522,
    "n": 396
  },
  "MMS1": {
    "mean": 10.501129218576564,
    "std": 6.453535790646329,
    "n": 179
  },
  "ESCG": {
    "mean": 7.684914044402879,
    "std": 3.4926262139131423,
    "n": 232
  },
  "VGR1": {
    "mean": 4.432466958437305,
    "std": 1.6959142624778798,
    "n": 556
  },
  "DSSR": {
    "mean": 0.0,
    "std": 0.0,
    "n": 113
  },
  "LRO": {
    "mean": 10.532612299300224,
    "std": 6.725267539990611,
    "n": 342
  },
  "SWFO": {
    "mean": 0.2981573876167974,
    "std": 1.5435239472524316,
    "n": 139
  },
  "GBRA": {
    "mean": 0.0,
    "std": 0.0,
    "n": 378
  },
  "EMM": {
    "mean": 9.760650048617364,
    "std": 5.086181563026404,
    "n": 89
  },
  "TESS": {
    "mean": 9.597085644503432,
    "std": 6.386069101590135,
    "n": 112
  },
  "EURC": {
    "mean": 6.313896380707498,
    "std": 5.2219891864578445,
    "n": 194
  },
  "NHPC": {
    "mean": 0.0,
    "std": 0.0,
    "n": 23
  },
  "PSYC": {
    "mean": 9.58372406405938,
    "std": 5.502977793586046,
    "n": 480
  },
  "JNO": {
    "mean": 8.973580470108033,
    "std": 4.5302839157174954,
    "n": 838
  },
  "MSL": {
    "mean": 0.16183987333363478,
    "std": 0.9115731962975565,
    "n": 98
  },
  "M20": {
    "mean": 0.40258942364463124,
    "std": 1.3862845644039656,
    "n": 90
  },
  "CGO": {
    "mean": 10.260782204255879,
    "std": 5.606879841865857,
    "n": 164
  },
  "BIOS": {
    "mean": 6.8571774360934326,
    "std": 3.8466699106995494,
    "n": 46
  },
  "SGP": {
    "mean": 0.0,
    "std": 0.0,
    "n": 34
  },
  "DSCO": {
    "mean": 4.951768775643087,
    "std": 4.951768775643086,
    "n": 28
  },
  "THB": {
    "mean": 8.411952234480681,
    "std": 5.504151850217482,
    "n": 81
  },
  "MMX": {
    "mean": 6.255844173683396,
    "std": 4.862816903973702,
    "n": 69
  },
  "RST": {
    "mean": 7.504568018465512,
    "std": 6.107700359240118,
    "n": 29
  },
  "XMM": {
    "mean": 10.247047163175289,
    "std": 3.281681488623191,
    "n": 86
  },
  "TEST": {
    "mean": 0.0,
    "std": 0.0,
    "n": 95
  },
  "MEX": {
    "mean": 9.155437514433327,
    "std": 4.828276118324093,
    "n": 37
  },
  "BEPI": {
    "mean": 3.777661421008428,
    "std": 4.038489931613466,
    "n": 15
  },
  "HYB2": {
    "mean": 0.0,
    "std": 0.0,
    "n": 14
  },
  "HCRA": {
    "mean": 0.0,
    "std": 0.0,
    "n": 30
  }
}