{
  "ACE": {
    "mean": 8.68806080012539,
    "std": 4.802960461013441,
    "n": 194
  },
  "DSN": {
    "mean": 0.0,
    "std": 0.0,
    "n": 3431
  },
  "DSS": {
    "mean": 0.0,
    "std": 0.0,
    "n": 1094
  },
  "JWST": {
    "mean": 10.834876432228736,
    "std": 5.888043204774628,
    "n": 389
  },
  "KPLO": {
    "mean": 8.474198478255603,
    "std": 6.616626804345183,
    "n": 370
  },
  "LUCY": {
    "mean": 9.539152657457183,
    "std": 3.793064408812616,
    "n": 337
  },
  "M01O": {
    "mean": 8.375428810206534,
    "std": 3.861039229364316,
    "n": 648
  },
  "MMS2": {
    "mean": 11.64609415661092,
    "std": 5.82926833343918,
    "n": 85
  },
  "ORX": {
    "mean": 4.296021025262081,
    "std": 6.365407251242878,
    "n": 131
  },
  "SOHO": {
    "mean": 10.197653594160373,
    "std": 4.75123464427953,
    "n": 499
  },
  "SPP": {
    "mean": 8.627023456565464,
    "std": 4.2111720279860965,
    "n": 351
  },
  "VGR2": {
    "mean": 4.329478076768409,
    "std": 1.7214815503373568,
    "n": 287
  },
  "CAPS": {
    "mean": 8.341116639093729,
    "std": 5.901244025810182,
    "n": 96
  },
  "MRO": {
    "mean": 11.736088938669695,
    "std": 5.572355398772946,
    "n": 350
  },
  "STA": {
    "mean": 10.334761987039645,
    "std": 5.40589213828791,
    "n": 205
  },
  "IMAP": {
    "mean": 10.56946860199934,
    "std": 5.555098552884408,
    "n": 134
  },
  "MMS3": {
    "mean": 11.623561498787033,
    "std": 5.771654568776773,
    "n": 76
  },
  "TGO": {
    "mean": 10.529649469642932,
    "std": 4.991899259566121,
    "n": 82
  },
  "TDR8": {
    "mean": 6.839711603308979,
    "std": 3.15492915596383,
    "n": 114
  },
  "MMS4": {
    "mean": 12.325969035360389,
    "std": 5.288786110815144,
    "n": 58
  },
  "WIND": {
    "mean": 7.966963311632174,
    "std": 4.057581405115134,
    "n": 165
  },
  "ESCB": {
    "mean": 8.319557735777906,
    "std": 3.165260817009509,
    "n": 126
  },
  "THC": {
    "mean": 8.549230981023976,
    "std": 5.438502549730044,
    "n": 63
  },
  "CHDR": {
    "mean": 7.72039669073948,
    "std": 6.948731484766885,
    "n": 181
  },
  "MMS1": {
    "mean": 10.351364297547212,
    "std": 6.5248149674509754,
    "n": 81
  },
  "ESCG": {
    "mean": 8.211184175608677,
    "std": 3.1049429823674495,
    "n": 132
  },
  "VGR1": {
    "mean": 4.502510196821672,
    "std": 1.6144587003183297,
    "n": 237
  },
  "DSSR": {
    "mean": 0.0,
    "std": 0.0,
    "n": 68
  },
  "LRO": {
    "mean": 10.310793871409079,
    "std": 6.772680199430207,
    "n": 133
  },
  "SWFO": {
    "mean": 0.0,
    "std": 0.0,
    "n": 66
  },
  "GBRA": {
    "mean": 0.0,
    "std": 0.0,
    "n": 191
  },
  "EMM": {
    "mean": 11.587830537233842,
    "std": 3.06075476965658,
    "n": 46
  },
  "TESS": {
    "mean": 7.619260374159661,
    "std": 5.0856054344950925,
    "n": 45
  },
  "EURC": {
    "mean": 5.613983411635755,
    "std": 5.494120046570652,
    "n": 95
  },
  "NHPC": {
    "mean": 0.0,
    "std": 0.0,
    "n": 15
  },
  "PSYC": {
    "mean": 9.963823425186442,
    "std": 5.282728536598435,
    "n": 196
  },
  "JNO": {
    "mean": 9.357445863595148,
    "std": 4.335258273561004,
    "n": 409
  },
  "MSL": {
    "mean": 0.1217450456149247,
    "std": 0.8166905937563529,
    "n": 46
  },
  "M20": {
    "mean": 0.39065281000557206,
    "std": 1.3672848350195017,
    "n": 53
  },
  "CGO": {
    "mean": 9.818873335802843,
    "std": 5.692689506585885,
    "n": 74
  },
  "BIOS": {
    "mean": 7.300921556125871,
    "std": 3.509447946156779,
    "n": 32
  },
  "SGP": {
    "mean": 0.0,
    "std": 0.0,
    "n": 34
  },
  "DSCO": {
    "mean": 4.951768775643085,
    "std": 4.951768775643084,
    "n": 10
  },
  "THB": {
    "mean": 8.954668836338687,
    "std": 5.089404640938011,
    "n": 37
  },
  "MMX": {
    "mean": 5.125630207147106,
    "std": 4.898461512253476,
    "n": 45
  },
  "RST": {
    "mean": 7.105025557367963,
    "std": 5.919891139206077,
    "n": 13
  },
  "XMM": {
    "mean": 10.806803399541693,
    "std": 2.3040182265601743,
    "n": 23
  },
  "TEST": {
    "mean": 0.0,
    "std": 0.0,
    "n": 17
  },
  "MEX": {
    "mean": 11.162196878066604,
    "std": 3.3979678769504145,
    "n": 12
  },
  "BEPI": {
    "mean": 6.2961023683473805,
    "std": 3.365408276344554,
    "n": 9
  },
  "HYB2": {
    "mean": 0.0,
    "std": 0.0,
    "n": 4
  }
}