{
  "ACE": {
    "mean": 8.180181425701912,
    "std": 5.0492228883234525,
    "n": 884
  },
  "DSN": {
    "mean": 0.0,
    "std": 0.0,
    "n": 13894
  },
  "DSS": {
    "mean": 0.0,
    "std": 0.0,
    "n": 2473
  },
  "JWST": {
    "mean": 11.435239390619698,
    "std": 5.82487628467407,
    "n": 2114
  },
  "KPLO": {
    "mean": 8.729600530172773,
    "std": 6.187437768109065,
    "n": 1701
  },
  "LUCY": {
    "mean": 8.989733705693034,
    "std": 3.8652805948996845,
    "n": 979
  },
  "M01O": {
    "mean": 7.943892197342562,
    "std": 4.213744847119288,
    "n": 3162
  },
  "MMS2": {
    "mean": 11.77380144449091,
    "std": 5.721851281203121,
    "n": 430
  },
  "ORX": {
    "mean": 4.268653650357724,
    "std": 6.363563644727299,
    "n": 944
  },
  "SOHO": {
    "mean": 10.451054376237375,
    "std": 4.479499236817874,
    "n": 2829
  },
  "SPP": {
    "mean": 8.618130467637394,
    "std": 4.513973910523029,
    "n": 1359
  },
  "VGR2": {
    "mean": 4.133607874667292,
    "std": 1.9211330206747976,
    "n": 1352
  },
  "CAPS": {
    "mean": 9.311573656845004,
    "std": 5.428067245932764,
    "n": 446
  },
  "MRO": {
    "mean": 11.434618523854587,
    "std": 5.644218041266682,
    "n": 1482
  },
  "STA": {
    "mean": 10.593368808722351,
    "std": 5.211092645303754,
    "n": 1084
  },
  "IMAP": {
    "mean": 10.732180693462675,
    "std": 5.438770587891611,
    "n": 558
  },
  "MMS3": {
    "mean": 11.868385077376207,
    "std": 5.664323586643329,
    "n": 405
  },
  "TGO": {
    "mean": 10.533899693249985,
    "std": 5.044887656313743,
    "n": 457
  },
  "TDR8": {
    "mean": 7.014025107082547,
    "std": 2.9972898409743474,
    "n": 136
  },
  "MMS4": {
    "mean": 11.711315028031732,
    "std": 5.831364651980709,
    "n": 378
  },
  "WIND": {
    "mean": 7.855107793852931,
    "std": 4.238172216221487,
    "n": 776
  },
  "ESCB": {
    "mean": 7.787627494436133,
    "std": 3.403851983876745,
    "n": 512
  },
  "THC": {
    "mean": 8.089440329243777,
    "std": 5.6516971459799485,
    "n": 252
  },
  "CHDR": {
    "mean": 8.205832499065675,
    "std": 6.8691520418894,
    "n": 920
  },
  "MMS1": {
    "mean": 10.906771065797258,
    "std": 6.268474963990011,
    "n": 472
  },
  "ESCG": {
    "mean": 7.750072939937924,
    "std": 3.6420564530573207,
    "n": 482
  },
  "VGR1": {
    "mean": 3.7547090723866208,
    "std": 2.2259323827238178,
    "n": 1743
  },
  "DSSR": {
    "mean": 0.0,
    "std": 0.0,
    "n": 287
  },
  "LRO": {
    "mean": 10.16571643085686,
    "std": 6.472090201495106,
    "n": 1077
  },
  "SWFO": {
    "mean": 0.1848168028549343,
    "std": 1.2239450569972241,
    "n": 314
  },
  "GBRA": {
    "mean": 0.0,
    "std": 0.0,
    "n": 661
  },
  "EMM": {
    "mean": 10.075642807613153,
    "std": 4.840551021548727,
    "n": 256
  },
  "TESS": {
    "mean": 9.620386480971149,
    "std": 6.462455858694582,
    "n": 273
  },
  "EURC": {
    "mean": 6.525689250708816,
    "std": 4.635128753657545,
    "n": 610
  },
  "NHPC": {
    "mean": 2.789201883030447,
    "std": 2.976865015526967,
    "n": 759
  },
  "PSYC": {
    "mean": 9.813412851809023,
    "std": 5.368338837793373,
    "n": 747
  },
  "JNO": {
    "mean": 8.849463650242127,
    "std": 4.31417294589922,
    "n": 1897
  },
  "MSL": {
    "mean": 0.28954266764713504,
    "std": 1.191999028101811,
    "n": 305
  },
  "M20": {
    "mean": 0.3981653640441407,
    "std": 1.3792852806772187,
    "n": 247
  },
  "CGO": {
    "mean": 10.319310396423036,
    "std": 5.513565976668552,
    "n": 339
  },
  "BIOS": {
    "mean": 6.8961560828751995,
    "std": 3.808922480449452,
    "n": 107
  },
  "SGP": {
    "mean": 0.0,
    "std": 0.0,
    "n": 111
  },
  "DSCO": {
    "mean": 5.519787753357474,
    "std": 5.061207224223677,
    "n": 69
  },
  "THB": {
    "mean": 7.751827512100509,
    "std": 5.7755097653703125,
    "n": 147
  },
  "MMX": {
    "mean": 6.286980854753921,
    "std": 4.837917009469494,
    "n": 84
  },
  "RST": {
    "mean": 5.586916007866837,
    "std": 5.907579842444726,
    "n": 56
  },
  "XMM": {
    "mean": 10.309444622685579,
    "std": 3.1924408557625874,
    "n": 160
  },
  "TEST": {
    "mean": 0.0,
    "std": 0.0,
    "n": 271
  },
  "MEX": {
    "mean": 8.64732212457721,
    "std": 5.286989164477508,
    "n": 96
  },
  "BEPI": {
    "mean": 4.342343111860535,
    "std": 5.071384013101949,
    "n": 40
  },
  "HYB2": {
    "mean": 4.1767749285408255,
    "std": 3.2512601559797702,
    "n": 463
  },
  "HCRA": {
    "mean": 0.0,
    "std": 0.0,
    "n": 105
  },
  "EGS": {
    "mean": 0.0,
    "std": 0.0,
    "n": 16
  },
  "TERR": {
    "mean": 0.0,
    "std": 0.0,
    "n": 5
  }
}