{
  "ACE": {
    "mean": 8.428126569626574,
    "std": 4.918309145548985,
    "n": 597
  },
  "DSN": {
    "mean": 0.0,
    "std": 0.0,
    "n": 9042
  },
  "DSS": {
    "mean": 0.0,
    "std": 0.0,
    "n": 1773
  },
  "JWST": {
    "mean": 11.416183107091026,
    "std": 6.01240752727829,
    "n": 1375
  },
  "KPLO": {
    "mean": 8.615378026416481,
    "std": 6.214919972495536,
    "n": 1139
  },
  "LUCY": {
    "mean": 9.089254569003707,
    "std": 3.975457999534912,
    "n": 783
  },
  "M01O": {
    "mean": 7.930890366703227,
    "std": 4.289943171916688,
    "n": 2275
  },
  "MMS2": {
    "mean": 12.007082451200548,
    "std": 5.576371938862299,
    "n": 271
  },
  "ORX": {
    "mean": 4.234866322367169,
    "std": 6.3531528151685785,
    "n": 611
  },
  "SOHO": {
    "mean": 10.455558483297873,
    "std": 4.451011068409412,
    "n": 1884
  },
  "SPP": {
    "mean": 9.202148762173296,
    "std": 4.605485307382734,
    "n": 1095
  },
  "VGR2": {
    "mean": 4.159244086080189,
    "std": 1.893380846409948,
    "n": 921
  },
  "CAPS": {
    "mean": 9.095144558214242,
    "std": 5.557519592906378,
    "n": 302
  },
  "MRO": {
    "mean": 11.212234150093302,
    "std": 5.79375542148183,
    "n": 963
  },
  "STA": {
    "mean": 10.565235238168123,
    "std": 5.262297161162153,
    "n": 680
  },
  "IMAP": {
    "mean": 10.534404850715354,
    "std": 5.582118431557862,
    "n": 365
  },
  "MMS3": {
    "mean": 11.700923363211261,
    "std": 5.8281747247487194,
    "n": 267
  },
  "TGO": {
    "mean": 10.364550433329168,
    "std": 5.183508502925938,
    "n": 321
  },
  "TDR8": {
    "mean": 6.839711603308979,
    "std": 3.15492915596383,
    "n": 114
  },
  "MMS4": {
    "mean": 11.940906187502819,
    "std": 5.65483700011678,
    "n": 246
  },
  "WIND": {
    "mean": 7.838985596764301,
    "std": 4.196557450981419,
    "n": 507
  },
  "ESCB": {
    "mean": 7.7779527318277015,
    "std": 3.3929697471510343,
    "n": 346
  },
  "THC": {
    "mean": 8.079191259250443,
    "std": 5.633473853130999,
    "n": 148
  },
  "CHDR": {
    "mean": 8.227261772040364,
    "std": 6.868092250135573,
    "n": 621
  },
  "MMS1": {
    "mean": 10.776199537843631,
    "std": 6.324646922404421,
    "n": 301
  },
  "ESCG": {
    "mean": 7.659952327522551,
    "std": 3.6429004617158554,
    "n": 341
  },
  "VGR1": {
    "mean": 4.429607663999582,
    "std": 1.6888699681355053,
    "n": 1005
  },
  "DSSR": {
    "mean": 0.0,
    "std": 0.0,
    "n": 196
  },
  "LRO": {
    "mean": 10.828289084901474,
    "std": 6.428407836381972,
    "n": 632
  },
  "SWFO": {
    "mean": 0.25907355400200616,
    "std": 1.4424615132649095,
    "n": 224
  },
  "GBRA": {
    "mean": 0.0,
    "std": 0.0,
    "n": 529
  },
  "EMM": {
    "mean": 10.210121533965474,
    "std": 4.733528122869451,
    "n": 147
  },
  "TESS": {
    "mean": 9.9095928160731,
    "std": 6.5622919675658515,
    "n": 189
  },
  "EURC": {
    "mean": 7.119821393251179,
    "std": 5.046342242185888,
    "n": 317
  },
  "NHPC": {
    "mean": 2.6712074289490864,
    "std": 2.4194808399469,
    "n": 129
  },
  "PSYC": {
    "mean": 9.559087822212327,
    "std": 5.519449657161713,
    "n": 624
  },
  "JNO": {
    "mean": 9.010157222661093,
    "std": 4.357635973213803,
    "n": 1290
  },
  "MSL": {
    "mean": 0.30102581216392665,
    "std": 1.2157638272824527,
    "n": 173
  },
  "M20": {
    "mean": 0.41647181756341145,
    "std": 1.4079317143529417,
    "n": 174
  },
  "CGO": {
    "mean": 10.392526050045905,
    "std": 5.52265650338005,
    "n": 226
  },
  "BIOS": {
    "mean": 6.976562835742111,
    "std": 3.7645650646294055,
    "n": 71
  },
  "SGP": {
    "mean": 0.0,
    "std": 0.0,
    "n": 34
  },
  "DSCO": {
    "mean": 4.951768775643087,
    "std": 4.951768775643087,
    "n": 44
  },
  "THB": {
    "mean": 8.141870177392011,
    "std": 5.5904266470201875,
    "n": 126
  },
  "MMX": {
    "mean": 6.447047574555721,
    "std": 4.86009682234796,
    "n": 75
  },
  "RST": {
    "mean": 6.771292771997224,
    "std": 5.938614102744261,
    "n": 42
  },
  "XMM": {
    "mean": 10.478006574044688,
    "std": 2.9312374535648464,
    "n": 124
  },
  "TEST": {
    "mean": 0.0,
    "std": 0.0,
    "n": 187
  },
  "MEX": {
    "mean": 9.665860102911063,
    "std": 4.455399724792833,
    "n": 46
  },
  "BEPI": {
    "mean": 2.420109767318459,
    "std": 3.567173330124926,
    "n": 28
  },
  "HYB2": {
    "mean": 3.0240921225339537,
    "std": 2.4235450865794133,
    "n": 197
  },
  "HCRA": {
    "mean": 0.0,
    "std": 0.0,
    "n": 48
  },
  "EGS": {
    "mean": 0.0,
    "std": 0.0,
    "n": 16
  }
}