{
  "ACE": {
    "mean": 8.454795764849642,
    "std": 4.949926750491691,
    "n": 134
  },
  "DSN": {
    "mean": 0.0,
    "std": 0.0,
    "n": 2496
  },
  "DSS": {
    "mean": 0.0,
    "std": 0.0,
    "n": 799
  },
  "JWST": {
    "mean": 11.180951243194551,
    "std": 6.02697726301057,
    "n": 249
  },
  "KPLO": {
    "mean": 7.834667919895488,
    "std": 6.63228787069649,
    "n": 239
  },
  "LUCY": {
    "mean": 9.630751910626305,
    "std": 3.695682989610895,
    "n": 226
  },
  "M01O": {
    "mean": 8.33088210614977,
    "std": 3.9034351116274077,
    "n": 398
  },
  "MMS2": {
    "mean": 11.197143711958892,
    "std": 6.214401824101068,
    "n": 51
  },
  "ORX": {
    "mean": 3.7922108106968273,
    "std": 6.137911808715537,
    "n": 76
  },
  "SOHO": {
    "mean": 10.119563857898815,
    "std": 4.816768892003648,
    "n": 314
  },
  "SPP": {
    "mean": 9.64666234791582,
    "std": 4.068654576956728,
    "n": 277
  },
  "VGR2": {
    "mean": 4.401622215553416,
    "std": 1.6812167487068974,
    "n": 184
  },
  "CAPS": {
    "mean": 7.981832574397967,
    "std": 5.96353407666399,
    "n": 67
  },
  "MRO": {
    "mean": 11.965182154515446,
    "std": 5.472304961525156,
    "n": 256
  },
  "STA": {
    "mean": 9.722738221320032,
    "std": 5.802377691589096,
    "n": 141
  },
  "IMAP": {
    "mean": 10.525219981517582,
    "std": 5.586799392836416,
    "n": 91
  },
  "MMS3": {
    "mean": 11.461972854275917,
    "std": 5.739131183340365,
    "n": 45
  },
  "TGO": {
    "mean": 11.037517917288396,
    "std": 4.656207354483694,
    "n": 40
  },
  "TDR8": {
    "mean": 6.839711603308979,
    "std": 3.15492915596383,
    "n": 114
  },
  "MMS4": {
    "mean": 11.520925526626028,
    "std": 5.954478599821379,
    "n": 38
  },
  "WIND": {
    "mean": 8.271371713443951,
    "std": 4.091450829078022,
    "n": 108
  },
  "ESCB": {
    "mean": 7.57754584220696,
    "std": 3.2684311289654473,
    "n": 51
  },
  "THC": {
    "mean": 8.285041222082505,
    "std": 5.584320206737553,
    "n": 42
  },
  "CHDR": {
    "mean": 7.823675025112246,
    "std": 6.9444923966661705,
    "n": 118
  },
  "MMS1": {
    "mean": 10.336690414181064,
    "std": 6.543670228517479,
    "n": 56
  },
  "ESCG": {
    "mean": 8.23975079966277,
    "std": 3.158621623295177,
    "n": 113
  },
  "VGR1": {
    "mean": 4.573263928486006,
    "std": 1.5244213094953385,
    "n": 160
  },
  "DSSR": {
    "mean": 0.0,
    "std": 0.0,
    "n": 42
  },
  "LRO": {
    "mean": 9.80028624158793,
    "std": 7.253670050455827,
    "n": 45
  },
  "SWFO": {
    "mean": 0.0,
    "std": 0.0,
    "n": 43
  },
  "GBRA": {
    "mean": 0.0,
    "std": 0.0,
    "n": 147
  },
  "EMM": {
    "mean": 11.23413222141711,
    "std": 3.6132761917819316,
    "n": 32
  },
  "TESS": {
    "mean": 8.151111908456105,
    "std": 5.3131324059263,
    "n": 29
  },
  "EURC": {
    "mean": 5.166783501664324,
    "std": 5.612777683650139,
    "n": 75
  },
  "NHPC": {
    "mean": 0.0,
    "std": 0.0,
    "n": 10
  },
  "PSYC": {
    "mean": 9.089976865513393,
    "std": 5.785437215458321,
    "n": 111
  },
  "JNO": {
    "mean": 9.981963523222076,
    "std": 3.6266079890091394,
    "n": 204
  },
  "MSL": {
    "mean": 0.0,
    "std": 0.0,
    "n": 35
  },
  "M20": {
    "mean": 0.1522396980168773,
    "std": 0.874550482547983,
    "n": 34
  },
  "CGO": {
    "mean": 9.66874218091314,
    "std": 5.768071610187025,
    "n": 54
  },
  "BIOS": {
    "mean": 7.090563237998491,
    "std": 3.6384672677955816,
    "n": 24
  },
  "SGP": {
    "mean": 0.0,
    "std": 0.0,
    "n": 34
  },
  "DSCO": {
    "mean": 3.961415020514468,
    "std": 4.851722729828701,
    "n": 5
  },
  "THB": {
    "mean": 8.466122720918177,
    "std": 5.370120329956986,
    "n": 28
  },
  "MMX": {
    "mean": 4.877063057512354,
    "std": 4.978158695392336,
    "n": 42
  },
  "RST": {
    "mean": 4.273278775786431,
    "std": 5.542383218646343,
    "n": 5
  },
  "XMM": {
    "mean": 11.298020796733232,
    "std": 3.426293600148954e-05,
    "n": 12
  }
}