{
  "ACE": {
    "mean": 8.444745039199448,
    "std": 4.9070581558031545,
    "n": 581
  },
  "DSN": {
    "mean": 0.0,
    "std": 0.0,
    "n": 8872
  },
  "DSS": {
    "mean": 0.0,
    "std": 0.0,
    "n": 1749
  },
  "JWST": {
    "mean": 11.371624653596461,
    "std": 6.029691351268456,
    "n": 1328
  },
  "KPLO": {
    "mean": 8.673124428851702,
    "std": 6.2472313105045885,
    "n": 1102
  },
  "LUCY": {
    "mean": 9.079010781077288,
    "std": 4.00005561221251,
    "n": 773
  },
  "M01O": {
    "mean": 7.9005376722093414,
    "std": 4.311526029196355,
    "n": 2213
  },
  "MMS2": {
    "mean": 12.03123292369313,
    "std": 5.557859261647604,
    "n": 262
  },
  "ORX": {
    "mean": 4.064568979379767,
    "std": 6.277856443696613,
    "n": 589
  },
  "SOHO": {
    "mean": 10.411832219349252,
    "std": 4.489734767951018,
    "n": 1818
  },
  "SPP": {
    "mean": 9.081677706776977,
    "std": 4.571702617967407,
    "n": 1025
  },
  "VGR2": {
    "mean": 4.148445300358198,
    "std": 1.9005690133127067,
    "n": 894
  },
  "CAPS": {
    "mean": 9.104565706084749,
    "std": 5.554492774919185,
    "n": 299
  },
  "MRO": {
    "mean": 11.21044663850728,
    "std": 5.8083946122783106,
    "n": 921
  },
  "STA": {
    "mean": 10.543228890775556,
    "std": 5.280651379370359,
    "n": 654
  },
  "IMAP": {
    "mean": 10.58447157676793,
    "std": 5.547855858937284,
    "n": 362
  },
  "MMS3": {
    "mean": 11.664261470146215,
    "std": 5.851413389780298,
    "n": 259
  },
  "TGO": {
    "mean": 10.323772143012803,
    "std": 5.214960849749569,
    "n": 311
  },
  "TDR8": {
    "mean": 6.839711603308979,
    "std": 3.15492915596383,
    "n": 114
  },
  "MMS4": {
    "mean": 12.030552539985248,
    "std": 5.583213654798027,
    "n": 243
  },
  "WIND": {
    "mean": 7.880233953302283,
    "std": 4.2025881003217345,
    "n": 491
  },
  "ESCB": {
    "mean": 7.786035384159938,
    "std": 3.36633904233974,
    "n": 325
  },
  "THC": {
    "mean": 8.160746734266631,
    "std": 5.623688506336661,
    "n": 141
  },
  "CHDR": {
    "mean": 8.22723797058033,
    "std": 6.867640353297374,
    "n": 604
  },
  "MMS1": {
    "mean": 10.771799577143788,
    "std": 6.339046440780587,
    "n": 292
  },
  "ESCG": {
    "mean": 7.659952327522551,
    "std": 3.6429004617158554,
    "n": 341
  },
  "VGR1": {
    "mean": 4.413121592176348,
    "std": 1.7067055112055953,
    "n": 965
  },
  "DSSR": {
    "mean": 0.0,
    "std": 0.0,
    "n": 184
  },
  "LRO": {
    "mean": 10.901954887333188,
    "std": 6.467335360378691,
    "n": 607
  },
  "SWFO": {
    "mean": 0.2637839822565881,
    "std": 1.4550888302296845,
    "n": 220
  },
  "GBRA": {
    "mean": 0.0,
    "std": 0.0,
    "n": 518
  },
  "EMM": {
    "mean": 10.210121533965474,
    "std": 4.733528122869451,
    "n": 147
  },
  "TESS": {
    "mean": 9.575364302673854,
    "std": 6.452307696444178,
    "n": 178
  },
  "EURC": {
    "mean": 7.074369393519517,
    "std": 5.019332454515391,
    "n": 310
  },
  "NHPC": {
    "mean": 1.8404290195730888,
    "std": 1.961903926873181,
    "n": 94
  },
  "PSYC": {
    "mean": 9.537529994357648,
    "std": 5.531002643262781,
    "n": 612
  },
  "JNO": {
    "mean": 9.00172878621884,
    "std": 4.358444735779626,
    "n": 1277
  },
  "MSL": {
    "mean": 0.24836408356673606,
    "std": 1.1111895918040897,
    "n": 168
  },
  "M20": {
    "mean": 0.45291310160021,
    "std": 1.4626058088651175,
    "n": 160
  },
  "CGO": {
    "mean": 10.386611947069436,
    "std": 5.5407632509664095,
    "n": 224
  },
  "BIOS": {
    "mean": 6.976562835742111,
    "std": 3.7645650646294055,
    "n": 71
  },
  "SGP": {
    "mean": 0.0,
    "std": 0.0,
    "n": 34
  },
  "DSCO": {
    "mean": 4.951768775643087,
    "std": 4.951768775643087,
    "n": 44
  },
  "THB": {
    "mean": 8.080642312408651,
    "std": 5.635489905384737,
    "n": 111
  },
  "MMX": {
    "mean": 6.447047574555721,
    "std": 4.86009682234796,
    "n": 75
  },
  "RST": {
    "mean": 6.771292771997224,
    "std": 5.938614102744261,
    "n": 42
  },
  "XMM": {
    "mean": 10.478006574044688,
    "std": 2.9312374535648464,
    "n": 124
  },
  "TEST": {
    "mean": 0.0,
    "std": 0.0,
    "n": 156
  },
  "MEX": {
    "mean": 9.665860102911063,
    "std": 4.455399724792833,
    "n": 46
  },
  "BEPI": {
    "mean": 2.420109767318459,
    "std": 3.567173330124926,
    "n": 28
  },
  "HYB2": {
    "mean": 2.352507037356374,
    "std": 2.2104372438429367,
    "n": 122
  },
  "HCRA": {
    "mean": 0.0,
    "std": 0.0,
    "n": 43
  },
  "EGS": {
    "mean": 0.0,
    "std": 0.0,
    "n": 16
  }
}