{
  "ACE": {
    "mean": 8.440129815036492,
    "std": 4.9059401275887735,
    "n": 553
  },
  "DSN": {
    "mean": 0.0,
    "std": 0.0,
    "n": 8556
  },
  "DSS": {
    "mean": 0.0,
    "std": 0.0,
    "n": 1709
  },
  "JWST": {
    "mean": 11.28076210091032,
    "std": 5.996054897243592,
    "n": 1263
  },
  "KPLO": {
    "mean": 8.689377317279966,
    "std": 6.261542973188725,
    "n": 1059
  },
  "LUCY": {
    "mean": 9.095407992043576,
    "std": 4.012697278738058,
    "n": 752
  },
  "M01O": {
    "mean": 7.879413803496503,
    "std": 4.3282316501545415,
    "n": 2134
  },
  "MMS2": {
    "mean": 12.118069787392292,
    "std": 5.489119516113762,
    "n": 253
  },
  "ORX": {
    "mean": 3.9916175633757613,
    "std": 6.2458392541817735,
    "n": 562
  },
  "SOHO": {
    "mean": 10.43339884992933,
    "std": 4.466518886272345,
    "n": 1750
  },
  "SPP": {
    "mean": 8.94390484805684,
    "std": 4.535668572465043,
    "n": 958
  },
  "VGR2": {
    "mean": 4.135075168112374,
    "std": 1.9119841696763442,
    "n": 857
  },
  "CAPS": {
    "mean": 9.111618599582739,
    "std": 5.553790770766209,
    "n": 292
  },
  "MRO": {
    "mean": 11.17517970790513,
    "std": 5.835450483397027,
    "n": 891
  },
  "STA": {
    "mean": 10.505046639424492,
    "std": 5.308166448241979,
    "n": 635
  },
  "IMAP": {
    "mean": 10.578824525628063,
    "std": 5.552126090083029,
    "n": 352
  },
  "MMS3": {
    "mean": 11.5720143458577,
    "std": 5.92046919022288,
    "n": 251
  },
  "TGO": {
    "mean": 10.357327613119976,
    "std": 5.190964169757355,
    "n": 295
  },
  "TDR8": {
    "mean": 6.839711603308979,
    "std": 3.15492915596383,
    "n": 114
  },
  "MMS4": {
    "mean": 12.049991821630885,
    "std": 5.573049721925595,
    "n": 233
  },
  "WIND": {
    "mean": 7.9185966684390605,
    "std": 4.191372656869155,
    "n": 473
  },
  "ESCB": {
    "mean": 7.774150979955632,
    "std": 3.39505294838347,
    "n": 307
  },
  "THC": {
    "mean": 8.193392562835303,
    "std": 5.613047573066228,
    "n": 139
  },
  "CHDR": {
    "mean": 8.204139874479525,
    "std": 6.873423361601429,
    "n": 582
  },
  "MMS1": {
    "mean": 10.657172874280223,
    "std": 6.393742060980594,
    "n": 280
  },
  "ESCG": {
    "mean": 7.657073908505103,
    "std": 3.669313767192658,
    "n": 315
  },
  "VGR1": {
    "mean": 4.409063506544068,
    "std": 1.7152712430469255,
    "n": 931
  },
  "DSSR": {
    "mean": 0.0,
    "std": 0.0,
    "n": 155
  },
  "LRO": {
    "mean": 10.801280535514652,
    "std": 6.5191893813051625,
    "n": 569
  },
  "SWFO": {
    "mean": 0.26743076542142563,
    "std": 1.4647796565901217,
    "n": 217
  },
  "GBRA": {
    "mean": 0.0,
    "std": 0.0,
    "n": 506
  },
  "EMM": {
    "mean": 10.220441761766253,
    "std": 4.725079535760229,
    "n": 142
  },
  "TESS": {
    "mean": 9.580617287688693,
    "std": 6.389424036335485,
    "n": 173
  },
  "EURC": {
    "mean": 7.048023961981187,
    "std": 5.103005027892985,
    "n": 293
  },
  "NHPC": {
    "mean": 0.0893596734710074,
    "std": 0.5859705653378314,
    "n": 44
  },
  "PSYC": {
    "mean": 9.621695223816792,
    "std": 5.481544133087016,
    "n": 600
  },
  "JNO": {
    "mean": 8.985767091267654,
    "std": 4.376570009638348,
    "n": 1243
  },
  "MSL": {
    "mean": 0.24836408356673606,
    "std": 1.1111895918040897,
    "n": 168
  },
  "M20": {
    "mean": 0.4066974789879437,
    "std": 1.3927398205288546,
    "n": 140
  },
  "CGO": {
    "mean": 10.300315363910899,
    "std": 5.590548267115453,
    "n": 213
  },
  "BIOS": {
    "mean": 6.887781256825024,
    "std": 3.822386500483628,
    "n": 68
  },
  "SGP": {
    "mean": 0.0,
    "std": 0.0,
    "n": 34
  },
  "DSCO": {
    "mean": 4.951768775643087,
    "std": 4.951768775643087,
    "n": 42
  },
  "THB": {
    "mean": 8.120803425503418,
    "std": 5.622722137669865,
    "n": 109
  },
  "MMX": {
    "mean": 6.447047574555721,
    "std": 4.86009682234796,
    "n": 75
  },
  "RST": {
    "mean": 6.771292771997224,
    "std": 5.938614102744261,
    "n": 42
  },
  "XMM": {
    "mean": 10.478006574044688,
    "std": 2.9312374535648464,
    "n": 124
  },
  "TEST": {
    "mean": 0.0,
    "std": 0.0,
    "n": 144
  },
  "MEX": {
    "mean": 9.434773246287115,
    "std": 4.666915418123494,
    "n": 41
  },
  "BEPI": {
    "mean": 2.2665968526050566,
    "std": 3.6346409384521188,
    "n": 25
  },
  "HYB2": {
    "mean": 2.284173094322301,
    "std": 2.6197622853217655,
    "n": 64
  },
  "HCRA": {
    "mean": 0.0,
    "std": 0.0,
    "n": 43
  },
  "EGS": {
    "mean": 0.0,
    "std": 0.0,
    "n": 16
  }
}