{
  "ACE": {
    "mean": 8.45006394628173,
    "std": 4.908341148842828,
    "n": 617
  },
  "DSN": {
    "mean": 0.0,
    "std": 0.0,
    "n": 9328
  },
  "DSS": {
    "mean": 0.0,
    "std": 0.0,
    "n": 1853
  },
  "JWST": {
    "mean": 11.42785923132765,
    "std": 6.007289017683038,
    "n": 1444
  },
  "KPLO": {
    "mean": 8.593272764299874,
    "std": 6.184332284650996,
    "n": 1183
  },
  "LUCY": {
    "mean": 9.04515725518409,
    "std": 3.9833550111861578,
    "n": 812
  },
  "M01O": {
    "mean": 7.936838655303932,
    "std": 4.277275552440002,
    "n": 2365
  },
  "MMS2": {
    "mean": 11.840856463420696,
    "std": 5.717968870938878,
    "n": 286
  },
  "ORX": {
    "mean": 4.267929772222928,
    "std": 6.366323704943084,
    "n": 632
  },
  "SOHO": {
    "mean": 10.421742595795285,
    "std": 4.485778389338527,
    "n": 1958
  },
  "SPP": {
    "mean": 9.14188110513125,
    "std": 4.618070055245723,
    "n": 1139
  },
  "VGR2": {
    "mean": 4.183314056101696,
    "std": 1.8750525498296928,
    "n": 957
  },
  "CAPS": {
    "mean": 9.09542631718903,
    "std": 5.5581487319988225,
    "n": 313
  },
  "MRO": {
    "mean": 11.204038632141902,
    "std": 5.796709079545838,
    "n": 1004
  },
  "STA": {
    "mean": 10.538261829579703,
    "std": 5.282560055106734,
    "n": 703
  },
  "IMAP": {
    "mean": 10.536483977423106,
    "std": 5.580241526167511,
    "n": 379
  },
  "MMS3": {
    "mean": 11.728988986514102,
    "std": 5.804198641883127,
    "n": 280
  },
  "TGO": {
    "mean": 10.396301035243141,
    "std": 5.1599650118542355,
    "n": 330
  },
  "TDR8": {
    "mean": 7.014025107082547,
    "std": 2.9972898409743474,
    "n": 136
  },
  "MMS4": {
    "mean": 12.00034160406038,
    "std": 5.608000971353169,
    "n": 257
  },
  "WIND": {
    "mean": 7.840625847510117,
    "std": 4.178502861812493,
    "n": 530
  },
  "ESCB": {
    "mean": 7.76463747223539,
    "std": 3.438556880516401,
    "n": 363
  },
  "THC": {
    "mean": 8.094511503054267,
    "std": 5.6187009703980415,
    "n": 152
  },
  "CHDR": {
    "mean": 8.175555291288877,
    "std": 6.8757560498836,
    "n": 647
  },
  "MMS1": {
    "mean": 10.80858345675535,
    "std": 6.313687481167953,
    "n": 311
  },
  "ESCG": {
    "mean": 7.622566835900113,
    "std": 3.6549578881159683,
    "n": 358
  },
  "VGR1": {
    "mean": 4.3314928942241995,
    "std": 1.790370053023489,
    "n": 1067
  },
  "DSSR": {
    "mean": 0.0,
    "std": 0.0,
    "n": 204
  },
  "LRO": {
    "mean": 10.844220800587111,
    "std": 6.4048631022889415,
    "n": 646
  },
  "SWFO": {
    "mean": 0.25231511346282337,
    "std": 1.424121296896639,
    "n": 230
  },
  "GBRA": {
    "mean": 0.0,
    "std": 0.0,
    "n": 541
  },
  "EMM": {
    "mean": 10.18593852307624,
    "std": 4.753681458685461,
    "n": 151
  },
  "TESS": {
    "mean": 9.853008782417568,
    "std": 6.4992558188539435,
    "n": 195
  },
  "EURC": {
    "mean": 7.095382534136861,
    "std": 4.9054664626350135,
    "n": 351
  },
  "NHPC": {
    "mean": 2.8378287214834166,
    "std": 2.7451911402131897,
    "n": 193
  },
  "PSYC": {
    "mean": 9.589860742489934,
    "std": 5.502060818156504,
    "n": 630
  },
  "JNO": {
    "mean": 8.979327841965027,
    "std": 4.3417300537362005,
    "n": 1379
  },
  "MSL": {
    "mean": 0.27554214552571066,
    "std": 1.1661796172817924,
    "n": 189
  },
  "M20": {
    "mean": 0.41173918327291814,
    "std": 1.400605050806982,
    "n": 176
  },
  "CGO": {
    "mean": 10.405297083221814,
    "std": 5.539543350560467,
    "n": 239
  },
  "BIOS": {
    "mean": 7.029239327153974,
    "std": 3.7259097904270746,
    "n": 73
  },
  "SGP": {
    "mean": 0.0,
    "std": 0.0,
    "n": 34
  },
  "DSCO": {
    "mean": 4.841729469517685,
    "std": 4.950545965703306,
    "n": 45
  },
  "THB": {
    "mean": 8.165087193160534,
    "std": 5.574468787416359,
    "n": 127
  },
  "MMX": {
    "mean": 6.447047574555721,
    "std": 4.86009682234796,
    "n": 75
  },
  "RST": {
    "mean": 6.771292771997224,
    "std": 5.938614102744261,
    "n": 42
  },
  "XMM": {
    "mean": 10.49102250883873,
    "std": 2.909686122370264,
    "n": 126
  },
  "TEST": {
    "mean": 0.0,
    "std": 0.0,
    "n": 194
  },
  "MEX": {
    "mean": 9.817453080856374,
    "std": 4.3042786535186215,
    "n": 50
  },
  "BEPI": {
    "mean": 2.420109767318459,
    "std": 3.567173330124926,
    "n": 28
  },
  "HYB2": {
    "mean": 4.025471627023695,
    "std": 3.1834988944786,
    "n": 365
  },
  "HCRA": {
    "mean": 0.0,
    "std": 0.0,
    "n": 48
  },
  "EGS": {
    "mean": 0.0,
    "std": 0.0,
    "n": 16
  }
}