{
  "ACE": {
    "mean": 8.292565938146883,
    "std": 4.990334454873564,
    "n": 815
  },
  "DSN": {
    "mean": 0.0,
    "std": 0.0,
    "n": 12420
  },
  "DSS": {
    "mean": 0.0,
    "std": 0.0,
    "n": 2266
  },
  "JWST": {
    "mean": 11.459009704971315,
    "std": 5.844669459336017,
    "n": 1969
  },
  "KPLO": {
    "mean": 8.845451289011768,
    "std": 6.194887336374458,
    "n": 1603
  },
  "LUCY": {
    "mean": 9.001552466438103,
    "std": 3.9024681635734186,
    "n": 926
  },
  "M01O": {
    "mean": 7.9193353782116285,
    "std": 4.232230891062348,
    "n": 3003
  },
  "MMS2": {
    "mean": 11.95355261937574,
    "std": 5.593515100482954,
    "n": 396
  },
  "ORX": {
    "mean": 4.289980875790598,
    "std": 6.37349398435104,
    "n": 869
  },
  "SOHO": {
    "mean": 10.440883715220373,
    "std": 4.486007203785066,
    "n": 2657
  },
  "SPP": {
    "mean": 8.736612789472417,
    "std": 4.551970271948253,
    "n": 1300
  },
  "VGR2": {
    "mean": 4.186838492804285,
    "std": 1.8705135348444464,
    "n": 1245
  },
  "CAPS": {
    "mean": 9.355673466915219,
    "std": 5.405366234794006,
    "n": 428
  },
  "MRO": {
    "mean": 11.448216662021228,
    "std": 5.635649589538899,
    "n": 1396
  },
  "STA": {
    "mean": 10.589843273906057,
    "std": 5.220672699464102,
    "n": 983
  },
  "IMAP": {
    "mean": 10.765179716104313,
    "std": 5.415606846180339,
    "n": 520
  },
  "MMS3": {
    "mean": 11.851490636515274,
    "std": 5.686994459131992,
    "n": 380
  },
  "TGO": {
    "mean": 10.524594527645244,
    "std": 5.04856717480504,
    "n": 429
  },
  "TDR8": {
    "mean": 7.014025107082547,
    "std": 2.9972898409743474,
    "n": 136
  },
  "MMS4": {
    "mean": 11.690179355334438,
    "std": 5.83981298876123,
    "n": 356
  },
  "WIND": {
    "mean": 7.856719121329511,
    "std": 4.184037646757476,
    "n": 717
  },
  "ESCB": {
    "mean": 7.787627494436133,
    "std": 3.403851983876745,
    "n": 512
  },
  "THC": {
    "mean": 8.032271093217828,
    "std": 5.6760031749625375,
    "n": 221
  },
  "CHDR": {
    "mean": 8.169274152689043,
    "std": 6.874822896331085,
    "n": 854
  },
  "MMS1": {
    "mean": 10.675819772432902,
    "std": 6.387002672908127,
    "n": 437
  },
  "ESCG": {
    "mean": 7.711841064810378,
    "std": 3.654003764631342,
    "n": 424
  },
  "VGR1": {
    "mean": 3.8618498929563674,
    "std": 2.1609426948111867,
    "n": 1527
  },
  "DSSR": {
    "mean": 0.0,
    "std": 0.0,
    "n": 278
  },
  "LRO": {
    "mean": 10.302513373570354,
    "std": 6.401912465044109,
    "n": 1010
  },
  "SWFO": {
    "mean": 0.19216051687566016,
    "std": 1.2474594817394835,
    "n": 302
  },
  "GBRA": {
    "mean": 0.0,
    "std": 0.0,
    "n": 643
  },
  "EMM": {
    "mean": 10.076165978371462,
    "std": 4.840854724692306,
    "n": 224
  },
  "TESS": {
    "mean": 9.765591828627349,
    "std": 6.499523566711595,
    "n": 261
  },
  "EURC": {
    "mean": 6.60792411160258,
    "std": 4.557867320968567,
    "n": 538
  },
  "NHPC": {
    "mean": 2.787292909428088,
    "std": 2.979597662055251,
    "n": 714
  },
  "PSYC": {
    "mean": 9.752596437688219,
    "std": 5.407756826936085,
    "n": 706
  },
  "JNO": {
    "mean": 8.965377546551057,
    "std": 4.209826904745002,
    "n": 1827
  },
  "MSL": {
    "mean": 0.31095251279005687,
    "std": 1.232585880921156,
    "n": 284
  },
  "M20": {
    "mean": 0.39978392243456407,
    "std": 1.3818517498486647,
    "n": 246
  },
  "CGO": {
    "mean": 10.280951203414133,
    "std": 5.537429223463082,
    "n": 315
  },
  "BIOS": {
    "mean": 6.908636657782526,
    "std": 3.8018288013863715,
    "n": 99
  },
  "SGP": {
    "mean": 0.0,
    "std": 0.0,
    "n": 111
  },
  "DSCO": {
    "mean": 4.864895639228295,
    "std": 4.951006671940902,
    "n": 57
  },
  "THB": {
    "mean": 8.174940783804717,
    "std": 5.599068453312844,
    "n": 136
  },
  "MMX": {
    "mean": 6.286980854753921,
    "std": 4.837917009469494,
    "n": 84
  },
  "RST": {
    "mean": 5.586916007866837,
    "std": 5.907579842444726,
    "n": 56
  },
  "XMM": {
    "mean": 10.356520785449455,
    "std": 3.1226085073686924,
    "n": 144
  },
  "TEST": {
    "mean": 0.0,
    "std": 0.0,
    "n": 271
  },
  "MEX": {
    "mean": 8.64732212457721,
    "std": 5.286989164477508,
    "n": 96
  },
  "BEPI": {
    "mean": 4.342343111860535,
    "std": 5.071384013101949,
    "n": 40
  },
  "HYB2": {
    "mean": 4.1767749285408255,
    "std": 3.2512601559797702,
    "n": 463
  },
  "HCRA": {
    "mean": 0.0,
    "std": 0.0,
    "n": 74
  },
  "EGS": {
    "mean": 0.0,
    "std": 0.0,
    "n": 16
  },
  "TERR": {
    "mean": 0.0,
    "std": 0.0,
    "n": 5
  }
}