{
  "ACE": {
    "mean": 8.45006394628173,
    "std": 4.908341148842828,
    "n": 617
  },
  "DSN": {
    "mean": 0.0,
    "std": 0.0,
    "n": 9361
  },
  "DSS": {
    "mean": 0.0,
    "std": 0.0,
    "n": 1864
  },
  "JWST": {
    "mean": 11.408124809474607,
    "std": 6.003889719455622,
    "n": 1453
  },
  "KPLO": {
    "mean": 8.593272764299874,
    "std": 6.184332284650996,
    "n": 1183
  },
  "LUCY": {
    "mean": 9.04515725518409,
    "std": 3.9833550111861578,
    "n": 812
  },
  "M01O": {
    "mean": 7.936838655303932,
    "std": 4.277275552440002,
    "n": 2365
  },
  "MMS2": {
    "mean": 11.860860906154242,
    "std": 5.7030995418248835,
    "n": 288
  },
  "ORX": {
    "mean": 4.267929772222928,
    "std": 6.366323704943084,
    "n": 632
  },
  "SOHO": {
    "mean": 10.424540021821462,
    "std": 4.48346552537103,
    "n": 1967
  },
  "SPP": {
    "mean": 9.119990003352449,
    "std": 4.627910249243041,
    "n": 1143
  },
  "VGR2": {
    "mean": 4.184251519889673,
    "std": 1.8742980426084601,
    "n": 958
  },
  "CAPS": {
    "mean": 9.09542631718903,
    "std": 5.5581487319988225,
    "n": 313
  },
  "MRO": {
    "mean": 11.178646907363893,
    "std": 5.8159329950048795,
    "n": 1014
  },
  "STA": {
    "mean": 10.559122550219449,
    "std": 5.265094600589504,
    "n": 714
  },
  "IMAP": {
    "mean": 10.536483977423106,
    "std": 5.580241526167511,
    "n": 379
  },
  "MMS3": {
    "mean": 11.75028553050931,
    "std": 5.789066484244678,
    "n": 282
  },
  "TGO": {
    "mean": 10.36306556406058,
    "std": 5.182785478730609,
    "n": 341
  },
  "TDR8": {
    "mean": 7.014025107082547,
    "std": 2.9972898409743474,
    "n": 136
  },
  "MMS4": {
    "mean": 11.975197675473824,
    "std": 5.630047143706944,
    "n": 260
  },
  "WIND": {
    "mean": 7.840625847510117,
    "std": 4.178502861812493,
    "n": 530
  },
  "ESCB": {
    "mean": 7.76463747223539,
    "std": 3.438556880516401,
    "n": 363
  },
  "THC": {
    "mean": 8.094511503054267,
    "std": 5.6187009703980415,
    "n": 152
  },
  "CHDR": {
    "mean": 8.162938693617136,
    "std": 6.877939585944263,
    "n": 648
  },
  "MMS1": {
    "mean": 10.80427546504148,
    "std": 6.32458190741589,
    "n": 314
  },
  "ESCG": {
    "mean": 7.622566835900113,
    "std": 3.6549578881159683,
    "n": 358
  },
  "VGR1": {
    "mean": 4.3314928942241995,
    "std": 1.790370053023489,
    "n": 1067
  },
  "DSSR": {
    "mean": 0.0,
    "std": 0.0,
    "n": 204
  },
  "LRO": {
    "mean": 10.844220800587111,
    "std": 6.4048631022889415,
    "n": 646
  },
  "SWFO": {
    "mean": 0.25231511346282337,
    "std": 1.424121296896639,
    "n": 230
  },
  "GBRA": {
    "mean": 0.0,
    "std": 0.0,
    "n": 541
  },
  "EMM": {
    "mean": 10.18593852307624,
    "std": 4.753681458685461,
    "n": 151
  },
  "TESS": {
    "mean": 9.703372796364341,
    "std": 6.512023992797841,
    "n": 201
  },
  "EURC": {
    "mean": 7.09682009038813,
    "std": 4.898567553677467,
    "n": 352
  },
  "NHPC": {
    "mean": 2.9322645849470756,
    "std": 2.795402447244816,
    "n": 203
  },
  "PSYC": {
    "mean": 9.589860742489934,
    "std": 5.502060818156504,
    "n": 630
  },
  "JNO": {
    "mean": 8.987395949002991,
    "std": 4.325459831839008,
    "n": 1390
  },
  "MSL": {
    "mean": 0.27554214552571066,
    "std": 1.1661796172817924,
    "n": 189
  },
  "M20": {
    "mean": 0.41173918327291814,
    "std": 1.400605050806982,
    "n": 176
  },
  "CGO": {
    "mean": 10.318946070083044,
    "std": 5.596689368993608,
    "n": 241
  },
  "BIOS": {
    "mean": 7.029239327153974,
    "std": 3.7259097904270746,
    "n": 73
  },
  "SGP": {
    "mean": 0.0,
    "std": 0.0,
    "n": 34
  },
  "DSCO": {
    "mean": 4.841729469517685,
    "std": 4.950545965703306,
    "n": 45
  },
  "THB": {
    "mean": 8.165087193160534,
    "std": 5.574468787416359,
    "n": 127
  },
  "MMX": {
    "mean": 6.447047574555721,
    "std": 4.86009682234796,
    "n": 75
  },
  "RST": {
    "mean": 6.771292771997224,
    "std": 5.938614102744261,
    "n": 42
  },
  "XMM": {
    "mean": 10.49102250883873,
    "std": 2.909686122370264,
    "n": 126
  },
  "TEST": {
    "mean": 0.0,
    "std": 0.0,
    "n": 194
  },
  "MEX": {
    "mean": 9.817453080856374,
    "std": 4.3042786535186215,
    "n": 50
  },
  "BEPI": {
    "mean": 2.420109767318459,
    "std": 3.567173330124926,
    "n": 28
  },
  "HYB2": {
    "mean": 4.0883202293251095,
    "std": 3.1965853849185697,
    "n": 376
  },
  "HCRA": {
    "mean": 0.0,
    "std": 0.0,
    "n": 48
  },
  "EGS": {
    "mean": 0.0,
    "std": 0.0,
    "n": 16
  }
}