{
  "ACE": {
    "mean": 8.40395940638018,
    "std": 4.964887781104181,
    "n": 433
  },
  "DSN": {
    "mean": 0.0,
    "std": 0.0,
    "n": 6887
  },
  "DSS": {
    "mean": 0.0,
    "std": 0.0,
    "n": 1468
  },
  "JWST": {
    "mean": 11.269455507988011,
    "std": 6.097926744688139,
    "n": 946
  },
  "KPLO": {
    "mean": 8.66667238068467,
    "std": 6.366403582720457,
    "n": 785
  },
  "LUCY": {
    "mean": 9.113238631967725,
    "std": 4.088051000223048,
    "n": 675
  },
  "M01O": {
    "mean": 7.726450493783987,
    "std": 4.406057567187617,
    "n": 1615
  },
  "MMS2": {
    "mean": 12.088207496036205,
    "std": 5.4986032257338024,
    "n": 187
  },
  "ORX": {
    "mean": 3.8097481833707096,
    "std": 6.147717189146311,
    "n": 382
  },
  "SOHO": {
    "mean": 10.294033824114168,
    "std": 4.567698267038942,
    "n": 1295
  },
  "SPP": {
    "mean": 8.708351777014768,
    "std": 4.445130197192375,
    "n": 799
  },
  "VGR2": {
    "mean": 4.290581550303852,
    "std": 1.769544576629235,
    "n": 635
  },
  "CAPS": {
    "mean": 9.085363004780595,
    "std": 5.5736630341176525,
    "n": 227
  },
  "MRO": {
    "mean": 11.09754467074054,
    "std": 5.897440144731911,
    "n": 675
  },
  "STA": {
    "mean": 10.459849305058071,
    "std": 5.338389309273432,
    "n": 499
  },
  "IMAP": {
    "mean": 10.801983445365257,
    "std": 5.389842763915585,
    "n": 286
  },
  "MMS3": {
    "mean": 11.912146285594702,
    "std": 5.665805154168136,
    "n": 190
  },
  "TGO": {
    "mean": 10.009502197962288,
    "std": 5.384078150326587,
    "n": 210
  },
  "TDR8": {
    "mean": 6.839711603308979,
    "std": 3.15492915596383,
    "n": 114
  },
  "MMS4": {
    "mean": 11.975641693539814,
    "std": 5.639723722081274,
    "n": 171
  },
  "WIND": {
    "mean": 7.841049730289793,
    "std": 4.255175331004433,
    "n": 375
  },
  "ESCB": {
    "mean": 8.049237850324007,
    "std": 3.235593226278354,
    "n": 217
  },
  "THC": {
    "mean": 8.425729479762285,
    "std": 5.459301703226404,
    "n": 116
  },
  "CHDR": {
    "mean": 8.105418921036808,
    "std": 6.895954829334643,
    "n": 443
  },
  "MMS1": {
    "mean": 10.40528284942319,
    "std": 6.519943582722796,
    "n": 206
  },
  "ESCG": {
    "mean": 7.701540526553268,
    "std": 3.473340056912333,
    "n": 235
  },
  "VGR1": {
    "mean": 4.454566760880989,
    "std": 1.6638829674589686,
    "n": 647
  },
  "DSSR": {
    "mean": 0.0,
    "std": 0.0,
    "n": 113
  },
  "LRO": {
    "mean": 10.860727018981729,
    "std": 6.677114804486026,
    "n": 419
  },
  "SWFO": {
    "mean": 0.2639737380811135,
    "std": 1.455452085501036,
    "n": 157
  },
  "GBRA": {
    "mean": 0.0,
    "std": 0.0,
    "n": 410
  },
  "EMM": {
    "mean": 10.026875683153918,
    "std": 4.8874313541980285,
    "n": 99
  },
  "TESS": {
    "mean": 9.570142069355327,
    "std": 6.344178468224271,
    "n": 123
  },
  "EURC": {
    "mean": 6.891575506343641,
    "std": 5.297181724747909,
    "n": 222
  },
  "NHPC": {
    "mean": 0.0,
    "std": 0.0,
    "n": 28
  },
  "PSYC": {
    "mean": 9.442373441912837,
    "std": 5.581673350477218,
    "n": 533
  },
  "JNO": {
    "mean": 8.90466900632292,
    "std": 4.533785354288422,
    "n": 961
  },
  "MSL": {
    "mean": 0.2047859925925302,
    "std": 1.0163451114846511,
    "n": 128
  },
  "M20": {
    "mean": 0.3735365786393486,
    "std": 1.3393848162679072,
    "n": 97
  },
  "CGO": {
    "mean": 10.226878519561557,
    "std": 5.652681344114201,
    "n": 174
  },
  "BIOS": {
    "mean": 6.799526198420348,
    "std": 3.87844496642235,
    "n": 53
  },
  "SGP": {
    "mean": 0.0,
    "std": 0.0,
    "n": 34
  },
  "DSCO": {
    "mean": 5.111503252276735,
    "std": 4.9491917425382095,
    "n": 31
  },
  "THB": {
    "mean": 8.094604453150914,
    "std": 5.62162860933501,
    "n": 90
  },
  "MMX": {
    "mean": 6.3833415820869694,
    "std": 4.865709226505287,
    "n": 71
  },
  "RST": {
    "mean": 7.504568018465512,
    "std": 6.107700359240118,
    "n": 29
  },
  "XMM": {
    "mean": 10.403132049426544,
    "std": 3.0511786047110028,
    "n": 101
  },
  "TEST": {
    "mean": 0.0,
    "std": 0.0,
    "n": 95
  },
  "MEX": {
    "mean": 9.32574765239274,
    "std": 4.759553845465456,
    "n": 39
  },
  "BEPI": {
    "mean": 2.6983295864345913,
    "std": 3.816014296888384,
    "n": 21
  },
  "HYB2": {
    "mean": 0.0,
    "std": 0.0,
    "n": 16
  },
  "HCRA": {
    "mean": 0.0,
    "std": 0.0,
    "n": 32
  },
  "EGS": {
    "mean": 0.0,
    "std": 0.0,
    "n": 3
  }
}