{
  "ACE": {
    "mean": 8.488620155784092,
    "std": 4.917054963934962,
    "n": 426
  },
  "DSN": {
    "mean": 0.0,
    "std": 0.0,
    "n": 6839
  },
  "DSS": {
    "mean": 0.0,
    "std": 0.0,
    "n": 1464
  },
  "JWST": {
    "mean": 11.237099562827384,
    "std": 6.0755453313214804,
    "n": 927
  },
  "KPLO": {
    "mean": 8.621753783613572,
    "std": 6.362575989572525,
    "n": 773
  },
  "LUCY": {
    "mean": 9.113238631967725,
    "std": 4.088051000223048,
    "n": 675
  },
  "M01O": {
    "mean": 7.839265326969755,
    "std": 4.341097825085693,
    "n": 1582
  },
  "MMS2": {
    "mean": 12.077721219620926,
    "std": 5.511499465255345,
    "n": 186
  },
  "ORX": {
    "mean": 3.8705420373606674,
    "std": 6.177558095475378,
    "n": 376
  },
  "SOHO": {
    "mean": 10.283615788188396,
    "std": 4.5755507853320045,
    "n": 1277
  },
  "SPP": {
    "mean": 8.735779916675927,
    "std": 4.450674422925701,
    "n": 793
  },
  "VGR2": {
    "mean": 4.288082900020501,
    "std": 1.7717785586224475,
    "n": 633
  },
  "CAPS": {
    "mean": 9.068768371762118,
    "std": 5.580382323410545,
    "n": 226
  },
  "MRO": {
    "mean": 11.0841277123539,
    "std": 5.907162085330534,
    "n": 672
  },
  "STA": {
    "mean": 10.494583895421396,
    "std": 5.311219813538588,
    "n": 491
  },
  "IMAP": {
    "mean": 10.801983445365257,
    "std": 5.389842763915585,
    "n": 286
  },
  "MMS3": {
    "mean": 11.882149951507003,
    "std": 5.688354124175814,
    "n": 188
  },
  "TGO": {
    "mean": 9.965592923529538,
    "std": 5.410468677673131,
    "n": 207
  },
  "TDR8": {
    "mean": 6.839711603308979,
    "std": 3.15492915596383,
    "n": 114
  },
  "MMS4": {
    "mean": 11.892624826181422,
    "std": 5.703403432040948,
    "n": 166
  },
  "WIND": {
    "mean": 7.833604893379695,
    "std": 4.271487937146206,
    "n": 372
  },
  "ESCB": {
    "mean": 8.049237850324007,
    "std": 3.235593226278354,
    "n": 217
  },
  "THC": {
    "mean": 8.498996692629783,
    "std": 5.425904743705595,
    "n": 115
  },
  "CHDR": {
    "mean": 8.102139804012193,
    "std": 6.896379261974399,
    "n": 438
  },
  "MMS1": {
    "mean": 10.37095054836728,
    "std": 6.531062006674531,
    "n": 201
  },
  "ESCG": {
    "mean": 7.701540526553268,
    "std": 3.473340056912333,
    "n": 235
  },
  "VGR1": {
    "mean": 4.447729482880095,
    "std": 1.6715461553100528,
    "n": 632
  },
  "DSSR": {
    "mean": 0.0,
    "std": 0.0,
    "n": 113
  },
  "LRO": {
    "mean": 10.854934091145868,
    "std": 6.6562879247836495,
    "n": 413
  },
  "SWFO": {
    "mean": 0.26566587742778736,
    "std": 1.459955594196445,
    "n": 156
  },
  "GBRA": {
    "mean": 0.0,
    "std": 0.0,
    "n": 407
  },
  "EMM": {
    "mean": 10.026875683153918,
    "std": 4.8874313541980285,
    "n": 99
  },
  "TESS": {
    "mean": 9.570142069355327,
    "std": 6.344178468224271,
    "n": 123
  },
  "EURC": {
    "mean": 6.705475246732207,
    "std": 5.2493965627530965,
    "n": 211
  },
  "NHPC": {
    "mean": 0.0,
    "std": 0.0,
    "n": 28
  },
  "PSYC": {
    "mean": 9.442373441912837,
    "std": 5.581673350477218,
    "n": 533
  },
  "JNO": {
    "mean": 8.89150743960135,
    "std": 4.561797049617881,
    "n": 934
  },
  "MSL": {
    "mean": 0.20970085641475092,
    "std": 1.0279677581234719,
    "n": 125
  },
  "M20": {
    "mean": 0.3814005066107033,
    "std": 1.3523016615584011,
    "n": 95
  },
  "CGO": {
    "mean": 10.325504975706124,
    "std": 5.5861506831518675,
    "n": 171
  },
  "BIOS": {
    "mean": 6.799526198420348,
    "std": 3.87844496642235,
    "n": 53
  },
  "SGP": {
    "mean": 0.0,
    "std": 0.0,
    "n": 34
  },
  "DSCO": {
    "mean": 5.111503252276735,
    "std": 4.9491917425382095,
    "n": 31
  },
  "THB": {
    "mean": 8.053153679619038,
    "std": 5.63942903441002,
    "n": 89
  },
  "MMX": {
    "mean": 6.3833415820869694,
    "std": 4.865709226505287,
    "n": 71
  },
  "RST": {
    "mean": 7.504568018465512,
    "std": 6.107700359240118,
    "n": 29
  },
  "XMM": {
    "mean": 10.403132049426544,
    "std": 3.0511786047110028,
    "n": 101
  },
  "TEST": {
    "mean": 0.0,
    "std": 0.0,
    "n": 95
  },
  "MEX": {
    "mean": 9.32574765239274,
    "std": 4.759553845465456,
    "n": 39
  },
  "BEPI": {
    "mean": 2.6983295864345913,
    "std": 3.816014296888384,
    "n": 21
  },
  "HYB2": {
    "mean": 0.0,
    "std": 0.0,
    "n": 14
  },
  "HCRA": {
    "mean": 0.0,
    "std": 0.0,
    "n": 32
  },
  "EGS": {
    "mean": 0.0,
    "std": 0.0,
    "n": 3
  }
}