{
  "ACE": {
    "mean": 6.4018933028317075,
    "std": 5.645939200010303,
    "n": 16
  },
  "DSN": {
    "mean": 0.0,
    "std": 0.0,
    "n": 132
  },
  "DSS": {
    "mean": 0.0,
    "std": 0.0,
    "n": 44
  },
  "JWST": {
    "mean": 14.808917082831591,
    "std": 5.884467351394641,
    "n": 22
  },
  "KPLO": {
    "mean": 1.139684059936257,
    "std": 4.109189315929148,
    "n": 14
  },
  "LUCY": {
    "mean": 11.042937835596492,
    "std": 2.3498992183808822e-15,
    "n": 8
  },
  "M01O": {
    "mean": 8.845289397544748,
    "std": 2.51867314692732,
    "n": 40
  },
  "MMS2": {
    "mean": 7.019327454639082,
    "std": 7.019327454639082,
    "n": 2
  },
  "ORX": {
    "mean": 0.0,
    "std": 0.0,
    "n": 2
  },
  "SOHO": {
    "mean": 10.688350107724325,
    "std": 4.292544700300637,
    "n": 36
  },
  "SPP": {
    "mean": 6.390576181243971,
    "std": 0.0,
    "n": 14
  },
  "VGR2": {
    "mean": 4.516786621347685,
    "std": 1.596925227816277,
    "n": 36
  },
  "CAPS": {
    "mean": 7.26421303399404,
    "std": 6.13938055293441,
    "n": 12
  },
  "MRO": {
    "mean": 10.668040238079904,
    "std": 5.986559921947702,
    "n": 46
  },
  "STA": {
    "mean": 0.0,
    "std": 0.0,
    "n": 9
  },
  "IMAP": {
    "mean": 11.681851758298873,
    "std": 4.581999236189549,
    "n": 15
  },
  "MMS3": {
    "mean": 8.022088519587522,
    "std": 6.947332449370293,
    "n": 7
  },
  "TGO": {
    "mean": 13.109820359457137,
    "std": 0.5569977786728474,
    "n": 6
  },
  "TDR8": {
    "mean": 5.366899746907622,
    "std": 3.963718150700777,
    "n": 17
  },
  "MMS4": {
    "mean": 14.731801689838349,
    "std": 0.0,
    "n": 4
  },
  "WIND": {
    "mean": 7.17087296098777,
    "std": 3.3803819670651323,
    "n": 11
  },
  "ESCB": {
    "mean": 7.401323845876574,
    "std": 3.4261471907192074,
    "n": 17
  },
  "THC": {
    "mean": 10.3972731948487,
    "std": 6.00286849051162,
    "n": 4
  },
  "CHDR": {
    "mean": 6.993891310327608,
    "std": 6.993891310327608,
    "n": 6
  },
  "MMS1": {
    "mean": 11.048851267378762,
    "std": 6.379057253457265,
    "n": 4
  }
}