{
  "ACE": {
    "mean": 11.381118299297418,
    "std": 0.0,
    "n": 6
  },
  "DSN": {
    "mean": 0.0,
    "std": 0.0,
    "n": 18
  },
  "DSS": {
    "mean": 0.0,
    "std": 0.0,
    "n": 6
  },
  "JWST": {
    "mean": 17.14771510385376,
    "std": 3.552713678800501e-15,
    "n": 6
  },
  "KPLO": {
    "mean": 0.0,
    "std": 0.0,
    "n": 6
  },
  "LUCY": {
    "mean": 11.042937835596492,
    "std": 2.51214793389404e-15,
    "n": 6
  },
  "M01O": {
    "mean": 9.562475024372697,
    "std": 0.0,
    "n": 6
  },
  "MMS2": {
    "mean": 7.019327454639082,
    "std": 7.019327454639082,
    "n": 2
  },
  "ORX": {
    "mean": 0.0,
    "std": 0.0,
    "n": 2
  },
  "SOHO": {
    "mean": 12.412277544454044,
    "std": 2.51214793389404e-15,
    "n": 6
  },
  "SPP": {
    "mean": 6.390576181243971,
    "std": 0.0,
    "n": 6
  },
  "VGR2": {
    "mean": 3.387499358158621,
    "std": 2.3953237774914595,
    "n": 6
  },
  "CAPS": {
    "mean": 0.0,
    "std": 0.0,
    "n": 4
  },
  "MRO": {
    "mean": 0.0,
    "std": 0.0,
    "n": 4
  }
}