{
  "ACE": {
    "mean": 8.56604455558404,
    "std": 4.85116841177024,
    "n": 276
  },
  "DSN": {
    "mean": 0.0,
    "std": 0.0,
    "n": 4693
  },
  "DSS": {
    "mean": 0.0,
    "std": 0.0,
    "n": 1202
  },
  "JWST": {
    "mean": 10.85166823572978,
    "std": 5.927638610231831,
    "n": 569
  },
  "KPLO": {
    "mean": 8.481427032019749,
    "std": 6.478127027440407,
    "n": 479
  },
  "LUCY": {
    "mean": 8.82044857699586,
    "std": 4.383184461199525,
    "n": 490
  },
  "M01O": {
    "mean": 8.16837856483101,
    "std": 4.103846182963808,
    "n": 927
  },
  "MMS2": {
    "mean": 12.105138305968476,
    "std": 5.474921473560757,
    "n": 118
  },
  "ORX": {
    "mean": 4.111897588788788,
    "std": 6.2894856006493995,
    "n": 187
  },
  "SOHO": {
    "mean": 10.322861365567945,
    "std": 4.6434896052935075,
    "n": 719
  },
  "SPP": {
    "mean": 7.972432685974844,
    "std": 4.251255724617732,
    "n": 413
  },
  "VGR2": {
    "mean": 4.350754250998369,
    "std": 1.7003097846938633,
    "n": 397
  },
  "CAPS": {
    "mean": 8.567011311619995,
    "std": 5.813276709726677,
    "n": 127
  },
  "MRO": {
    "mean": 11.214918651167855,
    "std": 5.884788899896319,
    "n": 470
  },
  "STA": {
    "mean": 10.376326599554186,
    "std": 5.4069472108868455,
    "n": 286
  },
  "IMAP": {
    "mean": 10.515100176605683,
    "std": 5.591777109240539,
    "n": 186
  },
  "MMS3": {
    "mean": 11.813614452482918,
    "std": 5.691673581301483,
    "n": 117
  },
  "TGO": {
    "mean": 9.887044865277801,
    "std": 5.471309018873762,
    "n": 124
  },
  "TDR8": {
    "mean": 6.839711603308979,
    "std": 3.15492915596383,
    "n": 114
  },
  "MMS4": {
    "mean": 12.120587819025538,
    "std": 5.494881293004276,
    "n": 94
  },
  "WIND": {
    "mean": 7.967021500498839,
    "std": 4.130306306322739,
    "n": 235
  },
  "ESCB": {
    "mean": 8.186738073100116,
    "std": 3.2098915480235064,
    "n": 150
  },
  "THC": {
    "mean": 8.526102456830086,
    "std": 5.451919427225525,
    "n": 80
  },
  "CHDR": {
    "mean": 8.007681517661823,
    "std": 6.912538492819951,
    "n": 267
  },
  "MMS1": {
    "mean": 10.4652553904509,
    "std": 6.488924213011891,
    "n": 119
  },
  "ESCG": {
    "mean": 8.077526891985158,
    "std": 3.1640847358264295,
    "n": 162
  },
  "VGR1": {
    "mean": 4.480787283015591,
    "std": 1.6403641943256457,
    "n": 330
  },
  "DSSR": {
    "mean": 0.0,
    "std": 0.0,
    "n": 78
  },
  "LRO": {
    "mean": 9.996068876399093,
    "std": 6.780223997292695,
    "n": 226
  },
  "SWFO": {
    "mean": 0.0,
    "std": 0.0,
    "n": 89
  },
  "GBRA": {
    "mean": 0.0,
    "std": 0.0,
    "n": 297
  },
  "EMM": {
    "mean": 11.325697287323143,
    "std": 3.5141971093333795,
    "n": 57
  },
  "TESS": {
    "mean": 7.8961054935292045,
    "std": 5.4536603638678,
    "n": 73
  },
  "EURC": {
    "mean": 6.147559529759076,
    "std": 5.361401561922815,
    "n": 131
  },
  "NHPC": {
    "mean": 0.0,
    "std": 0.0,
    "n": 18
  },
  "PSYC": {
    "mean": 10.396395383131207,
    "std": 4.958925136755669,
    "n": 286
  },
  "JNO": {
    "mean": 8.94779033463647,
    "std": 4.49965960594497,
    "n": 688
  },
  "MSL": {
    "mean": 0.22657582266708873,
    "std": 1.0717669374052543,
    "n": 70
  },
  "M20": {
    "mean": 0.3394196545950052,
    "std": 1.2812810981345366,
    "n": 61
  },
  "CGO": {
    "mean": 10.07358550123828,
    "std": 5.6489869174831435,
    "n": 127
  },
  "BIOS": {
    "mean": 7.475687476382571,
    "std": 3.4038750077057762,
    "n": 35
  },
  "SGP": {
    "mean": 0.0,
    "std": 0.0,
    "n": 34
  },
  "DSCO": {
    "mean": 4.456591898078777,
    "std": 4.926947723221698,
    "n": 20
  },
  "THB": {
    "mean": 8.981432174460899,
    "std": 5.298115455926482,
    "n": 47
  },
  "MMX": {
    "mean": 5.784885711142975,
    "std": 4.886808177476845,
    "n": 52
  },
  "RST": {
    "mean": 8.091586331914513,
    "std": 5.869664019498173,
    "n": 19
  },
  "XMM": {
    "mean": 10.096105009505944,
    "std": 3.4834871754517813,
    "n": 47
  },
  "TEST": {
    "mean": 0.0,
    "std": 0.0,
    "n": 45
  },
  "MEX": {
    "mean": 9.286634546249735,
    "std": 4.918249063499639,
    "n": 23
  },
  "BEPI": {
    "mean": 6.2961023683473805,
    "std": 3.365408276344554,
    "n": 9
  },
  "HYB2": {
    "mean": 0.0,
    "std": 0.0,
    "n": 4
  },
  "HCRA": {
    "mean": 0.0,
    "std": 0.0,
    "n": 11
  }
}