{
  "ACE": {
    "mean": 8.36534187328183,
    "std": 4.938001130070871,
    "n": 494
  },
  "DSN": {
    "mean": 0.0,
    "std": 0.0,
    "n": 7675
  },
  "DSS": {
    "mean": 0.0,
    "std": 0.0,
    "n": 1601
  },
  "JWST": {
    "mean": 11.230829068397227,
    "std": 5.982379890294712,
    "n": 1089
  },
  "KPLO": {
    "mean": 8.675147126071215,
    "std": 6.305872557255947,
    "n": 872
  },
  "LUCY": {
    "mean": 9.123937598029643,
    "std": 4.0317420722832855,
    "n": 718
  },
  "M01O": {
    "mean": 7.74148768118432,
    "std": 4.394192698966938,
    "n": 1810
  },
  "MMS2": {
    "mean": 12.067617752914597,
    "std": 5.534840041236109,
    "n": 219
  },
  "ORX": {
    "mean": 3.7110146872320406,
    "std": 6.097099988048589,
    "n": 455
  },
  "SOHO": {
    "mean": 10.408419341469587,
    "std": 4.477019983046714,
    "n": 1499
  },
  "SPP": {
    "mean": 8.609368323911111,
    "std": 4.4870435833210145,
    "n": 812
  },
  "VGR2": {
    "mean": 4.3324599732716615,
    "std": 1.7222197979628462,
    "n": 724
  },
  "CAPS": {
    "mean": 9.102389398369402,
    "std": 5.557767505425068,
    "n": 247
  },
  "MRO": {
    "mean": 11.198201345658177,
    "std": 5.839413068507773,
    "n": 771
  },
  "STA": {
    "mean": 10.543155149295982,
    "std": 5.275336827942034,
    "n": 560
  },
  "IMAP": {
    "mean": 10.731464727785127,
    "std": 5.441226485442938,
    "n": 313
  },
  "MMS3": {
    "mean": 11.829496485821858,
    "std": 5.731036147874381,
    "n": 216
  },
  "TGO": {
    "mean": 10.216229170337764,
    "std": 5.2774429265380824,
    "n": 243
  },
  "TDR8": {
    "mean": 6.839711603308979,
    "std": 3.15492915596383,
    "n": 114
  },
  "MMS4": {
    "mean": 12.09108634912349,
    "std": 5.54371931976731,
    "n": 196
  },
  "WIND": {
    "mean": 7.89061180603072,
    "std": 4.210661524998115,
    "n": 419
  },
  "ESCB": {
    "mean": 8.014637486661439,
    "std": 3.2353752532866498,
    "n": 237
  },
  "THC": {
    "mean": 8.250525626230258,
    "std": 5.550633120173332,
    "n": 123
  },
  "CHDR": {
    "mean": 8.165614723356354,
    "std": 6.883189585656409,
    "n": 508
  },
  "MMS1": {
    "mean": 10.556519477502203,
    "std": 6.458155910378202,
    "n": 239
  },
  "ESCG": {
    "mean": 7.532581613426025,
    "std": 3.5600455081778013,
    "n": 281
  },
  "VGR1": {
    "mean": 4.451065833777529,
    "std": 1.6694206575766046,
    "n": 764
  },
  "DSSR": {
    "mean": 0.0,
    "std": 0.0,
    "n": 136
  },
  "LRO": {
    "mean": 10.86319258251827,
    "std": 6.551110682161118,
    "n": 491
  },
  "SWFO": {
    "mean": 0.2264692725613924,
    "std": 1.3512468070502595,
    "n": 183
  },
  "GBRA": {
    "mean": 0.0,
    "std": 0.0,
    "n": 449
  },
  "EMM": {
    "mean": 10.140910766217448,
    "std": 4.792813407975981,
    "n": 126
  },
  "TESS": {
    "mean": 9.609515202531682,
    "std": 6.633305184838378,
    "n": 146
  },
  "EURC": {
    "mean": 6.952340325543328,
    "std": 5.173269965269741,
    "n": 273
  },
  "NHPC": {
    "mean": 0.0,
    "std": 0.0,
    "n": 33
  },
  "PSYC": {
    "mean": 9.511877624841615,
    "std": 5.54306982999146,
    "n": 576
  },
  "JNO": {
    "mean": 8.925428185218783,
    "std": 4.4018876039278405,
    "n": 1171
  },
  "MSL": {
    "mean": 0.25037064399801023,
    "std": 1.1162188022299566,
    "n": 146
  },
  "M20": {
    "mean": 0.34507664883825534,
    "std": 1.2911585921288549,
    "n": 120
  },
  "CGO": {
    "mean": 10.271474347209383,
    "std": 5.621194350356784,
    "n": 191
  },
  "BIOS": {
    "mean": 6.90725756194875,
    "std": 3.8125412770442706,
    "n": 60
  },
  "SGP": {
    "mean": 0.0,
    "std": 0.0,
    "n": 34
  },
  "DSCO": {
    "mean": 4.817937187112194,
    "std": 4.949959910276561,
    "n": 37
  },
  "THB": {
    "mean": 8.070385581632351,
    "std": 5.661008914518735,
    "n": 98
  },
  "MMX": {
    "mean": 6.3793662675728315,
    "std": 4.908486167029739,
    "n": 73
  },
  "RST": {
    "mean": 6.771292771997224,
    "std": 5.938614102744261,
    "n": 42
  },
  "XMM": {
    "mean": 10.403132049426544,
    "std": 3.0511786047110028,
    "n": 101
  },
  "TEST": {
    "mean": 0.0,
    "std": 0.0,
    "n": 125
  },
  "MEX": {
    "mean": 9.381623269263608,
    "std": 4.712619259557808,
    "n": 40
  },
  "BEPI": {
    "mean": 2.2665968526050566,
    "std": 3.6346409384521188,
    "n": 25
  },
  "HYB2": {
    "mean": 0.0,
    "std": 0.0,
    "n": 20
  },
  "HCRA": {
    "mean": 0.0,
    "std": 0.0,
    "n": 34
  },
  "EGS": {
    "mean": 0.0,
    "std": 0.0,
    "n": 16
  }
}