{
  "ACE": {
    "mean": 8.428126569626574,
    "std": 4.918309145548985,
    "n": 597
  },
  "DSN": {
    "mean": 0.0,
    "std": 0.0,
    "n": 9036
  },
  "DSS": {
    "mean": 0.0,
    "std": 0.0,
    "n": 1770
  },
  "JWST": {
    "mean": 11.412011686423805,
    "std": 6.012605723842614,
    "n": 1374
  },
  "KPLO": {
    "mean": 8.622948657371152,
    "std": 6.212398122272879,
    "n": 1138
  },
  "LUCY": {
    "mean": 9.089254569003707,
    "std": 3.975457999534912,
    "n": 783
  },
  "M01O": {
    "mean": 7.934378005386914,
    "std": 4.28766057798002,
    "n": 2274
  },
  "MMS2": {
    "mean": 11.99197782325945,
    "std": 5.594301222279819,
    "n": 269
  },
  "ORX": {
    "mean": 4.241808726174328,
    "std": 6.356042043577479,
    "n": 610
  },
  "SOHO": {
    "mean": 10.45243771924499,
    "std": 4.4538725421093455,
    "n": 1881
  },
  "SPP": {
    "mean": 9.198652394140424,
    "std": 4.606136885943512,
    "n": 1094
  },
  "VGR2": {
    "mean": 4.159244086080189,
    "std": 1.893380846409948,
    "n": 921
  },
  "CAPS": {
    "mean": 9.095144558214242,
    "std": 5.557519592906378,
    "n": 302
  },
  "MRO": {
    "mean": 11.223889279147452,
    "std": 5.785471420978938,
    "n": 962
  },
  "STA": {
    "mean": 10.577106811929363,
    "std": 5.253507467799988,
    "n": 678
  },
  "IMAP": {
    "mean": 10.534404850715354,
    "std": 5.582118431557862,
    "n": 365
  },
  "MMS3": {
    "mean": 11.733640514292713,
    "std": 5.802723243564324,
    "n": 265
  },
  "TGO": {
    "mean": 10.364550433329168,
    "std": 5.183508502925938,
    "n": 321
  },
  "TDR8": {
    "mean": 6.839711603308979,
    "std": 3.15492915596383,
    "n": 114
  },
  "MMS4": {
    "mean": 11.940906187502819,
    "std": 5.65483700011678,
    "n": 246
  },
  "WIND": {
    "mean": 7.838985596764301,
    "std": 4.196557450981419,
    "n": 507
  },
  "ESCB": {
    "mean": 7.748908850112618,
    "std": 3.393470905786804,
    "n": 343
  },
  "THC": {
    "mean": 8.079191259250443,
    "std": 5.633473853130999,
    "n": 148
  },
  "CHDR": {
    "mean": 8.21797060938131,
    "std": 6.869728135406308,
    "n": 620
  },
  "MMS1": {
    "mean": 10.776199537843631,
    "std": 6.324646922404421,
    "n": 301
  },
  "ESCG": {
    "mean": 7.659952327522551,
    "std": 3.6429004617158554,
    "n": 341
  },
  "VGR1": {
    "mean": 4.429607663999582,
    "std": 1.6888699681355053,
    "n": 1005
  },
  "DSSR": {
    "mean": 0.0,
    "std": 0.0,
    "n": 196
  },
  "LRO": {
    "mean": 10.824905543231042,
    "std": 6.43832263008374,
    "n": 630
  },
  "SWFO": {
    "mean": 0.26023531881815865,
    "std": 1.4455875472759874,
    "n": 223
  },
  "GBRA": {
    "mean": 0.0,
    "std": 0.0,
    "n": 528
  },
  "EMM": {
    "mean": 10.210121533965474,
    "std": 4.733528122869451,
    "n": 147
  },
  "TESS": {
    "mean": 9.9095928160731,
    "std": 6.5622919675658515,
    "n": 189
  },
  "EURC": {
    "mean": 7.119821393251179,
    "std": 5.046342242185888,
    "n": 317
  },
  "NHPC": {
    "mean": 2.582643474722555,
    "std": 2.377936390049978,
    "n": 126
  },
  "PSYC": {
    "mean": 9.559087822212327,
    "std": 5.519449657161713,
    "n": 624
  },
  "JNO": {
    "mean": 9.010157222661093,
    "std": 4.357635973213803,
    "n": 1290
  },
  "MSL": {
    "mean": 0.30102581216392665,
    "std": 1.2157638272824527,
    "n": 173
  },
  "M20": {
    "mean": 0.4213145131164744,
    "std": 1.4153731258699016,
    "n": 172
  },
  "CGO": {
    "mean": 10.392526050045905,
    "std": 5.52265650338005,
    "n": 226
  },
  "BIOS": {
    "mean": 6.976562835742111,
    "std": 3.7645650646294055,
    "n": 71
  },
  "SGP": {
    "mean": 0.0,
    "std": 0.0,
    "n": 34
  },
  "DSCO": {
    "mean": 4.951768775643087,
    "std": 4.951768775643087,
    "n": 44
  },
  "THB": {
    "mean": 8.141870177392011,
    "std": 5.5904266470201875,
    "n": 126
  },
  "MMX": {
    "mean": 6.447047574555721,
    "std": 4.86009682234796,
    "n": 75
  },
  "RST": {
    "mean": 6.771292771997224,
    "std": 5.938614102744261,
    "n": 42
  },
  "XMM": {
    "mean": 10.478006574044688,
    "std": 2.9312374535648464,
    "n": 124
  },
  "TEST": {
    "mean": 0.0,
    "std": 0.0,
    "n": 187
  },
  "MEX": {
    "mean": 9.665860102911063,
    "std": 4.455399724792833,
    "n": 46
  },
  "BEPI": {
    "mean": 2.420109767318459,
    "std": 3.567173330124926,
    "n": 28
  },
  "HYB2": {
    "mean": 3.0185252721661477,
    "std": 2.4016330565120403,
    "n": 193
  },
  "HCRA": {
    "mean": 0.0,
    "std": 0.0,
    "n": 48
  },
  "EGS": {
    "mean": 0.0,
    "std": 0.0,
    "n": 16
  }
}