{
  "ACE": {
    "mean": 8.502675099631135,
    "std": 4.882110197248858,
    "n": 652
  },
  "DSN": {
    "mean": 0.0,
    "std": 0.0,
    "n": 10247
  },
  "DSS": {
    "mean": 0.0,
    "std": 0.0,
    "n": 1990
  },
  "JWST": {
    "mean": 11.328869094831543,
    "std": 5.9492532507565965,
    "n": 1535
  },
  "KPLO": {
    "mean": 8.62588424221064,
    "std": 6.170289268103545,
    "n": 1234
  },
  "LUCY": {
    "mean": 9.023204428419032,
    "std": 3.962621064704021,
    "n": 848
  },
  "M01O": {
    "mean": 7.939172778142544,
    "std": 4.272867177339637,
    "n": 2434
  },
  "MMS2": {
    "mean": 11.871717926656125,
    "std": 5.685648228829376,
    "n": 306
  },
  "ORX": {
    "mean": 4.432519980371024,
    "std": 6.431168376441798,
    "n": 683
  },
  "SOHO": {
    "mean": 10.41048470024218,
    "std": 4.500107945422264,
    "n": 2071
  },
  "SPP": {
    "mean": 9.011941658868105,
    "std": 4.623998408612996,
    "n": 1174
  },
  "VGR2": {
    "mean": 4.169558706910619,
    "std": 1.8780999640924048,
    "n": 988
  },
  "CAPS": {
    "mean": 9.041464724668586,
    "std": 5.585074295375424,
    "n": 319
  },
  "MRO": {
    "mean": 11.293703452163774,
    "std": 5.746480667452287,
    "n": 1109
  },
  "STA": {
    "mean": 10.562183273016071,
    "std": 5.263203707795742,
    "n": 755
  },
  "IMAP": {
    "mean": 10.605135088740886,
    "std": 5.533543021819903,
    "n": 416
  },
  "MMS3": {
    "mean": 11.801663102934427,
    "std": 5.756467637217632,
    "n": 297
  },
  "TGO": {
    "mean": 10.383194661222143,
    "std": 5.16496987623233,
    "n": 349
  },
  "TDR8": {
    "mean": 7.014025107082547,
    "std": 2.9972898409743474,
    "n": 136
  },
  "MMS4": {
    "mean": 11.888648225343596,
    "std": 5.707167151630863,
    "n": 278
  },
  "WIND": {
    "mean": 7.8430912654164615,
    "std": 4.183950015374012,
    "n": 572
  },
  "ESCB": {
    "mean": 7.792541502939834,
    "std": 3.397349696146697,
    "n": 379
  },
  "THC": {
    "mean": 8.160027626276502,
    "std": 5.586774636142297,
    "n": 158
  },
  "CHDR": {
    "mean": 8.187670438121259,
    "std": 6.872870850730061,
    "n": 692
  },
  "MMS1": {
    "mean": 10.786355110736217,
    "std": 6.322174725266968,
    "n": 333
  },
  "ESCG": {
    "mean": 7.622566835900113,
    "std": 3.6549578881159683,
    "n": 358
  },
  "VGR1": {
    "mean": 4.335346890076668,
    "std": 1.7871446191792995,
    "n": 1127
  },
  "DSSR": {
    "mean": 0.0,
    "std": 0.0,
    "n": 204
  },
  "LRO": {
    "mean": 10.717719923815133,
    "std": 6.468445350993009,
    "n": 689
  },
  "SWFO": {
    "mean": 0.2398036202332619,
    "std": 1.3894436882991108,
    "n": 242
  },
  "GBRA": {
    "mean": 0.0,
    "std": 0.0,
    "n": 541
  },
  "EMM": {
    "mean": 10.100791155394392,
    "std": 4.823005453242149,
    "n": 167
  },
  "TESS": {
    "mean": 9.609397897603882,
    "std": 6.486769392008635,
    "n": 207
  },
  "EURC": {
    "mean": 6.984305075939726,
    "std": 4.668447790331447,
    "n": 411
  },
  "NHPC": {
    "mean": 2.5164727945665355,
    "std": 2.8579867728391743,
    "n": 279
  },
  "PSYC": {
    "mean": 9.62462859788582,
    "std": 5.4826134281452275,
    "n": 645
  },
  "JNO": {
    "mean": 8.995862471465635,
    "std": 4.234802378787831,
    "n": 1501
  },
  "MSL": {
    "mean": 0.26844054383690374,
    "std": 1.1518812256932238,
    "n": 194
  },
  "M20": {
    "mean": 0.5095691446575273,
    "std": 1.5420588440976977,
    "n": 193
  },
  "CGO": {
    "mean": 10.275970475259372,
    "std": 5.603509467989172,
    "n": 249
  },
  "BIOS": {
    "mean": 7.111815900254474,
    "std": 3.6669300959237847,
    "n": 81
  },
  "SGP": {
    "mean": 0.0,
    "std": 0.0,
    "n": 111
  },
  "DSCO": {
    "mean": 4.841729469517685,
    "std": 4.950545965703306,
    "n": 45
  },
  "THB": {
    "mean": 8.127425734448254,
    "std": 5.624767373043861,
    "n": 131
  },
  "MMX": {
    "mean": 6.447047574555721,
    "std": 4.86009682234796,
    "n": 75
  },
  "RST": {
    "mean": 6.771292771997224,
    "std": 5.938614102744261,
    "n": 42
  },
  "XMM": {
    "mean": 10.49102250883873,
    "std": 2.909686122370264,
    "n": 126
  },
  "TEST": {
    "mean": 0.0,
    "std": 0.0,
    "n": 194
  },
  "MEX": {
    "mean": 9.495547254342087,
    "std": 4.561461788079343,
    "n": 59
  },
  "BEPI": {
    "mean": 2.420109767318459,
    "std": 3.567173330124926,
    "n": 28
  },
  "HYB2": {
    "mean": 4.1767749285408255,
    "std": 3.2512601559797702,
    "n": 463
  },
  "HCRA": {
    "mean": 0.0,
    "std": 0.0,
    "n": 48
  },
  "EGS": {
    "mean": 0.0,
    "std": 0.0,
    "n": 16
  }
}