{
  "ACE": {
    "mean": 8.291019388285482,
    "std": 4.994112043607073,
    "n": 756
  },
  "DSN": {
    "mean": 0.0,
    "std": 0.0,
    "n": 11592
  },
  "DSS": {
    "mean": 0.0,
    "std": 0.0,
    "n": 2224
  },
  "JWST": {
    "mean": 11.38010240558724,
    "std": 5.898006639483097,
    "n": 1807
  },
  "KPLO": {
    "mean": 8.667165649172848,
    "std": 6.161776744704614,
    "n": 1460
  },
  "LUCY": {
    "mean": 9.026908214267419,
    "std": 3.918243702452215,
    "n": 885
  },
  "M01O": {
    "mean": 7.847521264588848,
    "std": 4.278704427267961,
    "n": 2779
  },
  "MMS2": {
    "mean": 11.87119972621433,
    "std": 5.6766441093219004,
    "n": 366
  },
  "ORX": {
    "mean": 4.3608713621804664,
    "std": 6.400777281016822,
    "n": 820
  },
  "SOHO": {
    "mean": 10.407994907966543,
    "std": 4.512308092437945,
    "n": 2440
  },
  "SPP": {
    "mean": 8.819865220747705,
    "std": 4.5647879061746535,
    "n": 1267
  },
  "VGR2": {
    "mean": 4.207391909401887,
    "std": 1.847215581331756,
    "n": 1158
  },
  "CAPS": {
    "mean": 9.241860553212982,
    "std": 5.472883176123972,
    "n": 401
  },
  "MRO": {
    "mean": 11.346136289327468,
    "std": 5.720139384357461,
    "n": 1289
  },
  "STA": {
    "mean": 10.626672146664612,
    "std": 5.198805706335701,
    "n": 902
  },
  "IMAP": {
    "mean": 10.736565223155901,
    "std": 5.4373987273880156,
    "n": 490
  },
  "MMS3": {
    "mean": 11.767621782487081,
    "std": 5.763766885527628,
    "n": 352
  },
  "TGO": {
    "mean": 10.50848055621284,
    "std": 5.058261569697154,
    "n": 384
  },
  "TDR8": {
    "mean": 7.014025107082547,
    "std": 2.9972898409743474,
    "n": 136
  },
  "MMS4": {
    "mean": 11.909617293685267,
    "std": 5.676321882989391,
    "n": 330
  },
  "WIND": {
    "mean": 7.84630216503178,
    "std": 4.17657886435071,
    "n": 665
  },
  "ESCB": {
    "mean": 7.7760305746294645,
    "std": 3.444263465562339,
    "n": 470
  },
  "THC": {
    "mean": 8.172512308427498,
    "std": 5.636817927825491,
    "n": 191
  },
  "CHDR": {
    "mean": 8.182060776437824,
    "std": 6.872805681621353,
    "n": 793
  },
  "MMS1": {
    "mean": 10.761186368827595,
    "std": 6.333850017264721,
    "n": 401
  },
  "ESCG": {
    "mean": 7.678819799000944,
    "std": 3.661046819124107,
    "n": 388
  },
  "VGR1": {
    "mean": 4.049426819199436,
    "std": 2.0376990006571027,
    "n": 1340
  },
  "DSSR": {
    "mean": 0.0,
    "std": 0.0,
    "n": 256
  },
  "LRO": {
    "mean": 10.448600873638584,
    "std": 6.497325288313182,
    "n": 876
  },
  "SWFO": {
    "mean": 0.20433970456496256,
    "std": 1.285416671461804,
    "n": 284
  },
  "GBRA": {
    "mean": 0.0,
    "std": 0.0,
    "n": 643
  },
  "EMM": {
    "mean": 10.10300937413302,
    "std": 4.819765948095871,
    "n": 205
  },
  "TESS": {
    "mean": 9.93754733322345,
    "std": 6.699396464650826,
    "n": 237
  },
  "EURC": {
    "mean": 6.6027706436323985,
    "std": 4.614642250756928,
    "n": 520
  },
  "NHPC": {
    "mean": 2.650499947575143,
    "std": 2.9234152733960577,
    "n": 569
  },
  "PSYC": {
    "mean": 9.724305678279025,
    "std": 5.425174156765904,
    "n": 691
  },
  "JNO": {
    "mean": 8.995115251601561,
    "std": 4.142171797895848,
    "n": 1719
  },
  "MSL": {
    "mean": 0.3532420545295045,
    "std": 1.3080328554589562,
    "n": 250
  },
  "M20": {
    "mean": 0.4370970885284567,
    "std": 1.4392449802223781,
    "n": 225
  },
  "CGO": {
    "mean": 10.255237957775261,
    "std": 5.567524364717267,
    "n": 291
  },
  "BIOS": {
    "mean": 6.893609020805169,
    "std": 3.8119005936220707,
    "n": 94
  },
  "SGP": {
    "mean": 0.0,
    "std": 0.0,
    "n": 111
  },
  "DSCO": {
    "mean": 4.854675270238321,
    "std": 4.950816787020306,
    "n": 51
  },
  "THB": {
    "mean": 8.127425734448254,
    "std": 5.624767373043861,
    "n": 131
  },
  "MMX": {
    "mean": 6.447047574555721,
    "std": 4.86009682234796,
    "n": 75
  },
  "RST": {
    "mean": 6.2573459288108575,
    "std": 5.9069727957618285,
    "n": 50
  },
  "XMM": {
    "mean": 10.356520785449455,
    "std": 3.1226085073686924,
    "n": 144
  },
  "TEST": {
    "mean": 0.0,
    "std": 0.0,
    "n": 271
  },
  "MEX": {
    "mean": 9.3423261489249,
    "std": 4.873425922516413,
    "n": 80
  },
  "BEPI": {
    "mean": 4.342343111860535,
    "std": 5.071384013101949,
    "n": 40
  },
  "HYB2": {
    "mean": 4.1767749285408255,
    "std": 3.2512601559797702,
    "n": 463
  },
  "HCRA": {
    "mean": 0.0,
    "std": 0.0,
    "n": 74
  },
  "EGS": {
    "mean": 0.0,
    "std": 0.0,
    "n": 16
  },
  "TERR": {
    "mean": 0.0,
    "std": 0.0,
    "n": 3
  }
}