{
  "ACE": {
    "mean": 8.544971977014065,
    "std": 4.866485679184538,
    "n": 290
  },
  "DSN": {
    "mean": 0.0,
    "std": 0.0,
    "n": 4928
  },
  "DSS": {
    "mean": 0.0,
    "std": 0.0,
    "n": 1202
  },
  "JWST": {
    "mean": 10.978837274056346,
    "std": 5.96785684158136,
    "n": 601
  },
  "KPLO": {
    "mean": 8.436622062185329,
    "std": 6.521724201202689,
    "n": 491
  },
  "LUCY": {
    "mean": 8.901791004011129,
    "std": 4.307748926678306,
    "n": 522
  },
  "M01O": {
    "mean": 7.891573238338771,
    "std": 4.301337439365269,
    "n": 1000
  },
  "MMS2": {
    "mean": 12.113430068979616,
    "std": 5.475786095701999,
    "n": 124
  },
  "ORX": {
    "mean": 3.8834588338560785,
    "std": 6.184425240824674,
    "n": 198
  },
  "SOHO": {
    "mean": 10.337635017782649,
    "std": 4.630394588281826,
    "n": 766
  },
  "SPP": {
    "mean": 7.850765240874546,
    "std": 4.260061973518559,
    "n": 425
  },
  "VGR2": {
    "mean": 4.36656887931197,
    "std": 1.6879912751673305,
    "n": 420
  },
  "CAPS": {
    "mean": 8.529693669714842,
    "std": 5.831468390221018,
    "n": 132
  },
  "MRO": {
    "mean": 11.24137051558125,
    "std": 5.8570299160666845,
    "n": 480
  },
  "STA": {
    "mean": 10.469656060943041,
    "std": 5.341006978015455,
    "n": 320
  },
  "IMAP": {
    "mean": 10.419511600898257,
    "std": 5.654999868513428,
    "n": 189
  },
  "MMS3": {
    "mean": 11.788333024876172,
    "std": 5.717353555948879,
    "n": 121
  },
  "TGO": {
    "mean": 9.912057475889224,
    "std": 5.446009106111861,
    "n": 134
  },
  "TDR8": {
    "mean": 6.839711603308979,
    "std": 3.15492915596383,
    "n": 114
  },
  "MMS4": {
    "mean": 12.252467307450432,
    "std": 5.384770969988592,
    "n": 99
  },
  "WIND": {
    "mean": 7.969084160465451,
    "std": 4.188201123540978,
    "n": 249
  },
  "ESCB": {
    "mean": 8.186738073100116,
    "std": 3.2098915480235064,
    "n": 150
  },
  "THC": {
    "mean": 8.526102456830086,
    "std": 5.451919427225525,
    "n": 80
  },
  "CHDR": {
    "mean": 8.006612349526282,
    "std": 6.913241360066512,
    "n": 288
  },
  "MMS1": {
    "mean": 10.44094179373054,
    "std": 6.481625391375487,
    "n": 126
  },
  "ESCG": {
    "mean": 7.69740797942115,
    "std": 3.5307557752248284,
    "n": 170
  },
  "VGR1": {
    "mean": 4.488493670138131,
    "std": 1.6312173671896346,
    "n": 360
  },
  "DSSR": {
    "mean": 0.0,
    "std": 0.0,
    "n": 83
  },
  "LRO": {
    "mean": 10.089895153687802,
    "std": 6.774218881935017,
    "n": 240
  },
  "SWFO": {
    "mean": 0.0,
    "std": 0.0,
    "n": 96
  },
  "GBRA": {
    "mean": 0.0,
    "std": 0.0,
    "n": 320
  },
  "EMM": {
    "mean": 11.325697287323143,
    "std": 3.5141971093333795,
    "n": 57
  },
  "TESS": {
    "mean": 7.8961054935292045,
    "std": 5.4536603638678,
    "n": 73
  },
  "EURC": {
    "mean": 6.147559529759076,
    "std": 5.361401561922815,
    "n": 131
  },
  "NHPC": {
    "mean": 0.0,
    "std": 0.0,
    "n": 18
  },
  "PSYC": {
    "mean": 10.362465717417136,
    "std": 4.978521853099404,
    "n": 304
  },
  "JNO": {
    "mean": 8.884212471689885,
    "std": 4.560382909543469,
    "n": 714
  },
  "MSL": {
    "mean": 0.20597802060644432,
    "std": 1.0239634812655733,
    "n": 77
  },
  "M20": {
    "mean": 0.2836246428807577,
    "std": 1.1779816133324597,
    "n": 73
  },
  "CGO": {
    "mean": 10.07358550123828,
    "std": 5.6489869174831435,
    "n": 127
  },
  "BIOS": {
    "mean": 7.475687476382571,
    "std": 3.4038750077057762,
    "n": 35
  },
  "SGP": {
    "mean": 0.0,
    "std": 0.0,
    "n": 34
  },
  "DSCO": {
    "mean": 4.456591898078777,
    "std": 4.926947723221698,
    "n": 20
  },
  "THB": {
    "mean": 8.752697345206279,
    "std": 5.423163308485524,
    "n": 51
  },
  "MMX": {
    "mean": 6.016493598113673,
    "std": 4.865458928163983,
    "n": 55
  },
  "RST": {
    "mean": 8.091586331914513,
    "std": 5.869664019498173,
    "n": 19
  },
  "XMM": {
    "mean": 10.08752262698692,
    "std": 3.4944203426957317,
    "n": 56
  },
  "TEST": {
    "mean": 0.0,
    "std": 0.0,
    "n": 45
  },
  "MEX": {
    "mean": 9.596479852114397,
    "std": 4.599740883340531,
    "n": 27
  },
  "BEPI": {
    "mean": 6.2961023683473805,
    "std": 3.365408276344554,
    "n": 9
  },
  "HYB2": {
    "mean": 0.0,
    "std": 0.0,
    "n": 4
  },
  "HCRA": {
    "mean": 0.0,
    "std": 0.0,
    "n": 12
  }
}