{
  "ACE": {
    "mean": 8.180181425701912,
    "std": 5.0492228883234525,
    "n": 884
  },
  "DSN": {
    "mean": 0.0,
    "std": 0.0,
    "n": 13913
  },
  "DSS": {
    "mean": 0.0,
    "std": 0.0,
    "n": 2481
  },
  "JWST": {
    "mean": 11.427867627563185,
    "std": 5.8220652166848375,
    "n": 2120
  },
  "KPLO": {
    "mean": 8.758301237740787,
    "std": 6.194425716615233,
    "n": 1710
  },
  "LUCY": {
    "mean": 8.989733705693034,
    "std": 3.8652805948996845,
    "n": 979
  },
  "M01O": {
    "mean": 7.941380691747448,
    "std": 4.215445043263979,
    "n": 3163
  },
  "MMS2": {
    "mean": 11.751065183988038,
    "std": 5.730997196966142,
    "n": 438
  },
  "ORX": {
    "mean": 4.232782611279086,
    "std": 6.348738688788065,
    "n": 952
  },
  "SOHO": {
    "mean": 10.456584790529146,
    "std": 4.474387749489574,
    "n": 2837
  },
  "SPP": {
    "mean": 8.618130467637394,
    "std": 4.513973910523029,
    "n": 1359
  },
  "VGR2": {
    "mean": 4.133607874667292,
    "std": 1.9211330206747976,
    "n": 1352
  },
  "CAPS": {
    "mean": 9.311573656845004,
    "std": 5.428067245932764,
    "n": 446
  },
  "MRO": {
    "mean": 11.439955919081564,
    "std": 5.639769186454923,
    "n": 1485
  },
  "STA": {
    "mean": 10.573859842223785,
    "std": 5.226065588107665,
    "n": 1086
  },
  "IMAP": {
    "mean": 10.732180693462675,
    "std": 5.438770587891611,
    "n": 558
  },
  "MMS3": {
    "mean": 11.87373056957301,
    "std": 5.6583662188253045,
    "n": 406
  },
  "TGO": {
    "mean": 10.533899693249985,
    "std": 5.044887656313743,
    "n": 457
  },
  "TDR8": {
    "mean": 7.014025107082547,
    "std": 2.9972898409743474,
    "n": 136
  },
  "MMS4": {
    "mean": 11.711315028031732,
    "std": 5.831364651980709,
    "n": 378
  },
  "WIND": {
    "mean": 7.839668140739698,
    "std": 4.2410003077141845,
    "n": 782
  },
  "ESCB": {
    "mean": 7.787627494436133,
    "std": 3.403851983876745,
    "n": 512
  },
  "THC": {
    "mean": 8.089440329243777,
    "std": 5.6516971459799485,
    "n": 252
  },
  "CHDR": {
    "mean": 8.194316014909074,
    "std": 6.871235575074226,
    "n": 923
  },
  "MMS1": {
    "mean": 10.906771065797258,
    "std": 6.268474963990011,
    "n": 472
  },
  "ESCG": {
    "mean": 7.750072939937924,
    "std": 3.6420564530573207,
    "n": 482
  },
  "VGR1": {
    "mean": 3.7615242879307873,
    "std": 2.2222325775031333,
    "n": 1752
  },
  "DSSR": {
    "mean": 0.0,
    "std": 0.0,
    "n": 287
  },
  "LRO": {
    "mean": 10.16571643085686,
    "std": 6.472090201495106,
    "n": 1077
  },
  "SWFO": {
    "mean": 0.18191998776316412,
    "std": 1.2145320978794172,
    "n": 319
  },
  "GBRA": {
    "mean": 0.0,
    "std": 0.0,
    "n": 661
  },
  "EMM": {
    "mean": 10.075642807613153,
    "std": 4.840551021548727,
    "n": 256
  },
  "TESS": {
    "mean": 9.620386480971149,
    "std": 6.462455858694582,
    "n": 273
  },
  "EURC": {
    "mean": 6.525689250708816,
    "std": 4.635128753657545,
    "n": 610
  },
  "NHPC": {
    "mean": 2.789201883030447,
    "std": 2.976865015526967,
    "n": 759
  },
  "PSYC": {
    "mean": 9.829268146613561,
    "std": 5.3584057357485895,
    "n": 751
  },
  "JNO": {
    "mean": 8.862885515658096,
    "std": 4.308384162128297,
    "n": 1906
  },
  "MSL": {
    "mean": 0.28954266764713504,
    "std": 1.191999028101811,
    "n": 305
  },
  "M20": {
    "mean": 0.3981653640441407,
    "std": 1.3792852806772187,
    "n": 247
  },
  "CGO": {
    "mean": 10.319310396423036,
    "std": 5.513565976668552,
    "n": 339
  },
  "BIOS": {
    "mean": 6.8961560828751995,
    "std": 3.808922480449452,
    "n": 107
  },
  "SGP": {
    "mean": 0.0,
    "std": 0.0,
    "n": 111
  },
  "DSCO": {
    "mean": 5.519787753357474,
    "std": 5.061207224223677,
    "n": 69
  },
  "THB": {
    "mean": 7.751827512100509,
    "std": 5.7755097653703125,
    "n": 147
  },
  "MMX": {
    "mean": 6.286980854753921,
    "std": 4.837917009469494,
    "n": 84
  },
  "RST": {
    "mean": 5.586916007866837,
    "std": 5.907579842444726,
    "n": 56
  },
  "XMM": {
    "mean": 10.309444622685579,
    "std": 3.1924408557625874,
    "n": 160
  },
  "TEST": {
    "mean": 0.0,
    "std": 0.0,
    "n": 271
  },
  "MEX": {
    "mean": 8.64732212457721,
    "std": 5.286989164477508,
    "n": 96
  },
  "BEPI": {
    "mean": 4.342343111860535,
    "std": 5.071384013101949,
    "n": 40
  },
  "HYB2": {
    "mean": 4.1767749285408255,
    "std": 3.2512601559797702,
    "n": 463
  },
  "HCRA": {
    "mean": 0.0,
    "std": 0.0,
    "n": 105
  },
  "EGS": {
    "mean": 0.0,
    "std": 0.0,
    "n": 16
  },
  "TERR": {
    "mean": 0.0,
    "std": 0.0,
    "n": 5
  }
}