{
  "ACE": {
    "mean": 8.34851371689365,
    "std": 4.944590416071907,
    "n": 480
  },
  "DSN": {
    "mean": 0.0,
    "std": 0.0,
    "n": 7505
  },
  "DSS": {
    "mean": 0.0,
    "std": 0.0,
    "n": 1565
  },
  "JWST": {
    "mean": 11.237882928498614,
    "std": 6.032458056283529,
    "n": 1059
  },
  "KPLO": {
    "mean": 8.687020371788135,
    "std": 6.318386894372217,
    "n": 857
  },
  "LUCY": {
    "mean": 9.128675982085136,
    "std": 4.041993760805796,
    "n": 709
  },
  "M01O": {
    "mean": 7.717552402834474,
    "std": 4.419632556098486,
    "n": 1761
  },
  "MMS2": {
    "mean": 12.191385981083217,
    "std": 5.42688755469159,
    "n": 212
  },
  "ORX": {
    "mean": 3.6079617732356795,
    "std": 6.043201123323983,
    "n": 430
  },
  "SOHO": {
    "mean": 10.388897862196593,
    "std": 4.492846700635274,
    "n": 1460
  },
  "SPP": {
    "mean": 8.651988959177997,
    "std": 4.456958373437672,
    "n": 808
  },
  "VGR2": {
    "mean": 4.317692055688594,
    "std": 1.735870936500764,
    "n": 710
  },
  "CAPS": {
    "mean": 9.07339679650725,
    "std": 5.576456742435356,
    "n": 241
  },
  "MRO": {
    "mean": 11.227557196146355,
    "std": 5.815454601979408,
    "n": 765
  },
  "STA": {
    "mean": 10.531907096347082,
    "std": 5.2817019592707695,
    "n": 548
  },
  "IMAP": {
    "mean": 10.81872640749195,
    "std": 5.37649012550274,
    "n": 303
  },
  "MMS3": {
    "mean": 11.890177052184418,
    "std": 5.683591144151581,
    "n": 210
  },
  "TGO": {
    "mean": 10.276026334631746,
    "std": 5.230741961490494,
    "n": 239
  },
  "TDR8": {
    "mean": 6.839711603308979,
    "std": 3.15492915596383,
    "n": 114
  },
  "MMS4": {
    "mean": 12.096175559582592,
    "std": 5.549826155960102,
    "n": 190
  },
  "WIND": {
    "mean": 7.890680834138373,
    "std": 4.241949549841522,
    "n": 409
  },
  "ESCB": {
    "mean": 8.015660130859475,
    "std": 3.2505264061796355,
    "n": 228
  },
  "THC": {
    "mean": 8.386897950630757,
    "std": 5.493180832996186,
    "n": 121
  },
  "CHDR": {
    "mean": 8.137560521168925,
    "std": 6.887619691689946,
    "n": 496
  },
  "MMS1": {
    "mean": 10.503443856158945,
    "std": 6.481785144471925,
    "n": 236
  },
  "ESCG": {
    "mean": 7.6077774935981,
    "std": 3.5236620140182198,
    "n": 259
  },
  "VGR1": {
    "mean": 4.448354450085468,
    "std": 1.6719376596779318,
    "n": 745
  },
  "DSSR": {
    "mean": 0.0,
    "std": 0.0,
    "n": 136
  },
  "LRO": {
    "mean": 10.850389449202865,
    "std": 6.564630234607553,
    "n": 476
  },
  "SWFO": {
    "mean": 0.23414619705499895,
    "std": 1.3733041320642185,
    "n": 177
  },
  "GBRA": {
    "mean": 0.0,
    "std": 0.0,
    "n": 449
  },
  "EMM": {
    "mean": 10.122867781702954,
    "std": 4.807682355981909,
    "n": 125
  },
  "TESS": {
    "mean": 9.675755646321923,
    "std": 6.630698832940818,
    "n": 144
  },
  "EURC": {
    "mean": 7.073043962233723,
    "std": 5.172872583547983,
    "n": 261
  },
  "NHPC": {
    "mean": 0.0,
    "std": 0.0,
    "n": 33
  },
  "PSYC": {
    "mean": 9.483170384679449,
    "std": 5.558753202060213,
    "n": 571
  },
  "JNO": {
    "mean": 8.888057652837333,
    "std": 4.439839950204193,
    "n": 1131
  },
  "MSL": {
    "mean": 0.21790252979955327,
    "std": 1.0455929263056365,
    "n": 144
  },
  "M20": {
    "mean": 0.3539247680392362,
    "std": 1.3064091441833674,
    "n": 117
  },
  "CGO": {
    "mean": 10.281880530042814,
    "std": 5.634132332577208,
    "n": 190
  },
  "BIOS": {
    "mean": 6.7976950498830995,
    "std": 3.8807752958741553,
    "n": 57
  },
  "SGP": {
    "mean": 0.0,
    "std": 0.0,
    "n": 34
  },
  "DSCO": {
    "mean": 4.951768775643087,
    "std": 4.951768775643086,
    "n": 34
  },
  "THB": {
    "mean": 8.09411866564489,
    "std": 5.629050003664351,
    "n": 96
  },
  "MMX": {
    "mean": 6.3833415820869694,
    "std": 4.865709226505287,
    "n": 71
  },
  "RST": {
    "mean": 6.636855475185483,
    "std": 5.910642800722992,
    "n": 39
  },
  "XMM": {
    "mean": 10.403132049426544,
    "std": 3.0511786047110028,
    "n": 101
  },
  "TEST": {
    "mean": 0.0,
    "std": 0.0,
    "n": 110
  },
  "MEX": {
    "mean": 9.381623269263608,
    "std": 4.712619259557808,
    "n": 40
  },
  "BEPI": {
    "mean": 2.2665968526050566,
    "std": 3.6346409384521188,
    "n": 25
  },
  "HYB2": {
    "mean": 0.0,
    "std": 0.0,
    "n": 16
  },
  "HCRA": {
    "mean": 0.0,
    "std": 0.0,
    "n": 33
  },
  "EGS": {
    "mean": 0.0,
    "std": 0.0,
    "n": 16
  }
}