{
  "ACE": {
    "mean": 8.43665769182735,
    "std": 4.912824680691851,
    "n": 591
  },
  "DSN": {
    "mean": 0.0,
    "std": 0.0,
    "n": 8974
  },
  "DSS": {
    "mean": 0.0,
    "std": 0.0,
    "n": 1749
  },
  "JWST": {
    "mean": 11.370962587516178,
    "std": 6.013440209348694,
    "n": 1359
  },
  "KPLO": {
    "mean": 8.682249885645419,
    "std": 6.208144447956538,
    "n": 1124
  },
  "LUCY": {
    "mean": 9.089254569003707,
    "std": 3.975457999534912,
    "n": 783
  },
  "M01O": {
    "mean": 7.925114028751873,
    "std": 4.29249956660145,
    "n": 2257
  },
  "MMS2": {
    "mean": 11.99197782325945,
    "std": 5.594301222279819,
    "n": 269
  },
  "ORX": {
    "mean": 4.168273050178748,
    "std": 6.32538900874269,
    "n": 601
  },
  "SOHO": {
    "mean": 10.441222590766381,
    "std": 4.463876053934365,
    "n": 1864
  },
  "SPP": {
    "mean": 9.212723421041906,
    "std": 4.570094335011085,
    "n": 1074
  },
  "VGR2": {
    "mean": 4.160762911870121,
    "std": 1.8917925447673816,
    "n": 917
  },
  "CAPS": {
    "mean": 9.095144558214242,
    "std": 5.557519592906378,
    "n": 302
  },
  "MRO": {
    "mean": 11.224202470944235,
    "std": 5.787377601530507,
    "n": 952
  },
  "STA": {
    "mean": 10.569190407628028,
    "std": 5.258994764934462,
    "n": 671
  },
  "IMAP": {
    "mean": 10.58447157676793,
    "std": 5.547855858937284,
    "n": 362
  },
  "MMS3": {
    "mean": 11.733640514292713,
    "std": 5.802723243564324,
    "n": 265
  },
  "TGO": {
    "mean": 10.364550433329168,
    "std": 5.183508502925938,
    "n": 321
  },
  "TDR8": {
    "mean": 6.839711603308979,
    "std": 3.15492915596383,
    "n": 114
  },
  "MMS4": {
    "mean": 11.932343947822103,
    "std": 5.6647741231888755,
    "n": 245
  },
  "WIND": {
    "mean": 7.849051206035186,
    "std": 4.198067227194383,
    "n": 503
  },
  "ESCB": {
    "mean": 7.780197176074859,
    "std": 3.368253961175626,
    "n": 337
  },
  "THC": {
    "mean": 8.037941397322445,
    "std": 5.660817341752591,
    "n": 146
  },
  "CHDR": {
    "mean": 8.252713701262381,
    "std": 6.863287988029641,
    "n": 614
  },
  "MMS1": {
    "mean": 10.779528943310098,
    "std": 6.32782539674663,
    "n": 297
  },
  "ESCG": {
    "mean": 7.659952327522551,
    "std": 3.6429004617158554,
    "n": 341
  },
  "VGR1": {
    "mean": 4.426848191646276,
    "std": 1.6918264989825664,
    "n": 993
  },
  "DSSR": {
    "mean": 0.0,
    "std": 0.0,
    "n": 194
  },
  "LRO": {
    "mean": 10.875074101476788,
    "std": 6.414901833713389,
    "n": 626
  },
  "SWFO": {
    "mean": 0.2614075499840062,
    "std": 1.4487339628228424,
    "n": 222
  },
  "GBRA": {
    "mean": 0.0,
    "std": 0.0,
    "n": 526
  },
  "EMM": {
    "mean": 10.210121533965474,
    "std": 4.733528122869451,
    "n": 147
  },
  "TESS": {
    "mean": 9.965405593021938,
    "std": 6.574692447136841,
    "n": 186
  },
  "EURC": {
    "mean": 7.074369393519517,
    "std": 5.019332454515391,
    "n": 310
  },
  "NHPC": {
    "mean": 2.345854952312744,
    "std": 2.158491477990895,
    "n": 113
  },
  "PSYC": {
    "mean": 9.537529994357648,
    "std": 5.531002643262781,
    "n": 612
  },
  "JNO": {
    "mean": 9.009378268772863,
    "std": 4.35662735334198,
    "n": 1285
  },
  "MSL": {
    "mean": 0.3063380323785842,
    "std": 1.2257806259927162,
    "n": 170
  },
  "M20": {
    "mean": 0.428793468970613,
    "std": 1.4267569382027852,
    "n": 169
  },
  "CGO": {
    "mean": 10.386611947069436,
    "std": 5.5407632509664095,
    "n": 224
  },
  "BIOS": {
    "mean": 6.976562835742111,
    "std": 3.7645650646294055,
    "n": 71
  },
  "SGP": {
    "mean": 0.0,
    "std": 0.0,
    "n": 34
  },
  "DSCO": {
    "mean": 4.951768775643087,
    "std": 4.951768775643087,
    "n": 44
  },
  "THB": {
    "mean": 8.071623779492514,
    "std": 5.602898354391541,
    "n": 121
  },
  "MMX": {
    "mean": 6.447047574555721,
    "std": 4.86009682234796,
    "n": 75
  },
  "RST": {
    "mean": 6.771292771997224,
    "std": 5.938614102744261,
    "n": 42
  },
  "XMM": {
    "mean": 10.478006574044688,
    "std": 2.9312374535648464,
    "n": 124
  },
  "TEST": {
    "mean": 0.0,
    "std": 0.0,
    "n": 187
  },
  "MEX": {
    "mean": 9.665860102911063,
    "std": 4.455399724792833,
    "n": 46
  },
  "BEPI": {
    "mean": 2.420109767318459,
    "std": 3.567173330124926,
    "n": 28
  },
  "HYB2": {
    "mean": 2.876312148627204,
    "std": 2.315065694994718,
    "n": 168
  },
  "HCRA": {
    "mean": 0.0,
    "std": 0.0,
    "n": 46
  },
  "EGS": {
    "mean": 0.0,
    "std": 0.0,
    "n": 16
  }
}