{
  "ACE": {
    "mean": 8.417647493244166,
    "std": 4.9575539414682765,
    "n": 435
  },
  "DSN": {
    "mean": 0.0,
    "std": 0.0,
    "n": 6917
  },
  "DSS": {
    "mean": 0.0,
    "std": 0.0,
    "n": 1481
  },
  "JWST": {
    "mean": 11.286317764685114,
    "std": 6.095023542191015,
    "n": 955
  },
  "KPLO": {
    "mean": 8.657445519592448,
    "std": 6.353751761296914,
    "n": 790
  },
  "LUCY": {
    "mean": 9.104056527145742,
    "std": 4.09448703144911,
    "n": 684
  },
  "M01O": {
    "mean": 7.7258488428725105,
    "std": 4.4077586543419285,
    "n": 1618
  },
  "MMS2": {
    "mean": 12.102269167279834,
    "std": 5.487329998857732,
    "n": 188
  },
  "ORX": {
    "mean": 3.9024236500953124,
    "std": 6.192892227139344,
    "n": 387
  },
  "SOHO": {
    "mean": 10.292866998566566,
    "std": 4.56960993488216,
    "n": 1306
  },
  "SPP": {
    "mean": 8.703820419774914,
    "std": 4.444197286063451,
    "n": 800
  },
  "VGR2": {
    "mean": 4.291824982402406,
    "std": 1.768430487242267,
    "n": 636
  },
  "CAPS": {
    "mean": 9.085363004780595,
    "std": 5.5736630341176525,
    "n": 227
  },
  "MRO": {
    "mean": 11.102940388933058,
    "std": 5.892227815830777,
    "n": 681
  },
  "STA": {
    "mean": 10.465092693380386,
    "std": 5.334334324351852,
    "n": 500
  },
  "IMAP": {
    "mean": 10.801983445365257,
    "std": 5.389842763915585,
    "n": 286
  },
  "MMS3": {
    "mean": 11.864789562254332,
    "std": 5.704838600414949,
    "n": 192
  },
  "TGO": {
    "mean": 10.026445732943952,
    "std": 5.376913588834282,
    "n": 211
  },
  "TDR8": {
    "mean": 6.839711603308979,
    "std": 3.15492915596383,
    "n": 114
  },
  "MMS4": {
    "mean": 11.906015869740163,
    "std": 5.696536527388598,
    "n": 172
  },
  "WIND": {
    "mean": 7.858896630043518,
    "std": 4.250903700655448,
    "n": 377
  },
  "ESCB": {
    "mean": 8.049237850324007,
    "std": 3.235593226278354,
    "n": 217
  },
  "THC": {
    "mean": 8.425729479762285,
    "std": 5.459301703226404,
    "n": 116
  },
  "CHDR": {
    "mean": 8.113623648566405,
    "std": 6.894688229746208,
    "n": 446
  },
  "MMS1": {
    "mean": 10.426183906623262,
    "std": 6.511090199670837,
    "n": 207
  },
  "ESCG": {
    "mean": 7.701540526553268,
    "std": 3.473340056912333,
    "n": 235
  },
  "VGR1": {
    "mean": 4.453506300427991,
    "std": 1.6651784057229901,
    "n": 654
  },
  "DSSR": {
    "mean": 0.0,
    "std": 0.0,
    "n": 113
  },
  "LRO": {
    "mean": 10.868032491037065,
    "std": 6.65389883399134,
    "n": 422
  },
  "SWFO": {
    "mean": 0.2639737380811135,
    "std": 1.455452085501036,
    "n": 157
  },
  "GBRA": {
    "mean": 0.0,
    "std": 0.0,
    "n": 410
  },
  "EMM": {
    "mean": 9.926606926322378,
    "std": 4.96421634557114,
    "n": 100
  },
  "TESS": {
    "mean": 9.570142069355327,
    "std": 6.344178468224271,
    "n": 123
  },
  "EURC": {
    "mean": 6.990614175640135,
    "std": 5.3180970479374245,
    "n": 228
  },
  "NHPC": {
    "mean": 0.0,
    "std": 0.0,
    "n": 30
  },
  "PSYC": {
    "mean": 9.433364190974348,
    "std": 5.587335242669074,
    "n": 543
  },
  "JNO": {
    "mean": 8.861127271887742,
    "std": 4.5676682835268885,
    "n": 971
  },
  "MSL": {
    "mean": 0.20009623703697607,
    "std": 1.005107096497593,
    "n": 131
  },
  "M20": {
    "mean": 0.3735365786393486,
    "std": 1.3393848162679072,
    "n": 97
  },
  "CGO": {
    "mean": 10.247384994066714,
    "std": 5.642994649075326,
    "n": 175
  },
  "BIOS": {
    "mean": 6.799526198420348,
    "std": 3.87844496642235,
    "n": 53
  },
  "SGP": {
    "mean": 0.0,
    "std": 0.0,
    "n": 34
  },
  "DSCO": {
    "mean": 5.111503252276735,
    "std": 4.9491917425382095,
    "n": 31
  },
  "THB": {
    "mean": 8.094604453150914,
    "std": 5.62162860933501,
    "n": 90
  },
  "MMX": {
    "mean": 6.3833415820869694,
    "std": 4.865709226505287,
    "n": 71
  },
  "RST": {
    "mean": 7.504568018465512,
    "std": 6.107700359240118,
    "n": 29
  },
  "XMM": {
    "mean": 10.403132049426544,
    "std": 3.0511786047110028,
    "n": 101
  },
  "TEST": {
    "mean": 0.0,
    "std": 0.0,
    "n": 95
  },
  "MEX": {
    "mean": 9.32574765239274,
    "std": 4.759553845465456,
    "n": 39
  },
  "BEPI": {
    "mean": 2.463692231092453,
    "std": 3.724752543127145,
    "n": 23
  },
  "HYB2": {
    "mean": 0.0,
    "std": 0.0,
    "n": 16
  },
  "HCRA": {
    "mean": 0.0,
    "std": 0.0,
    "n": 32
  },
  "EGS": {
    "mean": 0.0,
    "std": 0.0,
    "n": 3
  }
}