{
  "ACE": {
    "mean": 8.544847715074729,
    "std": 4.867330265476554,
    "n": 294
  },
  "DSN": {
    "mean": 0.0,
    "std": 0.0,
    "n": 4943
  },
  "DSS": {
    "mean": 0.0,
    "std": 0.0,
    "n": 1208
  },
  "JWST": {
    "mean": 10.959394902605018,
    "std": 5.969764207682254,
    "n": 604
  },
  "KPLO": {
    "mean": 8.400680827014352,
    "std": 6.537084935288868,
    "n": 495
  },
  "LUCY": {
    "mean": 8.901791004011129,
    "std": 4.307748926678306,
    "n": 522
  },
  "M01O": {
    "mean": 7.897983001961867,
    "std": 4.299432189592162,
    "n": 1002
  },
  "MMS2": {
    "mean": 12.01652262842778,
    "std": 5.55957282092882,
    "n": 125
  },
  "ORX": {
    "mean": 3.8834588338560785,
    "std": 6.184425240824674,
    "n": 198
  },
  "SOHO": {
    "mean": 10.345728551696842,
    "std": 4.623163037770058,
    "n": 769
  },
  "SPP": {
    "mean": 7.850765240874546,
    "std": 4.260061973518559,
    "n": 425
  },
  "VGR2": {
    "mean": 4.372754991943812,
    "std": 1.6812350330640644,
    "n": 424
  },
  "CAPS": {
    "mean": 8.522294553464926,
    "std": 5.830920004519678,
    "n": 135
  },
  "MRO": {
    "mean": 11.244655854558843,
    "std": 5.856486128685009,
    "n": 485
  },
  "STA": {
    "mean": 10.437040309974371,
    "std": 5.364503732461875,
    "n": 321
  },
  "IMAP": {
    "mean": 10.39711360422916,
    "std": 5.6693745129385515,
    "n": 192
  },
  "MMS3": {
    "mean": 11.806778286223729,
    "std": 5.697487492371068,
    "n": 122
  },
  "TGO": {
    "mean": 9.933344264467191,
    "std": 5.43139372927346,
    "n": 135
  },
  "TDR8": {
    "mean": 6.839711603308979,
    "std": 3.15492915596383,
    "n": 114
  },
  "MMS4": {
    "mean": 12.270329183468709,
    "std": 5.360726296884956,
    "n": 100
  },
  "WIND": {
    "mean": 7.950227674461212,
    "std": 4.206618562510619,
    "n": 251
  },
  "ESCB": {
    "mean": 8.186738073100116,
    "std": 3.2098915480235064,
    "n": 150
  },
  "THC": {
    "mean": 8.526102456830086,
    "std": 5.451919427225525,
    "n": 80
  },
  "CHDR": {
    "mean": 7.999628066497325,
    "std": 6.914308764513195,
    "n": 290
  },
  "MMS1": {
    "mean": 10.44094179373054,
    "std": 6.481625391375487,
    "n": 126
  },
  "ESCG": {
    "mean": 7.712406977484276,
    "std": 3.5128909110401287,
    "n": 172
  },
  "VGR1": {
    "mean": 4.488493670138131,
    "std": 1.6312173671896346,
    "n": 360
  },
  "DSSR": {
    "mean": 0.0,
    "std": 0.0,
    "n": 85
  },
  "LRO": {
    "mean": 10.112200150377147,
    "std": 6.735228201222491,
    "n": 243
  },
  "SWFO": {
    "mean": 0.0,
    "std": 0.0,
    "n": 96
  },
  "GBRA": {
    "mean": 0.0,
    "std": 0.0,
    "n": 320
  },
  "EMM": {
    "mean": 11.325697287323143,
    "std": 3.5141971093333795,
    "n": 57
  },
  "TESS": {
    "mean": 8.125399375999667,
    "std": 5.424710208658884,
    "n": 78
  },
  "EURC": {
    "mean": 6.147559529759076,
    "std": 5.361401561922815,
    "n": 131
  },
  "NHPC": {
    "mean": 0.0,
    "std": 0.0,
    "n": 18
  },
  "PSYC": {
    "mean": 10.362465717417136,
    "std": 4.978521853099404,
    "n": 304
  },
  "JNO": {
    "mean": 8.884212471689885,
    "std": 4.560382909543469,
    "n": 714
  },
  "MSL": {
    "mean": 0.20597802060644432,
    "std": 1.0239634812655733,
    "n": 77
  },
  "M20": {
    "mean": 0.2836246428807577,
    "std": 1.1779816133324597,
    "n": 73
  },
  "CGO": {
    "mean": 10.07358550123828,
    "std": 5.6489869174831435,
    "n": 127
  },
  "BIOS": {
    "mean": 7.475687476382571,
    "std": 3.4038750077057762,
    "n": 35
  },
  "SGP": {
    "mean": 0.0,
    "std": 0.0,
    "n": 34
  },
  "DSCO": {
    "mean": 4.456591898078777,
    "std": 4.926947723221698,
    "n": 20
  },
  "THB": {
    "mean": 8.752697345206279,
    "std": 5.423163308485524,
    "n": 51
  },
  "MMX": {
    "mean": 6.016493598113673,
    "std": 4.865458928163983,
    "n": 55
  },
  "RST": {
    "mean": 8.091586331914513,
    "std": 5.869664019498173,
    "n": 19
  },
  "XMM": {
    "mean": 10.08752262698692,
    "std": 3.4944203426957317,
    "n": 56
  },
  "TEST": {
    "mean": 0.0,
    "std": 0.0,
    "n": 45
  },
  "MEX": {
    "mean": 9.596479852114397,
    "std": 4.599740883340531,
    "n": 27
  },
  "BEPI": {
    "mean": 6.2961023683473805,
    "std": 3.365408276344554,
    "n": 9
  },
  "HYB2": {
    "mean": 0.0,
    "std": 0.0,
    "n": 4
  },
  "HCRA": {
    "mean": 0.0,
    "std": 0.0,
    "n": 14
  }
}