{
  "ACE": {
    "mean": 8.502675099631135,
    "std": 4.882110197248858,
    "n": 652
  },
  "DSN": {
    "mean": 0.0,
    "std": 0.0,
    "n": 10201
  },
  "DSS": {
    "mean": 0.0,
    "std": 0.0,
    "n": 1983
  },
  "JWST": {
    "mean": 11.333190454137517,
    "std": 5.966504229092984,
    "n": 1526
  },
  "KPLO": {
    "mean": 8.643127589209303,
    "std": 6.155135552890687,
    "n": 1226
  },
  "LUCY": {
    "mean": 9.022165074082707,
    "std": 3.9648440633412236,
    "n": 847
  },
  "M01O": {
    "mean": 7.937169525679076,
    "std": 4.275122072938814,
    "n": 2431
  },
  "MMS2": {
    "mean": 11.843400265634518,
    "std": 5.706563616953542,
    "n": 303
  },
  "ORX": {
    "mean": 4.410214895362801,
    "std": 6.421042683932753,
    "n": 680
  },
  "SOHO": {
    "mean": 10.412816882021303,
    "std": 4.497610397330804,
    "n": 2061
  },
  "SPP": {
    "mean": 9.011941658868105,
    "std": 4.623998408612996,
    "n": 1174
  },
  "VGR2": {
    "mean": 4.180428477820675,
    "std": 1.8682433727278656,
    "n": 983
  },
  "CAPS": {
    "mean": 9.041464724668586,
    "std": 5.585074295375424,
    "n": 319
  },
  "MRO": {
    "mean": 11.265283781988265,
    "std": 5.7653808859242845,
    "n": 1094
  },
  "STA": {
    "mean": 10.562183273016071,
    "std": 5.263203707795742,
    "n": 755
  },
  "IMAP": {
    "mean": 10.605135088740886,
    "std": 5.533543021819903,
    "n": 416
  },
  "MMS3": {
    "mean": 11.801663102934427,
    "std": 5.756467637217632,
    "n": 297
  },
  "TGO": {
    "mean": 10.383194661222143,
    "std": 5.16496987623233,
    "n": 349
  },
  "TDR8": {
    "mean": 7.014025107082547,
    "std": 2.9972898409743474,
    "n": 136
  },
  "MMS4": {
    "mean": 11.888648225343596,
    "std": 5.707167151630863,
    "n": 278
  },
  "WIND": {
    "mean": 7.825038104614573,
    "std": 4.168917452044283,
    "n": 559
  },
  "ESCB": {
    "mean": 7.792541502939834,
    "std": 3.397349696146697,
    "n": 379
  },
  "THC": {
    "mean": 8.160027626276502,
    "std": 5.586774636142297,
    "n": 158
  },
  "CHDR": {
    "mean": 8.181182792509702,
    "std": 6.873779279632833,
    "n": 684
  },
  "MMS1": {
    "mean": 10.769611551464125,
    "std": 6.33920138292136,
    "n": 327
  },
  "ESCG": {
    "mean": 7.622566835900113,
    "std": 3.6549578881159683,
    "n": 358
  },
  "VGR1": {
    "mean": 4.335346890076668,
    "std": 1.7871446191792995,
    "n": 1127
  },
  "DSSR": {
    "mean": 0.0,
    "std": 0.0,
    "n": 204
  },
  "LRO": {
    "mean": 10.77361129217874,
    "std": 6.463476917892498,
    "n": 675
  },
  "SWFO": {
    "mean": 0.24590032244258211,
    "std": 1.4064623909811713,
    "n": 236
  },
  "GBRA": {
    "mean": 0.0,
    "std": 0.0,
    "n": 541
  },
  "EMM": {
    "mean": 10.100791155394392,
    "std": 4.823005453242149,
    "n": 167
  },
  "TESS": {
    "mean": 9.609397897603882,
    "std": 6.486769392008635,
    "n": 207
  },
  "EURC": {
    "mean": 6.993931788983477,
    "std": 4.689567687981595,
    "n": 405
  },
  "NHPC": {
    "mean": 2.659454203348725,
    "std": 2.8726175896904085,
    "n": 264
  },
  "PSYC": {
    "mean": 9.62462859788582,
    "std": 5.4826134281452275,
    "n": 645
  },
  "JNO": {
    "mean": 8.98632151845319,
    "std": 4.253542213476648,
    "n": 1487
  },
  "MSL": {
    "mean": 0.27554214552571066,
    "std": 1.1661796172817924,
    "n": 189
  },
  "M20": {
    "mean": 0.5095691446575273,
    "std": 1.5420588440976977,
    "n": 193
  },
  "CGO": {
    "mean": 10.317405840078965,
    "std": 5.576596008098267,
    "n": 248
  },
  "BIOS": {
    "mean": 7.111815900254474,
    "std": 3.6669300959237847,
    "n": 81
  },
  "SGP": {
    "mean": 0.0,
    "std": 0.0,
    "n": 111
  },
  "DSCO": {
    "mean": 4.841729469517685,
    "std": 4.950545965703306,
    "n": 45
  },
  "THB": {
    "mean": 8.127425734448254,
    "std": 5.624767373043861,
    "n": 131
  },
  "MMX": {
    "mean": 6.447047574555721,
    "std": 4.86009682234796,
    "n": 75
  },
  "RST": {
    "mean": 6.771292771997224,
    "std": 5.938614102744261,
    "n": 42
  },
  "XMM": {
    "mean": 10.49102250883873,
    "std": 2.909686122370264,
    "n": 126
  },
  "TEST": {
    "mean": 0.0,
    "std": 0.0,
    "n": 194
  },
  "MEX": {
    "mean": 9.495547254342087,
    "std": 4.561461788079343,
    "n": 59
  },
  "BEPI": {
    "mean": 2.420109767318459,
    "std": 3.567173330124926,
    "n": 28
  },
  "HYB2": {
    "mean": 4.1767749285408255,
    "std": 3.2512601559797702,
    "n": 463
  },
  "HCRA": {
    "mean": 0.0,
    "std": 0.0,
    "n": 48
  },
  "EGS": {
    "mean": 0.0,
    "std": 0.0,
    "n": 16
  }
}