{
  "ACE": {
    "mean": 8.419761252511202,
    "std": 4.923661807687261,
    "n": 603
  },
  "DSN": {
    "mean": 0.0,
    "std": 0.0,
    "n": 9102
  },
  "DSS": {
    "mean": 0.0,
    "std": 0.0,
    "n": 1804
  },
  "JWST": {
    "mean": 11.407450485716538,
    "std": 6.011338600679159,
    "n": 1391
  },
  "KPLO": {
    "mean": 8.596736730075364,
    "std": 6.192778521104371,
    "n": 1153
  },
  "LUCY": {
    "mean": 9.063116659874296,
    "std": 3.98791407199501,
    "n": 794
  },
  "M01O": {
    "mean": 7.928496670267637,
    "std": 4.287268449419729,
    "n": 2303
  },
  "MMS2": {
    "mean": 11.939574355109183,
    "std": 5.633965302325502,
    "n": 275
  },
  "ORX": {
    "mean": 4.207322476368033,
    "std": 6.341601996367255,
    "n": 615
  },
  "SOHO": {
    "mean": 10.443516988287831,
    "std": 4.463237663498331,
    "n": 1904
  },
  "SPP": {
    "mean": 9.246341819153674,
    "std": 4.599894038953789,
    "n": 1113
  },
  "VGR2": {
    "mean": 4.164223353244898,
    "std": 1.8894711047902697,
    "n": 926
  },
  "CAPS": {
    "mean": 9.069365106413525,
    "std": 5.570994161691981,
    "n": 307
  },
  "MRO": {
    "mean": 11.209570655735986,
    "std": 5.795219025694918,
    "n": 967
  },
  "STA": {
    "mean": 10.554723397052276,
    "std": 5.271891013728998,
    "n": 687
  },
  "IMAP": {
    "mean": 10.537767592960973,
    "std": 5.57966150478346,
    "n": 370
  },
  "MMS3": {
    "mean": 11.756638038333083,
    "std": 5.788693817056522,
    "n": 272
  },
  "TGO": {
    "mean": 10.348459683744117,
    "std": 5.1954037340970025,
    "n": 324
  },
  "TDR8": {
    "mean": 6.839711603308979,
    "std": 3.15492915596383,
    "n": 114
  },
  "MMS4": {
    "mean": 11.937809278426482,
    "std": 5.6597150099922215,
    "n": 251
  },
  "WIND": {
    "mean": 7.8211534188168494,
    "std": 4.189677344393055,
    "n": 516
  },
  "ESCB": {
    "mean": 7.759077491451824,
    "std": 3.4093648330803945,
    "n": 348
  },
  "THC": {
    "mean": 8.104053890379554,
    "std": 5.622679116121541,
    "n": 149
  },
  "CHDR": {
    "mean": 8.224650781719246,
    "std": 6.868741255066815,
    "n": 628
  },
  "MMS1": {
    "mean": 10.840764869220255,
    "std": 6.292733968742184,
    "n": 306
  },
  "ESCG": {
    "mean": 7.675900459697984,
    "std": 3.6155917272302367,
    "n": 352
  },
  "VGR1": {
    "mean": 4.434755120670736,
    "std": 1.6831770389919798,
    "n": 1013
  },
  "DSSR": {
    "mean": 0.0,
    "std": 0.0,
    "n": 196
  },
  "LRO": {
    "mean": 10.82289980152456,
    "std": 6.432643932536658,
    "n": 635
  },
  "SWFO": {
    "mean": 0.2556496744336977,
    "std": 1.4332035292553924,
    "n": 227
  },
  "GBRA": {
    "mean": 0.0,
    "std": 0.0,
    "n": 539
  },
  "EMM": {
    "mean": 10.210121533965474,
    "std": 4.733528122869451,
    "n": 147
  },
  "TESS": {
    "mean": 9.9095928160731,
    "std": 6.5622919675658515,
    "n": 189
  },
  "EURC": {
    "mean": 7.119821393251179,
    "std": 5.046342242185888,
    "n": 317
  },
  "NHPC": {
    "mean": 3.0213030549211624,
    "std": 2.6135987904758387,
    "n": 151
  },
  "PSYC": {
    "mean": 9.559087822212327,
    "std": 5.519449657161713,
    "n": 624
  },
  "JNO": {
    "mean": 8.997163401010123,
    "std": 4.35825108496468,
    "n": 1303
  },
  "MSL": {
    "mean": 0.29093556147686767,
    "std": 1.1964416655374999,
    "n": 179
  },
  "M20": {
    "mean": 0.41647181756341145,
    "std": 1.4079317143529417,
    "n": 174
  },
  "CGO": {
    "mean": 10.391469900248538,
    "std": 5.539003115509523,
    "n": 234
  },
  "BIOS": {
    "mean": 6.976562835742111,
    "std": 3.7645650646294055,
    "n": 71
  },
  "SGP": {
    "mean": 0.0,
    "std": 0.0,
    "n": 34
  },
  "DSCO": {
    "mean": 4.951768775643087,
    "std": 4.951768775643087,
    "n": 44
  },
  "THB": {
    "mean": 8.141870177392011,
    "std": 5.5904266470201875,
    "n": 126
  },
  "MMX": {
    "mean": 6.447047574555721,
    "std": 4.86009682234796,
    "n": 75
  },
  "RST": {
    "mean": 6.771292771997224,
    "std": 5.938614102744261,
    "n": 42
  },
  "XMM": {
    "mean": 10.478006574044688,
    "std": 2.9312374535648464,
    "n": 124
  },
  "TEST": {
    "mean": 0.0,
    "std": 0.0,
    "n": 187
  },
  "MEX": {
    "mean": 9.665860102911063,
    "std": 4.455399724792833,
    "n": 46
  },
  "BEPI": {
    "mean": 2.420109767318459,
    "std": 3.567173330124926,
    "n": 28
  },
  "HYB2": {
    "mean": 3.191712894052137,
    "std": 2.5296922341700423,
    "n": 231
  },
  "HCRA": {
    "mean": 0.0,
    "std": 0.0,
    "n": 48
  },
  "EGS": {
    "mean": 0.0,
    "std": 0.0,
    "n": 16
  }
}