{
  "ACE": {
    "mean": 8.472924812089742,
    "std": 4.919562690051551,
    "n": 365
  },
  "DSN": {
    "mean": 0.0,
    "std": 0.0,
    "n": 6065
  },
  "DSS": {
    "mean": 0.0,
    "std": 0.0,
    "n": 1382
  },
  "JWST": {
    "mean": 11.220675748990281,
    "std": 6.059300302320942,
    "n": 776
  },
  "KPLO": {
    "mean": 8.451238537843183,
    "std": 6.5775190588162085,
    "n": 624
  },
  "LUCY": {
    "mean": 9.063725625795975,
    "std": 4.1450414461484355,
    "n": 619
  },
  "M01O": {
    "mean": 7.939807994022423,
    "std": 4.287387922756696,
    "n": 1304
  },
  "MMS2": {
    "mean": 12.031065784225495,
    "std": 5.532080212750666,
    "n": 155
  },
  "ORX": {
    "mean": 3.7324397245256566,
    "std": 6.108919983698192,
    "n": 309
  },
  "SOHO": {
    "mean": 10.327709732700011,
    "std": 4.616297013638765,
    "n": 998
  },
  "SPP": {
    "mean": 8.614297460883142,
    "std": 4.3624040840138605,
    "n": 622
  },
  "VGR2": {
    "mean": 4.222466421242223,
    "std": 1.8395459397334077,
    "n": 538
  },
  "CAPS": {
    "mean": 8.774384381096755,
    "std": 5.708985335419593,
    "n": 175
  },
  "MRO": {
    "mean": 11.119336227820396,
    "std": 5.89980190001959,
    "n": 599
  },
  "STA": {
    "mean": 10.546658595190227,
    "std": 5.277467915872641,
    "n": 420
  },
  "IMAP": {
    "mean": 10.456649710146218,
    "std": 5.629170866268695,
    "n": 227
  },
  "MMS3": {
    "mean": 11.769779136267168,
    "std": 5.7490438839018125,
    "n": 156
  },
  "TGO": {
    "mean": 10.005168010106598,
    "std": 5.38954032950223,
    "n": 165
  },
  "TDR8": {
    "mean": 6.839711603308979,
    "std": 3.15492915596383,
    "n": 114
  },
  "MMS4": {
    "mean": 12.02507457564618,
    "std": 5.596117912826958,
    "n": 135
  },
  "WIND": {
    "mean": 7.832047297961787,
    "std": 4.273079037714596,
    "n": 312
  },
  "ESCB": {
    "mean": 8.15365141516812,
    "std": 3.224113666488309,
    "n": 163
  },
  "THC": {
    "mean": 8.657951241895903,
    "std": 5.364707197847902,
    "n": 102
  },
  "CHDR": {
    "mean": 8.138224448293768,
    "std": 6.894236000398088,
    "n": 371
  },
  "MMS1": {
    "mean": 10.456924380781686,
    "std": 6.480648645719383,
    "n": 166
  },
  "ESCG": {
    "mean": 7.660754932909355,
    "std": 3.53001867157819,
    "n": 221
  },
  "VGR1": {
    "mean": 4.3977023959477695,
    "std": 1.733902562958311,
    "n": 498
  },
  "DSSR": {
    "mean": 0.0,
    "std": 0.0,
    "n": 93
  },
  "LRO": {
    "mean": 9.972115201094036,
    "std": 6.759130043408401,
    "n": 288
  },
  "SWFO": {
    "mean": 0.3092826632741406,
    "std": 1.5709625433118766,
    "n": 134
  },
  "GBRA": {
    "mean": 0.0,
    "std": 0.0,
    "n": 359
  },
  "EMM": {
    "mean": 9.65338108041038,
    "std": 5.16102958055611,
    "n": 81
  },
  "TESS": {
    "mean": 9.072122203581252,
    "std": 6.056774043994458,
    "n": 101
  },
  "EURC": {
    "mean": 6.276960100688455,
    "std": 5.283900676000145,
    "n": 187
  },
  "NHPC": {
    "mean": 0.0,
    "std": 0.0,
    "n": 23
  },
  "PSYC": {
    "mean": 9.498360953861162,
    "std": 5.5554659135633875,
    "n": 463
  },
  "JNO": {
    "mean": 8.92955450482563,
    "std": 4.5486735622762176,
    "n": 821
  },
  "MSL": {
    "mean": 0.174289094359299,
    "std": 0.9448366877996783,
    "n": 91
  },
  "M20": {
    "mean": 0.40258942364463124,
    "std": 1.3862845644039656,
    "n": 90
  },
  "CGO": {
    "mean": 10.235888272113892,
    "std": 5.607585870505063,
    "n": 159
  },
  "BIOS": {
    "mean": 6.8571774360934326,
    "std": 3.8466699106995494,
    "n": 46
  },
  "SGP": {
    "mean": 0.0,
    "std": 0.0,
    "n": 34
  },
  "DSCO": {
    "mean": 4.539121377672829,
    "std": 4.934545179890666,
    "n": 24
  },
  "THB": {
    "mean": 8.339431705441138,
    "std": 5.668333287634757,
    "n": 64
  },
  "MMX": {
    "mean": 6.255844173683396,
    "std": 4.862816903973702,
    "n": 69
  },
  "RST": {
    "mean": 7.504568018465512,
    "std": 6.107700359240118,
    "n": 29
  },
  "XMM": {
    "mean": 10.234682889023595,
    "std": 3.2989370008355765,
    "n": 85
  },
  "TEST": {
    "mean": 0.0,
    "std": 0.0,
    "n": 74
  },
  "MEX": {
    "mean": 9.093698746870189,
    "std": 4.880448830985071,
    "n": 36
  },
  "BEPI": {
    "mean": 3.777661421008428,
    "std": 4.038489931613466,
    "n": 15
  },
  "HYB2": {
    "mean": 0.0,
    "std": 0.0,
    "n": 12
  },
  "HCRA": {
    "mean": 0.0,
    "std": 0.0,
    "n": 30
  }
}