{
  "ACE": {
    "mean": 8.466147619997287,
    "std": 4.93956349180886,
    "n": 115
  },
  "DSN": {
    "mean": 0.0,
    "std": 0.0,
    "n": 2075
  },
  "DSS": {
    "mean": 0.0,
    "std": 0.0,
    "n": 641
  },
  "JWST": {
    "mean": 11.84765822185395,
    "std": 6.186303512709431,
    "n": 201
  },
  "KPLO": {
    "mean": 7.543499343159636,
    "std": 7.003041007347654,
    "n": 178
  },
  "LUCY": {
    "mean": 10.105054594309529,
    "std": 3.0891495755380443,
    "n": 199
  },
  "M01O": {
    "mean": 8.347197288246583,
    "std": 4.005865559723085,
    "n": 328
  },
  "MMS2": {
    "mean": 11.242772156445088,
    "std": 6.162135723365592,
    "n": 39
  },
  "ORX": {
    "mean": 3.9943089405486267,
    "std": 6.2454274147003135,
    "n": 62
  },
  "SOHO": {
    "mean": 10.028760479758152,
    "std": 4.889143252273477,
    "n": 276
  },
  "SPP": {
    "mean": 10.271417513148219,
    "std": 3.7479934354440063,
    "n": 230
  },
  "VGR2": {
    "mean": 4.454133119263659,
    "std": 1.6159926198719528,
    "n": 167
  },
  "CAPS": {
    "mean": 7.706913902369454,
    "std": 6.034066570138446,
    "n": 50
  },
  "MRO": {
    "mean": 11.558030530660886,
    "std": 5.59685863454026,
    "n": 180
  },
  "STA": {
    "mean": 9.72291065287688,
    "std": 5.807278249889619,
    "n": 118
  },
  "IMAP": {
    "mean": 10.378530274177493,
    "std": 5.685232818903578,
    "n": 78
  },
  "MMS3": {
    "mean": 11.047665632476345,
    "std": 6.021022790332914,
    "n": 35
  },
  "TGO": {
    "mean": 11.037517917288396,
    "std": 4.656207354483694,
    "n": 40
  },
  "TDR8": {
    "mean": 6.839711603308979,
    "std": 3.15492915596383,
    "n": 114
  },
  "MMS4": {
    "mean": 11.155751939430692,
    "std": 6.160142388602601,
    "n": 30
  },
  "WIND": {
    "mean": 8.226817412213556,
    "std": 4.092084645886637,
    "n": 91
  },
  "ESCB": {
    "mean": 7.302198972940727,
    "std": 3.5078629207632055,
    "n": 32
  },
  "THC": {
    "mean": 8.25848660620961,
    "std": 5.634585971024204,
    "n": 35
  },
  "CHDR": {
    "mean": 7.821125766387866,
    "std": 6.944796528004453,
    "n": 93
  },
  "MMS1": {
    "mean": 10.506764462717973,
    "std": 6.477038575029906,
    "n": 40
  },
  "ESCG": {
    "mean": 8.2751689574037,
    "std": 3.1563189004763585,
    "n": 106
  },
  "VGR1": {
    "mean": 4.599547054511787,
    "std": 1.4887328078199664,
    "n": 116
  },
  "DSSR": {
    "mean": 0.0,
    "std": 0.0,
    "n": 42
  },
  "LRO": {
    "mean": 10.928639234985097,
    "std": 7.118220187806351,
    "n": 36
  },
  "SWFO": {
    "mean": 0.0,
    "std": 0.0,
    "n": 38
  },
  "GBRA": {
    "mean": 0.0,
    "std": 0.0,
    "n": 134
  },
  "EMM": {
    "mean": 11.23413222141711,
    "std": 3.6132761917819316,
    "n": 32
  },
  "TESS": {
    "mean": 8.235859139506315,
    "std": 5.562837778366037,
    "n": 24
  },
  "EURC": {
    "mean": 4.998193268178308,
    "std": 5.710636596390151,
    "n": 62
  },
  "NHPC": {
    "mean": 0.0,
    "std": 0.0,
    "n": 10
  },
  "PSYC": {
    "mean": 8.36324200163258,
    "std": 6.0675177048703555,
    "n": 87
  },
  "JNO": {
    "mean": 9.914593202344873,
    "std": 3.8333632510388256,
    "n": 158
  },
  "MSL": {
    "mean": 0.0,
    "std": 0.0,
    "n": 24
  },
  "M20": {
    "mean": 0.1669725720185106,
    "std": 0.9145464417919417,
    "n": 31
  },
  "CGO": {
    "mean": 8.935647562683684,
    "std": 6.066983483415078,
    "n": 34
  },
  "BIOS": {
    "mean": 6.550797025493,
    "std": 3.951755066279293,
    "n": 15
  },
  "SGP": {
    "mean": 0.0,
    "std": 0.0,
    "n": 34
  },
  "DSCO": {
    "mean": 3.961415020514468,
    "std": 4.851722729828701,
    "n": 5
  },
  "THB": {
    "mean": 8.35238711093034,
    "std": 5.4862388473299895,
    "n": 20
  },
  "MMX": {
    "mean": 4.050844072739909,
    "std": 4.930773778386302,
    "n": 34
  }
}