{
  "ACE": {
    "mean": 8.359634865710575,
    "std": 4.93822809108716,
    "n": 478
  },
  "DSN": {
    "mean": 0.0,
    "std": 0.0,
    "n": 7406
  },
  "DSS": {
    "mean": 0.0,
    "std": 0.0,
    "n": 1544
  },
  "JWST": {
    "mean": 11.256061258155793,
    "std": 6.029719128201375,
    "n": 1052
  },
  "KPLO": {
    "mean": 8.69089195494534,
    "std": 6.315967762338147,
    "n": 848
  },
  "LUCY": {
    "mean": 9.120890154989942,
    "std": 4.061340083257968,
    "n": 702
  },
  "M01O": {
    "mean": 7.707161316042667,
    "std": 4.421167458316302,
    "n": 1748
  },
  "MMS2": {
    "mean": 12.225506390217891,
    "std": 5.394467602886674,
    "n": 209
  },
  "ORX": {
    "mean": 3.6850915973666085,
    "std": 6.08414068879423,
    "n": 421
  },
  "SOHO": {
    "mean": 10.376483732307735,
    "std": 4.503409823133993,
    "n": 1445
  },
  "SPP": {
    "mean": 8.651988959177997,
    "std": 4.456958373437672,
    "n": 808
  },
  "VGR2": {
    "mean": 4.317315694664292,
    "std": 1.735440926258739,
    "n": 703
  },
  "CAPS": {
    "mean": 9.07339679650725,
    "std": 5.576456742435356,
    "n": 241
  },
  "MRO": {
    "mean": 11.232629128322094,
    "std": 5.809615541905831,
    "n": 762
  },
  "STA": {
    "mean": 10.503682339485072,
    "std": 5.304001512909061,
    "n": 542
  },
  "IMAP": {
    "mean": 10.85455000486775,
    "std": 5.349160159468968,
    "n": 302
  },
  "MMS3": {
    "mean": 11.876580762052102,
    "std": 5.693764017500735,
    "n": 209
  },
  "TGO": {
    "mean": 10.276026334631746,
    "std": 5.230741961490494,
    "n": 239
  },
  "TDR8": {
    "mean": 6.839711603308979,
    "std": 3.15492915596383,
    "n": 114
  },
  "MMS4": {
    "mean": 12.068147632674918,
    "std": 5.572576365346745,
    "n": 188
  },
  "WIND": {
    "mean": 7.890680834138373,
    "std": 4.241949549841522,
    "n": 409
  },
  "ESCB": {
    "mean": 8.015660130859475,
    "std": 3.2505264061796355,
    "n": 228
  },
  "THC": {
    "mean": 8.386897950630757,
    "std": 5.493180832996186,
    "n": 121
  },
  "CHDR": {
    "mean": 8.111024755412087,
    "std": 6.891799709932615,
    "n": 489
  },
  "MMS1": {
    "mean": 10.512228097312594,
    "std": 6.475141237233419,
    "n": 233
  },
  "ESCG": {
    "mean": 7.645623838520113,
    "std": 3.503411285300445,
    "n": 252
  },
  "VGR1": {
    "mean": 4.442349911597267,
    "std": 1.6787056659547017,
    "n": 738
  },
  "DSSR": {
    "mean": 0.0,
    "std": 0.0,
    "n": 136
  },
  "LRO": {
    "mean": 10.810388788235471,
    "std": 6.566111516658004,
    "n": 473
  },
  "SWFO": {
    "mean": 0.23414619705499895,
    "std": 1.3733041320642185,
    "n": 177
  },
  "GBRA": {
    "mean": 0.0,
    "std": 0.0,
    "n": 449
  },
  "EMM": {
    "mean": 10.13144447825627,
    "std": 4.801103382804775,
    "n": 120
  },
  "TESS": {
    "mean": 9.675755646321923,
    "std": 6.630698832940818,
    "n": 144
  },
  "EURC": {
    "mean": 6.940257735265395,
    "std": 5.185708540024445,
    "n": 250
  },
  "NHPC": {
    "mean": 0.0,
    "std": 0.0,
    "n": 33
  },
  "PSYC": {
    "mean": 9.44975234690415,
    "std": 5.578673420891023,
    "n": 565
  },
  "JNO": {
    "mean": 8.898422240858785,
    "std": 4.432165381557972,
    "n": 1121
  },
  "MSL": {
    "mean": 0.22253875383784164,
    "std": 1.0561693880556897,
    "n": 141
  },
  "M20": {
    "mean": 0.3664530784123065,
    "std": 1.3276024047684076,
    "n": 113
  },
  "CGO": {
    "mean": 10.281880530042814,
    "std": 5.634132332577208,
    "n": 190
  },
  "BIOS": {
    "mean": 6.7976950498830995,
    "std": 3.8807752958741553,
    "n": 57
  },
  "SGP": {
    "mean": 0.0,
    "std": 0.0,
    "n": 34
  },
  "DSCO": {
    "mean": 4.951768775643087,
    "std": 4.951768775643086,
    "n": 34
  },
  "THB": {
    "mean": 8.179319914756942,
    "std": 5.596682469017773,
    "n": 95
  },
  "MMX": {
    "mean": 6.3833415820869694,
    "std": 4.865709226505287,
    "n": 71
  },
  "RST": {
    "mean": 6.636855475185483,
    "std": 5.910642800722992,
    "n": 39
  },
  "XMM": {
    "mean": 10.403132049426544,
    "std": 3.0511786047110028,
    "n": 101
  },
  "TEST": {
    "mean": 0.0,
    "std": 0.0,
    "n": 110
  },
  "MEX": {
    "mean": 9.381623269263608,
    "std": 4.712619259557808,
    "n": 40
  },
  "BEPI": {
    "mean": 2.2665968526050566,
    "std": 3.6346409384521188,
    "n": 25
  },
  "HYB2": {
    "mean": 0.0,
    "std": 0.0,
    "n": 16
  },
  "HCRA": {
    "mean": 0.0,
    "std": 0.0,
    "n": 33
  },
  "EGS": {
    "mean": 0.0,
    "std": 0.0,
    "n": 16
  }
}