{
  "ACE": {
    "mean": 8.390139641847291,
    "std": 4.950856744492883,
    "n": 55
  },
  "DSN": {
    "mean": 0.0,
    "std": 0.0,
    "n": 892
  },
  "DSS": {
    "mean": 0.0,
    "std": 0.0,
    "n": 361
  },
  "JWST": {
    "mean": 11.416061560401747,
    "std": 6.037426530235009,
    "n": 103
  },
  "KPLO": {
    "mean": 5.9484204650516475,
    "std": 6.244480491164054,
    "n": 64
  },
  "LUCY": {
    "mean": 9.844355471753198,
    "std": 3.4378379294800694,
    "n": 92
  },
  "M01O": {
    "mean": 8.089957302066537,
    "std": 3.9157621012637036,
    "n": 145
  },
  "MMS2": {
    "mean": 10.570925466295328,
    "std": 6.381437858907023,
    "n": 15
  },
  "ORX": {
    "mean": 3.4532979652402034,
    "std": 5.982186077945595,
    "n": 28
  },
  "SOHO": {
    "mean": 10.021764832188829,
    "std": 4.894604808427329,
    "n": 135
  },
  "SPP": {
    "mean": 9.28728219340803,
    "std": 3.9391960770064984,
    "n": 95
  },
  "VGR2": {
    "mean": 4.380513862791356,
    "std": 1.752205546365809,
    "n": 87
  },
  "CAPS": {
    "mean": 7.299997334654112,
    "std": 6.133224528704222,
    "n": 29
  },
  "MRO": {
    "mean": 11.635527339043376,
    "std": 5.5376902761643585,
    "n": 109
  },
  "STA": {
    "mean": 8.536458515061486,
    "std": 6.3078494410736,
    "n": 51
  },
  "IMAP": {
    "mean": 10.728231206601006,
    "std": 5.4324510410501725,
    "n": 49
  },
  "MMS3": {
    "mean": 9.590152199705503,
    "std": 6.787163252542135,
    "n": 18
  },
  "TGO": {
    "mean": 11.143505119746925,
    "std": 4.851777214035277,
    "n": 19
  },
  "TDR8": {
    "mean": 6.839711603308979,
    "std": 3.15492915596383,
    "n": 114
  },
  "MMS4": {
    "mean": 10.933326803952065,
    "std": 6.317290495803746,
    "n": 12
  },
  "WIND": {
    "mean": 7.876833587966607,
    "std": 3.9914803462217496,
    "n": 52
  },
  "ESCB": {
    "mean": 7.302198972940727,
    "std": 3.5078629207632055,
    "n": 32
  },
  "THC": {
    "mean": 9.080361151252493,
    "std": 6.006514288439821,
    "n": 10
  },
  "CHDR": {
    "mean": 7.770990344808451,
    "std": 6.950585065394487,
    "n": 45
  },
  "MMS1": {
    "mean": 9.636361985076183,
    "std": 6.819575393469512,
    "n": 15
  },
  "ESCG": {
    "mean": 8.014579826210472,
    "std": 2.7621924481972626,
    "n": 63
  },
  "VGR1": {
    "mean": 4.602026594702905,
    "std": 1.4852976966739997,
    "n": 53
  },
  "DSSR": {
    "mean": 0.0,
    "std": 0.0,
    "n": 42
  },
  "LRO": {
    "mean": 10.668397318586155,
    "std": 7.406961212327078,
    "n": 13
  },
  "SWFO": {
    "mean": 0.0,
    "std": 0.0,
    "n": 15
  },
  "GBRA": {
    "mean": 0.0,
    "std": 0.0,
    "n": 35
  },
  "EMM": {
    "mean": 10.779377243938455,
    "std": 4.174834854826083,
    "n": 23
  },
  "TESS": {
    "mean": 4.148745642543803,
    "std": 4.7905588270439035,
    "n": 7
  },
  "EURC": {
    "mean": 5.110191165187956,
    "std": 5.777128030401957,
    "n": 32
  },
  "NHPC": {
    "mean": 0.0,
    "std": 0.0,
    "n": 5
  },
  "PSYC": {
    "mean": 10.196148571449958,
    "std": 5.098481365803025,
    "n": 40
  },
  "JNO": {
    "mean": 10.04095295470704,
    "std": 3.6523635466813618,
    "n": 89
  },
  "MSL": {
    "mean": 0.0,
    "std": 0.0,
    "n": 5
  },
  "M20": {
    "mean": 0.0,
    "std": 0.0,
    "n": 22
  },
  "CGO": {
    "mean": 8.043201089507736,
    "std": 6.194512694083141,
    "n": 23
  },
  "BIOS": {
    "mean": 6.481374500800612,
    "std": 3.97086966242705,
    "n": 11
  },
  "SGP": {
    "mean": 0.0,
    "std": 0.0,
    "n": 34
  },
  "DSCO": {
    "mean": 3.961415020514468,
    "std": 4.851722729828701,
    "n": 5
  },
  "THB": {
    "mean": 6.931197549030571,
    "std": 6.931197549030571,
    "n": 2
  },
  "MMX": {
    "mean": 0.0,
    "std": 0.0,
    "n": 13
  }
}