{
  "ACE": {
    "mean": 8.430235167998076,
    "std": 4.91529939486068,
    "n": 582
  },
  "DSN": {
    "mean": 0.0,
    "std": 0.0,
    "n": 8926
  },
  "DSS": {
    "mean": 0.0,
    "std": 0.0,
    "n": 1749
  },
  "JWST": {
    "mean": 11.364831777896567,
    "std": 6.034948597143667,
    "n": 1341
  },
  "KPLO": {
    "mean": 8.688256414434703,
    "std": 6.222096392730517,
    "n": 1117
  },
  "LUCY": {
    "mean": 9.089254569003707,
    "std": 3.975457999534912,
    "n": 783
  },
  "M01O": {
    "mean": 7.914749815569908,
    "std": 4.305732488174343,
    "n": 2237
  },
  "MMS2": {
    "mean": 11.950621991311088,
    "std": 5.6261517692055545,
    "n": 265
  },
  "ORX": {
    "mean": 4.168273050178748,
    "std": 6.32538900874269,
    "n": 601
  },
  "SOHO": {
    "mean": 10.424419696392489,
    "std": 4.478885903631356,
    "n": 1842
  },
  "SPP": {
    "mean": 9.143247250917296,
    "std": 4.57231670461532,
    "n": 1048
  },
  "VGR2": {
    "mean": 4.1541703228398585,
    "std": 1.8965386918840386,
    "n": 905
  },
  "CAPS": {
    "mean": 9.095144558214242,
    "std": 5.557519592906378,
    "n": 302
  },
  "MRO": {
    "mean": 11.209877722437996,
    "std": 5.80496661516699,
    "n": 936
  },
  "STA": {
    "mean": 10.554123822569034,
    "std": 5.271129440696742,
    "n": 667
  },
  "IMAP": {
    "mean": 10.58447157676793,
    "std": 5.547855858937284,
    "n": 362
  },
  "MMS3": {
    "mean": 11.676059701760416,
    "std": 5.843235610482028,
    "n": 260
  },
  "TGO": {
    "mean": 10.323797683584125,
    "std": 5.214141972880261,
    "n": 316
  },
  "TDR8": {
    "mean": 6.839711603308979,
    "std": 3.15492915596383,
    "n": 114
  },
  "MMS4": {
    "mean": 11.932343947822103,
    "std": 5.6647741231888755,
    "n": 245
  },
  "WIND": {
    "mean": 7.871475219959654,
    "std": 4.1970379669555475,
    "n": 496
  },
  "ESCB": {
    "mean": 7.780197176074859,
    "std": 3.368253961175626,
    "n": 337
  },
  "THC": {
    "mean": 8.072562589090852,
    "std": 5.654674649583062,
    "n": 144
  },
  "CHDR": {
    "mean": 8.260968274317694,
    "std": 6.861661265895836,
    "n": 610
  },
  "MMS1": {
    "mean": 10.771799577143788,
    "std": 6.339046440780587,
    "n": 292
  },
  "ESCG": {
    "mean": 7.659952327522551,
    "std": 3.6429004617158554,
    "n": 341
  },
  "VGR1": {
    "mean": 4.422678240612826,
    "std": 1.696314934919258,
    "n": 979
  },
  "DSSR": {
    "mean": 0.0,
    "std": 0.0,
    "n": 194
  },
  "LRO": {
    "mean": 10.865212514932164,
    "std": 6.445079842569219,
    "n": 620
  },
  "SWFO": {
    "mean": 0.2614075499840062,
    "std": 1.4487339628228424,
    "n": 222
  },
  "GBRA": {
    "mean": 0.0,
    "std": 0.0,
    "n": 521
  },
  "EMM": {
    "mean": 10.210121533965474,
    "std": 4.733528122869451,
    "n": 147
  },
  "TESS": {
    "mean": 9.965405593021938,
    "std": 6.574692447136841,
    "n": 186
  },
  "EURC": {
    "mean": 7.074369393519517,
    "std": 5.019332454515391,
    "n": 310
  },
  "NHPC": {
    "mean": 2.041524847760708,
    "std": 1.9644582006865905,
    "n": 104
  },
  "PSYC": {
    "mean": 9.537529994357648,
    "std": 5.531002643262781,
    "n": 612
  },
  "JNO": {
    "mean": 9.009378268772863,
    "std": 4.35662735334198,
    "n": 1285
  },
  "MSL": {
    "mean": 0.3063380323785842,
    "std": 1.2257806259927162,
    "n": 170
  },
  "M20": {
    "mean": 0.4365427485303229,
    "std": 1.4384161636215933,
    "n": 166
  },
  "CGO": {
    "mean": 10.386611947069436,
    "std": 5.5407632509664095,
    "n": 224
  },
  "BIOS": {
    "mean": 6.976562835742111,
    "std": 3.7645650646294055,
    "n": 71
  },
  "SGP": {
    "mean": 0.0,
    "std": 0.0,
    "n": 34
  },
  "DSCO": {
    "mean": 4.951768775643087,
    "std": 4.951768775643087,
    "n": 44
  },
  "THB": {
    "mean": 8.037090229050206,
    "std": 5.645209151579077,
    "n": 116
  },
  "MMX": {
    "mean": 6.447047574555721,
    "std": 4.86009682234796,
    "n": 75
  },
  "RST": {
    "mean": 6.771292771997224,
    "std": 5.938614102744261,
    "n": 42
  },
  "XMM": {
    "mean": 10.478006574044688,
    "std": 2.9312374535648464,
    "n": 124
  },
  "TEST": {
    "mean": 0.0,
    "std": 0.0,
    "n": 164
  },
  "MEX": {
    "mean": 9.665860102911063,
    "std": 4.455399724792833,
    "n": 46
  },
  "BEPI": {
    "mean": 2.420109767318459,
    "std": 3.567173330124926,
    "n": 28
  },
  "HYB2": {
    "mean": 2.454440987675981,
    "std": 2.1017001074656583,
    "n": 144
  },
  "HCRA": {
    "mean": 0.0,
    "std": 0.0,
    "n": 46
  },
  "EGS": {
    "mean": 0.0,
    "std": 0.0,
    "n": 16
  }
}