{
  "ACE": {
    "mean": 8.358147913315959,
    "std": 4.938286140656192,
    "n": 474
  },
  "DSN": {
    "mean": 0.0,
    "std": 0.0,
    "n": 7346
  },
  "DSS": {
    "mean": 0.0,
    "std": 0.0,
    "n": 1535
  },
  "JWST": {
    "mean": 11.272099206715232,
    "std": 6.041331964377091,
    "n": 1039
  },
  "KPLO": {
    "mean": 8.692383555403683,
    "std": 6.325574741049733,
    "n": 839
  },
  "LUCY": {
    "mean": 9.132801930359506,
    "std": 4.052375803934068,
    "n": 700
  },
  "M01O": {
    "mean": 7.722345109746922,
    "std": 4.414135278766408,
    "n": 1737
  },
  "MMS2": {
    "mean": 12.24846551456597,
    "std": 5.3708985737806705,
    "n": 205
  },
  "ORX": {
    "mean": 3.7564735169281893,
    "std": 6.120919494222854,
    "n": 413
  },
  "SOHO": {
    "mean": 10.365331927989129,
    "std": 4.512399391967923,
    "n": 1425
  },
  "SPP": {
    "mean": 8.651988959177997,
    "std": 4.456958373437672,
    "n": 808
  },
  "VGR2": {
    "mean": 4.321081874193897,
    "std": 1.7330839379968839,
    "n": 698
  },
  "CAPS": {
    "mean": 9.07339679650725,
    "std": 5.576456742435356,
    "n": 241
  },
  "MRO": {
    "mean": 11.21674421973945,
    "std": 5.819516069157437,
    "n": 744
  },
  "STA": {
    "mean": 10.512099837182094,
    "std": 5.296341050643002,
    "n": 539
  },
  "IMAP": {
    "mean": 10.85455000486775,
    "std": 5.349160159468968,
    "n": 302
  },
  "MMS3": {
    "mean": 11.866186174805822,
    "std": 5.705455906534702,
    "n": 208
  },
  "TGO": {
    "mean": 10.261154547979089,
    "std": 5.236674764679098,
    "n": 238
  },
  "TDR8": {
    "mean": 6.839711603308979,
    "std": 3.15492915596383,
    "n": 114
  },
  "MMS4": {
    "mean": 12.039506191200042,
    "std": 5.595570201515645,
    "n": 186
  },
  "WIND": {
    "mean": 7.891639187623997,
    "std": 4.2381580562424945,
    "n": 405
  },
  "ESCB": {
    "mean": 8.015660130859475,
    "std": 3.2505264061796355,
    "n": 228
  },
  "THC": {
    "mean": 8.386897950630757,
    "std": 5.493180832996186,
    "n": 121
  },
  "CHDR": {
    "mean": 8.112738537165743,
    "std": 6.891342962094201,
    "n": 482
  },
  "MMS1": {
    "mean": 10.502854766831087,
    "std": 6.476411794478677,
    "n": 229
  },
  "ESCG": {
    "mean": 7.680655503031912,
    "std": 3.479859178734542,
    "n": 245
  },
  "VGR1": {
    "mean": 4.437011019356334,
    "std": 1.684614615228197,
    "n": 724
  },
  "DSSR": {
    "mean": 0.0,
    "std": 0.0,
    "n": 127
  },
  "LRO": {
    "mean": 10.78094750628966,
    "std": 6.606114966599272,
    "n": 458
  },
  "SWFO": {
    "mean": 0.23682215359277037,
    "std": 1.3808998480604076,
    "n": 175
  },
  "GBRA": {
    "mean": 0.0,
    "std": 0.0,
    "n": 444
  },
  "EMM": {
    "mean": 10.100846322190947,
    "std": 4.826679446531576,
    "n": 113
  },
  "TESS": {
    "mean": 9.675723122874741,
    "std": 6.653842692326138,
    "n": 143
  },
  "EURC": {
    "mean": 6.940257735265395,
    "std": 5.185708540024445,
    "n": 250
  },
  "NHPC": {
    "mean": 0.0,
    "std": 0.0,
    "n": 30
  },
  "PSYC": {
    "mean": 9.443910595654938,
    "std": 5.582806617175107,
    "n": 560
  },
  "JNO": {
    "mean": 8.895030607120598,
    "std": 4.444431141289952,
    "n": 1110
  },
  "MSL": {
    "mean": 0.22574075029594007,
    "std": 1.0634007830282681,
    "n": 139
  },
  "M20": {
    "mean": 0.3730558365818976,
    "std": 1.3385896352320505,
    "n": 111
  },
  "CGO": {
    "mean": 10.316822035197166,
    "std": 5.599713687429647,
    "n": 184
  },
  "BIOS": {
    "mean": 6.881448591857102,
    "std": 3.8306128668279746,
    "n": 55
  },
  "SGP": {
    "mean": 0.0,
    "std": 0.0,
    "n": 34
  },
  "DSCO": {
    "mean": 4.951768775643087,
    "std": 4.951768775643086,
    "n": 34
  },
  "THB": {
    "mean": 8.179319914756942,
    "std": 5.596682469017773,
    "n": 95
  },
  "MMX": {
    "mean": 6.3833415820869694,
    "std": 4.865709226505287,
    "n": 71
  },
  "RST": {
    "mean": 6.636855475185483,
    "std": 5.910642800722992,
    "n": 39
  },
  "XMM": {
    "mean": 10.403132049426544,
    "std": 3.0511786047110028,
    "n": 101
  },
  "TEST": {
    "mean": 0.0,
    "std": 0.0,
    "n": 110
  },
  "MEX": {
    "mean": 9.381623269263608,
    "std": 4.712619259557808,
    "n": 40
  },
  "BEPI": {
    "mean": 2.2665968526050566,
    "std": 3.6346409384521188,
    "n": 25
  },
  "HYB2": {
    "mean": 0.0,
    "std": 0.0,
    "n": 16
  },
  "HCRA": {
    "mean": 0.0,
    "std": 0.0,
    "n": 33
  },
  "EGS": {
    "mean": 0.0,
    "std": 0.0,
    "n": 16
  }
}