{
  "ACE": {
    "mean": 8.353532567571621,
    "std": 4.938463464626214,
    "n": 462
  },
  "DSN": {
    "mean": 0.0,
    "std": 0.0,
    "n": 7293
  },
  "DSS": {
    "mean": 0.0,
    "std": 0.0,
    "n": 1535
  },
  "JWST": {
    "mean": 11.233520137080005,
    "std": 6.044058527221194,
    "n": 1026
  },
  "KPLO": {
    "mean": 8.682258306596946,
    "std": 6.350173699977493,
    "n": 828
  },
  "LUCY": {
    "mean": 9.132801930359506,
    "std": 4.052375803934068,
    "n": 700
  },
  "M01O": {
    "mean": 7.700630861311772,
    "std": 4.4300298431821,
    "n": 1712
  },
  "MMS2": {
    "mean": 12.211584284240141,
    "std": 5.402038217401783,
    "n": 202
  },
  "ORX": {
    "mean": 3.7564735169281893,
    "std": 6.120919494222854,
    "n": 413
  },
  "SOHO": {
    "mean": 10.362696995821205,
    "std": 4.513477756397087,
    "n": 1405
  },
  "SPP": {
    "mean": 8.651988959177997,
    "std": 4.456958373437672,
    "n": 808
  },
  "VGR2": {
    "mean": 4.31407050482851,
    "std": 1.7387201809198058,
    "n": 685
  },
  "CAPS": {
    "mean": 9.07339679650725,
    "std": 5.576456742435356,
    "n": 241
  },
  "MRO": {
    "mean": 11.191108054983964,
    "std": 5.839227652697753,
    "n": 728
  },
  "STA": {
    "mean": 10.50288073579672,
    "std": 5.30453247690268,
    "n": 532
  },
  "IMAP": {
    "mean": 10.85455000486775,
    "std": 5.349160159468968,
    "n": 302
  },
  "MMS3": {
    "mean": 11.80999763529538,
    "std": 5.746854284008257,
    "n": 204
  },
  "TGO": {
    "mean": 10.249368217586998,
    "std": 5.2445598542720635,
    "n": 237
  },
  "TDR8": {
    "mean": 6.839711603308979,
    "std": 3.15492915596383,
    "n": 114
  },
  "MMS4": {
    "mean": 11.995370199419085,
    "std": 5.630534264580591,
    "n": 183
  },
  "WIND": {
    "mean": 7.8896677972200315,
    "std": 4.222203487108827,
    "n": 398
  },
  "ESCB": {
    "mean": 8.015660130859475,
    "std": 3.2505264061796355,
    "n": 228
  },
  "THC": {
    "mean": 8.386897950630757,
    "std": 5.493180832996186,
    "n": 121
  },
  "CHDR": {
    "mean": 8.122101275465646,
    "std": 6.889711832854877,
    "n": 478
  },
  "MMS1": {
    "mean": 10.502390119451041,
    "std": 6.48325695714352,
    "n": 225
  },
  "ESCG": {
    "mean": 7.685456021667649,
    "std": 3.4829368982593527,
    "n": 239
  },
  "VGR1": {
    "mean": 4.473242083192471,
    "std": 1.6428620265780376,
    "n": 717
  },
  "DSSR": {
    "mean": 0.0,
    "std": 0.0,
    "n": 127
  },
  "LRO": {
    "mean": 10.778511713718988,
    "std": 6.613133265867419,
    "n": 457
  },
  "SWFO": {
    "mean": 0.23682215359277037,
    "std": 1.3808998480604076,
    "n": 175
  },
  "GBRA": {
    "mean": 0.0,
    "std": 0.0,
    "n": 438
  },
  "EMM": {
    "mean": 10.100846322190947,
    "std": 4.826679446531576,
    "n": 113
  },
  "TESS": {
    "mean": 9.675723122874741,
    "std": 6.653842692326138,
    "n": 143
  },
  "EURC": {
    "mean": 6.940257735265395,
    "std": 5.185708540024445,
    "n": 250
  },
  "NHPC": {
    "mean": 0.0,
    "std": 0.0,
    "n": 30
  },
  "PSYC": {
    "mean": 9.443910595654938,
    "std": 5.582806617175107,
    "n": 560
  },
  "JNO": {
    "mean": 8.885752227381728,
    "std": 4.466245191875992,
    "n": 1094
  },
  "MSL": {
    "mean": 0.22574075029594007,
    "std": 1.0634007830282681,
    "n": 139
  },
  "M20": {
    "mean": 0.3870018491643985,
    "std": 1.3613996793011274,
    "n": 107
  },
  "CGO": {
    "mean": 10.316822035197166,
    "std": 5.599713687429647,
    "n": 184
  },
  "BIOS": {
    "mean": 6.881448591857102,
    "std": 3.8306128668279746,
    "n": 55
  },
  "SGP": {
    "mean": 0.0,
    "std": 0.0,
    "n": 34
  },
  "DSCO": {
    "mean": 4.951768775643087,
    "std": 4.951768775643086,
    "n": 34
  },
  "THB": {
    "mean": 8.189868970727542,
    "std": 5.59772491911716,
    "n": 92
  },
  "MMX": {
    "mean": 6.3833415820869694,
    "std": 4.865709226505287,
    "n": 71
  },
  "RST": {
    "mean": 6.636855475185483,
    "std": 5.910642800722992,
    "n": 39
  },
  "XMM": {
    "mean": 10.403132049426544,
    "std": 3.0511786047110028,
    "n": 101
  },
  "TEST": {
    "mean": 0.0,
    "std": 0.0,
    "n": 102
  },
  "MEX": {
    "mean": 9.381623269263608,
    "std": 4.712619259557808,
    "n": 40
  },
  "BEPI": {
    "mean": 2.2665968526050566,
    "std": 3.6346409384521188,
    "n": 25
  },
  "HYB2": {
    "mean": 0.0,
    "std": 0.0,
    "n": 16
  },
  "HCRA": {
    "mean": 0.0,
    "std": 0.0,
    "n": 33
  },
  "EGS": {
    "mean": 0.0,
    "std": 0.0,
    "n": 16
  }
}