{
  "ACE": {
    "mean": 8.44251809878518,
    "std": 4.928250211956288,
    "n": 307
  },
  "DSN": {
    "mean": 0.0,
    "std": 0.0,
    "n": 5205
  },
  "DSS": {
    "mean": 0.0,
    "std": 0.0,
    "n": 1261
  },
  "JWST": {
    "mean": 10.997572710258293,
    "std": 6.004291878344664,
    "n": 633
  },
  "KPLO": {
    "mean": 8.353465701851052,
    "std": 6.53029525381691,
    "n": 510
  },
  "LUCY": {
    "mean": 8.961587174778352,
    "std": 4.251758676162655,
    "n": 550
  },
  "M01O": {
    "mean": 7.910646022051776,
    "std": 4.3125545740476605,
    "n": 1054
  },
  "MMS2": {
    "mean": 12.00763488702174,
    "std": 5.572931663615737,
    "n": 130
  },
  "ORX": {
    "mean": 3.9595165995926327,
    "std": 6.2204210847327275,
    "n": 215
  },
  "SOHO": {
    "mean": 10.343068726088939,
    "std": 4.625582612268658,
    "n": 816
  },
  "SPP": {
    "mean": 7.798101331061353,
    "std": 4.245757873016843,
    "n": 435
  },
  "VGR2": {
    "mean": 4.383957331687643,
    "std": 1.6623009176769028,
    "n": 444
  },
  "CAPS": {
    "mean": 8.657054210979862,
    "std": 5.768625010226724,
    "n": 140
  },
  "MRO": {
    "mean": 11.261750744246525,
    "std": 5.825934442858589,
    "n": 514
  },
  "STA": {
    "mean": 10.446667489354304,
    "std": 5.363494505986623,
    "n": 336
  },
  "IMAP": {
    "mean": 10.406913963941395,
    "std": 5.662819172052789,
    "n": 197
  },
  "MMS3": {
    "mean": 11.57394137243285,
    "std": 5.878502731494647,
    "n": 127
  },
  "TGO": {
    "mean": 9.99348683578827,
    "std": 5.387190740625567,
    "n": 138
  },
  "TDR8": {
    "mean": 6.839711603308979,
    "std": 3.15492915596383,
    "n": 114
  },
  "MMS4": {
    "mean": 12.106936413489393,
    "std": 5.512094005813414,
    "n": 105
  },
  "WIND": {
    "mean": 7.939019095818025,
    "std": 4.23546480007108,
    "n": 257
  },
  "ESCB": {
    "mean": 8.186738073100116,
    "std": 3.2098915480235064,
    "n": 150
  },
  "THC": {
    "mean": 8.487213968135046,
    "std": 5.4982598661287385,
    "n": 82
  },
  "CHDR": {
    "mean": 7.999323685031141,
    "std": 6.914670539864754,
    "n": 304
  },
  "MMS1": {
    "mean": 10.486967373960622,
    "std": 6.4620788543784276,
    "n": 131
  },
  "ESCG": {
    "mean": 7.61509257126772,
    "std": 3.5733231766372264,
    "n": 186
  },
  "VGR1": {
    "mean": 4.512316146701526,
    "std": 1.602347433117392,
    "n": 384
  },
  "DSSR": {
    "mean": 0.0,
    "std": 0.0,
    "n": 85
  },
  "LRO": {
    "mean": 10.047871520579593,
    "std": 6.736807284210104,
    "n": 251
  },
  "SWFO": {
    "mean": 0.0,
    "std": 0.0,
    "n": 101
  },
  "GBRA": {
    "mean": 0.0,
    "std": 0.0,
    "n": 326
  },
  "EMM": {
    "mean": 11.325697287323143,
    "std": 3.5141971093333795,
    "n": 57
  },
  "TESS": {
    "mean": 8.083199644216837,
    "std": 5.374367501746985,
    "n": 82
  },
  "EURC": {
    "mean": 6.4045905715484555,
    "std": 5.360825933341953,
    "n": 146
  },
  "NHPC": {
    "mean": 0.0,
    "std": 0.0,
    "n": 23
  },
  "PSYC": {
    "mean": 10.430426354162218,
    "std": 4.926713455965637,
    "n": 329
  },
  "JNO": {
    "mean": 8.814391527204107,
    "std": 4.5952874962514265,
    "n": 744
  },
  "MSL": {
    "mean": 0.20076338717336978,
    "std": 1.011436495278661,
    "n": 79
  },
  "M20": {
    "mean": 0.26544357602942714,
    "std": 1.1417159905260457,
    "n": 78
  },
  "CGO": {
    "mean": 10.184248384612554,
    "std": 5.604290124173478,
    "n": 140
  },
  "BIOS": {
    "mean": 7.354588970934565,
    "std": 3.4980928384520924,
    "n": 38
  },
  "SGP": {
    "mean": 0.0,
    "std": 0.0,
    "n": 34
  },
  "DSCO": {
    "mean": 4.456591898078777,
    "std": 4.926947723221698,
    "n": 20
  },
  "THB": {
    "mean": 8.850979104734368,
    "std": 5.416431888036537,
    "n": 52
  },
  "MMX": {
    "mean": 6.016493598113673,
    "std": 4.865458928163983,
    "n": 55
  },
  "RST": {
    "mean": 8.091586331914513,
    "std": 5.869664019498173,
    "n": 19
  },
  "XMM": {
    "mean": 10.08752262698692,
    "std": 3.4944203426957317,
    "n": 56
  },
  "TEST": {
    "mean": 0.0,
    "std": 0.0,
    "n": 52
  },
  "MEX": {
    "mean": 9.596479852114397,
    "std": 4.599740883340531,
    "n": 27
  },
  "BEPI": {
    "mean": 6.2961023683473805,
    "std": 3.365408276344554,
    "n": 9
  },
  "HYB2": {
    "mean": 0.0,
    "std": 0.0,
    "n": 8
  },
  "HCRA": {
    "mean": 0.0,
    "std": 0.0,
    "n": 14
  }
}