{
  "ACE": {
    "mean": 8.367349770200505,
    "std": 4.934965542294617,
    "n": 483
  },
  "DSN": {
    "mean": 0.0,
    "std": 0.0,
    "n": 7618
  },
  "DSS": {
    "mean": 0.0,
    "std": 0.0,
    "n": 1586
  },
  "JWST": {
    "mean": 11.247731524853151,
    "std": 6.005508063742473,
    "n": 1077
  },
  "KPLO": {
    "mean": 8.672040728171009,
    "std": 6.334916126592591,
    "n": 864
  },
  "LUCY": {
    "mean": 9.123937598029643,
    "std": 4.0317420722832855,
    "n": 718
  },
  "M01O": {
    "mean": 7.723442600724671,
    "std": 4.412087413163252,
    "n": 1780
  },
  "MMS2": {
    "mean": 12.1583136342759,
    "std": 5.45805875789156,
    "n": 215
  },
  "ORX": {
    "mean": 3.617433474958707,
    "std": 6.047783625285349,
    "n": 444
  },
  "SOHO": {
    "mean": 10.40218382570587,
    "std": 4.481824025944963,
    "n": 1482
  },
  "SPP": {
    "mean": 8.651988959177997,
    "std": 4.456958373437672,
    "n": 808
  },
  "VGR2": {
    "mean": 4.3251481033386225,
    "std": 1.729007967004736,
    "n": 717
  },
  "CAPS": {
    "mean": 9.112230771056694,
    "std": 5.553096578862986,
    "n": 244
  },
  "MRO": {
    "mean": 11.198201345658177,
    "std": 5.839413068507773,
    "n": 771
  },
  "STA": {
    "mean": 10.522518422584785,
    "std": 5.288860405676904,
    "n": 551
  },
  "IMAP": {
    "mean": 10.739518707551465,
    "std": 5.4354528932159125,
    "n": 309
  },
  "MMS3": {
    "mean": 11.819221330363922,
    "std": 5.742363337517617,
    "n": 215
  },
  "TGO": {
    "mean": 10.216229170337764,
    "std": 5.2774429265380824,
    "n": 243
  },
  "TDR8": {
    "mean": 6.839711603308979,
    "std": 3.15492915596383,
    "n": 114
  },
  "MMS4": {
    "mean": 12.060813262696215,
    "std": 5.581277704414946,
    "n": 193
  },
  "WIND": {
    "mean": 7.882191587224829,
    "std": 4.230027433052106,
    "n": 415
  },
  "ESCB": {
    "mean": 8.024109362876784,
    "std": 3.2376199191464043,
    "n": 230
  },
  "THC": {
    "mean": 8.250525626230258,
    "std": 5.550633120173332,
    "n": 123
  },
  "CHDR": {
    "mean": 8.135549003941168,
    "std": 6.88812233249769,
    "n": 503
  },
  "MMS1": {
    "mean": 10.538976274929361,
    "std": 6.466023889598278,
    "n": 238
  },
  "ESCG": {
    "mean": 7.538790384497511,
    "std": 3.5591060737853986,
    "n": 276
  },
  "VGR1": {
    "mean": 4.449171485720886,
    "std": 1.6710787456181433,
    "n": 754
  },
  "DSSR": {
    "mean": 0.0,
    "std": 0.0,
    "n": 136
  },
  "LRO": {
    "mean": 10.89324991713978,
    "std": 6.573606984811838,
    "n": 482
  },
  "SWFO": {
    "mean": 0.23024376043741562,
    "std": 1.3621417009648003,
    "n": 180
  },
  "GBRA": {
    "mean": 0.0,
    "std": 0.0,
    "n": 449
  },
  "EMM": {
    "mean": 10.140910766217448,
    "std": 4.792813407975981,
    "n": 126
  },
  "TESS": {
    "mean": 9.675755646321923,
    "std": 6.630698832940818,
    "n": 144
  },
  "EURC": {
    "mean": 6.940092008056397,
    "std": 5.21328381683705,
    "n": 266
  },
  "NHPC": {
    "mean": 0.0,
    "std": 0.0,
    "n": 33
  },
  "PSYC": {
    "mean": 9.483170384679449,
    "std": 5.558753202060213,
    "n": 571
  },
  "JNO": {
    "mean": 8.902873084110164,
    "std": 4.424477549988825,
    "n": 1151
  },
  "MSL": {
    "mean": 0.21790252979955327,
    "std": 1.0455929263056365,
    "n": 144
  },
  "M20": {
    "mean": 0.3539247680392362,
    "std": 1.3064091441833674,
    "n": 117
  },
  "CGO": {
    "mean": 10.281880530042814,
    "std": 5.634132332577208,
    "n": 190
  },
  "BIOS": {
    "mean": 6.835475226457462,
    "std": 3.857734181623496,
    "n": 58
  },
  "SGP": {
    "mean": 0.0,
    "std": 0.0,
    "n": 34
  },
  "DSCO": {
    "mean": 4.951768775643087,
    "std": 4.951768775643086,
    "n": 34
  },
  "THB": {
    "mean": 8.09411866564489,
    "std": 5.629050003664351,
    "n": 96
  },
  "MMX": {
    "mean": 6.3833415820869694,
    "std": 4.865709226505287,
    "n": 71
  },
  "RST": {
    "mean": 6.636855475185483,
    "std": 5.910642800722992,
    "n": 39
  },
  "XMM": {
    "mean": 10.403132049426544,
    "std": 3.0511786047110028,
    "n": 101
  },
  "TEST": {
    "mean": 0.0,
    "std": 0.0,
    "n": 110
  },
  "MEX": {
    "mean": 9.381623269263608,
    "std": 4.712619259557808,
    "n": 40
  },
  "BEPI": {
    "mean": 2.2665968526050566,
    "std": 3.6346409384521188,
    "n": 25
  },
  "HYB2": {
    "mean": 0.0,
    "std": 0.0,
    "n": 18
  },
  "HCRA": {
    "mean": 0.0,
    "std": 0.0,
    "n": 34
  },
  "EGS": {
    "mean": 0.0,
    "std": 0.0,
    "n": 16
  }
}