{
  "ACE": {
    "mean": 8.44128614333056,
    "std": 4.928239468829352,
    "n": 303
  },
  "DSN": {
    "mean": 0.0,
    "std": 0.0,
    "n": 5148
  },
  "DSS": {
    "mean": 0.0,
    "std": 0.0,
    "n": 1247
  },
  "JWST": {
    "mean": 10.94628723178644,
    "std": 5.991093726787247,
    "n": 625
  },
  "KPLO": {
    "mean": 8.338725062835849,
    "std": 6.527950984687599,
    "n": 503
  },
  "LUCY": {
    "mean": 8.95820245508904,
    "std": 4.254888814475336,
    "n": 549
  },
  "M01O": {
    "mean": 7.904596651283931,
    "std": 4.3022093513422766,
    "n": 1034
  },
  "MMS2": {
    "mean": 12.00763488702174,
    "std": 5.572931663615737,
    "n": 130
  },
  "ORX": {
    "mean": 3.904450216316486,
    "std": 6.194428549417696,
    "n": 211
  },
  "SOHO": {
    "mean": 10.350807428158712,
    "std": 4.618637696427989,
    "n": 801
  },
  "SPP": {
    "mean": 7.834120274853785,
    "std": 4.222267906320364,
    "n": 433
  },
  "VGR2": {
    "mean": 4.389083318511571,
    "std": 1.665150975697282,
    "n": 434
  },
  "CAPS": {
    "mean": 8.548626884666698,
    "std": 5.817494194982348,
    "n": 136
  },
  "MRO": {
    "mean": 11.268810486017298,
    "std": 5.8241417284075405,
    "n": 510
  },
  "STA": {
    "mean": 10.444173218084023,
    "std": 5.364207489045393,
    "n": 331
  },
  "IMAP": {
    "mean": 10.413082236959132,
    "std": 5.658995403280509,
    "n": 193
  },
  "MMS3": {
    "mean": 11.548878988961377,
    "std": 5.895021883558386,
    "n": 126
  },
  "TGO": {
    "mean": 9.933344264467191,
    "std": 5.43139372927346,
    "n": 135
  },
  "TDR8": {
    "mean": 6.839711603308979,
    "std": 3.15492915596383,
    "n": 114
  },
  "MMS4": {
    "mean": 12.08169732429373,
    "std": 5.532489500502064,
    "n": 104
  },
  "WIND": {
    "mean": 7.970030889161063,
    "std": 4.21450732276207,
    "n": 256
  },
  "ESCB": {
    "mean": 8.186738073100116,
    "std": 3.2098915480235064,
    "n": 150
  },
  "THC": {
    "mean": 8.487213968135046,
    "std": 5.4982598661287385,
    "n": 82
  },
  "CHDR": {
    "mean": 7.986109086405835,
    "std": 6.916513595319401,
    "n": 301
  },
  "MMS1": {
    "mean": 10.486967373960622,
    "std": 6.4620788543784276,
    "n": 131
  },
  "ESCG": {
    "mean": 7.641708058087955,
    "std": 3.5552481565824645,
    "n": 183
  },
  "VGR1": {
    "mean": 4.509336627234076,
    "std": 1.606006011318355,
    "n": 382
  },
  "DSSR": {
    "mean": 0.0,
    "std": 0.0,
    "n": 85
  },
  "LRO": {
    "mean": 10.080785213952545,
    "std": 6.732665368309045,
    "n": 249
  },
  "SWFO": {
    "mean": 0.0,
    "std": 0.0,
    "n": 99
  },
  "GBRA": {
    "mean": 0.0,
    "std": 0.0,
    "n": 320
  },
  "EMM": {
    "mean": 11.325697287323143,
    "std": 3.5141971093333795,
    "n": 57
  },
  "TESS": {
    "mean": 8.14508301047143,
    "std": 5.393069797129331,
    "n": 79
  },
  "EURC": {
    "mean": 6.391661970651196,
    "std": 5.4387999529639615,
    "n": 140
  },
  "NHPC": {
    "mean": 0.0,
    "std": 0.0,
    "n": 23
  },
  "PSYC": {
    "mean": 10.388078731701933,
    "std": 4.962351757048663,
    "n": 323
  },
  "JNO": {
    "mean": 8.81237012639826,
    "std": 4.598048277350946,
    "n": 743
  },
  "MSL": {
    "mean": 0.20597802060644432,
    "std": 1.0239634812655733,
    "n": 77
  },
  "M20": {
    "mean": 0.26544357602942714,
    "std": 1.1417159905260457,
    "n": 78
  },
  "CGO": {
    "mean": 10.184248384612554,
    "std": 5.604290124173478,
    "n": 140
  },
  "BIOS": {
    "mean": 7.354588970934565,
    "std": 3.4980928384520924,
    "n": 38
  },
  "SGP": {
    "mean": 0.0,
    "std": 0.0,
    "n": 34
  },
  "DSCO": {
    "mean": 4.456591898078777,
    "std": 4.926947723221698,
    "n": 20
  },
  "THB": {
    "mean": 8.752697345206279,
    "std": 5.423163308485524,
    "n": 51
  },
  "MMX": {
    "mean": 6.016493598113673,
    "std": 4.865458928163983,
    "n": 55
  },
  "RST": {
    "mean": 8.091586331914513,
    "std": 5.869664019498173,
    "n": 19
  },
  "XMM": {
    "mean": 10.08752262698692,
    "std": 3.4944203426957317,
    "n": 56
  },
  "TEST": {
    "mean": 0.0,
    "std": 0.0,
    "n": 45
  },
  "MEX": {
    "mean": 9.596479852114397,
    "std": 4.599740883340531,
    "n": 27
  },
  "BEPI": {
    "mean": 6.2961023683473805,
    "std": 3.365408276344554,
    "n": 9
  },
  "HYB2": {
    "mean": 0.0,
    "std": 0.0,
    "n": 8
  },
  "HCRA": {
    "mean": 0.0,
    "std": 0.0,
    "n": 14
  }
}