{
  "ACE": {
    "mean": 8.367349770200505,
    "std": 4.934965542294617,
    "n": 483
  },
  "DSN": {
    "mean": 0.0,
    "std": 0.0,
    "n": 7516
  },
  "DSS": {
    "mean": 0.0,
    "std": 0.0,
    "n": 1570
  },
  "JWST": {
    "mean": 11.265644911323664,
    "std": 6.031814170091118,
    "n": 1064
  },
  "KPLO": {
    "mean": 8.687020371788135,
    "std": 6.318386894372217,
    "n": 857
  },
  "LUCY": {
    "mean": 9.116926594725243,
    "std": 4.050884833135295,
    "n": 711
  },
  "M01O": {
    "mean": 7.7217335305886685,
    "std": 4.4154932385700585,
    "n": 1765
  },
  "MMS2": {
    "mean": 12.203312815396622,
    "std": 5.416917692190362,
    "n": 213
  },
  "ORX": {
    "mean": 3.7007844766858664,
    "std": 6.091796159165987,
    "n": 434
  },
  "SOHO": {
    "mean": 10.388712323689832,
    "std": 4.493399724482605,
    "n": 1466
  },
  "SPP": {
    "mean": 8.651988959177997,
    "std": 4.456958373437672,
    "n": 808
  },
  "VGR2": {
    "mean": 4.317692055688594,
    "std": 1.735870936500764,
    "n": 710
  },
  "CAPS": {
    "mean": 9.112230771056694,
    "std": 5.553096578862986,
    "n": 244
  },
  "MRO": {
    "mean": 11.227557196146355,
    "std": 5.815454601979408,
    "n": 765
  },
  "STA": {
    "mean": 10.531907096347082,
    "std": 5.2817019592707695,
    "n": 548
  },
  "IMAP": {
    "mean": 10.791977577675983,
    "std": 5.396604198224183,
    "n": 305
  },
  "MMS3": {
    "mean": 11.861036546189693,
    "std": 5.708497430296834,
    "n": 213
  },
  "TGO": {
    "mean": 10.233209558237446,
    "std": 5.26163584420597,
    "n": 240
  },
  "TDR8": {
    "mean": 6.839711603308979,
    "std": 3.15492915596383,
    "n": 114
  },
  "MMS4": {
    "mean": 12.109974649269796,
    "std": 5.538545807084038,
    "n": 191
  },
  "WIND": {
    "mean": 7.8970414798155835,
    "std": 4.227129814655573,
    "n": 412
  },
  "ESCB": {
    "mean": 8.015660130859475,
    "std": 3.2505264061796355,
    "n": 228
  },
  "THC": {
    "mean": 8.386897950630757,
    "std": 5.493180832996186,
    "n": 121
  },
  "CHDR": {
    "mean": 8.149331591791634,
    "std": 6.88567923438209,
    "n": 497
  },
  "MMS1": {
    "mean": 10.503443856158945,
    "std": 6.481785144471925,
    "n": 236
  },
  "ESCG": {
    "mean": 7.600576080332062,
    "std": 3.525785315714386,
    "n": 264
  },
  "VGR1": {
    "mean": 4.448354450085468,
    "std": 1.6719376596779318,
    "n": 745
  },
  "DSSR": {
    "mean": 0.0,
    "std": 0.0,
    "n": 136
  },
  "LRO": {
    "mean": 10.850389449202865,
    "std": 6.564630234607553,
    "n": 476
  },
  "SWFO": {
    "mean": 0.23414619705499895,
    "std": 1.3733041320642185,
    "n": 177
  },
  "GBRA": {
    "mean": 0.0,
    "std": 0.0,
    "n": 449
  },
  "EMM": {
    "mean": 10.140910766217448,
    "std": 4.792813407975981,
    "n": 126
  },
  "TESS": {
    "mean": 9.675755646321923,
    "std": 6.630698832940818,
    "n": 144
  },
  "EURC": {
    "mean": 7.073043962233723,
    "std": 5.172872583547983,
    "n": 261
  },
  "NHPC": {
    "mean": 0.0,
    "std": 0.0,
    "n": 33
  },
  "PSYC": {
    "mean": 9.483170384679449,
    "std": 5.558753202060213,
    "n": 571
  },
  "JNO": {
    "mean": 8.90039858078113,
    "std": 4.433944897539734,
    "n": 1136
  },
  "MSL": {
    "mean": 0.21790252979955327,
    "std": 1.0455929263056365,
    "n": 144
  },
  "M20": {
    "mean": 0.3539247680392362,
    "std": 1.3064091441833674,
    "n": 117
  },
  "CGO": {
    "mean": 10.281880530042814,
    "std": 5.634132332577208,
    "n": 190
  },
  "BIOS": {
    "mean": 6.7976950498830995,
    "std": 3.8807752958741553,
    "n": 57
  },
  "SGP": {
    "mean": 0.0,
    "std": 0.0,
    "n": 34
  },
  "DSCO": {
    "mean": 4.951768775643087,
    "std": 4.951768775643086,
    "n": 34
  },
  "THB": {
    "mean": 8.09411866564489,
    "std": 5.629050003664351,
    "n": 96
  },
  "MMX": {
    "mean": 6.3833415820869694,
    "std": 4.865709226505287,
    "n": 71
  },
  "RST": {
    "mean": 6.636855475185483,
    "std": 5.910642800722992,
    "n": 39
  },
  "XMM": {
    "mean": 10.403132049426544,
    "std": 3.0511786047110028,
    "n": 101
  },
  "TEST": {
    "mean": 0.0,
    "std": 0.0,
    "n": 110
  },
  "MEX": {
    "mean": 9.381623269263608,
    "std": 4.712619259557808,
    "n": 40
  },
  "BEPI": {
    "mean": 2.2665968526050566,
    "std": 3.6346409384521188,
    "n": 25
  },
  "HYB2": {
    "mean": 0.0,
    "std": 0.0,
    "n": 16
  },
  "HCRA": {
    "mean": 0.0,
    "std": 0.0,
    "n": 33
  },
  "EGS": {
    "mean": 0.0,
    "std": 0.0,
    "n": 16
  }
}