{
  "ACE": {
    "mean": 8.620982902815525,
    "std": 4.815681013915265,
    "n": 265
  },
  "DSN": {
    "mean": 0.0,
    "std": 0.0,
    "n": 4606
  },
  "DSS": {
    "mean": 0.0,
    "std": 0.0,
    "n": 1202
  },
  "JWST": {
    "mean": 10.720345782012503,
    "std": 5.90118018718384,
    "n": 550
  },
  "KPLO": {
    "mean": 8.483163465385104,
    "std": 6.497211871730632,
    "n": 461
  },
  "LUCY": {
    "mean": 8.820161864418282,
    "std": 4.3880815641885755,
    "n": 479
  },
  "M01O": {
    "mean": 8.258767592658621,
    "std": 4.012127428703538,
    "n": 894
  },
  "MMS2": {
    "mean": 12.09595813977757,
    "std": 5.473949403275535,
    "n": 112
  },
  "ORX": {
    "mean": 4.248203586207203,
    "std": 6.3474306704768235,
    "n": 181
  },
  "SOHO": {
    "mean": 10.34595208549159,
    "std": 4.622892282224244,
    "n": 697
  },
  "SPP": {
    "mean": 8.073162038480561,
    "std": 4.2668678732100425,
    "n": 401
  },
  "VGR2": {
    "mean": 4.367360266712752,
    "std": 1.6813657696891042,
    "n": 392
  },
  "CAPS": {
    "mean": 8.567011311619995,
    "std": 5.813276709726677,
    "n": 127
  },
  "MRO": {
    "mean": 11.253683338079526,
    "std": 5.864811325950084,
    "n": 461
  },
  "STA": {
    "mean": 10.499284095049207,
    "std": 5.327014932826495,
    "n": 269
  },
  "IMAP": {
    "mean": 10.465620894468486,
    "std": 5.62549177343615,
    "n": 174
  },
  "MMS3": {
    "mean": 11.4867049287918,
    "std": 5.9204117278472586,
    "n": 105
  },
  "TGO": {
    "mean": 9.823268522430931,
    "std": 5.518866268307206,
    "n": 117
  },
  "TDR8": {
    "mean": 6.839711603308979,
    "std": 3.15492915596383,
    "n": 114
  },
  "MMS4": {
    "mean": 12.220284242434532,
    "std": 5.394470692006776,
    "n": 86
  },
  "WIND": {
    "mean": 7.951624557661737,
    "std": 4.101708095256708,
    "n": 227
  },
  "ESCB": {
    "mean": 8.186738073100116,
    "std": 3.2098915480235064,
    "n": 150
  },
  "THC": {
    "mean": 8.498201283961992,
    "std": 5.403398727976507,
    "n": 77
  },
  "CHDR": {
    "mean": 8.00033441738069,
    "std": 6.913469100191604,
    "n": 262
  },
  "MMS1": {
    "mean": 10.461664134057722,
    "std": 6.478376590453692,
    "n": 112
  },
  "ESCG": {
    "mean": 8.077526891985158,
    "std": 3.1640847358264295,
    "n": 162
  },
  "VGR1": {
    "mean": 4.477124983735292,
    "std": 1.6446850527617303,
    "n": 328
  },
  "DSSR": {
    "mean": 0.0,
    "std": 0.0,
    "n": 78
  },
  "LRO": {
    "mean": 9.93322784340762,
    "std": 6.773234994901802,
    "n": 214
  },
  "SWFO": {
    "mean": 0.0,
    "std": 0.0,
    "n": 89
  },
  "GBRA": {
    "mean": 0.0,
    "std": 0.0,
    "n": 278
  },
  "EMM": {
    "mean": 11.325697287323143,
    "std": 3.5141971093333795,
    "n": 57
  },
  "TESS": {
    "mean": 8.19198364748668,
    "std": 5.384932873543318,
    "n": 68
  },
  "EURC": {
    "mean": 6.147559529759076,
    "std": 5.361401561922815,
    "n": 131
  },
  "NHPC": {
    "mean": 0.0,
    "std": 0.0,
    "n": 18
  },
  "PSYC": {
    "mean": 10.372717218197753,
    "std": 4.979776167838834,
    "n": 283
  },
  "JNO": {
    "mean": 8.939787399014769,
    "std": 4.511576623187534,
    "n": 684
  },
  "MSL": {
    "mean": 0.25175091407454303,
    "std": 1.1269330558194341,
    "n": 63
  },
  "M20": {
    "mean": 0.38341849870917255,
    "std": 1.3555891023481068,
    "n": 54
  },
  "CGO": {
    "mean": 10.07358550123828,
    "std": 5.6489869174831435,
    "n": 127
  },
  "BIOS": {
    "mean": 7.475687476382571,
    "std": 3.4038750077057762,
    "n": 35
  },
  "SGP": {
    "mean": 0.0,
    "std": 0.0,
    "n": 34
  },
  "DSCO": {
    "mean": 4.244373236265502,
    "std": 4.9009800609982594,
    "n": 14
  },
  "THB": {
    "mean": 8.963650329962011,
    "std": 5.202589018834858,
    "n": 44
  },
  "MMX": {
    "mean": 5.784885711142975,
    "std": 4.886808177476845,
    "n": 52
  },
  "RST": {
    "mean": 8.091586331914513,
    "std": 5.869664019498173,
    "n": 19
  },
  "XMM": {
    "mean": 10.096105009505944,
    "std": 3.4834871754517813,
    "n": 47
  },
  "TEST": {
    "mean": 0.0,
    "std": 0.0,
    "n": 37
  },
  "MEX": {
    "mean": 9.286634546249735,
    "std": 4.918249063499639,
    "n": 23
  },
  "BEPI": {
    "mean": 6.2961023683473805,
    "std": 3.365408276344554,
    "n": 9
  },
  "HYB2": {
    "mean": 0.0,
    "std": 0.0,
    "n": 4
  }
}