{
  "ACE": {
    "mean": 8.385785252672557,
    "std": 4.943349337128211,
    "n": 706
  },
  "DSN": {
    "mean": 0.0,
    "std": 0.0,
    "n": 10870
  },
  "DSS": {
    "mean": 0.0,
    "std": 0.0,
    "n": 2019
  },
  "JWST": {
    "mean": 11.342832893548968,
    "std": 5.892826561347564,
    "n": 1662
  },
  "KPLO": {
    "mean": 8.663175700963775,
    "std": 6.192059718886599,
    "n": 1333
  },
  "LUCY": {
    "mean": 9.023204428419032,
    "std": 3.962621064704021,
    "n": 848
  },
  "M01O": {
    "mean": 7.852251082298389,
    "std": 4.28958487124407,
    "n": 2629
  },
  "MMS2": {
    "mean": 11.83199916645956,
    "std": 5.703584729000473,
    "n": 340
  },
  "ORX": {
    "mean": 4.337116347483741,
    "std": 6.393121177327346,
    "n": 755
  },
  "SOHO": {
    "mean": 10.41438659220538,
    "std": 4.501637137822084,
    "n": 2249
  },
  "SPP": {
    "mean": 8.948223199359857,
    "std": 4.602658248165142,
    "n": 1201
  },
  "VGR2": {
    "mean": 4.172451271354942,
    "std": 1.8815053261925965,
    "n": 1075
  },
  "CAPS": {
    "mean": 9.087860256724852,
    "std": 5.558882946246035,
    "n": 364
  },
  "MRO": {
    "mean": 11.325789730925226,
    "std": 5.721985391603194,
    "n": 1186
  },
  "STA": {
    "mean": 10.605221685313396,
    "std": 5.221471296719324,
    "n": 821
  },
  "IMAP": {
    "mean": 10.647337869829729,
    "std": 5.502954177159274,
    "n": 446
  },
  "MMS3": {
    "mean": 11.778315554501853,
    "std": 5.767976226796402,
    "n": 321
  },
  "TGO": {
    "mean": 10.475108543424518,
    "std": 5.08933008216361,
    "n": 373
  },
  "TDR8": {
    "mean": 7.014025107082547,
    "std": 2.9972898409743474,
    "n": 136
  },
  "MMS4": {
    "mean": 12.011774443556202,
    "std": 5.6140578667039325,
    "n": 296
  },
  "WIND": {
    "mean": 7.81162403877322,
    "std": 4.181337842801843,
    "n": 621
  },
  "ESCB": {
    "mean": 7.787862555613745,
    "std": 3.384623188426639,
    "n": 400
  },
  "THC": {
    "mean": 8.175936598912246,
    "std": 5.623516360344559,
    "n": 176
  },
  "CHDR": {
    "mean": 8.182552445788582,
    "std": 6.873010508936402,
    "n": 735
  },
  "MMS1": {
    "mean": 10.847862994213623,
    "std": 6.281993331380924,
    "n": 363
  },
  "ESCG": {
    "mean": 7.629744341358703,
    "std": 3.6330871348012352,
    "n": 373
  },
  "VGR1": {
    "mean": 4.1859761270395195,
    "std": 1.9276910993934242,
    "n": 1233
  },
  "DSSR": {
    "mean": 0.0,
    "std": 0.0,
    "n": 235
  },
  "LRO": {
    "mean": 10.674406569134883,
    "std": 6.471305841518405,
    "n": 770
  },
  "SWFO": {
    "mean": 0.2284743153403519,
    "std": 1.3571790426253232,
    "n": 254
  },
  "GBRA": {
    "mean": 0.0,
    "std": 0.0,
    "n": 595
  },
  "EMM": {
    "mean": 10.135336904512531,
    "std": 4.79404608636372,
    "n": 186
  },
  "TESS": {
    "mean": 10.166429127361203,
    "std": 6.710185836027664,
    "n": 225
  },
  "EURC": {
    "mean": 6.914458794568465,
    "std": 4.557094125122453,
    "n": 443
  },
  "NHPC": {
    "mean": 2.6064655072012513,
    "std": 2.872251240124638,
    "n": 415
  },
  "PSYC": {
    "mean": 9.62462859788582,
    "std": 5.4826134281452275,
    "n": 645
  },
  "JNO": {
    "mean": 9.019001828433765,
    "std": 4.156268792337114,
    "n": 1663
  },
  "MSL": {
    "mean": 0.2540364170944357,
    "std": 1.1221825856520087,
    "n": 205
  },
  "M20": {
    "mean": 0.4370970885284567,
    "std": 1.4392449802223781,
    "n": 225
  },
  "CGO": {
    "mean": 10.289850692054399,
    "std": 5.565489892861328,
    "n": 268
  },
  "BIOS": {
    "mean": 6.965197987110876,
    "std": 3.767255575264366,
    "n": 84
  },
  "SGP": {
    "mean": 0.0,
    "std": 0.0,
    "n": 111
  },
  "DSCO": {
    "mean": 4.854675270238321,
    "std": 4.950816787020306,
    "n": 51
  },
  "THB": {
    "mean": 8.127425734448254,
    "std": 5.624767373043861,
    "n": 131
  },
  "MMX": {
    "mean": 6.447047574555721,
    "std": 4.86009682234796,
    "n": 75
  },
  "RST": {
    "mean": 6.2573459288108575,
    "std": 5.9069727957618285,
    "n": 50
  },
  "XMM": {
    "mean": 10.49102250883873,
    "std": 2.909686122370264,
    "n": 126
  },
  "TEST": {
    "mean": 0.0,
    "std": 0.0,
    "n": 220
  },
  "MEX": {
    "mean": 9.495547254342087,
    "std": 4.561461788079343,
    "n": 59
  },
  "BEPI": {
    "mean": 4.342343111860535,
    "std": 5.071384013101949,
    "n": 40
  },
  "HYB2": {
    "mean": 4.1767749285408255,
    "std": 3.2512601559797702,
    "n": 463
  },
  "HCRA": {
    "mean": 0.0,
    "std": 0.0,
    "n": 74
  },
  "EGS": {
    "mean": 0.0,
    "std": 0.0,
    "n": 16
  }
}