{
  "ACE": {
    "mean": 8.414370159636007,
    "std": 4.913165292525931,
    "n": 506
  },
  "DSN": {
    "mean": 0.0,
    "std": 0.0,
    "n": 7803
  },
  "DSS": {
    "mean": 0.0,
    "std": 0.0,
    "n": 1609
  },
  "JWST": {
    "mean": 11.26584984866685,
    "std": 5.997795018566446,
    "n": 1123
  },
  "KPLO": {
    "mean": 8.627667718808219,
    "std": 6.230099538463615,
    "n": 905
  },
  "LUCY": {
    "mean": 9.123937598029643,
    "std": 4.0317420722832855,
    "n": 718
  },
  "M01O": {
    "mean": 7.790856136588568,
    "std": 4.366209554342438,
    "n": 1880
  },
  "MMS2": {
    "mean": 12.15540267773517,
    "std": 5.456093636237852,
    "n": 227
  },
  "ORX": {
    "mean": 4.07731311484534,
    "std": 6.284256590916058,
    "n": 486
  },
  "SOHO": {
    "mean": 10.418587705373461,
    "std": 4.470105955660731,
    "n": 1544
  },
  "SPP": {
    "mean": 8.609368323911111,
    "std": 4.4870435833210145,
    "n": 812
  },
  "VGR2": {
    "mean": 4.18904323335156,
    "std": 1.8625443492747362,
    "n": 750
  },
  "CAPS": {
    "mean": 9.129301424323899,
    "std": 5.54347569251669,
    "n": 249
  },
  "MRO": {
    "mean": 11.207891402087396,
    "std": 5.823488664786973,
    "n": 799
  },
  "STA": {
    "mean": 10.51461286181458,
    "std": 5.295314133118157,
    "n": 574
  },
  "IMAP": {
    "mean": 10.786763753880834,
    "std": 5.404746828122089,
    "n": 324
  },
  "MMS3": {
    "mean": 11.642594292052827,
    "std": 5.874316532837576,
    "n": 227
  },
  "TGO": {
    "mean": 10.258677227440732,
    "std": 5.245044346263586,
    "n": 247
  },
  "TDR8": {
    "mean": 6.839711603308979,
    "std": 3.15492915596383,
    "n": 114
  },
  "MMS4": {
    "mean": 12.099331498648048,
    "std": 5.527411875658991,
    "n": 203
  },
  "WIND": {
    "mean": 7.870122422551552,
    "std": 4.197675317005752,
    "n": 429
  },
  "ESCB": {
    "mean": 8.008972092643745,
    "std": 3.2138272652702984,
    "n": 254
  },
  "THC": {
    "mean": 8.295790329572489,
    "std": 5.550952889670935,
    "n": 124
  },
  "CHDR": {
    "mean": 8.199505848956578,
    "std": 6.873771315613567,
    "n": 521
  },
  "MMS1": {
    "mean": 10.648639389684412,
    "std": 6.4185210504443635,
    "n": 248
  },
  "ESCG": {
    "mean": 7.653284801181135,
    "std": 3.6683404140734273,
    "n": 295
  },
  "VGR1": {
    "mean": 4.46372963565877,
    "std": 1.6565503785551872,
    "n": 795
  },
  "DSSR": {
    "mean": 0.0,
    "std": 0.0,
    "n": 136
  },
  "LRO": {
    "mean": 10.7953832020607,
    "std": 6.53919087058333,
    "n": 504
  },
  "SWFO": {
    "mean": 0.30068640464481505,
    "std": 1.549963783471052,
    "n": 193
  },
  "GBRA": {
    "mean": 0.0,
    "std": 0.0,
    "n": 466
  },
  "EMM": {
    "mean": 10.140910766217448,
    "std": 4.792813407975981,
    "n": 126
  },
  "TESS": {
    "mean": 9.816205956364739,
    "std": 6.526109895986046,
    "n": 157
  },
  "EURC": {
    "mean": 6.952340325543328,
    "std": 5.173269965269741,
    "n": 273
  },
  "NHPC": {
    "mean": 0.0,
    "std": 0.0,
    "n": 33
  },
  "PSYC": {
    "mean": 9.511877624841615,
    "std": 5.54306982999146,
    "n": 576
  },
  "JNO": {
    "mean": 8.947389716666752,
    "std": 4.395277171465204,
    "n": 1189
  },
  "MSL": {
    "mean": 0.24369409349139665,
    "std": 1.1019738045841472,
    "n": 150
  },
  "M20": {
    "mean": 0.336660145208054,
    "std": 1.2764259740444903,
    "n": 123
  },
  "CGO": {
    "mean": 10.279060284666913,
    "std": 5.574587467313706,
    "n": 200
  },
  "BIOS": {
    "mean": 6.90725756194875,
    "std": 3.8125412770442706,
    "n": 60
  },
  "SGP": {
    "mean": 0.0,
    "std": 0.0,
    "n": 34
  },
  "DSCO": {
    "mean": 4.817937187112194,
    "std": 4.949959910276561,
    "n": 37
  },
  "THB": {
    "mean": 8.064012213811347,
    "std": 5.658003114824895,
    "n": 101
  },
  "MMX": {
    "mean": 6.3793662675728315,
    "std": 4.908486167029739,
    "n": 73
  },
  "RST": {
    "mean": 6.771292771997224,
    "std": 5.938614102744261,
    "n": 42
  },
  "XMM": {
    "mean": 10.505180675604823,
    "std": 2.885995084216434,
    "n": 114
  },
  "TEST": {
    "mean": 0.0,
    "std": 0.0,
    "n": 138
  },
  "MEX": {
    "mean": 9.381623269263608,
    "std": 4.712619259557808,
    "n": 40
  },
  "BEPI": {
    "mean": 2.2665968526050566,
    "std": 3.6346409384521188,
    "n": 25
  },
  "HYB2": {
    "mean": 0.0,
    "std": 0.0,
    "n": 20
  },
  "HCRA": {
    "mean": 0.0,
    "std": 0.0,
    "n": 35
  },
  "EGS": {
    "mean": 0.0,
    "std": 0.0,
    "n": 16
  }
}