{
  "ACE": {
    "mean": 11.38114364947859,
    "std": 7.170114004970143e-05,
    "n": 9
  },
  "DSN": {
    "mean": 0.0,
    "std": 0.0,
    "n": 66
  },
  "DSS": {
    "mean": 0.0,
    "std": 0.0,
    "n": 22
  },
  "JWST": {
    "mean": 15.92213465708374,
    "std": 4.4160064184891885,
    "n": 14
  },
  "KPLO": {
    "mean": 1.4505069853734178,
    "std": 4.586905835764542,
    "n": 11
  },
  "LUCY": {
    "mean": 11.042937835596492,
    "std": 2.3498992183808822e-15,
    "n": 8
  },
  "M01O": {
    "mean": 7.96872918697725,
    "std": 3.5637240312735528,
    "n": 18
  },
  "MMS2": {
    "mean": 7.019327454639082,
    "std": 7.019327454639082,
    "n": 2
  },
  "ORX": {
    "mean": 0.0,
    "std": 0.0,
    "n": 2
  },
  "SOHO": {
    "mean": 10.452444247961301,
    "std": 4.52604112518751,
    "n": 19
  },
  "SPP": {
    "mean": 6.390576181243971,
    "std": 0.0,
    "n": 14
  },
  "VGR2": {
    "mean": 4.2790446594087,
    "std": 1.8528806946279748,
    "n": 19
  },
  "CAPS": {
    "mean": 7.26421303399404,
    "std": 6.13938055293441,
    "n": 12
  },
  "MRO": {
    "mean": 7.429374073764034,
    "std": 6.836319337366575,
    "n": 24
  },
  "STA": {
    "mean": 0.0,
    "std": 0.0,
    "n": 9
  },
  "IMAP": {
    "mean": 12.355804744354577,
    "std": 3.7254153018106604,
    "n": 12
  },
  "MMS3": {
    "mean": 8.022088519587522,
    "std": 6.947332449370293,
    "n": 7
  },
  "TGO": {
    "mean": 13.109820359457137,
    "std": 0.5569977786728474,
    "n": 6
  },
  "TDR8": {
    "mean": 7.257512157750082,
    "std": 2.743081758062069,
    "n": 8
  },
  "MMS4": {
    "mean": 14.731801689838349,
    "std": 0.0,
    "n": 4
  },
  "WIND": {
    "mean": 4.382104753571002,
    "std": 4.382104753571002,
    "n": 4
  },
  "ESCB": {
    "mean": 0.0,
    "std": 0.0,
    "n": 3
  },
  "THC": {
    "mean": 9.24223256044455,
    "std": 6.53524531679345,
    "n": 3
  }
}