{
  "ACE": {
    "mean": 8.31331012501156,
    "std": 4.983417102676098,
    "n": 719
  },
  "DSN": {
    "mean": 0.0,
    "std": 0.0,
    "n": 11001
  },
  "DSS": {
    "mean": 0.0,
    "std": 0.0,
    "n": 2019
  },
  "JWST": {
    "mean": 11.319327967298053,
    "std": 5.902485143679626,
    "n": 1679
  },
  "KPLO": {
    "mean": 8.691587956774898,
    "std": 6.209666517290678,
    "n": 1347
  },
  "LUCY": {
    "mean": 9.023204428419032,
    "std": 3.962621064704021,
    "n": 848
  },
  "M01O": {
    "mean": 7.859226912077639,
    "std": 4.287883641871752,
    "n": 2657
  },
  "MMS2": {
    "mean": 11.83199916645956,
    "std": 5.703584729000473,
    "n": 340
  },
  "ORX": {
    "mean": 4.225190764322875,
    "std": 6.347451778432965,
    "n": 775
  },
  "SOHO": {
    "mean": 10.405366113490102,
    "std": 4.510765669445336,
    "n": 2276
  },
  "SPP": {
    "mean": 8.948223199359857,
    "std": 4.602658248165142,
    "n": 1201
  },
  "VGR2": {
    "mean": 4.172451271354942,
    "std": 1.8815053261925965,
    "n": 1075
  },
  "CAPS": {
    "mean": 9.169626422469072,
    "std": 5.515984283082913,
    "n": 373
  },
  "MRO": {
    "mean": 11.344461438286478,
    "std": 5.712417563277621,
    "n": 1227
  },
  "STA": {
    "mean": 10.607603340539516,
    "std": 5.216898576787009,
    "n": 843
  },
  "IMAP": {
    "mean": 10.647337869829729,
    "std": 5.502954177159274,
    "n": 446
  },
  "MMS3": {
    "mean": 11.740952949821605,
    "std": 5.7863566138655615,
    "n": 328
  },
  "TGO": {
    "mean": 10.50848055621284,
    "std": 5.058261569697154,
    "n": 384
  },
  "TDR8": {
    "mean": 7.014025107082547,
    "std": 2.9972898409743474,
    "n": 136
  },
  "MMS4": {
    "mean": 12.005557979599425,
    "std": 5.606888919402827,
    "n": 302
  },
  "WIND": {
    "mean": 7.854785670546767,
    "std": 4.172029370266703,
    "n": 629
  },
  "ESCB": {
    "mean": 7.770308740673467,
    "std": 3.394773830088081,
    "n": 409
  },
  "THC": {
    "mean": 8.175936598912246,
    "std": 5.623516360344559,
    "n": 176
  },
  "CHDR": {
    "mean": 8.193150839141007,
    "std": 6.871451678497564,
    "n": 746
  },
  "MMS1": {
    "mean": 10.818061172800949,
    "std": 6.299001674715565,
    "n": 364
  },
  "ESCG": {
    "mean": 7.629744341358703,
    "std": 3.6330871348012352,
    "n": 373
  },
  "VGR1": {
    "mean": 4.1859761270395195,
    "std": 1.9276910993934242,
    "n": 1233
  },
  "DSSR": {
    "mean": 0.0,
    "std": 0.0,
    "n": 256
  },
  "LRO": {
    "mean": 10.749711050251358,
    "std": 6.4533253914625535,
    "n": 791
  },
  "SWFO": {
    "mean": 0.22320183114018993,
    "std": 1.3418664578225867,
    "n": 260
  },
  "GBRA": {
    "mean": 0.0,
    "std": 0.0,
    "n": 613
  },
  "EMM": {
    "mean": 10.135336904512531,
    "std": 4.79404608636372,
    "n": 186
  },
  "TESS": {
    "mean": 10.166429127361203,
    "std": 6.710185836027664,
    "n": 225
  },
  "EURC": {
    "mean": 6.8872281760334015,
    "std": 4.534880308111308,
    "n": 452
  },
  "NHPC": {
    "mean": 2.7034649927305514,
    "std": 2.918350044473756,
    "n": 444
  },
  "PSYC": {
    "mean": 9.62462859788582,
    "std": 5.4826134281452275,
    "n": 645
  },
  "JNO": {
    "mean": 9.01594720788823,
    "std": 4.154881323974849,
    "n": 1669
  },
  "MSL": {
    "mean": 0.2410993773349968,
    "std": 1.0946607544155145,
    "n": 216
  },
  "M20": {
    "mean": 0.4370970885284567,
    "std": 1.4392449802223781,
    "n": 225
  },
  "CGO": {
    "mean": 10.289850692054399,
    "std": 5.565489892861328,
    "n": 268
  },
  "BIOS": {
    "mean": 7.000237304147708,
    "std": 3.7431823578094545,
    "n": 90
  },
  "SGP": {
    "mean": 0.0,
    "std": 0.0,
    "n": 111
  },
  "DSCO": {
    "mean": 4.854675270238321,
    "std": 4.950816787020306,
    "n": 51
  },
  "THB": {
    "mean": 8.127425734448254,
    "std": 5.624767373043861,
    "n": 131
  },
  "MMX": {
    "mean": 6.447047574555721,
    "std": 4.86009682234796,
    "n": 75
  },
  "RST": {
    "mean": 6.2573459288108575,
    "std": 5.9069727957618285,
    "n": 50
  },
  "XMM": {
    "mean": 10.356520785449455,
    "std": 3.1226085073686924,
    "n": 144
  },
  "TEST": {
    "mean": 0.0,
    "std": 0.0,
    "n": 220
  },
  "MEX": {
    "mean": 9.495547254342087,
    "std": 4.561461788079343,
    "n": 59
  },
  "BEPI": {
    "mean": 4.342343111860535,
    "std": 5.071384013101949,
    "n": 40
  },
  "HYB2": {
    "mean": 4.1767749285408255,
    "std": 3.2512601559797702,
    "n": 463
  },
  "HCRA": {
    "mean": 0.0,
    "std": 0.0,
    "n": 74
  },
  "EGS": {
    "mean": 0.0,
    "std": 0.0,
    "n": 16
  }
}