{
  "ACE": {
    "mean": 8.365548218087394,
    "std": 4.957619563833488,
    "n": 692
  },
  "DSN": {
    "mean": 0.0,
    "std": 0.0,
    "n": 10775
  },
  "DSS": {
    "mean": 0.0,
    "std": 0.0,
    "n": 2019
  },
  "JWST": {
    "mean": 11.310635964884025,
    "std": 5.912200672577423,
    "n": 1629
  },
  "KPLO": {
    "mean": 8.635719371377391,
    "std": 6.187486209297414,
    "n": 1328
  },
  "LUCY": {
    "mean": 9.023204428419032,
    "std": 3.962621064704021,
    "n": 848
  },
  "M01O": {
    "mean": 7.848822811622314,
    "std": 4.296921705904367,
    "n": 2607
  },
  "MMS2": {
    "mean": 11.827771132554297,
    "std": 5.718963934241492,
    "n": 333
  },
  "ORX": {
    "mean": 4.253622879050892,
    "std": 6.359647516160542,
    "n": 744
  },
  "SOHO": {
    "mean": 10.40884758889522,
    "std": 4.505968146840988,
    "n": 2218
  },
  "SPP": {
    "mean": 8.98967706214505,
    "std": 4.6286297870048,
    "n": 1180
  },
  "VGR2": {
    "mean": 4.167349570174609,
    "std": 1.8855419497265702,
    "n": 1069
  },
  "CAPS": {
    "mean": 9.089348447214594,
    "std": 5.555941194049937,
    "n": 357
  },
  "MRO": {
    "mean": 11.309919278914009,
    "std": 5.728693455773499,
    "n": 1181
  },
  "STA": {
    "mean": 10.588223504806443,
    "std": 5.236204241582038,
    "n": 805
  },
  "IMAP": {
    "mean": 10.611333906193913,
    "std": 5.528761403829262,
    "n": 431
  },
  "MMS3": {
    "mean": 11.778315554501853,
    "std": 5.767976226796402,
    "n": 321
  },
  "TGO": {
    "mean": 10.432734557137348,
    "std": 5.127194392148625,
    "n": 361
  },
  "TDR8": {
    "mean": 7.014025107082547,
    "std": 2.9972898409743474,
    "n": 136
  },
  "MMS4": {
    "mean": 12.011774443556202,
    "std": 5.6140578667039325,
    "n": 296
  },
  "WIND": {
    "mean": 7.844900502423974,
    "std": 4.174202556864583,
    "n": 608
  },
  "ESCB": {
    "mean": 7.787862555613745,
    "std": 3.384623188426639,
    "n": 400
  },
  "THC": {
    "mean": 8.117918970124217,
    "std": 5.653376913594113,
    "n": 170
  },
  "CHDR": {
    "mean": 8.203588873341545,
    "std": 6.869154865587668,
    "n": 728
  },
  "MMS1": {
    "mean": 10.824557127651339,
    "std": 6.303706859843624,
    "n": 356
  },
  "ESCG": {
    "mean": 7.629744341358703,
    "std": 3.6330871348012352,
    "n": 373
  },
  "VGR1": {
    "mean": 4.3444052063542715,
    "std": 1.779874735970569,
    "n": 1174
  },
  "DSSR": {
    "mean": 0.0,
    "std": 0.0,
    "n": 235
  },
  "LRO": {
    "mean": 10.716378736878491,
    "std": 6.478858678555504,
    "n": 757
  },
  "SWFO": {
    "mean": 0.2284743153403519,
    "std": 1.3571790426253232,
    "n": 254
  },
  "GBRA": {
    "mean": 0.0,
    "std": 0.0,
    "n": 568
  },
  "EMM": {
    "mean": 10.135336904512531,
    "std": 4.79404608636372,
    "n": 186
  },
  "TESS": {
    "mean": 10.166429127361203,
    "std": 6.710185836027664,
    "n": 225
  },
  "EURC": {
    "mean": 6.926386308548608,
    "std": 4.592013532042907,
    "n": 434
  },
  "NHPC": {
    "mean": 2.684548835557677,
    "std": 2.8850514333545427,
    "n": 400
  },
  "PSYC": {
    "mean": 9.62462859788582,
    "std": 5.4826134281452275,
    "n": 645
  },
  "JNO": {
    "mean": 9.024622330835276,
    "std": 4.1614549038654784,
    "n": 1626
  },
  "MSL": {
    "mean": 0.2540364170944357,
    "std": 1.1221825856520087,
    "n": 205
  },
  "M20": {
    "mean": 0.4370970885284567,
    "std": 1.4392449802223781,
    "n": 225
  },
  "CGO": {
    "mean": 10.289850692054399,
    "std": 5.565489892861328,
    "n": 268
  },
  "BIOS": {
    "mean": 7.111815900254474,
    "std": 3.6669300959237847,
    "n": 81
  },
  "SGP": {
    "mean": 0.0,
    "std": 0.0,
    "n": 111
  },
  "DSCO": {
    "mean": 4.854675270238321,
    "std": 4.950816787020306,
    "n": 51
  },
  "THB": {
    "mean": 8.127425734448254,
    "std": 5.624767373043861,
    "n": 131
  },
  "MMX": {
    "mean": 6.447047574555721,
    "std": 4.86009682234796,
    "n": 75
  },
  "RST": {
    "mean": 6.2573459288108575,
    "std": 5.9069727957618285,
    "n": 50
  },
  "XMM": {
    "mean": 10.49102250883873,
    "std": 2.909686122370264,
    "n": 126
  },
  "TEST": {
    "mean": 0.0,
    "std": 0.0,
    "n": 220
  },
  "MEX": {
    "mean": 9.495547254342087,
    "std": 4.561461788079343,
    "n": 59
  },
  "BEPI": {
    "mean": 4.342343111860535,
    "std": 5.071384013101949,
    "n": 40
  },
  "HYB2": {
    "mean": 4.1767749285408255,
    "std": 3.2512601559797702,
    "n": 463
  },
  "HCRA": {
    "mean": 0.0,
    "std": 0.0,
    "n": 74
  },
  "EGS": {
    "mean": 0.0,
    "std": 0.0,
    "n": 16
  }
}