{
  "ACE": {
    "mean": 7.24254019735429,
    "std": 5.474845778082968,
    "n": 22
  },
  "DSN": {
    "mean": 0.0,
    "std": 0.0,
    "n": 195
  },
  "DSS": {
    "mean": 0.0,
    "std": 0.0,
    "n": 78
  },
  "JWST": {
    "mean": 15.310088087336348,
    "std": 5.303570437482576,
    "n": 28
  },
  "KPLO": {
    "mean": 5.131096851296155,
    "std": 5.889168228442278,
    "n": 30
  },
  "LUCY": {
    "mean": 11.042937835596492,
    "std": 2.3498992183808822e-15,
    "n": 8
  },
  "M01O": {
    "mean": 8.602670452051534,
    "std": 3.065463272216972,
    "n": 45
  },
  "MMS2": {
    "mean": 10.875564572238716,
    "std": 6.285383334759951,
    "n": 4
  },
  "ORX": {
    "mean": 5.720223597841123,
    "std": 6.7682598363994435,
    "n": 12
  },
  "SOHO": {
    "mean": 10.084975504868922,
    "std": 4.844665526292556,
    "n": 48
  },
  "SPP": {
    "mean": 6.124302173692139,
    "std": 1.277005279255886,
    "n": 24
  },
  "VGR2": {
    "mean": 4.476460480796163,
    "std": 1.6455796030704042,
    "n": 42
  },
  "CAPS": {
    "mean": 7.26421303399404,
    "std": 6.13938055293441,
    "n": 12
  },
  "MRO": {
    "mean": 10.44106065854629,
    "std": 6.11933635914884,
    "n": 47
  },
  "STA": {
    "mean": 4.358124954445886,
    "std": 6.163324975661881,
    "n": 15
  },
  "IMAP": {
    "mean": 11.681851758298873,
    "std": 4.581999236189549,
    "n": 15
  },
  "MMS3": {
    "mean": 8.022088519587522,
    "std": 6.947332449370293,
    "n": 7
  },
  "TGO": {
    "mean": 11.559304214338324,
    "std": 4.4016199652425225,
    "n": 8
  },
  "TDR8": {
    "mean": 5.836729354381017,
    "std": 3.7873701224933076,
    "n": 27
  },
  "MMS4": {
    "mean": 14.731801689838349,
    "std": 0.0,
    "n": 4
  },
  "WIND": {
    "mean": 7.17087296098777,
    "std": 3.3803819670651323,
    "n": 11
  },
  "ESCB": {
    "mean": 7.114963101839682,
    "std": 3.649899059186077,
    "n": 24
  },
  "THC": {
    "mean": 9.617532833982262,
    "std": 5.625208682398356,
    "n": 8
  },
  "CHDR": {
    "mean": 6.993891310327608,
    "std": 6.993891310327607,
    "n": 10
  },
  "MMS1": {
    "mean": 8.418172394193343,
    "std": 7.290351146808303,
    "n": 7
  },
  "ESCG": {
    "mean": 7.998710846184679,
    "std": 3.9993554230923385,
    "n": 5
  },
  "VGR1": {
    "mean": 4.446228819361406,
    "std": 1.6805165325883717,
    "n": 8
  },
  "DSSR": {
    "mean": 0.0,
    "std": 0.0,
    "n": 6
  },
  "LRO": {
    "mean": 8.920578533315334,
    "std": 5.1502984175368045,
    "n": 4
  },
  "SWFO": {
    "mean": 0.0,
    "std": 0.0,
    "n": 1
  },
  "GBRA": {
    "mean": 0.0,
    "std": 0.0,
    "n": 7
  },
  "EMM": {
    "mean": 11.156655447476297,
    "std": 3.7188851491587656,
    "n": 10
  },
  "TESS": {
    "mean": 4.840203249634437,
    "std": 4.840203249634437,
    "n": 4
  },
  "EURC": {
    "mean": 6.027122261686791,
    "std": 5.245471222076869,
    "n": 3
  }
}