{
  "ACE": {
    "mean": 8.396290425417805,
    "std": 4.925709935993322,
    "n": 522
  },
  "DSN": {
    "mean": 0.0,
    "std": 0.0,
    "n": 8135
  },
  "DSS": {
    "mean": 0.0,
    "std": 0.0,
    "n": 1639
  },
  "JWST": {
    "mean": 11.329307095136123,
    "std": 5.986967830334211,
    "n": 1168
  },
  "KPLO": {
    "mean": 8.70503588017829,
    "std": 6.268150673985124,
    "n": 956
  },
  "LUCY": {
    "mean": 9.125318556765025,
    "std": 4.008562526160597,
    "n": 732
  },
  "M01O": {
    "mean": 7.825412618480462,
    "std": 4.347863422032911,
    "n": 1957
  },
  "MMS2": {
    "mean": 12.2324744430545,
    "std": 5.391758614103415,
    "n": 234
  },
  "ORX": {
    "mean": 4.0469539025806025,
    "std": 6.271996725100094,
    "n": 517
  },
  "SOHO": {
    "mean": 10.414271227157979,
    "std": 4.477732906956563,
    "n": 1609
  },
  "SPP": {
    "mean": 8.557321397490991,
    "std": 4.465272488483939,
    "n": 830
  },
  "VGR2": {
    "mean": 4.1087821483544165,
    "std": 1.93075615939118,
    "n": 784
  },
  "CAPS": {
    "mean": 9.192975007497182,
    "std": 5.512415552503618,
    "n": 265
  },
  "MRO": {
    "mean": 11.158788733119986,
    "std": 5.85756593158053,
    "n": 828
  },
  "STA": {
    "mean": 10.49705598601655,
    "std": 5.307221897177874,
    "n": 595
  },
  "IMAP": {
    "mean": 10.641299333597692,
    "std": 5.509027915384444,
    "n": 336
  },
  "MMS3": {
    "mean": 11.553794124187505,
    "std": 5.935157687913379,
    "n": 235
  },
  "TGO": {
    "mean": 10.293870694657487,
    "std": 5.220333065927704,
    "n": 260
  },
  "TDR8": {
    "mean": 6.839711603308979,
    "std": 3.15492915596383,
    "n": 114
  },
  "MMS4": {
    "mean": 12.096964997355608,
    "std": 5.535471341230227,
    "n": 214
  },
  "WIND": {
    "mean": 7.888186722640201,
    "std": 4.196193244163016,
    "n": 450
  },
  "ESCB": {
    "mean": 7.82164251798372,
    "std": 3.4050430401426963,
    "n": 269
  },
  "THC": {
    "mean": 8.34522204567039,
    "std": 5.564599415446438,
    "n": 128
  },
  "CHDR": {
    "mean": 8.185195498168694,
    "std": 6.876781360478779,
    "n": 539
  },
  "MMS1": {
    "mean": 10.694915250762467,
    "std": 6.387530257328986,
    "n": 259
  },
  "ESCG": {
    "mean": 7.636555905953473,
    "std": 3.678242527780648,
    "n": 298
  },
  "VGR1": {
    "mean": 4.421817729976512,
    "std": 1.7041049856592647,
    "n": 837
  },
  "DSSR": {
    "mean": 0.0,
    "std": 0.0,
    "n": 142
  },
  "LRO": {
    "mean": 10.750456397234867,
    "std": 6.583692294577562,
    "n": 519
  },
  "SWFO": {
    "mean": 0.2901623804822465,
    "std": 1.52360028728753,
    "n": 200
  },
  "GBRA": {
    "mean": 0.0,
    "std": 0.0,
    "n": 482
  },
  "EMM": {
    "mean": 10.193361302596793,
    "std": 4.748936104616967,
    "n": 129
  },
  "TESS": {
    "mean": 9.754017036109094,
    "std": 6.510762666029546,
    "n": 160
  },
  "EURC": {
    "mean": 7.015747212590843,
    "std": 5.180509860285611,
    "n": 276
  },
  "NHPC": {
    "mean": 0.0,
    "std": 0.0,
    "n": 35
  },
  "PSYC": {
    "mean": 9.540450371828479,
    "std": 5.527543876129292,
    "n": 585
  },
  "JNO": {
    "mean": 8.953061351209818,
    "std": 4.396733203023371,
    "n": 1200
  },
  "MSL": {
    "mean": 0.2389157779327418,
    "std": 1.0916396703449025,
    "n": 153
  },
  "M20": {
    "mean": 0.43798190044855473,
    "std": 1.4405664690525166,
    "n": 130
  },
  "CGO": {
    "mean": 10.314074653709458,
    "std": 5.557962091861507,
    "n": 202
  },
  "BIOS": {
    "mean": 6.974408779021245,
    "std": 3.7685359765902495,
    "n": 62
  },
  "SGP": {
    "mean": 0.0,
    "std": 0.0,
    "n": 34
  },
  "DSCO": {
    "mean": 4.951768775643088,
    "std": 4.951768775643087,
    "n": 38
  },
  "THB": {
    "mean": 8.17131157199432,
    "std": 5.610450677587311,
    "n": 104
  },
  "MMX": {
    "mean": 6.447047574555721,
    "std": 4.86009682234796,
    "n": 75
  },
  "RST": {
    "mean": 6.771292771997224,
    "std": 5.938614102744261,
    "n": 42
  },
  "XMM": {
    "mean": 10.525509644591095,
    "std": 2.8515098630196727,
    "n": 117
  },
  "TEST": {
    "mean": 0.0,
    "std": 0.0,
    "n": 138
  },
  "MEX": {
    "mean": 9.381623269263608,
    "std": 4.712619259557808,
    "n": 40
  },
  "BEPI": {
    "mean": 2.2665968526050566,
    "std": 3.6346409384521188,
    "n": 25
  },
  "HYB2": {
    "mean": 0.0,
    "std": 0.0,
    "n": 24
  },
  "HCRA": {
    "mean": 0.0,
    "std": 0.0,
    "n": 38
  },
  "EGS": {
    "mean": 0.0,
    "std": 0.0,
    "n": 16
  }
}