{
  "ACE": {
    "mean": 8.482383151706056,
    "std": 4.908417034003144,
    "n": 323
  },
  "DSN": {
    "mean": 0.0,
    "std": 0.0,
    "n": 5391
  },
  "DSS": {
    "mean": 0.0,
    "std": 0.0,
    "n": 1310
  },
  "JWST": {
    "mean": 11.119240272678178,
    "std": 6.0735954506690515,
    "n": 684
  },
  "KPLO": {
    "mean": 8.407297475578705,
    "std": 6.551051036496454,
    "n": 530
  },
  "LUCY": {
    "mean": 8.994999859348495,
    "std": 4.218851956891441,
    "n": 566
  },
  "M01O": {
    "mean": 7.967091983332994,
    "std": 4.27335748583263,
    "n": 1118
  },
  "MMS2": {
    "mean": 11.921916411365908,
    "std": 5.61415564716522,
    "n": 138
  },
  "ORX": {
    "mean": 4.171229684643895,
    "std": 6.314867641878636,
    "n": 237
  },
  "SOHO": {
    "mean": 10.366931532245392,
    "std": 4.604168141619182,
    "n": 868
  },
  "SPP": {
    "mean": 7.738414556312083,
    "std": 4.363209574573837,
    "n": 478
  },
  "VGR2": {
    "mean": 4.404507081903753,
    "std": 1.6459465999654064,
    "n": 480
  },
  "CAPS": {
    "mean": 8.649604634941179,
    "std": 5.7710023426369155,
    "n": 143
  },
  "MRO": {
    "mean": 11.278972038195908,
    "std": 5.8033998721965405,
    "n": 552
  },
  "STA": {
    "mean": 10.432821967326275,
    "std": 5.365591463526464,
    "n": 359
  },
  "IMAP": {
    "mean": 10.452996150298985,
    "std": 5.632579851732092,
    "n": 200
  },
  "MMS3": {
    "mean": 11.479235494110112,
    "std": 5.934244153291827,
    "n": 133
  },
  "TGO": {
    "mean": 9.982102148876939,
    "std": 5.391865089623975,
    "n": 142
  },
  "TDR8": {
    "mean": 6.839711603308979,
    "std": 3.15492915596383,
    "n": 114
  },
  "MMS4": {
    "mean": 12.068107600788089,
    "std": 5.549871690602462,
    "n": 109
  },
  "WIND": {
    "mean": 7.847321172539703,
    "std": 4.256335767309438,
    "n": 278
  },
  "ESCB": {
    "mean": 8.143695128043909,
    "std": 3.247454155295298,
    "n": 153
  },
  "THC": {
    "mean": 8.62802753909078,
    "std": 5.453419868177859,
    "n": 85
  },
  "CHDR": {
    "mean": 8.048445175533534,
    "std": 6.907736911658559,
    "n": 323
  },
  "MMS1": {
    "mean": 10.34060039322348,
    "std": 6.513995205811357,
    "n": 141
  },
  "ESCG": {
    "mean": 7.562086437229526,
    "std": 3.599471395867426,
    "n": 198
  },
  "VGR1": {
    "mean": 4.518065937435919,
    "std": 1.5952580251923032,
    "n": 424
  },
  "DSSR": {
    "mean": 0.0,
    "std": 0.0,
    "n": 85
  },
  "LRO": {
    "mean": 10.044693677902385,
    "std": 6.69209641276859,
    "n": 257
  },
  "SWFO": {
    "mean": 0.0,
    "std": 0.0,
    "n": 113
  },
  "GBRA": {
    "mean": 0.0,
    "std": 0.0,
    "n": 336
  },
  "EMM": {
    "mean": 11.152573676561037,
    "std": 3.749130287244314,
    "n": 69
  },
  "TESS": {
    "mean": 8.025684515580215,
    "std": 5.356285820698605,
    "n": 85
  },
  "EURC": {
    "mean": 6.4752869330862435,
    "std": 5.345816731816498,
    "n": 157
  },
  "NHPC": {
    "mean": 0.0,
    "std": 0.0,
    "n": 23
  },
  "PSYC": {
    "mean": 9.683103774502268,
    "std": 5.446633384406023,
    "n": 387
  },
  "JNO": {
    "mean": 8.847994047183033,
    "std": 4.580914133254063,
    "n": 757
  },
  "MSL": {
    "mean": 0.18881318555590726,
    "std": 0.9820219229921261,
    "n": 84
  },
  "M20": {
    "mean": 0.26544357602942714,
    "std": 1.1417159905260457,
    "n": 78
  },
  "CGO": {
    "mean": 10.205317695735747,
    "std": 5.597841933209258,
    "n": 150
  },
  "BIOS": {
    "mean": 7.126539924862833,
    "std": 3.669325643173708,
    "n": 43
  },
  "SGP": {
    "mean": 0.0,
    "std": 0.0,
    "n": 34
  },
  "DSCO": {
    "mean": 4.539121377672829,
    "std": 4.934545179890666,
    "n": 24
  },
  "THB": {
    "mean": 8.850979104734368,
    "std": 5.416431888036537,
    "n": 52
  },
  "MMX": {
    "mean": 6.168381566056731,
    "std": 4.884485997423059,
    "n": 62
  },
  "RST": {
    "mean": 7.504568018465512,
    "std": 6.107700359240118,
    "n": 29
  },
  "XMM": {
    "mean": 10.08752262698692,
    "std": 3.4944203426957317,
    "n": 56
  },
  "TEST": {
    "mean": 0.0,
    "std": 0.0,
    "n": 68
  },
  "MEX": {
    "mean": 9.66010675549268,
    "std": 4.5289395426079455,
    "n": 28
  },
  "BEPI": {
    "mean": 6.2961023683473805,
    "std": 3.365408276344554,
    "n": 9
  },
  "HYB2": {
    "mean": 0.0,
    "std": 0.0,
    "n": 8
  },
  "HCRA": {
    "mean": 0.0,
    "std": 0.0,
    "n": 14
  }
}