{
  "ACE": {
    "mean": 10.243029284530731,
    "std": 3.4143430955211524,
    "n": 10
  },
  "DSN": {
    "mean": 0.0,
    "std": 0.0,
    "n": 108
  },
  "DSS": {
    "mean": 0.0,
    "std": 0.0,
    "n": 36
  },
  "JWST": {
    "mean": 15.92213465708374,
    "std": 4.4160064184891885,
    "n": 14
  },
  "KPLO": {
    "mean": 1.4505069853734178,
    "std": 4.586905835764542,
    "n": 11
  },
  "LUCY": {
    "mean": 11.042937835596492,
    "std": 2.3498992183808822e-15,
    "n": 8
  },
  "M01O": {
    "mean": 8.66599299083776,
    "std": 2.78727591368809,
    "n": 32
  },
  "MMS2": {
    "mean": 7.019327454639082,
    "std": 7.019327454639082,
    "n": 2
  },
  "ORX": {
    "mean": 0.0,
    "std": 0.0,
    "n": 2
  },
  "SOHO": {
    "mean": 10.272229691961972,
    "std": 4.688609931801595,
    "n": 29
  },
  "SPP": {
    "mean": 6.390576181243971,
    "std": 0.0,
    "n": 14
  },
  "VGR2": {
    "mean": 4.425719243341754,
    "std": 1.703460134520399,
    "n": 31
  },
  "CAPS": {
    "mean": 7.26421303399404,
    "std": 6.13938055293441,
    "n": 12
  },
  "MRO": {
    "mean": 9.92644323522843,
    "std": 6.34166936383666,
    "n": 38
  },
  "STA": {
    "mean": 0.0,
    "std": 0.0,
    "n": 9
  },
  "IMAP": {
    "mean": 11.681851758298873,
    "std": 4.581999236189549,
    "n": 15
  },
  "MMS3": {
    "mean": 8.022088519587522,
    "std": 6.947332449370293,
    "n": 7
  },
  "TGO": {
    "mean": 13.109820359457137,
    "std": 0.5569977786728474,
    "n": 6
  },
  "TDR8": {
    "mean": 6.082486379828638,
    "std": 3.667877293516134,
    "n": 15
  },
  "MMS4": {
    "mean": 14.731801689838349,
    "std": 0.0,
    "n": 4
  },
  "WIND": {
    "mean": 7.17087296098777,
    "std": 3.3803819670651323,
    "n": 11
  },
  "ESCB": {
    "mean": 7.401323845876574,
    "std": 3.4261471907192074,
    "n": 17
  },
  "THC": {
    "mean": 10.3972731948487,
    "std": 6.00286849051162,
    "n": 4
  },
  "CHDR": {
    "mean": 6.993891310327608,
    "std": 6.993891310327608,
    "n": 6
  },
  "MMS1": {
    "mean": 11.048851267378762,
    "std": 6.379057253457265,
    "n": 4
  }
}