{
  "ACE": {
    "mean": 8.408658892102862,
    "std": 4.963644182569607,
    "n": 449
  },
  "DSN": {
    "mean": 0.0,
    "std": 0.0,
    "n": 7161
  },
  "DSS": {
    "mean": 0.0,
    "std": 0.0,
    "n": 1535
  },
  "JWST": {
    "mean": 11.206638236540483,
    "std": 6.035703547872559,
    "n": 997
  },
  "KPLO": {
    "mean": 8.623390068923262,
    "std": 6.332209788202508,
    "n": 817
  },
  "LUCY": {
    "mean": 9.132801930359506,
    "std": 4.052375803934068,
    "n": 700
  },
  "M01O": {
    "mean": 7.769834747522837,
    "std": 4.390652479937919,
    "n": 1676
  },
  "MMS2": {
    "mean": 12.196662642448604,
    "std": 5.410100824263892,
    "n": 195
  },
  "ORX": {
    "mean": 3.8496862592837275,
    "std": 6.167372577618947,
    "n": 403
  },
  "SOHO": {
    "mean": 10.33444233105366,
    "std": 4.536317127361906,
    "n": 1362
  },
  "SPP": {
    "mean": 8.651988959177997,
    "std": 4.456958373437672,
    "n": 808
  },
  "VGR2": {
    "mean": 4.298029159092584,
    "std": 1.751570953418699,
    "n": 658
  },
  "CAPS": {
    "mean": 9.083163709392235,
    "std": 5.571997327359381,
    "n": 238
  },
  "MRO": {
    "mean": 11.138723227125979,
    "std": 5.876035602928581,
    "n": 697
  },
  "STA": {
    "mean": 10.47465773597623,
    "std": 5.322474775193344,
    "n": 522
  },
  "IMAP": {
    "mean": 10.856991861990233,
    "std": 5.347683114247175,
    "n": 292
  },
  "MMS3": {
    "mean": 11.870264196166179,
    "std": 5.695804400135885,
    "n": 198
  },
  "TGO": {
    "mean": 10.166213627689388,
    "std": 5.289041076126431,
    "n": 226
  },
  "TDR8": {
    "mean": 6.839711603308979,
    "std": 3.15492915596383,
    "n": 114
  },
  "MMS4": {
    "mean": 11.902609809913343,
    "std": 5.702206089404182,
    "n": 177
  },
  "WIND": {
    "mean": 7.847242118471113,
    "std": 4.247042286811616,
    "n": 386
  },
  "ESCB": {
    "mean": 8.016766828005293,
    "std": 3.2668433300826196,
    "n": 219
  },
  "THC": {
    "mean": 8.527854218708585,
    "std": 5.429560259832606,
    "n": 119
  },
  "CHDR": {
    "mean": 8.143546757467247,
    "std": 6.885757571600762,
    "n": 463
  },
  "MMS1": {
    "mean": 10.476474217469386,
    "std": 6.495066904357041,
    "n": 220
  },
  "ESCG": {
    "mean": 7.685456021667649,
    "std": 3.4829368982593527,
    "n": 239
  },
  "VGR1": {
    "mean": 4.4623788601663135,
    "std": 1.655282521677766,
    "n": 688
  },
  "DSSR": {
    "mean": 0.0,
    "std": 0.0,
    "n": 113
  },
  "LRO": {
    "mean": 10.856190768345561,
    "std": 6.638552077050781,
    "n": 439
  },
  "SWFO": {
    "mean": 0.24523004070257284,
    "std": 1.4044652225680567,
    "n": 169
  },
  "GBRA": {
    "mean": 0.0,
    "std": 0.0,
    "n": 414
  },
  "EMM": {
    "mean": 9.998539263338113,
    "std": 4.908986563894247,
    "n": 103
  },
  "TESS": {
    "mean": 9.210863544255208,
    "std": 6.39099910308455,
    "n": 132
  },
  "EURC": {
    "mean": 6.927653534239651,
    "std": 5.269271732500624,
    "n": 240
  },
  "NHPC": {
    "mean": 0.0,
    "std": 0.0,
    "n": 30
  },
  "PSYC": {
    "mean": 9.416023447976233,
    "std": 5.596803493779468,
    "n": 544
  },
  "JNO": {
    "mean": 8.866199738344571,
    "std": 4.523980145620312,
    "n": 1042
  },
  "MSL": {
    "mean": 0.23242936511952347,
    "std": 1.0783192518602547,
    "n": 135
  },
  "M20": {
    "mean": 0.40999205802564986,
    "std": 1.3978865454187446,
    "n": 101
  },
  "CGO": {
    "mean": 10.316822035197166,
    "std": 5.599713687429647,
    "n": 184
  },
  "BIOS": {
    "mean": 6.881448591857102,
    "std": 3.8306128668279746,
    "n": 55
  },
  "SGP": {
    "mean": 0.0,
    "std": 0.0,
    "n": 34
  },
  "DSCO": {
    "mean": 4.951768775643087,
    "std": 4.951768775643086,
    "n": 34
  },
  "THB": {
    "mean": 8.1351442206711,
    "std": 5.603868151636041,
    "n": 91
  },
  "MMX": {
    "mean": 6.3833415820869694,
    "std": 4.865709226505287,
    "n": 71
  },
  "RST": {
    "mean": 7.504568018465512,
    "std": 6.107700359240118,
    "n": 29
  },
  "XMM": {
    "mean": 10.403132049426544,
    "std": 3.0511786047110028,
    "n": 101
  },
  "TEST": {
    "mean": 0.0,
    "std": 0.0,
    "n": 102
  },
  "MEX": {
    "mean": 9.32574765239274,
    "std": 4.759553845465456,
    "n": 39
  },
  "BEPI": {
    "mean": 2.2665968526050566,
    "std": 3.6346409384521188,
    "n": 25
  },
  "HYB2": {
    "mean": 0.0,
    "std": 0.0,
    "n": 16
  },
  "HCRA": {
    "mean": 0.0,
    "std": 0.0,
    "n": 33
  },
  "EGS": {
    "mean": 0.0,
    "std": 0.0,
    "n": 16
  }
}