{
  "ACE": {
    "mean": 8.447354870340671,
    "std": 4.903649886328809,
    "n": 566
  },
  "DSN": {
    "mean": 0.0,
    "std": 0.0,
    "n": 8760
  },
  "DSS": {
    "mean": 0.0,
    "std": 0.0,
    "n": 1742
  },
  "JWST": {
    "mean": 11.34472934562362,
    "std": 6.012520408559058,
    "n": 1291
  },
  "KPLO": {
    "mean": 8.651692297897483,
    "std": 6.279067879697193,
    "n": 1077
  },
  "LUCY": {
    "mean": 9.097333741535659,
    "std": 3.9908234560863267,
    "n": 766
  },
  "M01O": {
    "mean": 7.881767981030141,
    "std": 4.323311222896879,
    "n": 2165
  },
  "MMS2": {
    "mean": 12.085738148550025,
    "std": 5.5116910080974195,
    "n": 256
  },
  "ORX": {
    "mean": 3.9968751602720918,
    "std": 6.247993356408316,
    "n": 575
  },
  "SOHO": {
    "mean": 10.423794474929068,
    "std": 4.476857740397152,
    "n": 1779
  },
  "SPP": {
    "mean": 8.995611103037888,
    "std": 4.540404289600202,
    "n": 977
  },
  "VGR2": {
    "mean": 4.14077786962438,
    "std": 1.9084509642756853,
    "n": 873
  },
  "CAPS": {
    "mean": 9.103384760466334,
    "std": 5.557694695916504,
    "n": 295
  },
  "MRO": {
    "mean": 11.1749496025129,
    "std": 5.8326858218635005,
    "n": 901
  },
  "STA": {
    "mean": 10.529163614402252,
    "std": 5.2890871525201515,
    "n": 641
  },
  "IMAP": {
    "mean": 10.581687596374046,
    "std": 5.549962199637346,
    "n": 357
  },
  "MMS3": {
    "mean": 11.621579637527987,
    "std": 5.886958459216676,
    "n": 255
  },
  "TGO": {
    "mean": 10.3141067284068,
    "std": 5.222739616477046,
    "n": 300
  },
  "TDR8": {
    "mean": 6.839711603308979,
    "std": 3.15492915596383,
    "n": 114
  },
  "MMS4": {
    "mean": 12.061452547563395,
    "std": 5.563879678122106,
    "n": 234
  },
  "WIND": {
    "mean": 7.898020105231678,
    "std": 4.184462155957587,
    "n": 482
  },
  "ESCB": {
    "mean": 7.791614077704481,
    "std": 3.3664068860269927,
    "n": 319
  },
  "THC": {
    "mean": 8.193392562835303,
    "std": 5.613047573066228,
    "n": 139
  },
  "CHDR": {
    "mean": 8.187729724457123,
    "std": 6.876495585004021,
    "n": 590
  },
  "MMS1": {
    "mean": 10.714562012527521,
    "std": 6.3666874980137,
    "n": 284
  },
  "ESCG": {
    "mean": 7.6343721735486305,
    "std": 3.677742216917958,
    "n": 323
  },
  "VGR1": {
    "mean": 4.4146711012976345,
    "std": 1.7048583512081412,
    "n": 952
  },
  "DSSR": {
    "mean": 0.0,
    "std": 0.0,
    "n": 168
  },
  "LRO": {
    "mean": 10.796764405478367,
    "std": 6.513449141948979,
    "n": 586
  },
  "SWFO": {
    "mean": 0.26743076542142563,
    "std": 1.4647796565901217,
    "n": 217
  },
  "GBRA": {
    "mean": 0.0,
    "std": 0.0,
    "n": 506
  },
  "EMM": {
    "mean": 10.220441761766253,
    "std": 4.725079535760229,
    "n": 142
  },
  "TESS": {
    "mean": 9.526441127253786,
    "std": 6.393731075681011,
    "n": 175
  },
  "EURC": {
    "mean": 7.073237897790295,
    "std": 5.068616792202247,
    "n": 304
  },
  "NHPC": {
    "mean": 1.2097925023767158,
    "std": 1.8146887535650735,
    "n": 65
  },
  "PSYC": {
    "mean": 9.631960984400793,
    "std": 5.475885829748371,
    "n": 606
  },
  "JNO": {
    "mean": 8.984656663602413,
    "std": 4.376057744247033,
    "n": 1259
  },
  "MSL": {
    "mean": 0.24836408356673606,
    "std": 1.1111895918040897,
    "n": 168
  },
  "M20": {
    "mean": 0.4896357855137405,
    "std": 1.5148217511607978,
    "n": 148
  },
  "CGO": {
    "mean": 10.300315363910899,
    "std": 5.590548267115453,
    "n": 213
  },
  "BIOS": {
    "mean": 6.976562835742111,
    "std": 3.7645650646294055,
    "n": 71
  },
  "SGP": {
    "mean": 0.0,
    "std": 0.0,
    "n": 34
  },
  "DSCO": {
    "mean": 4.951768775643087,
    "std": 4.951768775643087,
    "n": 44
  },
  "THB": {
    "mean": 8.120803425503418,
    "std": 5.622722137669865,
    "n": 109
  },
  "MMX": {
    "mean": 6.447047574555721,
    "std": 4.86009682234796,
    "n": 75
  },
  "RST": {
    "mean": 6.771292771997224,
    "std": 5.938614102744261,
    "n": 42
  },
  "XMM": {
    "mean": 10.478006574044688,
    "std": 2.9312374535648464,
    "n": 124
  },
  "TEST": {
    "mean": 0.0,
    "std": 0.0,
    "n": 144
  },
  "MEX": {
    "mean": 9.48539227202379,
    "std": 4.622399748859159,
    "n": 42
  },
  "BEPI": {
    "mean": 2.2665968526050566,
    "std": 3.6346409384521188,
    "n": 25
  },
  "HYB2": {
    "mean": 2.3991145936602636,
    "std": 2.581555698351998,
    "n": 79
  },
  "HCRA": {
    "mean": 0.0,
    "std": 0.0,
    "n": 43
  },
  "EGS": {
    "mean": 0.0,
    "std": 0.0,
    "n": 16
  }
}