{
  "ACE": {
    "mean": 8.42897097765113,
    "std": 4.941995588125982,
    "n": 348
  },
  "DSN": {
    "mean": 0.0,
    "std": 0.0,
    "n": 5575
  },
  "DSS": {
    "mean": 0.0,
    "std": 0.0,
    "n": 1310
  },
  "JWST": {
    "mean": 11.164638184553183,
    "std": 6.060717433097156,
    "n": 725
  },
  "KPLO": {
    "mean": 8.56613666513518,
    "std": 6.525554865477173,
    "n": 583
  },
  "LUCY": {
    "mean": 9.007945598853084,
    "std": 4.2014950082130795,
    "n": 588
  },
  "M01O": {
    "mean": 7.863487795116548,
    "std": 4.31564040912744,
    "n": 1214
  },
  "MMS2": {
    "mean": 12.030486454140135,
    "std": 5.537496911114476,
    "n": 149
  },
  "ORX": {
    "mean": 3.7492195886724744,
    "std": 6.117597364385189,
    "n": 271
  },
  "SOHO": {
    "mean": 10.385348611589162,
    "std": 4.587498728572787,
    "n": 931
  },
  "SPP": {
    "mean": 8.301413052042202,
    "std": 4.399465928277987,
    "n": 565
  },
  "VGR2": {
    "mean": 4.2465490699294985,
    "std": 1.8145192124799232,
    "n": 517
  },
  "CAPS": {
    "mean": 8.663012669596775,
    "std": 5.759966831586467,
    "n": 160
  },
  "MRO": {
    "mean": 11.209019975261974,
    "std": 5.8448262773996476,
    "n": 578
  },
  "STA": {
    "mean": 10.459261548231385,
    "std": 5.341887075123182,
    "n": 392
  },
  "IMAP": {
    "mean": 10.447839564652286,
    "std": 5.635464282783387,
    "n": 213
  },
  "MMS3": {
    "mean": 11.808748210261129,
    "std": 5.710417963898015,
    "n": 148
  },
  "TGO": {
    "mean": 9.9861722109033,
    "std": 5.403937520770157,
    "n": 155
  },
  "TDR8": {
    "mean": 6.839711603308979,
    "std": 3.15492915596383,
    "n": 114
  },
  "MMS4": {
    "mean": 12.152556030279412,
    "std": 5.491814020249833,
    "n": 124
  },
  "WIND": {
    "mean": 7.850615546299446,
    "std": 4.262471155789959,
    "n": 296
  },
  "ESCB": {
    "mean": 8.165188801542152,
    "std": 3.208573251265016,
    "n": 157
  },
  "THC": {
    "mean": 8.611791407042599,
    "std": 5.443817686129191,
    "n": 92
  },
  "CHDR": {
    "mean": 8.073173939675746,
    "std": 6.904361788817204,
    "n": 348
  },
  "MMS1": {
    "mean": 10.479527408478024,
    "std": 6.470889326340788,
    "n": 156
  },
  "ESCG": {
    "mean": 7.557934917618794,
    "std": 3.585689891265214,
    "n": 210
  },
  "VGR1": {
    "mean": 4.447531372951322,
    "std": 1.6789428402219095,
    "n": 465
  },
  "DSSR": {
    "mean": 0.0,
    "std": 0.0,
    "n": 85
  },
  "LRO": {
    "mean": 10.050897027321648,
    "std": 6.721719841329948,
    "n": 273
  },
  "SWFO": {
    "mean": 0.3315510150298787,
    "std": 1.6242631241151977,
    "n": 125
  },
  "GBRA": {
    "mean": 0.0,
    "std": 0.0,
    "n": 347
  },
  "EMM": {
    "mean": 11.152573676561037,
    "std": 3.749130287244314,
    "n": 69
  },
  "TESS": {
    "mean": 9.147031442057662,
    "std": 6.109988969835761,
    "n": 97
  },
  "EURC": {
    "mean": 6.087545200566108,
    "std": 5.406191723110936,
    "n": 167
  },
  "NHPC": {
    "mean": 0.0,
    "std": 0.0,
    "n": 23
  },
  "PSYC": {
    "mean": 9.332162904662004,
    "std": 5.646383687679523,
    "n": 418
  },
  "JNO": {
    "mean": 8.905446422937596,
    "std": 4.556854374713388,
    "n": 781
  },
  "MSL": {
    "mean": 0.174289094359299,
    "std": 0.9448366877996783,
    "n": 91
  },
  "M20": {
    "mean": 0.24945299916018457,
    "std": 1.108593377259091,
    "n": 83
  },
  "CGO": {
    "mean": 10.205317695735747,
    "std": 5.597841933209258,
    "n": 150
  },
  "BIOS": {
    "mean": 7.126539924862833,
    "std": 3.669325643173708,
    "n": 43
  },
  "SGP": {
    "mean": 0.0,
    "std": 0.0,
    "n": 34
  },
  "DSCO": {
    "mean": 4.539121377672829,
    "std": 4.934545179890666,
    "n": 24
  },
  "THB": {
    "mean": 8.561010721535453,
    "std": 5.628930171567166,
    "n": 57
  },
  "MMX": {
    "mean": 6.168381566056731,
    "std": 4.884485997423059,
    "n": 62
  },
  "RST": {
    "mean": 7.504568018465512,
    "std": 6.107700359240118,
    "n": 29
  },
  "XMM": {
    "mean": 10.243541059579751,
    "std": 3.2865835429429873,
    "n": 75
  },
  "TEST": {
    "mean": 0.0,
    "std": 0.0,
    "n": 68
  },
  "MEX": {
    "mean": 9.093698746870189,
    "std": 4.880448830985071,
    "n": 36
  },
  "BEPI": {
    "mean": 6.2961023683473805,
    "std": 3.365408276344554,
    "n": 9
  },
  "HYB2": {
    "mean": 0.0,
    "std": 0.0,
    "n": 8
  },
  "HCRA": {
    "mean": 0.0,
    "std": 0.0,
    "n": 27
  }
}