{
  "ACE": {
    "mean": 8.55579054226137,
    "std": 4.864018260401884,
    "n": 249
  },
  "DSN": {
    "mean": 0.0,
    "std": 0.0,
    "n": 4335
  },
  "DSS": {
    "mean": 0.0,
    "std": 0.0,
    "n": 1170
  },
  "JWST": {
    "mean": 10.518937131379012,
    "std": 5.849167973285093,
    "n": 518
  },
  "KPLO": {
    "mean": 8.422307298352536,
    "std": 6.472479895807245,
    "n": 450
  },
  "LUCY": {
    "mean": 8.781197701162098,
    "std": 4.435196464009739,
    "n": 438
  },
  "M01O": {
    "mean": 8.37883854049359,
    "std": 3.902148737341248,
    "n": 828
  },
  "MMS2": {
    "mean": 12.060538109676736,
    "std": 5.492723940780095,
    "n": 105
  },
  "ORX": {
    "mean": 4.226514637559371,
    "std": 6.3402325869342215,
    "n": 169
  },
  "SOHO": {
    "mean": 10.317561011279038,
    "std": 4.64810857845492,
    "n": 652
  },
  "SPP": {
    "mean": 8.134025062467316,
    "std": 4.288483637482641,
    "n": 393
  },
  "VGR2": {
    "mean": 4.350394940072422,
    "std": 1.6942589953534772,
    "n": 369
  },
  "CAPS": {
    "mean": 8.550023001557202,
    "std": 5.8298383769218205,
    "n": 123
  },
  "MRO": {
    "mean": 11.129488440286126,
    "std": 5.966605604232083,
    "n": 432
  },
  "STA": {
    "mean": 10.442327479556061,
    "std": 5.352173298022561,
    "n": 255
  },
  "IMAP": {
    "mean": 10.462588886385058,
    "std": 5.625514459467115,
    "n": 165
  },
  "MMS3": {
    "mean": 11.688982501392445,
    "std": 5.775851772000568,
    "n": 97
  },
  "TGO": {
    "mean": 9.741212585213052,
    "std": 5.529446226616961,
    "n": 111
  },
  "TDR8": {
    "mean": 6.839711603308979,
    "std": 3.15492915596383,
    "n": 114
  },
  "MMS4": {
    "mean": 12.233396624516224,
    "std": 5.394142428220412,
    "n": 80
  },
  "WIND": {
    "mean": 7.8896854702982,
    "std": 4.080494227812378,
    "n": 216
  },
  "ESCB": {
    "mean": 8.186738073100116,
    "std": 3.2098915480235064,
    "n": 150
  },
  "THC": {
    "mean": 8.479593547570001,
    "std": 5.41878847827797,
    "n": 73
  },
  "CHDR": {
    "mean": 7.910109269773647,
    "std": 6.925374043889227,
    "n": 242
  },
  "MMS1": {
    "mean": 10.63689601834858,
    "std": 6.379708658059686,
    "n": 106
  },
  "ESCG": {
    "mean": 8.076799080170696,
    "std": 3.1924622947536356,
    "n": 152
  },
  "VGR1": {
    "mean": 4.489396089452308,
    "std": 1.6302636710353084,
    "n": 309
  },
  "DSSR": {
    "mean": 0.0,
    "std": 0.0,
    "n": 78
  },
  "LRO": {
    "mean": 9.985043712269668,
    "std": 6.687394738874706,
    "n": 199
  },
  "SWFO": {
    "mean": 0.0,
    "std": 0.0,
    "n": 86
  },
  "GBRA": {
    "mean": 0.0,
    "std": 0.0,
    "n": 263
  },
  "EMM": {
    "mean": 11.641474136744053,
    "std": 3.0089238373033087,
    "n": 48
  },
  "TESS": {
    "mean": 8.19198364748668,
    "std": 5.384932873543318,
    "n": 68
  },
  "EURC": {
    "mean": 6.060660258946351,
    "std": 5.380243450397591,
    "n": 120
  },
  "NHPC": {
    "mean": 0.0,
    "std": 0.0,
    "n": 18
  },
  "PSYC": {
    "mean": 10.344666744094168,
    "std": 5.007042324784701,
    "n": 274
  },
  "JNO": {
    "mean": 8.89439298399191,
    "std": 4.590645299799284,
    "n": 635
  },
  "MSL": {
    "mean": 0.25175091407454303,
    "std": 1.1269330558194341,
    "n": 63
  },
  "M20": {
    "mean": 0.38341849870917255,
    "std": 1.3555891023481068,
    "n": 54
  },
  "CGO": {
    "mean": 9.99178957063216,
    "std": 5.66185155678059,
    "n": 112
  },
  "BIOS": {
    "mean": 7.475687476382571,
    "std": 3.4038750077057762,
    "n": 35
  },
  "SGP": {
    "mean": 0.0,
    "std": 0.0,
    "n": 34
  },
  "DSCO": {
    "mean": 4.244373236265502,
    "std": 4.9009800609982594,
    "n": 14
  },
  "THB": {
    "mean": 8.849703852968876,
    "std": 5.208177115089756,
    "n": 43
  },
  "MMX": {
    "mean": 5.125630207147106,
    "std": 4.898461512253476,
    "n": 45
  },
  "RST": {
    "mean": 8.091586331914513,
    "std": 5.869664019498173,
    "n": 19
  },
  "XMM": {
    "mean": 10.096105009505944,
    "std": 3.4834871754517813,
    "n": 47
  },
  "TEST": {
    "mean": 0.0,
    "std": 0.0,
    "n": 35
  },
  "MEX": {
    "mean": 9.286634546249735,
    "std": 4.918249063499639,
    "n": 23
  },
  "BEPI": {
    "mean": 6.2961023683473805,
    "std": 3.365408276344554,
    "n": 9
  },
  "HYB2": {
    "mean": 0.0,
    "std": 0.0,
    "n": 4
  }
}