{
  "ACE": {
    "mean": 6.4018933028317075,
    "std": 5.645939200010303,
    "n": 16
  },
  "DSN": {
    "mean": 0.0,
    "std": 0.0,
    "n": 162
  },
  "DSS": {
    "mean": 0.0,
    "std": 0.0,
    "n": 56
  },
  "JWST": {
    "mean": 15.310088087336348,
    "std": 5.303570437482576,
    "n": 28
  },
  "KPLO": {
    "mean": 3.50110166904973,
    "std": 4.983087036218024,
    "n": 20
  },
  "LUCY": {
    "mean": 11.042937835596492,
    "std": 2.3498992183808822e-15,
    "n": 8
  },
  "M01O": {
    "mean": 8.602670452051534,
    "std": 3.065463272216972,
    "n": 45
  },
  "MMS2": {
    "mean": 7.019327454639082,
    "std": 7.019327454639082,
    "n": 2
  },
  "ORX": {
    "mean": 0.0,
    "std": 0.0,
    "n": 5
  },
  "SOHO": {
    "mean": 10.595846684290049,
    "std": 4.38709732134026,
    "n": 41
  },
  "SPP": {
    "mean": 5.96453776916104,
    "std": 1.5940897716195408,
    "n": 15
  },
  "VGR2": {
    "mean": 4.516786621347685,
    "std": 1.596925227816277,
    "n": 36
  },
  "CAPS": {
    "mean": 7.26421303399404,
    "std": 6.13938055293441,
    "n": 12
  },
  "MRO": {
    "mean": 10.44106065854629,
    "std": 6.11933635914884,
    "n": 47
  },
  "STA": {
    "mean": 3.737583847490068,
    "std": 5.909638951962009,
    "n": 14
  },
  "IMAP": {
    "mean": 11.681851758298873,
    "std": 4.581999236189549,
    "n": 15
  },
  "MMS3": {
    "mean": 8.022088519587522,
    "std": 6.947332449370293,
    "n": 7
  },
  "TGO": {
    "mean": 13.109820359457137,
    "std": 0.5569977786728474,
    "n": 6
  },
  "TDR8": {
    "mean": 5.529533072571489,
    "std": 3.9099703324105866,
    "n": 24
  },
  "MMS4": {
    "mean": 14.731801689838349,
    "std": 0.0,
    "n": 4
  },
  "WIND": {
    "mean": 7.17087296098777,
    "std": 3.3803819670651323,
    "n": 11
  },
  "ESCB": {
    "mean": 7.275450991354863,
    "std": 3.529112107218921,
    "n": 21
  },
  "THC": {
    "mean": 10.3972731948487,
    "std": 6.00286849051162,
    "n": 4
  },
  "CHDR": {
    "mean": 6.993891310327608,
    "std": 6.993891310327608,
    "n": 6
  },
  "MMS1": {
    "mean": 11.048851267378762,
    "std": 6.379057253457265,
    "n": 4
  },
  "ESCG": {
    "mean": 7.998710846184679,
    "std": 3.9993554230923385,
    "n": 5
  },
  "VGR1": {
    "mean": 4.446228819361406,
    "std": 1.6805165325883717,
    "n": 8
  },
  "DSSR": {
    "mean": 0.0,
    "std": 0.0,
    "n": 6
  },
  "LRO": {
    "mean": 8.920578533315334,
    "std": 5.1502984175368045,
    "n": 4
  },
  "SWFO": {
    "mean": 0.0,
    "std": 0.0,
    "n": 1
  },
  "GBRA": {
    "mean": 0.0,
    "std": 0.0,
    "n": 2
  }
}