{
  "ACE": {
    "mean": 8.379037085106361,
    "std": 4.934680211897456,
    "n": 519
  },
  "DSN": {
    "mean": 0.0,
    "std": 0.0,
    "n": 8049
  },
  "DSS": {
    "mean": 0.0,
    "std": 0.0,
    "n": 1632
  },
  "JWST": {
    "mean": 11.294226254428951,
    "std": 5.987866972730494,
    "n": 1161
  },
  "KPLO": {
    "mean": 8.676038333952535,
    "std": 6.259438121745125,
    "n": 950
  },
  "LUCY": {
    "mean": 9.122116009462472,
    "std": 4.016490607939735,
    "n": 729
  },
  "M01O": {
    "mean": 7.82497187044818,
    "std": 4.350049628269848,
    "n": 1951
  },
  "MMS2": {
    "mean": 12.2324744430545,
    "std": 5.391758614103415,
    "n": 234
  },
  "ORX": {
    "mean": 3.93156799820836,
    "std": 6.217023369278398,
    "n": 511
  },
  "SOHO": {
    "mean": 10.421036839435025,
    "std": 4.470994775439343,
    "n": 1602
  },
  "SPP": {
    "mean": 8.557321397490991,
    "std": 4.465272488483939,
    "n": 830
  },
  "VGR2": {
    "mean": 4.106559559999943,
    "std": 1.931933259692591,
    "n": 777
  },
  "CAPS": {
    "mean": 9.192975007497182,
    "std": 5.512415552503618,
    "n": 265
  },
  "MRO": {
    "mean": 11.150870381794315,
    "std": 5.859425060163366,
    "n": 822
  },
  "STA": {
    "mean": 10.523832867592922,
    "std": 5.287819267591021,
    "n": 591
  },
  "IMAP": {
    "mean": 10.672332047574601,
    "std": 5.488293376801663,
    "n": 330
  },
  "MMS3": {
    "mean": 11.603169312752408,
    "std": 5.899468364417215,
    "n": 234
  },
  "TGO": {
    "mean": 10.292945825768022,
    "std": 5.221279562423889,
    "n": 255
  },
  "TDR8": {
    "mean": 6.839711603308979,
    "std": 3.15492915596383,
    "n": 114
  },
  "MMS4": {
    "mean": 12.14159767803897,
    "std": 5.4959537212062495,
    "n": 212
  },
  "WIND": {
    "mean": 7.8835612514835836,
    "std": 4.189559816890423,
    "n": 446
  },
  "ESCB": {
    "mean": 7.82164251798372,
    "std": 3.4050430401426963,
    "n": 269
  },
  "THC": {
    "mean": 8.301772228386954,
    "std": 5.564794176521375,
    "n": 127
  },
  "CHDR": {
    "mean": 8.20040961619503,
    "std": 6.874100649165569,
    "n": 538
  },
  "MMS1": {
    "mean": 10.694915250762467,
    "std": 6.387530257328986,
    "n": 259
  },
  "ESCG": {
    "mean": 7.636555905953473,
    "std": 3.678242527780648,
    "n": 298
  },
  "VGR1": {
    "mean": 4.421817729976512,
    "std": 1.7041049856592647,
    "n": 837
  },
  "DSSR": {
    "mean": 0.0,
    "std": 0.0,
    "n": 142
  },
  "LRO": {
    "mean": 10.746425091176006,
    "std": 6.573697324357996,
    "n": 516
  },
  "SWFO": {
    "mean": 0.2901623804822465,
    "std": 1.52360028728753,
    "n": 200
  },
  "GBRA": {
    "mean": 0.0,
    "std": 0.0,
    "n": 482
  },
  "EMM": {
    "mean": 10.193361302596793,
    "std": 4.748936104616967,
    "n": 129
  },
  "TESS": {
    "mean": 9.754017036109094,
    "std": 6.510762666029546,
    "n": 160
  },
  "EURC": {
    "mean": 7.015747212590843,
    "std": 5.180509860285611,
    "n": 276
  },
  "NHPC": {
    "mean": 0.0,
    "std": 0.0,
    "n": 35
  },
  "PSYC": {
    "mean": 9.540450371828479,
    "std": 5.527543876129292,
    "n": 585
  },
  "JNO": {
    "mean": 8.953061351209818,
    "std": 4.396733203023371,
    "n": 1200
  },
  "MSL": {
    "mean": 0.24369409349139665,
    "std": 1.1019738045841472,
    "n": 150
  },
  "M20": {
    "mean": 0.43798190044855473,
    "std": 1.4405664690525166,
    "n": 130
  },
  "CGO": {
    "mean": 10.314074653709458,
    "std": 5.557962091861507,
    "n": 202
  },
  "BIOS": {
    "mean": 6.974408779021245,
    "std": 3.7685359765902495,
    "n": 62
  },
  "SGP": {
    "mean": 0.0,
    "std": 0.0,
    "n": 34
  },
  "DSCO": {
    "mean": 4.951768775643088,
    "std": 4.951768775643087,
    "n": 38
  },
  "THB": {
    "mean": 8.17131157199432,
    "std": 5.610450677587311,
    "n": 104
  },
  "MMX": {
    "mean": 6.447047574555721,
    "std": 4.86009682234796,
    "n": 75
  },
  "RST": {
    "mean": 6.771292771997224,
    "std": 5.938614102744261,
    "n": 42
  },
  "XMM": {
    "mean": 10.525509644591095,
    "std": 2.8515098630196727,
    "n": 117
  },
  "TEST": {
    "mean": 0.0,
    "std": 0.0,
    "n": 138
  },
  "MEX": {
    "mean": 9.381623269263608,
    "std": 4.712619259557808,
    "n": 40
  },
  "BEPI": {
    "mean": 2.2665968526050566,
    "std": 3.6346409384521188,
    "n": 25
  },
  "HYB2": {
    "mean": 0.0,
    "std": 0.0,
    "n": 24
  },
  "HCRA": {
    "mean": 0.0,
    "std": 0.0,
    "n": 38
  },
  "EGS": {
    "mean": 0.0,
    "std": 0.0,
    "n": 16
  }
}