{
  "ACE": {
    "mean": 8.487724465781524,
    "std": 4.910416285994802,
    "n": 359
  },
  "DSN": {
    "mean": 0.0,
    "std": 0.0,
    "n": 5994
  },
  "DSS": {
    "mean": 0.0,
    "std": 0.0,
    "n": 1354
  },
  "JWST": {
    "mean": 11.128478087815495,
    "std": 6.063168037348372,
    "n": 758
  },
  "KPLO": {
    "mean": 8.511845024975463,
    "std": 6.547994331419112,
    "n": 611
  },
  "LUCY": {
    "mean": 9.063725625795975,
    "std": 4.1450414461484355,
    "n": 619
  },
  "M01O": {
    "mean": 7.925217004900185,
    "std": 4.292133021210138,
    "n": 1280
  },
  "MMS2": {
    "mean": 12.013528538085152,
    "std": 5.545716108212945,
    "n": 154
  },
  "ORX": {
    "mean": 3.7827832141971824,
    "std": 6.134506192752653,
    "n": 294
  },
  "SOHO": {
    "mean": 10.366583356140097,
    "std": 4.604547244287173,
    "n": 971
  },
  "SPP": {
    "mean": 8.530962534737785,
    "std": 4.363115874159626,
    "n": 601
  },
  "VGR2": {
    "mean": 4.219261428914828,
    "std": 1.8422249332335183,
    "n": 536
  },
  "CAPS": {
    "mean": 8.774384381096755,
    "std": 5.708985335419593,
    "n": 175
  },
  "MRO": {
    "mean": 11.15347812869876,
    "std": 5.877297125077278,
    "n": 587
  },
  "STA": {
    "mean": 10.504458557053242,
    "std": 5.311937119763015,
    "n": 413
  },
  "IMAP": {
    "mean": 10.4896907754759,
    "std": 5.607279020471506,
    "n": 225
  },
  "MMS3": {
    "mean": 11.885670670250008,
    "std": 5.654173368102536,
    "n": 152
  },
  "TGO": {
    "mean": 9.936182896263716,
    "std": 5.437989498919304,
    "n": 161
  },
  "TDR8": {
    "mean": 6.839711603308979,
    "std": 3.15492915596383,
    "n": 114
  },
  "MMS4": {
    "mean": 11.942426419487637,
    "std": 5.660585576499021,
    "n": 131
  },
  "WIND": {
    "mean": 7.8454129078896475,
    "std": 4.283138666315724,
    "n": 307
  },
  "ESCB": {
    "mean": 8.15365141516812,
    "std": 3.224113666488309,
    "n": 163
  },
  "THC": {
    "mean": 8.646742363746323,
    "std": 5.407949213152428,
    "n": 97
  },
  "CHDR": {
    "mean": 8.118712711874977,
    "std": 6.897357469940086,
    "n": 365
  },
  "MMS1": {
    "mean": 10.386750525775247,
    "std": 6.518998711569204,
    "n": 163
  },
  "ESCG": {
    "mean": 7.557934917618794,
    "std": 3.585689891265214,
    "n": 210
  },
  "VGR1": {
    "mean": 4.451417278155162,
    "std": 1.6745229306008866,
    "n": 484
  },
  "DSSR": {
    "mean": 0.0,
    "std": 0.0,
    "n": 93
  },
  "LRO": {
    "mean": 9.917339221799002,
    "std": 6.7620878436737035,
    "n": 282
  },
  "SWFO": {
    "mean": 0.3139687642328397,
    "std": 1.5823541956919125,
    "n": 132
  },
  "GBRA": {
    "mean": 0.0,
    "std": 0.0,
    "n": 353
  },
  "EMM": {
    "mean": 9.77404834391551,
    "std": 5.078363072239936,
    "n": 80
  },
  "TESS": {
    "mean": 9.072122203581252,
    "std": 6.056774043994458,
    "n": 101
  },
  "EURC": {
    "mean": 6.242787554479728,
    "std": 5.368755675981038,
    "n": 179
  },
  "NHPC": {
    "mean": 0.0,
    "std": 0.0,
    "n": 23
  },
  "PSYC": {
    "mean": 9.499285669654306,
    "std": 5.558534933858115,
    "n": 447
  },
  "JNO": {
    "mean": 8.909909987825936,
    "std": 4.556552210770874,
    "n": 811
  },
  "MSL": {
    "mean": 0.174289094359299,
    "std": 0.9448366877996783,
    "n": 91
  },
  "M20": {
    "mean": 0.40258942364463124,
    "std": 1.3862845644039656,
    "n": 90
  },
  "CGO": {
    "mean": 10.167049362770623,
    "std": 5.639022525785095,
    "n": 156
  },
  "BIOS": {
    "mean": 6.8571774360934326,
    "std": 3.8466699106995494,
    "n": 46
  },
  "SGP": {
    "mean": 0.0,
    "std": 0.0,
    "n": 34
  },
  "DSCO": {
    "mean": 4.539121377672829,
    "std": 4.934545179890666,
    "n": 24
  },
  "THB": {
    "mean": 8.339431705441138,
    "std": 5.668333287634757,
    "n": 64
  },
  "MMX": {
    "mean": 6.255844173683396,
    "std": 4.862816903973702,
    "n": 69
  },
  "RST": {
    "mean": 7.504568018465512,
    "std": 6.107700359240118,
    "n": 29
  },
  "XMM": {
    "mean": 10.296936623248849,
    "std": 3.2106340817210572,
    "n": 79
  },
  "TEST": {
    "mean": 0.0,
    "std": 0.0,
    "n": 74
  },
  "MEX": {
    "mean": 9.093698746870189,
    "std": 4.880448830985071,
    "n": 36
  },
  "BEPI": {
    "mean": 3.777661421008428,
    "std": 4.038489931613466,
    "n": 15
  },
  "HYB2": {
    "mean": 0.0,
    "std": 0.0,
    "n": 12
  },
  "HCRA": {
    "mean": 0.0,
    "std": 0.0,
    "n": 30
  }
}