{
  "ACE": {
    "mean": 8.086593060920599,
    "std": 5.161548937434603,
    "n": 38
  },
  "DSN": {
    "mean": 0.0,
    "std": 0.0,
    "n": 574
  },
  "DSS": {
    "mean": 0.0,
    "std": 0.0,
    "n": 216
  },
  "JWST": {
    "mean": 12.319531944251711,
    "std": 5.725189339312088,
    "n": 52
  },
  "KPLO": {
    "mean": 5.5875578182090155,
    "std": 5.671393669667294,
    "n": 51
  },
  "LUCY": {
    "mean": 9.938644052036839,
    "std": 3.312881350678949,
    "n": 60
  },
  "M01O": {
    "mean": 8.13388656713299,
    "std": 3.829581688781406,
    "n": 73
  },
  "MMS2": {
    "mean": 10.423694524090223,
    "std": 6.596686430710676,
    "n": 7
  },
  "ORX": {
    "mean": 4.834617151336285,
    "std": 6.5896146284181585,
    "n": 20
  },
  "SOHO": {
    "mean": 10.29954945178101,
    "std": 4.664777322515281,
    "n": 94
  },
  "SPP": {
    "mean": 8.387853501856428,
    "std": 3.6077847819023066,
    "n": 50
  },
  "VGR2": {
    "mean": 4.525616054580122,
    "std": 1.5859492981657455,
    "n": 64
  },
  "CAPS": {
    "mean": 7.038616355919692,
    "std": 6.173274919784983,
    "n": 23
  },
  "MRO": {
    "mean": 10.628550628442438,
    "std": 6.023064052777296,
    "n": 66
  },
  "STA": {
    "mean": 7.123474540268725,
    "std": 6.5973583072165125,
    "n": 26
  },
  "IMAP": {
    "mean": 11.70549923149381,
    "std": 4.556359396300726,
    "n": 38
  },
  "MMS3": {
    "mean": 8.36250205888564,
    "std": 7.072458209579446,
    "n": 12
  },
  "TGO": {
    "mean": 11.624224159896103,
    "std": 4.425831602114742,
    "n": 16
  },
  "TDR8": {
    "mean": 6.553520678603244,
    "std": 3.3776072471938408,
    "n": 81
  },
  "MMS4": {
    "mean": 11.458067980985383,
    "std": 6.1245949570302765,
    "n": 9
  },
  "WIND": {
    "mean": 7.211191057555388,
    "std": 4.0570528605300495,
    "n": 26
  },
  "ESCB": {
    "mean": 7.114963101839682,
    "std": 3.649899059186077,
    "n": 24
  },
  "THC": {
    "mean": 9.617532833982262,
    "std": 5.625208682398356,
    "n": 8
  },
  "CHDR": {
    "mean": 6.993891310327608,
    "std": 6.993891310327604,
    "n": 28
  },
  "MMS1": {
    "mean": 9.8212011265589,
    "std": 6.944637915986757,
    "n": 9
  },
  "ESCG": {
    "mean": 7.687071972821032,
    "std": 3.3208670008692773,
    "n": 26
  },
  "VGR1": {
    "mean": 4.730962684640709,
    "std": 1.2876049521685968,
    "n": 29
  },
  "DSSR": {
    "mean": 0.0,
    "std": 0.0,
    "n": 30
  },
  "LRO": {
    "mean": 9.687129112381474,
    "std": 7.180155792731799,
    "n": 9
  },
  "SWFO": {
    "mean": 0.0,
    "std": 0.0,
    "n": 11
  },
  "GBRA": {
    "mean": 0.0,
    "std": 0.0,
    "n": 16
  },
  "EMM": {
    "mean": 11.269348936844743,
    "std": 3.563681038762641,
    "n": 11
  },
  "TESS": {
    "mean": 4.840203249634437,
    "std": 4.840203249634437,
    "n": 4
  },
  "EURC": {
    "mean": 6.173484142518602,
    "std": 5.734930793741121,
    "n": 5
  },
  "NHPC": {
    "mean": 0.0,
    "std": 0.0,
    "n": 5
  },
  "PSYC": {
    "mean": 10.42168066407232,
    "std": 4.968341315128559,
    "n": 27
  },
  "JNO": {
    "mean": 9.216351083787057,
    "std": 4.081419676690653,
    "n": 44
  },
  "MSL": {
    "mean": 0.0,
    "std": 0.0,
    "n": 5
  },
  "M20": {
    "mean": 0.0,
    "std": 0.0,
    "n": 15
  },
  "CGO": {
    "mean": 7.271885867643121,
    "std": 5.9079234274224,
    "n": 11
  },
  "BIOS": {
    "mean": 4.494472645598045,
    "std": 4.494472645598045,
    "n": 4
  },
  "SGP": {
    "mean": 0.0,
    "std": 0.0,
    "n": 34
  },
  "DSCO": {
    "mean": 3.961415020514468,
    "std": 4.851722729828701,
    "n": 5
  },
  "THB": {
    "mean": 6.931197549030571,
    "std": 6.931197549030571,
    "n": 2
  }
}