{
  "ACE": {
    "mean": 8.338699039670923,
    "std": 4.970529526632302,
    "n": 725
  },
  "DSN": {
    "mean": 0.0,
    "std": 0.0,
    "n": 11055
  },
  "DSS": {
    "mean": 0.0,
    "std": 0.0,
    "n": 2042
  },
  "JWST": {
    "mean": 11.36763861954898,
    "std": 5.906251032625974,
    "n": 1696
  },
  "KPLO": {
    "mean": 8.669940317218465,
    "std": 6.212371355509674,
    "n": 1365
  },
  "LUCY": {
    "mean": 9.028323824266177,
    "std": 3.9395181053484287,
    "n": 864
  },
  "M01O": {
    "mean": 7.861147868595266,
    "std": 4.285846272587736,
    "n": 2660
  },
  "MMS2": {
    "mean": 11.882284759350524,
    "std": 5.66657296117494,
    "n": 346
  },
  "ORX": {
    "mean": 4.292702567266624,
    "std": 6.375005011833651,
    "n": 782
  },
  "SOHO": {
    "mean": 10.402974007878015,
    "std": 4.513559479765667,
    "n": 2298
  },
  "SPP": {
    "mean": 8.92350306134094,
    "std": 4.60390593825174,
    "n": 1209
  },
  "VGR2": {
    "mean": 4.184412602412114,
    "std": 1.8722968014490038,
    "n": 1095
  },
  "CAPS": {
    "mean": 9.169626422469072,
    "std": 5.515984283082913,
    "n": 373
  },
  "MRO": {
    "mean": 11.352891172270375,
    "std": 5.707859599871304,
    "n": 1235
  },
  "STA": {
    "mean": 10.607603340539516,
    "std": 5.216898576787009,
    "n": 843
  },
  "IMAP": {
    "mean": 10.68099884233957,
    "std": 5.478502412673328,
    "n": 461
  },
  "MMS3": {
    "mean": 11.740197131999633,
    "std": 5.776868403420979,
    "n": 334
  },
  "TGO": {
    "mean": 10.50848055621284,
    "std": 5.058261569697154,
    "n": 384
  },
  "TDR8": {
    "mean": 7.014025107082547,
    "std": 2.9972898409743474,
    "n": 136
  },
  "MMS4": {
    "mean": 12.012267870456451,
    "std": 5.598843366625131,
    "n": 303
  },
  "WIND": {
    "mean": 7.829334160673524,
    "std": 4.171997665137768,
    "n": 640
  },
  "ESCB": {
    "mean": 7.770970420996459,
    "std": 3.3833408213349956,
    "n": 424
  },
  "THC": {
    "mean": 8.175936598912246,
    "std": 5.623516360344559,
    "n": 176
  },
  "CHDR": {
    "mean": 8.202183053832195,
    "std": 6.870019845855986,
    "n": 752
  },
  "MMS1": {
    "mean": 10.762080194510975,
    "std": 6.332768821225675,
    "n": 370
  },
  "ESCG": {
    "mean": 7.629744341358703,
    "std": 3.6330871348012352,
    "n": 373
  },
  "VGR1": {
    "mean": 4.188595209442727,
    "std": 1.925553296641634,
    "n": 1248
  },
  "DSSR": {
    "mean": 0.0,
    "std": 0.0,
    "n": 256
  },
  "LRO": {
    "mean": 10.749711050251358,
    "std": 6.4533253914625535,
    "n": 791
  },
  "SWFO": {
    "mean": 0.22320183114018993,
    "std": 1.3418664578225867,
    "n": 260
  },
  "GBRA": {
    "mean": 0.0,
    "std": 0.0,
    "n": 619
  },
  "EMM": {
    "mean": 10.135336904512531,
    "std": 4.79404608636372,
    "n": 186
  },
  "TESS": {
    "mean": 10.069945880849138,
    "std": 6.689301786347574,
    "n": 231
  },
  "EURC": {
    "mean": 6.921472778293401,
    "std": 4.564649805336513,
    "n": 459
  },
  "NHPC": {
    "mean": 2.7573849192330497,
    "std": 2.9346196638649373,
    "n": 452
  },
  "PSYC": {
    "mean": 9.680313985838074,
    "std": 5.450989419482786,
    "n": 673
  },
  "JNO": {
    "mean": 9.00600744333992,
    "std": 4.158345968943774,
    "n": 1681
  },
  "MSL": {
    "mean": 0.2410993773349968,
    "std": 1.0946607544155145,
    "n": 216
  },
  "M20": {
    "mean": 0.4370970885284567,
    "std": 1.4392449802223781,
    "n": 225
  },
  "CGO": {
    "mean": 10.289850692054399,
    "std": 5.565489892861328,
    "n": 268
  },
  "BIOS": {
    "mean": 7.000237304147708,
    "std": 3.7431823578094545,
    "n": 90
  },
  "SGP": {
    "mean": 0.0,
    "std": 0.0,
    "n": 111
  },
  "DSCO": {
    "mean": 4.854675270238321,
    "std": 4.950816787020306,
    "n": 51
  },
  "THB": {
    "mean": 8.127425734448254,
    "std": 5.624767373043861,
    "n": 131
  },
  "MMX": {
    "mean": 6.447047574555721,
    "std": 4.86009682234796,
    "n": 75
  },
  "RST": {
    "mean": 6.2573459288108575,
    "std": 5.9069727957618285,
    "n": 50
  },
  "XMM": {
    "mean": 10.356520785449455,
    "std": 3.1226085073686924,
    "n": 144
  },
  "TEST": {
    "mean": 0.0,
    "std": 0.0,
    "n": 220
  },
  "MEX": {
    "mean": 9.495547254342087,
    "std": 4.561461788079343,
    "n": 59
  },
  "BEPI": {
    "mean": 4.342343111860535,
    "std": 5.071384013101949,
    "n": 40
  },
  "HYB2": {
    "mean": 4.1767749285408255,
    "std": 3.2512601559797702,
    "n": 463
  },
  "HCRA": {
    "mean": 0.0,
    "std": 0.0,
    "n": 74
  },
  "EGS": {
    "mean": 0.0,
    "std": 0.0,
    "n": 16
  }
}