{
  "ACE": {
    "mean": 8.497468290844816,
    "std": 4.906910238010685,
    "n": 376
  },
  "DSN": {
    "mean": 0.0,
    "std": 0.0,
    "n": 6143
  },
  "DSS": {
    "mean": 0.0,
    "std": 0.0,
    "n": 1384
  },
  "JWST": {
    "mean": 11.169914559095327,
    "std": 6.055712126155131,
    "n": 798
  },
  "KPLO": {
    "mean": 8.576757001774086,
    "std": 6.571844585139705,
    "n": 657
  },
  "LUCY": {
    "mean": 9.063725625795975,
    "std": 4.1450414461484355,
    "n": 619
  },
  "M01O": {
    "mean": 7.966869247798277,
    "std": 4.281103856575348,
    "n": 1355
  },
  "MMS2": {
    "mean": 11.909343730528732,
    "std": 5.631262674801081,
    "n": 159
  },
  "ORX": {
    "mean": 3.8801976128017364,
    "std": 6.182411292035982,
    "n": 322
  },
  "SOHO": {
    "mean": 10.23643420797889,
    "std": 4.6773440734026,
    "n": 1050
  },
  "SPP": {
    "mean": 8.744306956934102,
    "std": 4.362434292209009,
    "n": 655
  },
  "VGR2": {
    "mean": 4.233509595296058,
    "std": 1.8309544803053681,
    "n": 551
  },
  "CAPS": {
    "mean": 8.798912440332781,
    "std": 5.6965625989138005,
    "n": 183
  },
  "MRO": {
    "mean": 11.116750014889279,
    "std": 5.902093985769306,
    "n": 603
  },
  "STA": {
    "mean": 10.502346559137786,
    "std": 5.308845602953155,
    "n": 428
  },
  "IMAP": {
    "mean": 10.619420424561087,
    "std": 5.522813969502727,
    "n": 249
  },
  "MMS3": {
    "mean": 11.825666354259079,
    "std": 5.7087921739392895,
    "n": 159
  },
  "TGO": {
    "mean": 10.034528498469376,
    "std": 5.363896527056484,
    "n": 176
  },
  "TDR8": {
    "mean": 6.839711603308979,
    "std": 3.15492915596383,
    "n": 114
  },
  "MMS4": {
    "mean": 12.01651624622563,
    "std": 5.607157396487475,
    "n": 140
  },
  "WIND": {
    "mean": 7.850847393732019,
    "std": 4.255771684798173,
    "n": 320
  },
  "ESCB": {
    "mean": 8.15365141516812,
    "std": 3.224113666488309,
    "n": 163
  },
  "THC": {
    "mean": 8.635033078746261,
    "std": 5.371897217100127,
    "n": 105
  },
  "CHDR": {
    "mean": 8.150976737256634,
    "std": 6.892221326267667,
    "n": 379
  },
  "MMS1": {
    "mean": 10.52040032313264,
    "std": 6.457298235165134,
    "n": 172
  },
  "ESCG": {
    "mean": 7.660754932909355,
    "std": 3.53001867157819,
    "n": 221
  },
  "VGR1": {
    "mean": 4.41095237777558,
    "std": 1.7196064733398873,
    "n": 523
  },
  "DSSR": {
    "mean": 0.0,
    "std": 0.0,
    "n": 93
  },
  "LRO": {
    "mean": 10.126514740578394,
    "std": 6.762074478269478,
    "n": 305
  },
  "SWFO": {
    "mean": 0.3047343888142267,
    "std": 1.5598129177042606,
    "n": 136
  },
  "GBRA": {
    "mean": 0.0,
    "std": 0.0,
    "n": 359
  },
  "EMM": {
    "mean": 9.842546787315129,
    "std": 5.028153207500929,
    "n": 87
  },
  "TESS": {
    "mean": 8.989949020009469,
    "std": 6.063669948666713,
    "n": 103
  },
  "EURC": {
    "mean": 6.346610869726708,
    "std": 5.215633803638393,
    "n": 193
  },
  "NHPC": {
    "mean": 0.0,
    "std": 0.0,
    "n": 23
  },
  "PSYC": {
    "mean": 9.58372406405938,
    "std": 5.502977793586046,
    "n": 480
  },
  "JNO": {
    "mean": 8.945421181102635,
    "std": 4.542625048524175,
    "n": 830
  },
  "MSL": {
    "mean": 0.174289094359299,
    "std": 0.9448366877996783,
    "n": 91
  },
  "M20": {
    "mean": 0.40258942364463124,
    "std": 1.3862845644039656,
    "n": 90
  },
  "CGO": {
    "mean": 10.235888272113892,
    "std": 5.607585870505063,
    "n": 159
  },
  "BIOS": {
    "mean": 6.8571774360934326,
    "std": 3.8466699106995494,
    "n": 46
  },
  "SGP": {
    "mean": 0.0,
    "std": 0.0,
    "n": 34
  },
  "DSCO": {
    "mean": 4.951768775643087,
    "std": 4.951768775643086,
    "n": 28
  },
  "THB": {
    "mean": 8.217317720119066,
    "std": 5.668483253582933,
    "n": 69
  },
  "MMX": {
    "mean": 6.255844173683396,
    "std": 4.862816903973702,
    "n": 69
  },
  "RST": {
    "mean": 7.504568018465512,
    "std": 6.107700359240118,
    "n": 29
  },
  "XMM": {
    "mean": 10.247047163175289,
    "std": 3.281681488623191,
    "n": 86
  },
  "TEST": {
    "mean": 0.0,
    "std": 0.0,
    "n": 85
  },
  "MEX": {
    "mean": 9.155437514433327,
    "std": 4.828276118324093,
    "n": 37
  },
  "BEPI": {
    "mean": 3.777661421008428,
    "std": 4.038489931613466,
    "n": 15
  },
  "HYB2": {
    "mean": 0.0,
    "std": 0.0,
    "n": 12
  },
  "HCRA": {
    "mean": 0.0,
    "std": 0.0,
    "n": 30
  }
}