{
  "ACE": {
    "mean": 8.454203006041269,
    "std": 4.928328933288225,
    "n": 351
  },
  "DSN": {
    "mean": 0.0,
    "std": 0.0,
    "n": 5652
  },
  "DSS": {
    "mean": 0.0,
    "std": 0.0,
    "n": 1328
  },
  "JWST": {
    "mean": 11.115069553158223,
    "std": 6.069703562044923,
    "n": 733
  },
  "KPLO": {
    "mean": 8.573419659120777,
    "std": 6.538255126389892,
    "n": 591
  },
  "LUCY": {
    "mean": 9.03802812316021,
    "std": 4.171319629404209,
    "n": 604
  },
  "M01O": {
    "mean": 7.8614659612366875,
    "std": 4.320198567180403,
    "n": 1229
  },
  "MMS2": {
    "mean": 11.968703863289527,
    "std": 5.591129600712952,
    "n": 151
  },
  "ORX": {
    "mean": 3.8223281384610917,
    "std": 6.154270894578082,
    "n": 273
  },
  "SOHO": {
    "mean": 10.386964629638245,
    "std": 4.586033851578094,
    "n": 944
  },
  "SPP": {
    "mean": 8.393220059169769,
    "std": 4.385502904578334,
    "n": 579
  },
  "VGR2": {
    "mean": 4.2058733125546945,
    "std": 1.8525711566313035,
    "n": 522
  },
  "CAPS": {
    "mean": 8.702386506995758,
    "std": 5.742241642222678,
    "n": 165
  },
  "MRO": {
    "mean": 11.189660700693299,
    "std": 5.858294650296754,
    "n": 579
  },
  "STA": {
    "mean": 10.479177613431263,
    "std": 5.32643024351551,
    "n": 395
  },
  "IMAP": {
    "mean": 10.421750572165942,
    "std": 5.652295562578604,
    "n": 220
  },
  "MMS3": {
    "mean": 11.847722256655494,
    "std": 5.68212043082606,
    "n": 150
  },
  "TGO": {
    "mean": 9.959597816209259,
    "std": 5.420752569377324,
    "n": 158
  },
  "TDR8": {
    "mean": 6.839711603308979,
    "std": 3.15492915596383,
    "n": 114
  },
  "MMS4": {
    "mean": 12.071076211618454,
    "std": 5.556526343585582,
    "n": 126
  },
  "WIND": {
    "mean": 7.869112834020279,
    "std": 4.268584665962841,
    "n": 301
  },
  "ESCB": {
    "mean": 8.11351039140581,
    "std": 3.2632924728979473,
    "n": 158
  },
  "THC": {
    "mean": 8.611791407042599,
    "std": 5.443817686129191,
    "n": 92
  },
  "CHDR": {
    "mean": 8.117324820084361,
    "std": 6.897396990896033,
    "n": 353
  },
  "MMS1": {
    "mean": 10.412778826258418,
    "std": 6.50390218694977,
    "n": 157
  },
  "ESCG": {
    "mean": 7.557934917618794,
    "std": 3.585689891265214,
    "n": 210
  },
  "VGR1": {
    "mean": 4.450246032446111,
    "std": 1.6758550897897506,
    "n": 467
  },
  "DSSR": {
    "mean": 0.0,
    "std": 0.0,
    "n": 90
  },
  "LRO": {
    "mean": 9.94164814658989,
    "std": 6.765835359031682,
    "n": 276
  },
  "SWFO": {
    "mean": 0.32891965776773685,
    "std": 1.6180722674313985,
    "n": 126
  },
  "GBRA": {
    "mean": 0.0,
    "std": 0.0,
    "n": 347
  },
  "EMM": {
    "mean": 9.865738252342457,
    "std": 5.012954794812205,
    "n": 78
  },
  "TESS": {
    "mean": 9.147031442057662,
    "std": 6.109988969835761,
    "n": 97
  },
  "EURC": {
    "mean": 6.244235463185206,
    "std": 5.4376720952529265,
    "n": 171
  },
  "NHPC": {
    "mean": 0.0,
    "std": 0.0,
    "n": 23
  },
  "PSYC": {
    "mean": 9.414623314852818,
    "std": 5.603846898440366,
    "n": 432
  },
  "JNO": {
    "mean": 8.888636807273148,
    "std": 4.574798429850419,
    "n": 793
  },
  "MSL": {
    "mean": 0.174289094359299,
    "std": 0.9448366877996783,
    "n": 91
  },
  "M20": {
    "mean": 0.24945299916018457,
    "std": 1.108593377259091,
    "n": 83
  },
  "CGO": {
    "mean": 10.185808349518233,
    "std": 5.618906239404096,
    "n": 153
  },
  "BIOS": {
    "mean": 7.126539924862833,
    "std": 3.669325643173708,
    "n": 43
  },
  "SGP": {
    "mean": 0.0,
    "std": 0.0,
    "n": 34
  },
  "DSCO": {
    "mean": 4.539121377672829,
    "std": 4.934545179890666,
    "n": 24
  },
  "THB": {
    "mean": 8.270806968263065,
    "std": 5.745520970634007,
    "n": 59
  },
  "MMX": {
    "mean": 6.274377454177141,
    "std": 4.843714300956881,
    "n": 64
  },
  "RST": {
    "mean": 7.504568018465512,
    "std": 6.107700359240118,
    "n": 29
  },
  "XMM": {
    "mean": 10.296936623248849,
    "std": 3.2106340817210572,
    "n": 79
  },
  "TEST": {
    "mean": 0.0,
    "std": 0.0,
    "n": 68
  },
  "MEX": {
    "mean": 9.093698746870189,
    "std": 4.880448830985071,
    "n": 36
  },
  "BEPI": {
    "mean": 6.2961023683473805,
    "std": 3.365408276344554,
    "n": 9
  },
  "HYB2": {
    "mean": 0.0,
    "std": 0.0,
    "n": 8
  },
  "HCRA": {
    "mean": 0.0,
    "std": 0.0,
    "n": 28
  }
}