{
  "ACE": {
    "mean": 8.40399750212356,
    "std": 4.935322626358872,
    "n": 678
  },
  "DSN": {
    "mean": 0.0,
    "std": 0.0,
    "n": 10536
  },
  "DSS": {
    "mean": 0.0,
    "std": 0.0,
    "n": 2019
  },
  "JWST": {
    "mean": 11.309700790815608,
    "std": 5.933901059568894,
    "n": 1586
  },
  "KPLO": {
    "mean": 8.724062982427874,
    "std": 6.204342197956251,
    "n": 1290
  },
  "LUCY": {
    "mean": 9.023204428419032,
    "std": 3.962621064704021,
    "n": 848
  },
  "M01O": {
    "mean": 7.940158774307022,
    "std": 4.2511213563406605,
    "n": 2518
  },
  "MMS2": {
    "mean": 11.801868651726117,
    "std": 5.733265396928649,
    "n": 320
  },
  "ORX": {
    "mean": 4.4385630042270146,
    "std": 6.432941120481828,
    "n": 713
  },
  "SOHO": {
    "mean": 10.415489139984613,
    "std": 4.498036878508142,
    "n": 2157
  },
  "SPP": {
    "mean": 9.011941658868105,
    "std": 4.623998408612996,
    "n": 1174
  },
  "VGR2": {
    "mean": 4.157407859166233,
    "std": 1.8922693391841074,
    "n": 1041
  },
  "CAPS": {
    "mean": 9.025011074809086,
    "std": 5.592117470495781,
    "n": 332
  },
  "MRO": {
    "mean": 11.30912828690014,
    "std": 5.729304256089904,
    "n": 1156
  },
  "STA": {
    "mean": 10.593123681804949,
    "std": 5.233787282233928,
    "n": 796
  },
  "IMAP": {
    "mean": 10.611333906193913,
    "std": 5.528761403829262,
    "n": 431
  },
  "MMS3": {
    "mean": 11.749316475346985,
    "std": 5.784511097620451,
    "n": 308
  },
  "TGO": {
    "mean": 10.383194661222143,
    "std": 5.16496987623233,
    "n": 349
  },
  "TDR8": {
    "mean": 7.014025107082547,
    "std": 2.9972898409743474,
    "n": 136
  },
  "MMS4": {
    "mean": 11.968176993581217,
    "std": 5.646277222171031,
    "n": 286
  },
  "WIND": {
    "mean": 7.857327363369148,
    "std": 4.186400935033071,
    "n": 597
  },
  "ESCB": {
    "mean": 7.792541502939834,
    "std": 3.397349696146697,
    "n": 379
  },
  "THC": {
    "mean": 8.180192935608826,
    "std": 5.607825255535234,
    "n": 161
  },
  "CHDR": {
    "mean": 8.196807819728333,
    "std": 6.871744294177612,
    "n": 710
  },
  "MMS1": {
    "mean": 10.80812601041789,
    "std": 6.307438247443175,
    "n": 347
  },
  "ESCG": {
    "mean": 7.629744341358703,
    "std": 3.6330871348012352,
    "n": 373
  },
  "VGR1": {
    "mean": 4.3480197237964635,
    "std": 1.7760809781818612,
    "n": 1159
  },
  "DSSR": {
    "mean": 0.0,
    "std": 0.0,
    "n": 204
  },
  "LRO": {
    "mean": 10.834322712348618,
    "std": 6.477994813093576,
    "n": 729
  },
  "SWFO": {
    "mean": 0.23400191974374748,
    "std": 1.3730274673613185,
    "n": 248
  },
  "GBRA": {
    "mean": 0.0,
    "std": 0.0,
    "n": 563
  },
  "EMM": {
    "mean": 10.135336904512531,
    "std": 4.79404608636372,
    "n": 186
  },
  "TESS": {
    "mean": 9.609397897603882,
    "std": 6.486769392008635,
    "n": 207
  },
  "EURC": {
    "mean": 6.95805094988313,
    "std": 4.5836275169320535,
    "n": 431
  },
  "NHPC": {
    "mean": 2.6237343239904027,
    "std": 2.879772984008264,
    "n": 339
  },
  "PSYC": {
    "mean": 9.62462859788582,
    "std": 5.4826134281452275,
    "n": 645
  },
  "JNO": {
    "mean": 9.004317767365265,
    "std": 4.205485769833943,
    "n": 1562
  },
  "MSL": {
    "mean": 0.2540364170944357,
    "std": 1.1221825856520087,
    "n": 205
  },
  "M20": {
    "mean": 0.4595646958827232,
    "std": 1.472268986290191,
    "n": 214
  },
  "CGO": {
    "mean": 10.289850692054399,
    "std": 5.565489892861328,
    "n": 268
  },
  "BIOS": {
    "mean": 7.111815900254474,
    "std": 3.6669300959237847,
    "n": 81
  },
  "SGP": {
    "mean": 0.0,
    "std": 0.0,
    "n": 111
  },
  "DSCO": {
    "mean": 4.841729469517685,
    "std": 4.950545965703306,
    "n": 45
  },
  "THB": {
    "mean": 8.127425734448254,
    "std": 5.624767373043861,
    "n": 131
  },
  "MMX": {
    "mean": 6.447047574555721,
    "std": 4.86009682234796,
    "n": 75
  },
  "RST": {
    "mean": 6.2573459288108575,
    "std": 5.9069727957618285,
    "n": 50
  },
  "XMM": {
    "mean": 10.49102250883873,
    "std": 2.909686122370264,
    "n": 126
  },
  "TEST": {
    "mean": 0.0,
    "std": 0.0,
    "n": 213
  },
  "MEX": {
    "mean": 9.495547254342087,
    "std": 4.561461788079343,
    "n": 59
  },
  "BEPI": {
    "mean": 4.342343111860535,
    "std": 5.071384013101949,
    "n": 40
  },
  "HYB2": {
    "mean": 4.1767749285408255,
    "std": 3.2512601559797702,
    "n": 463
  },
  "HCRA": {
    "mean": 0.0,
    "std": 0.0,
    "n": 48
  },
  "EGS": {
    "mean": 0.0,
    "std": 0.0,
    "n": 16
  }
}