{
  "ACE": {
    "mean": 8.414370159636007,
    "std": 4.913165292525931,
    "n": 506
  },
  "DSN": {
    "mean": 0.0,
    "std": 0.0,
    "n": 7787
  },
  "DSS": {
    "mean": 0.0,
    "std": 0.0,
    "n": 1609
  },
  "JWST": {
    "mean": 11.270652689517412,
    "std": 5.991128555941493,
    "n": 1121
  },
  "KPLO": {
    "mean": 8.644338064552194,
    "std": 6.244443784617218,
    "n": 897
  },
  "LUCY": {
    "mean": 9.123937598029643,
    "std": 4.0317420722832855,
    "n": 718
  },
  "M01O": {
    "mean": 7.797666855499876,
    "std": 4.36440748136687,
    "n": 1871
  },
  "MMS2": {
    "mean": 12.15540267773517,
    "std": 5.456093636237852,
    "n": 227
  },
  "ORX": {
    "mean": 4.102638041024503,
    "std": 6.2954962537245915,
    "n": 483
  },
  "SOHO": {
    "mean": 10.416284813987923,
    "std": 4.471815196693134,
    "n": 1536
  },
  "SPP": {
    "mean": 8.609368323911111,
    "std": 4.4870435833210145,
    "n": 812
  },
  "VGR2": {
    "mean": 4.222825840072137,
    "std": 1.8314993232584633,
    "n": 744
  },
  "CAPS": {
    "mean": 9.129301424323899,
    "std": 5.54347569251669,
    "n": 249
  },
  "MRO": {
    "mean": 11.193656230642688,
    "std": 5.836075245556074,
    "n": 790
  },
  "STA": {
    "mean": 10.528507411215653,
    "std": 5.285205844652024,
    "n": 572
  },
  "IMAP": {
    "mean": 10.786763753880834,
    "std": 5.404746828122089,
    "n": 324
  },
  "MMS3": {
    "mean": 11.65324439115012,
    "std": 5.864317537649606,
    "n": 223
  },
  "TGO": {
    "mean": 10.258677227440732,
    "std": 5.245044346263586,
    "n": 247
  },
  "TDR8": {
    "mean": 6.839711603308979,
    "std": 3.15492915596383,
    "n": 114
  },
  "MMS4": {
    "mean": 12.099331498648048,
    "std": 5.527411875658991,
    "n": 203
  },
  "WIND": {
    "mean": 7.868033434036154,
    "std": 4.202353543760077,
    "n": 428
  },
  "ESCB": {
    "mean": 8.008972092643745,
    "std": 3.2138272652702984,
    "n": 254
  },
  "THC": {
    "mean": 8.295790329572489,
    "std": 5.550952889670935,
    "n": 124
  },
  "CHDR": {
    "mean": 8.192986451863066,
    "std": 6.874822176051793,
    "n": 518
  },
  "MMS1": {
    "mean": 10.648639389684412,
    "std": 6.4185210504443635,
    "n": 248
  },
  "ESCG": {
    "mean": 7.653284801181135,
    "std": 3.6683404140734273,
    "n": 295
  },
  "VGR1": {
    "mean": 4.463907534680854,
    "std": 1.656304028306699,
    "n": 787
  },
  "DSSR": {
    "mean": 0.0,
    "std": 0.0,
    "n": 136
  },
  "LRO": {
    "mean": 10.7953832020607,
    "std": 6.53919087058333,
    "n": 504
  },
  "SWFO": {
    "mean": 0.30068640464481505,
    "std": 1.549963783471052,
    "n": 193
  },
  "GBRA": {
    "mean": 0.0,
    "std": 0.0,
    "n": 464
  },
  "EMM": {
    "mean": 10.140910766217448,
    "std": 4.792813407975981,
    "n": 126
  },
  "TESS": {
    "mean": 9.601478138829217,
    "std": 6.631135461662461,
    "n": 149
  },
  "EURC": {
    "mean": 6.952340325543328,
    "std": 5.173269965269741,
    "n": 273
  },
  "NHPC": {
    "mean": 0.0,
    "std": 0.0,
    "n": 33
  },
  "PSYC": {
    "mean": 9.511877624841615,
    "std": 5.54306982999146,
    "n": 576
  },
  "JNO": {
    "mean": 8.947389716666752,
    "std": 4.395277171465204,
    "n": 1189
  },
  "MSL": {
    "mean": 0.24369409349139665,
    "std": 1.1019738045841472,
    "n": 150
  },
  "M20": {
    "mean": 0.336660145208054,
    "std": 1.2764259740444903,
    "n": 123
  },
  "CGO": {
    "mean": 10.279060284666913,
    "std": 5.574587467313706,
    "n": 200
  },
  "BIOS": {
    "mean": 6.90725756194875,
    "std": 3.8125412770442706,
    "n": 60
  },
  "SGP": {
    "mean": 0.0,
    "std": 0.0,
    "n": 34
  },
  "DSCO": {
    "mean": 4.817937187112194,
    "std": 4.949959910276561,
    "n": 37
  },
  "THB": {
    "mean": 8.064012213811347,
    "std": 5.658003114824895,
    "n": 101
  },
  "MMX": {
    "mean": 6.3793662675728315,
    "std": 4.908486167029739,
    "n": 73
  },
  "RST": {
    "mean": 6.771292771997224,
    "std": 5.938614102744261,
    "n": 42
  },
  "XMM": {
    "mean": 10.505180675604823,
    "std": 2.885995084216434,
    "n": 114
  },
  "TEST": {
    "mean": 0.0,
    "std": 0.0,
    "n": 138
  },
  "MEX": {
    "mean": 9.381623269263608,
    "std": 4.712619259557808,
    "n": 40
  },
  "BEPI": {
    "mean": 2.2665968526050566,
    "std": 3.6346409384521188,
    "n": 25
  },
  "HYB2": {
    "mean": 0.0,
    "std": 0.0,
    "n": 20
  },
  "HCRA": {
    "mean": 0.0,
    "std": 0.0,
    "n": 35
  },
  "EGS": {
    "mean": 0.0,
    "std": 0.0,
    "n": 16
  }
}