{
  "ACE": {
    "mean": 8.616618166310914,
    "std": 4.8628500924892295,
    "n": 183
  },
  "DSN": {
    "mean": 0.0,
    "std": 0.0,
    "n": 3238
  },
  "DSS": {
    "mean": 0.0,
    "std": 0.0,
    "n": 1073
  },
  "JWST": {
    "mean": 10.888338978604663,
    "std": 5.91631315973028,
    "n": 356
  },
  "KPLO": {
    "mean": 8.400653035543284,
    "std": 6.5813503522574015,
    "n": 354
  },
  "LUCY": {
    "mean": 9.520611747390598,
    "std": 3.8119731537139763,
    "n": 333
  },
  "M01O": {
    "mean": 8.404103541789626,
    "std": 3.887912156339878,
    "n": 598
  },
  "MMS2": {
    "mean": 11.98405721802003,
    "std": 5.584326909513649,
    "n": 73
  },
  "ORX": {
    "mean": 4.080634785862911,
    "std": 6.274152502807011,
    "n": 111
  },
  "SOHO": {
    "mean": 10.20063873344586,
    "std": 4.74865262273405,
    "n": 466
  },
  "SPP": {
    "mean": 8.767276995330697,
    "std": 4.2352133038628965,
    "n": 337
  },
  "VGR2": {
    "mean": 4.31234801333109,
    "std": 1.7351188294582893,
    "n": 274
  },
  "CAPS": {
    "mean": 8.343006793875709,
    "std": 5.902666425660977,
    "n": 93
  },
  "MRO": {
    "mean": 11.783806036724457,
    "std": 5.520342360091764,
    "n": 341
  },
  "STA": {
    "mean": 10.287814571973927,
    "std": 5.446930278321555,
    "n": 192
  },
  "IMAP": {
    "mean": 10.665671422516043,
    "std": 5.487903317211534,
    "n": 129
  },
  "MMS3": {
    "mean": 11.656137445664273,
    "std": 5.727163149501001,
    "n": 67
  },
  "TGO": {
    "mean": 10.661026150825396,
    "std": 4.915847177259597,
    "n": 63
  },
  "TDR8": {
    "mean": 6.839711603308979,
    "std": 3.15492915596383,
    "n": 114
  },
  "MMS4": {
    "mean": 12.048372959843704,
    "std": 5.518496366621658,
    "n": 52
  },
  "WIND": {
    "mean": 8.067152827451208,
    "std": 3.9796218195974604,
    "n": 158
  },
  "ESCB": {
    "mean": 8.123195304241992,
    "std": 3.2043045232084295,
    "n": 101
  },
  "THC": {
    "mean": 8.58390175349225,
    "std": 5.430293383342242,
    "n": 60
  },
  "CHDR": {
    "mean": 7.8182446744042515,
    "std": 6.937235807790471,
    "n": 168
  },
  "MMS1": {
    "mean": 10.4465269253309,
    "std": 6.485003815915294,
    "n": 72
  },
  "ESCG": {
    "mean": 8.211184175608677,
    "std": 3.1049429823674495,
    "n": 132
  },
  "VGR1": {
    "mean": 4.5245381332053345,
    "std": 1.587312981355281,
    "n": 219
  },
  "DSSR": {
    "mean": 0.0,
    "std": 0.0,
    "n": 68
  },
  "LRO": {
    "mean": 10.416950496615648,
    "std": 6.910810000950363,
    "n": 113
  },
  "SWFO": {
    "mean": 0.0,
    "std": 0.0,
    "n": 62
  },
  "GBRA": {
    "mean": 0.0,
    "std": 0.0,
    "n": 191
  },
  "EMM": {
    "mean": 11.417629843908498,
    "std": 3.3427397392708933,
    "n": 38
  },
  "TESS": {
    "mean": 7.933007388997997,
    "std": 4.974610001446154,
    "n": 42
  },
  "EURC": {
    "mean": 5.613983411635755,
    "std": 5.494120046570652,
    "n": 95
  },
  "NHPC": {
    "mean": 0.0,
    "std": 0.0,
    "n": 15
  },
  "PSYC": {
    "mean": 9.826981303222256,
    "std": 5.3696353605394895,
    "n": 174
  },
  "JNO": {
    "mean": 9.838153392179791,
    "std": 3.829985705568235,
    "n": 328
  },
  "MSL": {
    "mean": 0.12727891132469402,
    "std": 0.8346236364517667,
    "n": 44
  },
  "M20": {
    "mean": 0.39065281000557206,
    "std": 1.3672848350195017,
    "n": 53
  },
  "CGO": {
    "mean": 9.83673893107173,
    "std": 5.67165373123259,
    "n": 66
  },
  "BIOS": {
    "mean": 7.300921556125871,
    "std": 3.509447946156779,
    "n": 32
  },
  "SGP": {
    "mean": 0.0,
    "std": 0.0,
    "n": 34
  },
  "DSCO": {
    "mean": 4.951768775643085,
    "std": 4.951768775643084,
    "n": 10
  },
  "THB": {
    "mean": 8.793008581415883,
    "std": 5.186393394674723,
    "n": 35
  },
  "MMX": {
    "mean": 4.963772528315174,
    "std": 4.951920363308972,
    "n": 43
  },
  "RST": {
    "mean": 4.273278775786431,
    "std": 5.542383218646343,
    "n": 5
  },
  "XMM": {
    "mean": 10.491018573347722,
    "std": 2.909685030793374,
    "n": 14
  },
  "TEST": {
    "mean": 0.0,
    "std": 0.0,
    "n": 17
  },
  "MEX": {
    "mean": 11.162196878066604,
    "std": 3.3979678769504145,
    "n": 12
  },
  "BEPI": {
    "mean": 6.2961023683473805,
    "std": 3.365408276344554,
    "n": 9
  },
  "HYB2": {
    "mean": 0.0,
    "std": 0.0,
    "n": 4
  }
}