{
  "ACE": {
    "mean": 8.434421435911137,
    "std": 4.915855226306626,
    "n": 606
  },
  "DSN": {
    "mean": 0.0,
    "std": 0.0,
    "n": 9158
  },
  "DSS": {
    "mean": 0.0,
    "std": 0.0,
    "n": 1824
  },
  "JWST": {
    "mean": 11.432095770149196,
    "std": 6.020530176625258,
    "n": 1403
  },
  "KPLO": {
    "mean": 8.588273145056455,
    "std": 6.194422799723328,
    "n": 1161
  },
  "LUCY": {
    "mean": 9.04893399048567,
    "std": 3.989587671015891,
    "n": 804
  },
  "M01O": {
    "mean": 7.936040926263407,
    "std": 4.281828954229094,
    "n": 2329
  },
  "MMS2": {
    "mean": 11.949691120814725,
    "std": 5.626251444630857,
    "n": 276
  },
  "ORX": {
    "mean": 4.246670327739574,
    "std": 6.357864631862374,
    "n": 619
  },
  "SOHO": {
    "mean": 10.441862581514428,
    "std": 4.4652196280257765,
    "n": 1915
  },
  "SPP": {
    "mean": 9.225319181589532,
    "std": 4.599779252658854,
    "n": 1119
  },
  "VGR2": {
    "mean": 4.16914913741106,
    "std": 1.8855824440036135,
    "n": 931
  },
  "CAPS": {
    "mean": 9.081313797480792,
    "std": 5.565881831113508,
    "n": 308
  },
  "MRO": {
    "mean": 11.221471035987319,
    "std": 5.790472387171852,
    "n": 970
  },
  "STA": {
    "mean": 10.554723397052276,
    "std": 5.271891013728998,
    "n": 687
  },
  "IMAP": {
    "mean": 10.525287208680396,
    "std": 5.588037580901983,
    "n": 373
  },
  "MMS3": {
    "mean": 11.724588861738821,
    "std": 5.813786220288456,
    "n": 274
  },
  "TGO": {
    "mean": 10.356434036154798,
    "std": 5.1893901599127945,
    "n": 325
  },
  "TDR8": {
    "mean": 6.839711603308979,
    "std": 3.15492915596383,
    "n": 114
  },
  "MMS4": {
    "mean": 11.959896174959383,
    "std": 5.642727747894283,
    "n": 253
  },
  "WIND": {
    "mean": 7.825636290645974,
    "std": 4.195480281950362,
    "n": 520
  },
  "ESCB": {
    "mean": 7.7255550494724785,
    "std": 3.4368471184510136,
    "n": 353
  },
  "THC": {
    "mean": 8.104053890379554,
    "std": 5.622679116121541,
    "n": 149
  },
  "CHDR": {
    "mean": 8.224882660472012,
    "std": 6.867766248946212,
    "n": 633
  },
  "MMS1": {
    "mean": 10.840764869220255,
    "std": 6.292733968742184,
    "n": 306
  },
  "ESCG": {
    "mean": 7.675900459697984,
    "std": 3.6155917272302367,
    "n": 352
  },
  "VGR1": {
    "mean": 4.430505643634389,
    "std": 1.6880371613608045,
    "n": 1022
  },
  "DSSR": {
    "mean": 0.0,
    "std": 0.0,
    "n": 196
  },
  "LRO": {
    "mean": 10.831279226336596,
    "std": 6.408162964283051,
    "n": 640
  },
  "SWFO": {
    "mean": 0.2556496744336977,
    "std": 1.4332035292553924,
    "n": 227
  },
  "GBRA": {
    "mean": 0.0,
    "std": 0.0,
    "n": 539
  },
  "EMM": {
    "mean": 10.210121533965474,
    "std": 4.733528122869451,
    "n": 147
  },
  "TESS": {
    "mean": 9.855592996022676,
    "std": 6.549801187035146,
    "n": 192
  },
  "EURC": {
    "mean": 7.117481247564206,
    "std": 5.0119023775663445,
    "n": 324
  },
  "NHPC": {
    "mean": 3.155343839948472,
    "std": 2.6575430323138165,
    "n": 159
  },
  "PSYC": {
    "mean": 9.559087822212327,
    "std": 5.519449657161713,
    "n": 624
  },
  "JNO": {
    "mean": 8.984203840195862,
    "std": 4.368873219226998,
    "n": 1316
  },
  "MSL": {
    "mean": 0.28149981353707737,
    "std": 1.1780079286773841,
    "n": 185
  },
  "M20": {
    "mean": 0.41647181756341145,
    "std": 1.4079317143529417,
    "n": 174
  },
  "CGO": {
    "mean": 10.391469900248538,
    "std": 5.539003115509523,
    "n": 234
  },
  "BIOS": {
    "mean": 6.976562835742111,
    "std": 3.7645650646294055,
    "n": 71
  },
  "SGP": {
    "mean": 0.0,
    "std": 0.0,
    "n": 34
  },
  "DSCO": {
    "mean": 4.951768775643087,
    "std": 4.951768775643087,
    "n": 44
  },
  "THB": {
    "mean": 8.141870177392011,
    "std": 5.5904266470201875,
    "n": 126
  },
  "MMX": {
    "mean": 6.447047574555721,
    "std": 4.86009682234796,
    "n": 75
  },
  "RST": {
    "mean": 6.771292771997224,
    "std": 5.938614102744261,
    "n": 42
  },
  "XMM": {
    "mean": 10.478006574044688,
    "std": 2.9312374535648464,
    "n": 124
  },
  "TEST": {
    "mean": 0.0,
    "std": 0.0,
    "n": 187
  },
  "MEX": {
    "mean": 9.817453080856374,
    "std": 4.3042786535186215,
    "n": 50
  },
  "BEPI": {
    "mean": 2.420109767318459,
    "std": 3.567173330124926,
    "n": 28
  },
  "HYB2": {
    "mean": 3.2571887079200987,
    "std": 2.595608727693818,
    "n": 247
  },
  "HCRA": {
    "mean": 0.0,
    "std": 0.0,
    "n": 48
  },
  "EGS": {
    "mean": 0.0,
    "std": 0.0,
    "n": 16
  }
}