{
  "ACE": {
    "mean": 8.528302934658164,
    "std": 4.89216588355542,
    "n": 404
  },
  "DSN": {
    "mean": 0.0,
    "std": 0.0,
    "n": 6651
  },
  "DSS": {
    "mean": 0.0,
    "std": 0.0,
    "n": 1459
  },
  "JWST": {
    "mean": 11.086549020529803,
    "std": 6.0299997149208675,
    "n": 887
  },
  "KPLO": {
    "mean": 8.579594563804065,
    "std": 6.347727119074018,
    "n": 754
  },
  "LUCY": {
    "mean": 9.108991737014609,
    "std": 4.093593761436104,
    "n": 667
  },
  "M01O": {
    "mean": 7.984795933991074,
    "std": 4.2561751776463845,
    "n": 1501
  },
  "MMS2": {
    "mean": 12.010624611596285,
    "std": 5.559590158179063,
    "n": 176
  },
  "ORX": {
    "mean": 3.7822385295831915,
    "std": 6.133999033107342,
    "n": 363
  },
  "SOHO": {
    "mean": 10.248284847134931,
    "std": 4.601591916101398,
    "n": 1216
  },
  "SPP": {
    "mean": 8.923976749230302,
    "std": 4.448321862370817,
    "n": 758
  },
  "VGR2": {
    "mean": 4.285236682172139,
    "std": 1.7827481124747337,
    "n": 603
  },
  "CAPS": {
    "mean": 9.21583951480715,
    "std": 5.505244272974091,
    "n": 217
  },
  "MRO": {
    "mean": 11.098677288233628,
    "std": 5.906872233394995,
    "n": 637
  },
  "STA": {
    "mean": 10.540539539901975,
    "std": 5.274180600895536,
    "n": 465
  },
  "IMAP": {
    "mean": 10.74386359494364,
    "std": 5.434713121540389,
    "n": 270
  },
  "MMS3": {
    "mean": 11.855262352187113,
    "std": 5.700619331134025,
    "n": 176
  },
  "TGO": {
    "mean": 9.961470188706123,
    "std": 5.411342938271041,
    "n": 198
  },
  "TDR8": {
    "mean": 6.839711603308979,
    "std": 3.15492915596383,
    "n": 114
  },
  "MMS4": {
    "mean": 11.952935299980652,
    "std": 5.650196502196181,
    "n": 159
  },
  "WIND": {
    "mean": 7.9388028864872755,
    "std": 4.243579571840101,
    "n": 351
  },
  "ESCB": {
    "mean": 8.064745874654104,
    "std": 3.22987589668268,
    "n": 196
  },
  "THC": {
    "mean": 8.440826251843438,
    "std": 5.455909043251383,
    "n": 113
  },
  "CHDR": {
    "mean": 8.100346482167378,
    "std": 6.899471199322468,
    "n": 421
  },
  "MMS1": {
    "mean": 10.483801314248433,
    "std": 6.465332767019367,
    "n": 189
  },
  "ESCG": {
    "mean": 7.701540526553268,
    "std": 3.473340056912333,
    "n": 235
  },
  "VGR1": {
    "mean": 4.442987588602281,
    "std": 1.6841103947081242,
    "n": 597
  },
  "DSSR": {
    "mean": 0.0,
    "std": 0.0,
    "n": 113
  },
  "LRO": {
    "mean": 10.685698515226091,
    "std": 6.6606481586771515,
    "n": 379
  },
  "SWFO": {
    "mean": 0.27629251252489884,
    "std": 1.4878820822887309,
    "n": 150
  },
  "GBRA": {
    "mean": 0.0,
    "std": 0.0,
    "n": 381
  },
  "EMM": {
    "mean": 10.002698048997026,
    "std": 4.906409965342917,
    "n": 98
  },
  "TESS": {
    "mean": 9.513631567400466,
    "std": 6.392764161118952,
    "n": 114
  },
  "EURC": {
    "mean": 6.708465182454368,
    "std": 5.237156519590372,
    "n": 209
  },
  "NHPC": {
    "mean": 0.0,
    "std": 0.0,
    "n": 28
  },
  "PSYC": {
    "mean": 9.648849638018193,
    "std": 5.461451433322568,
    "n": 507
  },
  "JNO": {
    "mean": 8.885943462632204,
    "std": 4.586195336282165,
    "n": 886
  },
  "MSL": {
    "mean": 0.22214073772749038,
    "std": 1.0567123313590154,
    "n": 118
  },
  "M20": {
    "mean": 0.39383747965235666,
    "std": 1.3723898151039942,
    "n": 92
  },
  "CGO": {
    "mean": 10.345418617439403,
    "std": 5.5661742124101,
    "n": 168
  },
  "BIOS": {
    "mean": 6.847939958677724,
    "std": 3.85046986974656,
    "n": 50
  },
  "SGP": {
    "mean": 0.0,
    "std": 0.0,
    "n": 34
  },
  "DSCO": {
    "mean": 5.111503252276735,
    "std": 4.9491917425382095,
    "n": 31
  },
  "THB": {
    "mean": 8.154727697534389,
    "std": 5.60669597240418,
    "n": 85
  },
  "MMX": {
    "mean": 6.3833415820869694,
    "std": 4.865709226505287,
    "n": 71
  },
  "RST": {
    "mean": 7.504568018465512,
    "std": 6.107700359240118,
    "n": 29
  },
  "XMM": {
    "mean": 10.247047163175289,
    "std": 3.281681488623191,
    "n": 86
  },
  "TEST": {
    "mean": 0.0,
    "std": 0.0,
    "n": 95
  },
  "MEX": {
    "mean": 9.155437514433327,
    "std": 4.828276118324093,
    "n": 37
  },
  "BEPI": {
    "mean": 2.6983295864345913,
    "std": 3.816014296888384,
    "n": 21
  },
  "HYB2": {
    "mean": 0.0,
    "std": 0.0,
    "n": 14
  },
  "HCRA": {
    "mean": 0.0,
    "std": 0.0,
    "n": 32
  },
  "EGS": {
    "mean": 0.0,
    "std": 0.0,
    "n": 3
  }
}