{
  "ACE": {
    "mean": 8.42838760498247,
    "std": 4.953028585399187,
    "n": 452
  },
  "DSN": {
    "mean": 0.0,
    "std": 0.0,
    "n": 7217
  },
  "DSS": {
    "mean": 0.0,
    "std": 0.0,
    "n": 1535
  },
  "JWST": {
    "mean": 11.192412058978197,
    "std": 6.028156720918104,
    "n": 1003
  },
  "KPLO": {
    "mean": 8.632353622432046,
    "std": 6.333522299106386,
    "n": 818
  },
  "LUCY": {
    "mean": 9.132801930359506,
    "std": 4.052375803934068,
    "n": 700
  },
  "M01O": {
    "mean": 7.769834747522837,
    "std": 4.390652479937919,
    "n": 1676
  },
  "MMS2": {
    "mean": 12.196662642448604,
    "std": 5.410100824263892,
    "n": 195
  },
  "ORX": {
    "mean": 3.8496862592837275,
    "std": 6.167372577618947,
    "n": 403
  },
  "SOHO": {
    "mean": 10.333008705604643,
    "std": 4.53841151709233,
    "n": 1373
  },
  "SPP": {
    "mean": 8.651988959177997,
    "std": 4.456958373437672,
    "n": 808
  },
  "VGR2": {
    "mean": 4.302762544022443,
    "std": 1.7473261421690955,
    "n": 662
  },
  "CAPS": {
    "mean": 9.083163709392235,
    "std": 5.571997327359381,
    "n": 238
  },
  "MRO": {
    "mean": 11.155142500357522,
    "std": 5.8613451777630985,
    "n": 706
  },
  "STA": {
    "mean": 10.479642221120091,
    "std": 5.318603296368927,
    "n": 523
  },
  "IMAP": {
    "mean": 10.856991861990233,
    "std": 5.347683114247175,
    "n": 292
  },
  "MMS3": {
    "mean": 11.870264196166179,
    "std": 5.695804400135885,
    "n": 198
  },
  "TGO": {
    "mean": 10.166213627689388,
    "std": 5.289041076126431,
    "n": 226
  },
  "TDR8": {
    "mean": 6.839711603308979,
    "std": 3.15492915596383,
    "n": 114
  },
  "MMS4": {
    "mean": 11.902609809913343,
    "std": 5.702206089404182,
    "n": 177
  },
  "WIND": {
    "mean": 7.858968044157441,
    "std": 4.221057462048545,
    "n": 391
  },
  "ESCB": {
    "mean": 8.015660130859475,
    "std": 3.2505264061796355,
    "n": 228
  },
  "THC": {
    "mean": 8.527854218708585,
    "std": 5.429560259832606,
    "n": 119
  },
  "CHDR": {
    "mean": 8.128839011874843,
    "std": 6.888363419788825,
    "n": 469
  },
  "MMS1": {
    "mean": 10.492592682138206,
    "std": 6.484764049076039,
    "n": 221
  },
  "ESCG": {
    "mean": 7.685456021667649,
    "std": 3.4829368982593527,
    "n": 239
  },
  "VGR1": {
    "mean": 4.464850786043301,
    "std": 1.6525149323505426,
    "n": 699
  },
  "DSSR": {
    "mean": 0.0,
    "std": 0.0,
    "n": 113
  },
  "LRO": {
    "mean": 10.841105771077228,
    "std": 6.621860657806288,
    "n": 444
  },
  "SWFO": {
    "mean": 0.24523004070257284,
    "std": 1.4044652225680567,
    "n": 169
  },
  "GBRA": {
    "mean": 0.0,
    "std": 0.0,
    "n": 415
  },
  "EMM": {
    "mean": 10.100846322190947,
    "std": 4.826679446531576,
    "n": 113
  },
  "TESS": {
    "mean": 9.210863544255208,
    "std": 6.39099910308455,
    "n": 132
  },
  "EURC": {
    "mean": 6.927653534239651,
    "std": 5.269271732500624,
    "n": 240
  },
  "NHPC": {
    "mean": 0.0,
    "std": 0.0,
    "n": 30
  },
  "PSYC": {
    "mean": 9.443910595654938,
    "std": 5.582806617175107,
    "n": 560
  },
  "JNO": {
    "mean": 8.881879150871372,
    "std": 4.503420941569736,
    "n": 1058
  },
  "MSL": {
    "mean": 0.22903623570172021,
    "std": 1.070782320936014,
    "n": 137
  },
  "M20": {
    "mean": 0.40999205802564986,
    "std": 1.3978865454187446,
    "n": 101
  },
  "CGO": {
    "mean": 10.316822035197166,
    "std": 5.599713687429647,
    "n": 184
  },
  "BIOS": {
    "mean": 6.881448591857102,
    "std": 3.8306128668279746,
    "n": 55
  },
  "SGP": {
    "mean": 0.0,
    "std": 0.0,
    "n": 34
  },
  "DSCO": {
    "mean": 4.951768775643087,
    "std": 4.951768775643086,
    "n": 34
  },
  "THB": {
    "mean": 8.1351442206711,
    "std": 5.603868151636041,
    "n": 91
  },
  "MMX": {
    "mean": 6.3833415820869694,
    "std": 4.865709226505287,
    "n": 71
  },
  "RST": {
    "mean": 6.636855475185483,
    "std": 5.910642800722992,
    "n": 39
  },
  "XMM": {
    "mean": 10.403132049426544,
    "std": 3.0511786047110028,
    "n": 101
  },
  "TEST": {
    "mean": 0.0,
    "std": 0.0,
    "n": 102
  },
  "MEX": {
    "mean": 9.32574765239274,
    "std": 4.759553845465456,
    "n": 39
  },
  "BEPI": {
    "mean": 2.2665968526050566,
    "std": 3.6346409384521188,
    "n": 25
  },
  "HYB2": {
    "mean": 0.0,
    "std": 0.0,
    "n": 16
  },
  "HCRA": {
    "mean": 0.0,
    "std": 0.0,
    "n": 33
  },
  "EGS": {
    "mean": 0.0,
    "std": 0.0,
    "n": 16
  }
}