{
  "ACE": {
    "mean": 8.544847715074729,
    "std": 4.867330265476554,
    "n": 294
  },
  "DSN": {
    "mean": 0.0,
    "std": 0.0,
    "n": 5034
  },
  "DSS": {
    "mean": 0.0,
    "std": 0.0,
    "n": 1210
  },
  "JWST": {
    "mean": 10.95879534034085,
    "std": 5.964846678084249,
    "n": 605
  },
  "KPLO": {
    "mean": 8.400680827014352,
    "std": 6.537084935288868,
    "n": 495
  },
  "LUCY": {
    "mean": 8.903094499081174,
    "std": 4.304735009964342,
    "n": 528
  },
  "M01O": {
    "mean": 7.888917527840555,
    "std": 4.302297622668673,
    "n": 1008
  },
  "MMS2": {
    "mean": 12.01652262842778,
    "std": 5.55957282092882,
    "n": 125
  },
  "ORX": {
    "mean": 3.8834588338560785,
    "std": 6.184425240824674,
    "n": 198
  },
  "SOHO": {
    "mean": 10.348374898868034,
    "std": 4.620798295047937,
    "n": 776
  },
  "SPP": {
    "mean": 7.850765240874546,
    "std": 4.260061973518559,
    "n": 425
  },
  "VGR2": {
    "mean": 4.37442240223332,
    "std": 1.6796069053827978,
    "n": 425
  },
  "CAPS": {
    "mean": 8.548626884666698,
    "std": 5.817494194982348,
    "n": 136
  },
  "MRO": {
    "mean": 11.228099085526857,
    "std": 5.866142350628901,
    "n": 492
  },
  "STA": {
    "mean": 10.404627141309854,
    "std": 5.387557412116703,
    "n": 322
  },
  "IMAP": {
    "mean": 10.413082236959132,
    "std": 5.658995403280509,
    "n": 193
  },
  "MMS3": {
    "mean": 11.806778286223729,
    "std": 5.697487492371068,
    "n": 122
  },
  "TGO": {
    "mean": 9.933344264467191,
    "std": 5.43139372927346,
    "n": 135
  },
  "TDR8": {
    "mean": 6.839711603308979,
    "std": 3.15492915596383,
    "n": 114
  },
  "MMS4": {
    "mean": 12.270329183468709,
    "std": 5.360726296884956,
    "n": 100
  },
  "WIND": {
    "mean": 7.963144192950917,
    "std": 4.203248135287915,
    "n": 252
  },
  "ESCB": {
    "mean": 8.186738073100116,
    "std": 3.2098915480235064,
    "n": 150
  },
  "THC": {
    "mean": 8.526102456830086,
    "std": 5.451919427225525,
    "n": 80
  },
  "CHDR": {
    "mean": 7.999628066497325,
    "std": 6.914308764513195,
    "n": 290
  },
  "MMS1": {
    "mean": 10.44094179373054,
    "std": 6.481625391375487,
    "n": 126
  },
  "ESCG": {
    "mean": 7.631550411086546,
    "std": 3.579299993371252,
    "n": 175
  },
  "VGR1": {
    "mean": 4.495009172279301,
    "std": 1.6234070430413474,
    "n": 364
  },
  "DSSR": {
    "mean": 0.0,
    "std": 0.0,
    "n": 85
  },
  "LRO": {
    "mean": 10.092902634311368,
    "std": 6.714227989210286,
    "n": 247
  },
  "SWFO": {
    "mean": 0.0,
    "std": 0.0,
    "n": 96
  },
  "GBRA": {
    "mean": 0.0,
    "std": 0.0,
    "n": 320
  },
  "EMM": {
    "mean": 11.325697287323143,
    "std": 3.5141971093333795,
    "n": 57
  },
  "TESS": {
    "mean": 8.14508301047143,
    "std": 5.393069797129331,
    "n": 79
  },
  "EURC": {
    "mean": 6.055115025552173,
    "std": 5.373280077285596,
    "n": 133
  },
  "NHPC": {
    "mean": 0.0,
    "std": 0.0,
    "n": 22
  },
  "PSYC": {
    "mean": 10.368196130166506,
    "std": 4.974673837869843,
    "n": 310
  },
  "JNO": {
    "mean": 8.881818286689327,
    "std": 4.554958113108079,
    "n": 720
  },
  "MSL": {
    "mean": 0.20597802060644432,
    "std": 1.0239634812655733,
    "n": 77
  },
  "M20": {
    "mean": 0.2836246428807577,
    "std": 1.1779816133324597,
    "n": 73
  },
  "CGO": {
    "mean": 10.07358550123828,
    "std": 5.6489869174831435,
    "n": 127
  },
  "BIOS": {
    "mean": 7.475687476382571,
    "std": 3.4038750077057762,
    "n": 35
  },
  "SGP": {
    "mean": 0.0,
    "std": 0.0,
    "n": 34
  },
  "DSCO": {
    "mean": 4.456591898078777,
    "std": 4.926947723221698,
    "n": 20
  },
  "THB": {
    "mean": 8.752697345206279,
    "std": 5.423163308485524,
    "n": 51
  },
  "MMX": {
    "mean": 6.016493598113673,
    "std": 4.865458928163983,
    "n": 55
  },
  "RST": {
    "mean": 8.091586331914513,
    "std": 5.869664019498173,
    "n": 19
  },
  "XMM": {
    "mean": 10.08752262698692,
    "std": 3.4944203426957317,
    "n": 56
  },
  "TEST": {
    "mean": 0.0,
    "std": 0.0,
    "n": 45
  },
  "MEX": {
    "mean": 9.596479852114397,
    "std": 4.599740883340531,
    "n": 27
  },
  "BEPI": {
    "mean": 6.2961023683473805,
    "std": 3.365408276344554,
    "n": 9
  },
  "HYB2": {
    "mean": 0.0,
    "std": 0.0,
    "n": 4
  },
  "HCRA": {
    "mean": 0.0,
    "std": 0.0,
    "n": 14
  }
}