{
  "ACE": {
    "mean": 8.500481917158067,
    "std": 4.908594198494216,
    "n": 408
  },
  "DSN": {
    "mean": 0.0,
    "std": 0.0,
    "n": 6687
  },
  "DSS": {
    "mean": 0.0,
    "std": 0.0,
    "n": 1464
  },
  "JWST": {
    "mean": 11.108071172149169,
    "std": 6.038167317866897,
    "n": 893
  },
  "KPLO": {
    "mean": 8.579594563804065,
    "std": 6.347727119074018,
    "n": 754
  },
  "LUCY": {
    "mean": 9.108991737014609,
    "std": 4.093593761436104,
    "n": 667
  },
  "M01O": {
    "mean": 7.984592301161398,
    "std": 4.256454707093701,
    "n": 1510
  },
  "MMS2": {
    "mean": 12.010624611596285,
    "std": 5.559590158179063,
    "n": 176
  },
  "ORX": {
    "mean": 3.7822385295831915,
    "std": 6.133999033107342,
    "n": 363
  },
  "SOHO": {
    "mean": 10.24875266926215,
    "std": 4.6017158226536505,
    "n": 1222
  },
  "SPP": {
    "mean": 8.898808264537648,
    "std": 4.444539267192576,
    "n": 763
  },
  "VGR2": {
    "mean": 4.2821119150654905,
    "std": 1.7862314556230574,
    "n": 607
  },
  "CAPS": {
    "mean": 9.21583951480715,
    "std": 5.505244272974091,
    "n": 217
  },
  "MRO": {
    "mean": 11.102631654363298,
    "std": 5.903084960545289,
    "n": 638
  },
  "STA": {
    "mean": 10.52887601065566,
    "std": 5.282378559690438,
    "n": 468
  },
  "IMAP": {
    "mean": 10.764323209247172,
    "std": 5.419230117576154,
    "n": 277
  },
  "MMS3": {
    "mean": 11.804820088060508,
    "std": 5.741555357520575,
    "n": 178
  },
  "TGO": {
    "mean": 9.961470188706123,
    "std": 5.411342938271041,
    "n": 198
  },
  "TDR8": {
    "mean": 6.839711603308979,
    "std": 3.15492915596383,
    "n": 114
  },
  "MMS4": {
    "mean": 11.970303214917262,
    "std": 5.636767910853793,
    "n": 160
  },
  "WIND": {
    "mean": 7.921040203873778,
    "std": 4.246990331268385,
    "n": 354
  },
  "ESCB": {
    "mean": 8.038260784353774,
    "std": 3.2497265588575166,
    "n": 200
  },
  "THC": {
    "mean": 8.440826251843438,
    "std": 5.455909043251383,
    "n": 113
  },
  "CHDR": {
    "mean": 8.095115015633857,
    "std": 6.900338127220321,
    "n": 423
  },
  "MMS1": {
    "mean": 10.374023290015465,
    "std": 6.519330157827679,
    "n": 191
  },
  "ESCG": {
    "mean": 7.701540526553268,
    "std": 3.473340056912333,
    "n": 235
  },
  "VGR1": {
    "mean": 4.440408836872977,
    "std": 1.6794875465547625,
    "n": 601
  },
  "DSSR": {
    "mean": 0.0,
    "std": 0.0,
    "n": 113
  },
  "LRO": {
    "mean": 10.695188616240706,
    "std": 6.6352996552313055,
    "n": 382
  },
  "SWFO": {
    "mean": 0.27629251252489884,
    "std": 1.4878820822887309,
    "n": 150
  },
  "GBRA": {
    "mean": 0.0,
    "std": 0.0,
    "n": 381
  },
  "EMM": {
    "mean": 10.026875683153918,
    "std": 4.8874313541980285,
    "n": 99
  },
  "TESS": {
    "mean": 9.433055217094156,
    "std": 6.3981889251406425,
    "n": 116
  },
  "EURC": {
    "mean": 6.705475246732207,
    "std": 5.2493965627530965,
    "n": 211
  },
  "NHPC": {
    "mean": 0.0,
    "std": 0.0,
    "n": 28
  },
  "PSYC": {
    "mean": 9.648849638018193,
    "std": 5.461451433322568,
    "n": 507
  },
  "JNO": {
    "mean": 8.875925488040735,
    "std": 4.593298785501423,
    "n": 887
  },
  "MSL": {
    "mean": 0.22214073772749038,
    "std": 1.0567123313590154,
    "n": 118
  },
  "M20": {
    "mean": 0.39383747965235666,
    "std": 1.3723898151039942,
    "n": 92
  },
  "CGO": {
    "mean": 10.325504975706124,
    "std": 5.5861506831518675,
    "n": 171
  },
  "BIOS": {
    "mean": 6.799526198420348,
    "std": 3.87844496642235,
    "n": 53
  },
  "SGP": {
    "mean": 0.0,
    "std": 0.0,
    "n": 34
  },
  "DSCO": {
    "mean": 5.111503252276735,
    "std": 4.9491917425382095,
    "n": 31
  },
  "THB": {
    "mean": 8.19692532078966,
    "std": 5.5875639019998,
    "n": 86
  },
  "MMX": {
    "mean": 6.3833415820869694,
    "std": 4.865709226505287,
    "n": 71
  },
  "RST": {
    "mean": 7.504568018465512,
    "std": 6.107700359240118,
    "n": 29
  },
  "XMM": {
    "mean": 10.247047163175289,
    "std": 3.281681488623191,
    "n": 86
  },
  "TEST": {
    "mean": 0.0,
    "std": 0.0,
    "n": 95
  },
  "MEX": {
    "mean": 9.32574765239274,
    "std": 4.759553845465456,
    "n": 39
  },
  "BEPI": {
    "mean": 2.6983295864345913,
    "std": 3.816014296888384,
    "n": 21
  },
  "HYB2": {
    "mean": 0.0,
    "std": 0.0,
    "n": 14
  },
  "HCRA": {
    "mean": 0.0,
    "std": 0.0,
    "n": 32
  },
  "EGS": {
    "mean": 0.0,
    "std": 0.0,
    "n": 3
  }
}