{
  "ACE": {
    "mean": 8.251319322839441,
    "std": 5.081837083949563,
    "n": 40
  },
  "DSN": {
    "mean": 0.0,
    "std": 0.0,
    "n": 698
  },
  "DSS": {
    "mean": 0.0,
    "std": 0.0,
    "n": 273
  },
  "JWST": {
    "mean": 12.683120449263662,
    "std": 5.96776766745685,
    "n": 76
  },
  "KPLO": {
    "mean": 5.943431772249689,
    "std": 6.003327771781846,
    "n": 56
  },
  "LUCY": {
    "mean": 9.865024466466197,
    "std": 3.4088332616671018,
    "n": 75
  },
  "M01O": {
    "mean": 7.96186306868225,
    "std": 3.8659041373358343,
    "n": 101
  },
  "MMS2": {
    "mean": 10.242946504830826,
    "std": 6.708652523613693,
    "n": 10
  },
  "ORX": {
    "mean": 3.4532979652402034,
    "std": 5.982186077945595,
    "n": 28
  },
  "SOHO": {
    "mean": 10.125805365212507,
    "std": 4.8116912058,
    "n": 114
  },
  "SPP": {
    "mean": 8.920444356982387,
    "std": 3.950789634114394,
    "n": 75
  },
  "VGR2": {
    "mean": 4.438180757885332,
    "std": 1.689586540320037,
    "n": 79
  },
  "CAPS": {
    "mean": 7.471761977822443,
    "std": 6.100668108397807,
    "n": 25
  },
  "MRO": {
    "mean": 10.722060000181735,
    "std": 5.9709031011627225,
    "n": 72
  },
  "STA": {
    "mean": 8.086343967252294,
    "std": 6.471471272626652,
    "n": 41
  },
  "IMAP": {
    "mean": 11.70549923149381,
    "std": 4.556359396300726,
    "n": 38
  },
  "MMS3": {
    "mean": 9.636361985076181,
    "std": 6.8195753934695125,
    "n": 15
  },
  "TGO": {
    "mean": 11.624224159896103,
    "std": 4.425831602114742,
    "n": 16
  },
  "TDR8": {
    "mean": 6.670292051912446,
    "std": 3.292116207607812,
    "n": 97
  },
  "MMS4": {
    "mean": 10.933326803952065,
    "std": 6.317290495803746,
    "n": 12
  },
  "WIND": {
    "mean": 7.228500469754691,
    "std": 3.921107329369148,
    "n": 32
  },
  "ESCB": {
    "mean": 7.114963101839682,
    "std": 3.649899059186077,
    "n": 24
  },
  "THC": {
    "mean": 9.617532833982262,
    "std": 5.625208682398356,
    "n": 8
  },
  "CHDR": {
    "mean": 6.993891310327609,
    "std": 6.993891310327606,
    "n": 34
  },
  "MMS1": {
    "mean": 9.321912490490329,
    "std": 6.953080747988671,
    "n": 14
  },
  "ESCG": {
    "mean": 7.742192685577566,
    "std": 3.0643780526790687,
    "n": 42
  },
  "VGR1": {
    "mean": 4.690527106139503,
    "std": 1.3540385436854394,
    "n": 39
  },
  "DSSR": {
    "mean": 0.0,
    "std": 0.0,
    "n": 30
  },
  "LRO": {
    "mean": 10.668397318586155,
    "std": 7.406961212327078,
    "n": 13
  },
  "SWFO": {
    "mean": 0.0,
    "std": 0.0,
    "n": 11
  },
  "GBRA": {
    "mean": 0.0,
    "std": 0.0,
    "n": 24
  },
  "EMM": {
    "mean": 11.269348936844743,
    "std": 3.563681038762641,
    "n": 11
  },
  "TESS": {
    "mean": 4.840203249634437,
    "std": 4.840203249634437,
    "n": 4
  },
  "EURC": {
    "mean": 4.037635994851741,
    "std": 4.441074910409731,
    "n": 12
  },
  "NHPC": {
    "mean": 0.0,
    "std": 0.0,
    "n": 5
  },
  "PSYC": {
    "mean": 9.800513784615768,
    "std": 5.406796509832213,
    "n": 30
  },
  "JNO": {
    "mean": 9.634798089661066,
    "std": 3.8429169955318363,
    "n": 68
  },
  "MSL": {
    "mean": 0.0,
    "std": 0.0,
    "n": 5
  },
  "M20": {
    "mean": 0.0,
    "std": 0.0,
    "n": 22
  },
  "CGO": {
    "mean": 7.589829951122854,
    "std": 6.207553342968365,
    "n": 16
  },
  "BIOS": {
    "mean": 6.481374500800612,
    "std": 3.97086966242705,
    "n": 11
  },
  "SGP": {
    "mean": 0.0,
    "std": 0.0,
    "n": 34
  },
  "DSCO": {
    "mean": 3.961415020514468,
    "std": 4.851722729828701,
    "n": 5
  },
  "THB": {
    "mean": 6.931197549030571,
    "std": 6.931197549030571,
    "n": 2
  },
  "MMX": {
    "mean": 0.0,
    "std": 0.0,
    "n": 13
  }
}