{
  "ACE": {
    "mean": 8.35330051888964,
    "std": 4.941461456298197,
    "n": 477
  },
  "DSN": {
    "mean": 0.0,
    "std": 0.0,
    "n": 7382
  },
  "DSS": {
    "mean": 0.0,
    "std": 0.0,
    "n": 1539
  },
  "JWST": {
    "mean": 11.259843676083353,
    "std": 6.046780633082525,
    "n": 1046
  },
  "KPLO": {
    "mean": 8.692200905969704,
    "std": 6.315149191907015,
    "n": 845
  },
  "LUCY": {
    "mean": 9.132801930359506,
    "std": 4.052375803934068,
    "n": 700
  },
  "M01O": {
    "mean": 7.712220815090948,
    "std": 4.418810304551697,
    "n": 1743
  },
  "MMS2": {
    "mean": 12.225506390217891,
    "std": 5.394467602886674,
    "n": 209
  },
  "ORX": {
    "mean": 3.6850915973666085,
    "std": 6.08414068879423,
    "n": 421
  },
  "SOHO": {
    "mean": 10.37944632932083,
    "std": 4.500404339850084,
    "n": 1441
  },
  "SPP": {
    "mean": 8.651988959177997,
    "std": 4.456958373437672,
    "n": 808
  },
  "VGR2": {
    "mean": 4.32238449213126,
    "std": 1.7299999813262668,
    "n": 701
  },
  "CAPS": {
    "mean": 9.07339679650725,
    "std": 5.576456742435356,
    "n": 241
  },
  "MRO": {
    "mean": 11.247389481972977,
    "std": 5.799135192764071,
    "n": 761
  },
  "STA": {
    "mean": 10.503682339485072,
    "std": 5.304001512909061,
    "n": 542
  },
  "IMAP": {
    "mean": 10.85455000486775,
    "std": 5.349160159468968,
    "n": 302
  },
  "MMS3": {
    "mean": 11.876580762052102,
    "std": 5.693764017500735,
    "n": 209
  },
  "TGO": {
    "mean": 10.261154547979089,
    "std": 5.236674764679098,
    "n": 238
  },
  "TDR8": {
    "mean": 6.839711603308979,
    "std": 3.15492915596383,
    "n": 114
  },
  "MMS4": {
    "mean": 12.068147632674918,
    "std": 5.572576365346745,
    "n": 188
  },
  "WIND": {
    "mean": 7.8885398324888545,
    "std": 4.24692411606941,
    "n": 408
  },
  "ESCB": {
    "mean": 8.015660130859475,
    "std": 3.2505264061796355,
    "n": 228
  },
  "THC": {
    "mean": 8.386897950630757,
    "std": 5.493180832996186,
    "n": 121
  },
  "CHDR": {
    "mean": 8.111024755412087,
    "std": 6.891799709932615,
    "n": 489
  },
  "MMS1": {
    "mean": 10.512228097312594,
    "std": 6.475141237233419,
    "n": 233
  },
  "ESCG": {
    "mean": 7.665552464583809,
    "std": 3.488861034726003,
    "n": 249
  },
  "VGR1": {
    "mean": 4.44148280921818,
    "std": 1.6796789919967445,
    "n": 737
  },
  "DSSR": {
    "mean": 0.0,
    "std": 0.0,
    "n": 136
  },
  "LRO": {
    "mean": 10.796940419188035,
    "std": 6.566552912839165,
    "n": 472
  },
  "SWFO": {
    "mean": 0.23414619705499895,
    "std": 1.3733041320642185,
    "n": 177
  },
  "GBRA": {
    "mean": 0.0,
    "std": 0.0,
    "n": 449
  },
  "EMM": {
    "mean": 10.13144447825627,
    "std": 4.801103382804775,
    "n": 120
  },
  "TESS": {
    "mean": 9.675723122874741,
    "std": 6.653842692326138,
    "n": 143
  },
  "EURC": {
    "mean": 6.940257735265395,
    "std": 5.185708540024445,
    "n": 250
  },
  "NHPC": {
    "mean": 0.0,
    "std": 0.0,
    "n": 30
  },
  "PSYC": {
    "mean": 9.443910595654938,
    "std": 5.582806617175107,
    "n": 560
  },
  "JNO": {
    "mean": 8.893887545893612,
    "std": 4.439445117458519,
    "n": 1117
  },
  "MSL": {
    "mean": 0.22253875383784164,
    "std": 1.0561693880556897,
    "n": 141
  },
  "M20": {
    "mean": 0.3664530784123065,
    "std": 1.3276024047684076,
    "n": 113
  },
  "CGO": {
    "mean": 10.281880530042814,
    "std": 5.634132332577208,
    "n": 190
  },
  "BIOS": {
    "mean": 6.7976950498830995,
    "std": 3.8807752958741553,
    "n": 57
  },
  "SGP": {
    "mean": 0.0,
    "std": 0.0,
    "n": 34
  },
  "DSCO": {
    "mean": 4.951768775643087,
    "std": 4.951768775643086,
    "n": 34
  },
  "THB": {
    "mean": 8.179319914756942,
    "std": 5.596682469017773,
    "n": 95
  },
  "MMX": {
    "mean": 6.3833415820869694,
    "std": 4.865709226505287,
    "n": 71
  },
  "RST": {
    "mean": 6.636855475185483,
    "std": 5.910642800722992,
    "n": 39
  },
  "XMM": {
    "mean": 10.403132049426544,
    "std": 3.0511786047110028,
    "n": 101
  },
  "TEST": {
    "mean": 0.0,
    "std": 0.0,
    "n": 110
  },
  "MEX": {
    "mean": 9.381623269263608,
    "std": 4.712619259557808,
    "n": 40
  },
  "BEPI": {
    "mean": 2.2665968526050566,
    "std": 3.6346409384521188,
    "n": 25
  },
  "HYB2": {
    "mean": 0.0,
    "std": 0.0,
    "n": 16
  },
  "HCRA": {
    "mean": 0.0,
    "std": 0.0,
    "n": 33
  },
  "EGS": {
    "mean": 0.0,
    "std": 0.0,
    "n": 16
  }
}