{
  "ACE": {
    "mean": 8.508302737471016,
    "std": 4.874986552433699,
    "n": 663
  },
  "DSN": {
    "mean": 0.0,
    "std": 0.0,
    "n": 10375
  },
  "DSS": {
    "mean": 0.0,
    "std": 0.0,
    "n": 2019
  },
  "JWST": {
    "mean": 11.304456941562805,
    "std": 5.919670580363298,
    "n": 1558
  },
  "KPLO": {
    "mean": 8.70690584338555,
    "std": 6.204791914975075,
    "n": 1261
  },
  "LUCY": {
    "mean": 9.023204428419032,
    "std": 3.962621064704021,
    "n": 848
  },
  "M01O": {
    "mean": 7.936390446268779,
    "std": 4.265507533599267,
    "n": 2471
  },
  "MMS2": {
    "mean": 11.899485730182167,
    "std": 5.6649265247306335,
    "n": 309
  },
  "ORX": {
    "mean": 4.324873066562014,
    "std": 6.389133788081008,
    "n": 700
  },
  "SOHO": {
    "mean": 10.41428401734816,
    "std": 4.497643036611712,
    "n": 2106
  },
  "SPP": {
    "mean": 9.011941658868105,
    "std": 4.623998408612996,
    "n": 1174
  },
  "VGR2": {
    "mean": 4.154677253668679,
    "std": 1.8929048961533328,
    "n": 1016
  },
  "CAPS": {
    "mean": 9.041464724668586,
    "std": 5.585074295375424,
    "n": 319
  },
  "MRO": {
    "mean": 11.27574490418928,
    "std": 5.760335317240064,
    "n": 1131
  },
  "STA": {
    "mean": 10.587156241767872,
    "std": 5.241798363049374,
    "n": 773
  },
  "IMAP": {
    "mean": 10.622726154503152,
    "std": 5.520852714476202,
    "n": 428
  },
  "MMS3": {
    "mean": 11.768281544351458,
    "std": 5.768742388272576,
    "n": 305
  },
  "TGO": {
    "mean": 10.383194661222143,
    "std": 5.16496987623233,
    "n": 349
  },
  "TDR8": {
    "mean": 7.014025107082547,
    "std": 2.9972898409743474,
    "n": 136
  },
  "MMS4": {
    "mean": 11.93888061870923,
    "std": 5.668913411743775,
    "n": 283
  },
  "WIND": {
    "mean": 7.885171945177888,
    "std": 4.186510764478761,
    "n": 586
  },
  "ESCB": {
    "mean": 7.792541502939834,
    "std": 3.397349696146697,
    "n": 379
  },
  "THC": {
    "mean": 8.180192935608826,
    "std": 5.607825255535234,
    "n": 161
  },
  "CHDR": {
    "mean": 8.197448529602479,
    "std": 6.871323569747973,
    "n": 698
  },
  "MMS1": {
    "mean": 10.812729381487767,
    "std": 6.311462822997759,
    "n": 339
  },
  "ESCG": {
    "mean": 7.626094939553618,
    "std": 3.6372842223262865,
    "n": 372
  },
  "VGR1": {
    "mean": 4.334153323830692,
    "std": 1.7883924481233064,
    "n": 1132
  },
  "DSSR": {
    "mean": 0.0,
    "std": 0.0,
    "n": 204
  },
  "LRO": {
    "mean": 10.80088800286452,
    "std": 6.4676750303092065,
    "n": 698
  },
  "SWFO": {
    "mean": 0.2398036202332619,
    "std": 1.3894436882991108,
    "n": 242
  },
  "GBRA": {
    "mean": 0.0,
    "std": 0.0,
    "n": 541
  },
  "EMM": {
    "mean": 10.135336904512531,
    "std": 4.79404608636372,
    "n": 186
  },
  "TESS": {
    "mean": 9.609397897603882,
    "std": 6.486769392008635,
    "n": 207
  },
  "EURC": {
    "mean": 6.967352879153464,
    "std": 4.675427003753868,
    "n": 412
  },
  "NHPC": {
    "mean": 2.7150409918488307,
    "std": 2.94279275795107,
    "n": 301
  },
  "PSYC": {
    "mean": 9.62462859788582,
    "std": 5.4826134281452275,
    "n": 645
  },
  "JNO": {
    "mean": 9.00251022171555,
    "std": 4.236805108407815,
    "n": 1524
  },
  "MSL": {
    "mean": 0.2657013546140782,
    "std": 1.1463067124922508,
    "n": 196
  },
  "M20": {
    "mean": 0.48209237705344493,
    "std": 1.504316877704969,
    "n": 204
  },
  "CGO": {
    "mean": 10.289850692054399,
    "std": 5.565489892861328,
    "n": 268
  },
  "BIOS": {
    "mean": 7.111815900254474,
    "std": 3.6669300959237847,
    "n": 81
  },
  "SGP": {
    "mean": 0.0,
    "std": 0.0,
    "n": 111
  },
  "DSCO": {
    "mean": 4.841729469517685,
    "std": 4.950545965703306,
    "n": 45
  },
  "THB": {
    "mean": 8.127425734448254,
    "std": 5.624767373043861,
    "n": 131
  },
  "MMX": {
    "mean": 6.447047574555721,
    "std": 4.86009682234796,
    "n": 75
  },
  "RST": {
    "mean": 6.2573459288108575,
    "std": 5.9069727957618285,
    "n": 50
  },
  "XMM": {
    "mean": 10.49102250883873,
    "std": 2.909686122370264,
    "n": 126
  },
  "TEST": {
    "mean": 0.0,
    "std": 0.0,
    "n": 194
  },
  "MEX": {
    "mean": 9.495547254342087,
    "std": 4.561461788079343,
    "n": 59
  },
  "BEPI": {
    "mean": 4.342343111860535,
    "std": 5.071384013101949,
    "n": 40
  },
  "HYB2": {
    "mean": 4.1767749285408255,
    "std": 3.2512601559797702,
    "n": 463
  },
  "HCRA": {
    "mean": 0.0,
    "std": 0.0,
    "n": 48
  },
  "EGS": {
    "mean": 0.0,
    "std": 0.0,
    "n": 16
  }
}