{
  "ACE": {
    "mean": 8.216612340459147,
    "std": 5.030895019687992,
    "n": 835
  },
  "DSN": {
    "mean": 0.0,
    "std": 0.0,
    "n": 12782
  },
  "DSS": {
    "mean": 0.0,
    "std": 0.0,
    "n": 2350
  },
  "JWST": {
    "mean": 11.463484912322249,
    "std": 5.822423495583823,
    "n": 2032
  },
  "KPLO": {
    "mean": 8.798605845996239,
    "std": 6.16391227434066,
    "n": 1641
  },
  "LUCY": {
    "mean": 8.993181319470937,
    "std": 3.8778913924033858,
    "n": 961
  },
  "M01O": {
    "mean": 7.924094033463179,
    "std": 4.2278175629537005,
    "n": 3070
  },
  "MMS2": {
    "mean": 11.82289689688894,
    "std": 5.677963485878217,
    "n": 417
  },
  "ORX": {
    "mean": 4.373465048072719,
    "std": 6.405831846358813,
    "n": 912
  },
  "SOHO": {
    "mean": 10.429945936433484,
    "std": 4.497671349440488,
    "n": 2730
  },
  "SPP": {
    "mean": 8.700336759703692,
    "std": 4.536245813540853,
    "n": 1319
  },
  "VGR2": {
    "mean": 4.208011769177041,
    "std": 1.8535355625549832,
    "n": 1281
  },
  "CAPS": {
    "mean": 9.355673466915219,
    "std": 5.405366234794006,
    "n": 428
  },
  "MRO": {
    "mean": 11.466943964013371,
    "std": 5.619493221825672,
    "n": 1432
  },
  "STA": {
    "mean": 10.55666881333952,
    "std": 5.243186659675292,
    "n": 1032
  },
  "IMAP": {
    "mean": 10.765848903540865,
    "std": 5.414721557906119,
    "n": 540
  },
  "MMS3": {
    "mean": 11.879258928408756,
    "std": 5.662297210743975,
    "n": 395
  },
  "TGO": {
    "mean": 10.50909623263593,
    "std": 5.06023282609917,
    "n": 437
  },
  "TDR8": {
    "mean": 7.014025107082547,
    "std": 2.9972898409743474,
    "n": 136
  },
  "MMS4": {
    "mean": 11.741206177322319,
    "std": 5.8054377066263605,
    "n": 367
  },
  "WIND": {
    "mean": 7.871567979682599,
    "std": 4.204505418923971,
    "n": 737
  },
  "ESCB": {
    "mean": 7.787627494436133,
    "std": 3.403851983876745,
    "n": 512
  },
  "THC": {
    "mean": 8.02489772425563,
    "std": 5.691939001232985,
    "n": 232
  },
  "CHDR": {
    "mean": 8.213002132235735,
    "std": 6.867674912911185,
    "n": 875
  },
  "MMS1": {
    "mean": 10.830532293634532,
    "std": 6.305488766005424,
    "n": 459
  },
  "ESCG": {
    "mean": 7.714136107728149,
    "std": 3.6210380226996843,
    "n": 453
  },
  "VGR1": {
    "mean": 3.695472807313835,
    "std": 2.2549494580021783,
    "n": 1659
  },
  "DSSR": {
    "mean": 0.0,
    "std": 0.0,
    "n": 287
  },
  "LRO": {
    "mean": 10.228748326657696,
    "std": 6.451566422995067,
    "n": 1032
  },
  "SWFO": {
    "mean": 0.18841713018327716,
    "std": 1.2355346073170201,
    "n": 308
  },
  "GBRA": {
    "mean": 0.0,
    "std": 0.0,
    "n": 661
  },
  "EMM": {
    "mean": 10.053520315280435,
    "std": 4.858459149449989,
    "n": 243
  },
  "TESS": {
    "mean": 9.691314278364082,
    "std": 6.48100590868308,
    "n": 267
  },
  "EURC": {
    "mean": 6.538324931016699,
    "std": 4.610304406646992,
    "n": 569
  },
  "NHPC": {
    "mean": 2.78314824727048,
    "std": 2.9835752352327,
    "n": 755
  },
  "PSYC": {
    "mean": 9.801750384129395,
    "std": 5.374569499777658,
    "n": 727
  },
  "JNO": {
    "mean": 8.83481379587313,
    "std": 4.314864106460276,
    "n": 1854
  },
  "MSL": {
    "mean": 0.2993576733300887,
    "std": 1.2108213280844138,
    "n": 295
  },
  "M20": {
    "mean": 0.3981653640441407,
    "std": 1.3792852806772187,
    "n": 247
  },
  "CGO": {
    "mean": 10.319310396423036,
    "std": 5.513565976668552,
    "n": 339
  },
  "BIOS": {
    "mean": 6.908636657782526,
    "std": 3.8018288013863715,
    "n": 99
  },
  "SGP": {
    "mean": 0.0,
    "std": 0.0,
    "n": 111
  },
  "DSCO": {
    "mean": 5.519787753357474,
    "std": 5.061207224223677,
    "n": 69
  },
  "THB": {
    "mean": 7.751827512100509,
    "std": 5.7755097653703125,
    "n": 147
  },
  "MMX": {
    "mean": 6.286980854753921,
    "std": 4.837917009469494,
    "n": 84
  },
  "RST": {
    "mean": 5.586916007866837,
    "std": 5.907579842444726,
    "n": 56
  },
  "XMM": {
    "mean": 10.296931130997176,
    "std": 3.2106323691289815,
    "n": 158
  },
  "TEST": {
    "mean": 0.0,
    "std": 0.0,
    "n": 271
  },
  "MEX": {
    "mean": 8.64732212457721,
    "std": 5.286989164477508,
    "n": 96
  },
  "BEPI": {
    "mean": 4.342343111860535,
    "std": 5.071384013101949,
    "n": 40
  },
  "HYB2": {
    "mean": 4.1767749285408255,
    "std": 3.2512601559797702,
    "n": 463
  },
  "HCRA": {
    "mean": 0.0,
    "std": 0.0,
    "n": 74
  },
  "EGS": {
    "mean": 0.0,
    "std": 0.0,
    "n": 16
  },
  "TERR": {
    "mean": 0.0,
    "std": 0.0,
    "n": 5
  }
}