{
  "ACE": {
    "mean": 8.544825752756712,
    "std": 4.866400033176477,
    "n": 58
  },
  "DSN": {
    "mean": 0.0,
    "std": 0.0,
    "n": 922
  },
  "DSS": {
    "mean": 0.0,
    "std": 0.0,
    "n": 371
  },
  "JWST": {
    "mean": 11.416061560401747,
    "std": 6.037426530235009,
    "n": 103
  },
  "KPLO": {
    "mean": 6.067795050610598,
    "std": 6.377431591976907,
    "n": 68
  },
  "LUCY": {
    "mean": 9.649722539335693,
    "std": 3.669194099020656,
    "n": 95
  },
  "M01O": {
    "mean": 8.009574131932151,
    "std": 4.01885645394662,
    "n": 152
  },
  "MMS2": {
    "mean": 10.44597140967259,
    "std": 6.484727532281965,
    "n": 18
  },
  "ORX": {
    "mean": 3.4532979652402034,
    "std": 5.982186077945595,
    "n": 28
  },
  "SOHO": {
    "mean": 10.001259604164419,
    "std": 4.910520983677231,
    "n": 139
  },
  "SPP": {
    "mean": 9.28728219340803,
    "std": 3.9391960770064984,
    "n": 95
  },
  "VGR2": {
    "mean": 4.380513862791356,
    "std": 1.752205546365809,
    "n": 87
  },
  "CAPS": {
    "mean": 7.299997334654112,
    "std": 6.133224528704222,
    "n": 29
  },
  "MRO": {
    "mean": 11.770009086428999,
    "std": 5.421795283070544,
    "n": 115
  },
  "STA": {
    "mean": 8.536458515061486,
    "std": 6.3078494410736,
    "n": 51
  },
  "IMAP": {
    "mean": 10.728231206601006,
    "std": 5.4324510410501725,
    "n": 49
  },
  "MMS3": {
    "mean": 9.860765330765126,
    "std": 6.70516569092304,
    "n": 19
  },
  "TGO": {
    "mean": 11.143505119746925,
    "std": 4.851777214035277,
    "n": 19
  },
  "TDR8": {
    "mean": 6.839711603308979,
    "std": 3.15492915596383,
    "n": 114
  },
  "MMS4": {
    "mean": 10.933326803952065,
    "std": 6.317290495803746,
    "n": 12
  },
  "WIND": {
    "mean": 7.909814725332454,
    "std": 3.9204752792905144,
    "n": 54
  },
  "ESCB": {
    "mean": 7.302198972940727,
    "std": 3.5078629207632055,
    "n": 32
  },
  "THC": {
    "mean": 9.080361151252493,
    "std": 6.006514288439821,
    "n": 10
  },
  "CHDR": {
    "mean": 7.770990344808451,
    "std": 6.950585065394487,
    "n": 45
  },
  "MMS1": {
    "mean": 9.15837016609576,
    "std": 6.999639227513489,
    "n": 19
  },
  "ESCG": {
    "mean": 7.901604158274807,
    "std": 2.904358105501568,
    "n": 73
  },
  "VGR1": {
    "mean": 4.627707546682274,
    "std": 1.4489914388852532,
    "n": 56
  },
  "DSSR": {
    "mean": 0.0,
    "std": 0.0,
    "n": 42
  },
  "LRO": {
    "mean": 10.668397318586155,
    "std": 7.406961212327078,
    "n": 13
  },
  "SWFO": {
    "mean": 0.0,
    "std": 0.0,
    "n": 15
  },
  "GBRA": {
    "mean": 0.0,
    "std": 0.0,
    "n": 45
  },
  "EMM": {
    "mean": 10.779377243938455,
    "std": 4.174834854826083,
    "n": 23
  },
  "TESS": {
    "mean": 5.377097202287007,
    "std": 4.809422561350061,
    "n": 9
  },
  "EURC": {
    "mean": 5.110191165187956,
    "std": 5.777128030401957,
    "n": 32
  },
  "NHPC": {
    "mean": 0.0,
    "std": 0.0,
    "n": 5
  },
  "PSYC": {
    "mean": 10.714967747432265,
    "std": 4.676783418057796,
    "n": 50
  },
  "JNO": {
    "mean": 10.04095295470704,
    "std": 3.6523635466813618,
    "n": 89
  },
  "MSL": {
    "mean": 0.0,
    "std": 0.0,
    "n": 11
  },
  "M20": {
    "mean": 0.0,
    "std": 0.0,
    "n": 22
  },
  "CGO": {
    "mean": 8.043201089507736,
    "std": 6.194512694083141,
    "n": 23
  },
  "BIOS": {
    "mean": 6.481374500800612,
    "std": 3.97086966242705,
    "n": 11
  },
  "SGP": {
    "mean": 0.0,
    "std": 0.0,
    "n": 34
  },
  "DSCO": {
    "mean": 3.961415020514468,
    "std": 4.851722729828701,
    "n": 5
  },
  "THB": {
    "mean": 6.931197549030571,
    "std": 6.931197549030571,
    "n": 2
  },
  "MMX": {
    "mean": 2.732767879128721,
    "std": 4.185108838096633,
    "n": 20
  }
}