{
  "ACE": {
    "mean": 8.459037945620373,
    "std": 4.903060986890386,
    "n": 615
  },
  "DSN": {
    "mean": 0.0,
    "std": 0.0,
    "n": 9259
  },
  "DSS": {
    "mean": 0.0,
    "std": 0.0,
    "n": 1836
  },
  "JWST": {
    "mean": 11.436485539980858,
    "std": 6.013344553172347,
    "n": 1431
  },
  "KPLO": {
    "mean": 8.574456189360733,
    "std": 6.185320942993717,
    "n": 1175
  },
  "LUCY": {
    "mean": 9.053164701182702,
    "std": 3.980152180280576,
    "n": 808
  },
  "M01O": {
    "mean": 7.930628669174211,
    "std": 4.284254924557288,
    "n": 2356
  },
  "MMS2": {
    "mean": 11.90433101120086,
    "std": 5.665797276424352,
    "n": 282
  },
  "ORX": {
    "mean": 4.251392584037027,
    "std": 6.359630922088173,
    "n": 628
  },
  "SOHO": {
    "mean": 10.440346417589472,
    "std": 4.467756416827223,
    "n": 1945
  },
  "SPP": {
    "mean": 9.166991486712279,
    "std": 4.621260980214747,
    "n": 1131
  },
  "VGR2": {
    "mean": 4.170946287017506,
    "std": 1.8849346860031713,
    "n": 944
  },
  "CAPS": {
    "mean": 9.084665066187378,
    "std": 5.563792464898357,
    "n": 312
  },
  "MRO": {
    "mean": 11.186647157425918,
    "std": 5.814288379964501,
    "n": 992
  },
  "STA": {
    "mean": 10.5533234259914,
    "std": 5.271285585172522,
    "n": 697
  },
  "IMAP": {
    "mean": 10.528699385508581,
    "std": 5.585562343994482,
    "n": 378
  },
  "MMS3": {
    "mean": 11.712372684911482,
    "std": 5.821720757040528,
    "n": 278
  },
  "TGO": {
    "mean": 10.388660871432219,
    "std": 5.165936885738539,
    "n": 329
  },
  "TDR8": {
    "mean": 6.935094423344933,
    "std": 3.0709166652280224,
    "n": 122
  },
  "MMS4": {
    "mean": 12.00034160406038,
    "std": 5.608000971353169,
    "n": 257
  },
  "WIND": {
    "mean": 7.83250435480938,
    "std": 4.183646811782545,
    "n": 528
  },
  "ESCB": {
    "mean": 7.76463747223539,
    "std": 3.438556880516401,
    "n": 363
  },
  "THC": {
    "mean": 8.070079636865966,
    "std": 5.629222048994168,
    "n": 151
  },
  "CHDR": {
    "mean": 8.222346647752193,
    "std": 6.868405817061857,
    "n": 640
  },
  "MMS1": {
    "mean": 10.830866192107038,
    "std": 6.3001806842760875,
    "n": 309
  },
  "ESCG": {
    "mean": 7.622566835900113,
    "std": 3.6549578881159683,
    "n": 358
  },
  "VGR1": {
    "mean": 4.376081190441155,
    "std": 1.7444093666523819,
    "n": 1048
  },
  "DSSR": {
    "mean": 0.0,
    "std": 0.0,
    "n": 204
  },
  "LRO": {
    "mean": 10.834415611751934,
    "std": 6.4049796427018935,
    "n": 645
  },
  "SWFO": {
    "mean": 0.25231511346282337,
    "std": 1.424121296896639,
    "n": 230
  },
  "GBRA": {
    "mean": 0.0,
    "std": 0.0,
    "n": 541
  },
  "EMM": {
    "mean": 10.18593852307624,
    "std": 4.753681458685461,
    "n": 151
  },
  "TESS": {
    "mean": 9.853008782417568,
    "std": 6.4992558188539435,
    "n": 195
  },
  "EURC": {
    "mean": 7.0887053361079255,
    "std": 4.956277207447857,
    "n": 337
  },
  "NHPC": {
    "mean": 2.889374604418566,
    "std": 2.7273360562442774,
    "n": 183
  },
  "PSYC": {
    "mean": 9.569411006331013,
    "std": 5.5136415973773865,
    "n": 626
  },
  "JNO": {
    "mean": 8.995690058585287,
    "std": 4.348089521169833,
    "n": 1351
  },
  "MSL": {
    "mean": 0.27848912034416745,
    "std": 1.1720492248333116,
    "n": 187
  },
  "M20": {
    "mean": 0.41647181756341145,
    "std": 1.4079317143529417,
    "n": 174
  },
  "CGO": {
    "mean": 10.390968450974999,
    "std": 5.546747385468396,
    "n": 238
  },
  "BIOS": {
    "mean": 7.029239327153974,
    "std": 3.7259097904270746,
    "n": 73
  },
  "SGP": {
    "mean": 0.0,
    "std": 0.0,
    "n": 34
  },
  "DSCO": {
    "mean": 4.841729469517685,
    "std": 4.950545965703306,
    "n": 45
  },
  "THB": {
    "mean": 8.141870177392011,
    "std": 5.5904266470201875,
    "n": 126
  },
  "MMX": {
    "mean": 6.447047574555721,
    "std": 4.86009682234796,
    "n": 75
  },
  "RST": {
    "mean": 6.771292771997224,
    "std": 5.938614102744261,
    "n": 42
  },
  "XMM": {
    "mean": 10.49102250883873,
    "std": 2.909686122370264,
    "n": 126
  },
  "TEST": {
    "mean": 0.0,
    "std": 0.0,
    "n": 194
  },
  "MEX": {
    "mean": 9.817453080856374,
    "std": 4.3042786535186215,
    "n": 50
  },
  "BEPI": {
    "mean": 2.420109767318459,
    "std": 3.567173330124926,
    "n": 28
  },
  "HYB2": {
    "mean": 3.889312778476835,
    "std": 3.0988915259933036,
    "n": 335
  },
  "HCRA": {
    "mean": 0.0,
    "std": 0.0,
    "n": 48
  },
  "EGS": {
    "mean": 0.0,
    "std": 0.0,
    "n": 16
  }
}