{
  "ACE": {
    "mean": 8.542564254340133,
    "std": 4.883179270218831,
    "n": 238
  },
  "DSN": {
    "mean": 0.0,
    "std": 0.0,
    "n": 4003
  },
  "DSS": {
    "mean": 0.0,
    "std": 0.0,
    "n": 1141
  },
  "JWST": {
    "mean": 10.670208955876024,
    "std": 5.86560810350379,
    "n": 482
  },
  "KPLO": {
    "mean": 8.473460993236863,
    "std": 6.507428016722702,
    "n": 431
  },
  "LUCY": {
    "mean": 8.755296301855138,
    "std": 4.463396063569023,
    "n": 417
  },
  "M01O": {
    "mean": 8.420720812158786,
    "std": 3.8661477860855866,
    "n": 789
  },
  "MMS2": {
    "mean": 11.981971533789627,
    "std": 5.5534966435814,
    "n": 102
  },
  "ORX": {
    "mean": 4.032144923499208,
    "std": 6.252479605155446,
    "n": 160
  },
  "SOHO": {
    "mean": 10.276395957642572,
    "std": 4.684159817400844,
    "n": 622
  },
  "SPP": {
    "mean": 8.267758821270098,
    "std": 4.291282799285655,
    "n": 378
  },
  "VGR2": {
    "mean": 4.350194029596926,
    "std": 1.6908661948381838,
    "n": 355
  },
  "CAPS": {
    "mean": 8.479098983809935,
    "std": 5.847156342984016,
    "n": 118
  },
  "MRO": {
    "mean": 11.160168625015409,
    "std": 5.951209419555122,
    "n": 422
  },
  "STA": {
    "mean": 10.414959179205093,
    "std": 5.363331673003209,
    "n": 234
  },
  "IMAP": {
    "mean": 10.51830771930238,
    "std": 5.588530812945697,
    "n": 159
  },
  "MMS3": {
    "mean": 11.657286468179466,
    "std": 5.79745794169038,
    "n": 96
  },
  "TGO": {
    "mean": 9.782170454702648,
    "std": 5.510040144889109,
    "n": 104
  },
  "TDR8": {
    "mean": 6.839711603308979,
    "std": 3.15492915596383,
    "n": 114
  },
  "MMS4": {
    "mean": 12.136323842043598,
    "std": 5.475319717642337,
    "n": 77
  },
  "WIND": {
    "mean": 7.955230802414529,
    "std": 4.112661455300218,
    "n": 201
  },
  "ESCB": {
    "mean": 8.263116725355085,
    "std": 3.157964276265671,
    "n": 141
  },
  "THC": {
    "mean": 8.506326891109063,
    "std": 5.411271998896209,
    "n": 70
  },
  "CHDR": {
    "mean": 7.942896462655718,
    "std": 6.923344926845234,
    "n": 227
  },
  "MMS1": {
    "mean": 10.674113282780516,
    "std": 6.36879696286452,
    "n": 103
  },
  "ESCG": {
    "mean": 8.162494335168121,
    "std": 3.112390402282501,
    "n": 146
  },
  "VGR1": {
    "mean": 4.495750980545589,
    "std": 1.6226372907556885,
    "n": 295
  },
  "DSSR": {
    "mean": 0.0,
    "std": 0.0,
    "n": 78
  },
  "LRO": {
    "mean": 9.99891077518103,
    "std": 6.661631962872509,
    "n": 183
  },
  "SWFO": {
    "mean": 0.0,
    "std": 0.0,
    "n": 74
  },
  "GBRA": {
    "mean": 0.0,
    "std": 0.0,
    "n": 257
  },
  "EMM": {
    "mean": 11.641474136744053,
    "std": 3.0089238373033087,
    "n": 48
  },
  "TESS": {
    "mean": 8.272216538931639,
    "std": 5.4063670621933,
    "n": 65
  },
  "EURC": {
    "mean": 6.048820783450451,
    "std": 5.6108386830998755,
    "n": 103
  },
  "NHPC": {
    "mean": 0.0,
    "std": 0.0,
    "n": 18
  },
  "PSYC": {
    "mean": 10.35256812624226,
    "std": 5.00453190487202,
    "n": 264
  },
  "JNO": {
    "mean": 8.878475283598245,
    "std": 4.5953459290781,
    "n": 589
  },
  "MSL": {
    "mean": 0.278251010292916,
    "std": 1.1816456069019365,
    "n": 57
  },
  "M20": {
    "mean": 0.38341849870917255,
    "std": 1.3555891023481068,
    "n": 54
  },
  "CGO": {
    "mean": 9.99178957063216,
    "std": 5.66185155678059,
    "n": 112
  },
  "BIOS": {
    "mean": 7.300921556125871,
    "std": 3.509447946156779,
    "n": 32
  },
  "SGP": {
    "mean": 0.0,
    "std": 0.0,
    "n": 34
  },
  "DSCO": {
    "mean": 4.244373236265502,
    "std": 4.9009800609982594,
    "n": 14
  },
  "THB": {
    "mean": 8.849703852968876,
    "std": 5.208177115089756,
    "n": 43
  },
  "MMX": {
    "mean": 5.125630207147106,
    "std": 4.898461512253476,
    "n": 45
  },
  "RST": {
    "mean": 7.105025557367963,
    "std": 5.919891139206077,
    "n": 13
  },
  "XMM": {
    "mean": 10.096105009505944,
    "std": 3.4834871754517813,
    "n": 47
  },
  "TEST": {
    "mean": 0.0,
    "std": 0.0,
    "n": 35
  },
  "MEX": {
    "mean": 9.087453727158627,
    "std": 5.102613566453179,
    "n": 21
  },
  "BEPI": {
    "mean": 6.2961023683473805,
    "std": 3.365408276344554,
    "n": 9
  },
  "HYB2": {
    "mean": 0.0,
    "std": 0.0,
    "n": 4
  }
}