{
  "ACE": {
    "mean": 8.424706066751934,
    "std": 4.938496175720594,
    "n": 309
  },
  "DSN": {
    "mean": 0.0,
    "std": 0.0,
    "n": 5263
  },
  "DSS": {
    "mean": 0.0,
    "std": 0.0,
    "n": 1279
  },
  "JWST": {
    "mean": 11.011253282988699,
    "std": 6.02747711721633,
    "n": 640
  },
  "KPLO": {
    "mean": 8.366820003162283,
    "std": 6.538847580697425,
    "n": 513
  },
  "LUCY": {
    "mean": 8.961587174778352,
    "std": 4.251758676162655,
    "n": 550
  },
  "M01O": {
    "mean": 7.928951768268158,
    "std": 4.308203196207111,
    "n": 1073
  },
  "MMS2": {
    "mean": 12.00763488702174,
    "std": 5.572931663615737,
    "n": 130
  },
  "ORX": {
    "mean": 3.9050278390477797,
    "std": 6.194670074738655,
    "n": 218
  },
  "SOHO": {
    "mean": 10.353092709913632,
    "std": 4.616605795748161,
    "n": 826
  },
  "SPP": {
    "mean": 7.798101331061353,
    "std": 4.245757873016843,
    "n": 435
  },
  "VGR2": {
    "mean": 4.385524628391681,
    "std": 1.6607605044323224,
    "n": 445
  },
  "CAPS": {
    "mean": 8.649604634941179,
    "std": 5.7710023426369155,
    "n": 143
  },
  "MRO": {
    "mean": 11.275887096537286,
    "std": 5.819047512924378,
    "n": 516
  },
  "STA": {
    "mean": 10.454643256591003,
    "std": 5.355644286431444,
    "n": 342
  },
  "IMAP": {
    "mean": 10.406913963941395,
    "std": 5.662819172052789,
    "n": 197
  },
  "MMS3": {
    "mean": 11.57394137243285,
    "std": 5.878502731494647,
    "n": 127
  },
  "TGO": {
    "mean": 9.99348683578827,
    "std": 5.387190740625567,
    "n": 138
  },
  "TDR8": {
    "mean": 6.839711603308979,
    "std": 3.15492915596383,
    "n": 114
  },
  "MMS4": {
    "mean": 12.106936413489393,
    "std": 5.512094005813414,
    "n": 105
  },
  "WIND": {
    "mean": 7.924520742056814,
    "std": 4.216905182079377,
    "n": 263
  },
  "ESCB": {
    "mean": 8.186738073100116,
    "std": 3.2098915480235064,
    "n": 150
  },
  "THC": {
    "mean": 8.487213968135046,
    "std": 5.4982598661287385,
    "n": 82
  },
  "CHDR": {
    "mean": 8.050956410136207,
    "std": 6.907072320216087,
    "n": 309
  },
  "MMS1": {
    "mean": 10.384222487462207,
    "std": 6.505903574201583,
    "n": 135
  },
  "ESCG": {
    "mean": 7.629690754688808,
    "std": 3.5570522756698475,
    "n": 188
  },
  "VGR1": {
    "mean": 4.518151770058441,
    "std": 1.5951441238376176,
    "n": 397
  },
  "DSSR": {
    "mean": 0.0,
    "std": 0.0,
    "n": 85
  },
  "LRO": {
    "mean": 10.015453977772983,
    "std": 6.740717549757004,
    "n": 253
  },
  "SWFO": {
    "mean": 0.0,
    "std": 0.0,
    "n": 105
  },
  "GBRA": {
    "mean": 0.0,
    "std": 0.0,
    "n": 329
  },
  "EMM": {
    "mean": 11.325697287323143,
    "std": 3.5141971093333795,
    "n": 57
  },
  "TESS": {
    "mean": 8.083199644216837,
    "std": 5.374367501746985,
    "n": 82
  },
  "EURC": {
    "mean": 6.48825288918556,
    "std": 5.404481776331409,
    "n": 152
  },
  "NHPC": {
    "mean": 0.0,
    "std": 0.0,
    "n": 23
  },
  "PSYC": {
    "mean": 10.464443019425214,
    "std": 4.8937046832848345,
    "n": 340
  },
  "JNO": {
    "mean": 8.814391527204107,
    "std": 4.5952874962514265,
    "n": 744
  },
  "MSL": {
    "mean": 0.20076338717336978,
    "std": 1.011436495278661,
    "n": 79
  },
  "M20": {
    "mean": 0.26544357602942714,
    "std": 1.1417159905260457,
    "n": 78
  },
  "CGO": {
    "mean": 10.184248384612554,
    "std": 5.604290124173478,
    "n": 140
  },
  "BIOS": {
    "mean": 7.126539924862833,
    "std": 3.669325643173708,
    "n": 43
  },
  "SGP": {
    "mean": 0.0,
    "std": 0.0,
    "n": 34
  },
  "DSCO": {
    "mean": 4.456591898078777,
    "std": 4.926947723221698,
    "n": 20
  },
  "THB": {
    "mean": 8.850979104734368,
    "std": 5.416431888036537,
    "n": 52
  },
  "MMX": {
    "mean": 6.016493598113673,
    "std": 4.865458928163983,
    "n": 55
  },
  "RST": {
    "mean": 7.3209590622083685,
    "std": 6.067409044985384,
    "n": 21
  },
  "XMM": {
    "mean": 10.08752262698692,
    "std": 3.4944203426957317,
    "n": 56
  },
  "TEST": {
    "mean": 0.0,
    "std": 0.0,
    "n": 52
  },
  "MEX": {
    "mean": 9.596479852114397,
    "std": 4.599740883340531,
    "n": 27
  },
  "BEPI": {
    "mean": 6.2961023683473805,
    "std": 3.365408276344554,
    "n": 9
  },
  "HYB2": {
    "mean": 0.0,
    "std": 0.0,
    "n": 8
  },
  "HCRA": {
    "mean": 0.0,
    "std": 0.0,
    "n": 14
  }
}