{
  "ACE": {
    "mean": 8.423922997776101,
    "std": 4.9210013635329295,
    "n": 600
  },
  "DSN": {
    "mean": 0.0,
    "std": 0.0,
    "n": 9066
  },
  "DSS": {
    "mean": 0.0,
    "std": 0.0,
    "n": 1784
  },
  "JWST": {
    "mean": 11.427464690697759,
    "std": 6.012801757819756,
    "n": 1383
  },
  "KPLO": {
    "mean": 8.609230518993828,
    "std": 6.206593673715922,
    "n": 1144
  },
  "LUCY": {
    "mean": 9.089254569003707,
    "std": 3.975457999534912,
    "n": 783
  },
  "M01O": {
    "mean": 7.931035651532661,
    "std": 4.289273508044328,
    "n": 2289
  },
  "MMS2": {
    "mean": 11.973081120751601,
    "std": 5.6055551709200095,
    "n": 273
  },
  "ORX": {
    "mean": 4.214174793104788,
    "std": 6.344488730717041,
    "n": 614
  },
  "SOHO": {
    "mean": 10.45727173643995,
    "std": 4.4496822411147,
    "n": 1892
  },
  "SPP": {
    "mean": 9.247027233439988,
    "std": 4.59687748254794,
    "n": 1108
  },
  "VGR2": {
    "mean": 4.164223353244898,
    "std": 1.8894711047902697,
    "n": 926
  },
  "CAPS": {
    "mean": 9.099003554473699,
    "std": 5.5558726014338,
    "n": 306
  },
  "MRO": {
    "mean": 11.218066163485968,
    "std": 5.789169830721586,
    "n": 965
  },
  "STA": {
    "mean": 10.578231166680064,
    "std": 5.254535251128138,
    "n": 683
  },
  "IMAP": {
    "mean": 10.537767592960973,
    "std": 5.57966150478346,
    "n": 370
  },
  "MMS3": {
    "mean": 11.700923363211261,
    "std": 5.8281747247487194,
    "n": 267
  },
  "TGO": {
    "mean": 10.348459683744117,
    "std": 5.1954037340970025,
    "n": 324
  },
  "TDR8": {
    "mean": 6.839711603308979,
    "std": 3.15492915596383,
    "n": 114
  },
  "MMS4": {
    "mean": 11.952205359577052,
    "std": 5.646160320239894,
    "n": 247
  },
  "WIND": {
    "mean": 7.842621054172465,
    "std": 4.188704577263402,
    "n": 509
  },
  "ESCB": {
    "mean": 7.7779527318277015,
    "std": 3.3929697471510343,
    "n": 346
  },
  "THC": {
    "mean": 8.104053890379554,
    "std": 5.622679116121541,
    "n": 149
  },
  "CHDR": {
    "mean": 8.223302316304528,
    "std": 6.868854133502429,
    "n": 623
  },
  "MMS1": {
    "mean": 10.789297558214475,
    "std": 6.318254784721013,
    "n": 302
  },
  "ESCG": {
    "mean": 7.675342118656783,
    "std": 3.624507056606395,
    "n": 345
  },
  "VGR1": {
    "mean": 4.429607663999582,
    "std": 1.6888699681355053,
    "n": 1005
  },
  "DSSR": {
    "mean": 0.0,
    "std": 0.0,
    "n": 196
  },
  "LRO": {
    "mean": 10.811182783029592,
    "std": 6.437707915995285,
    "n": 633
  },
  "SWFO": {
    "mean": 0.25792211598421944,
    "std": 1.4393556420431937,
    "n": 225
  },
  "GBRA": {
    "mean": 0.0,
    "std": 0.0,
    "n": 539
  },
  "EMM": {
    "mean": 10.210121533965474,
    "std": 4.733528122869451,
    "n": 147
  },
  "TESS": {
    "mean": 9.9095928160731,
    "std": 6.5622919675658515,
    "n": 189
  },
  "EURC": {
    "mean": 7.119821393251179,
    "std": 5.046342242185888,
    "n": 317
  },
  "NHPC": {
    "mean": 2.807268805822541,
    "std": 2.5101434714070683,
    "n": 137
  },
  "PSYC": {
    "mean": 9.559087822212327,
    "std": 5.519449657161713,
    "n": 624
  },
  "JNO": {
    "mean": 9.004077053438618,
    "std": 4.361585313234639,
    "n": 1292
  },
  "MSL": {
    "mean": 0.30102581216392665,
    "std": 1.2157638272824527,
    "n": 173
  },
  "M20": {
    "mean": 0.41647181756341145,
    "std": 1.4079317143529417,
    "n": 174
  },
  "CGO": {
    "mean": 10.436068483511407,
    "std": 5.508792775948869,
    "n": 233
  },
  "BIOS": {
    "mean": 6.976562835742111,
    "std": 3.7645650646294055,
    "n": 71
  },
  "SGP": {
    "mean": 0.0,
    "std": 0.0,
    "n": 34
  },
  "DSCO": {
    "mean": 4.951768775643087,
    "std": 4.951768775643087,
    "n": 44
  },
  "THB": {
    "mean": 8.141870177392011,
    "std": 5.5904266470201875,
    "n": 126
  },
  "MMX": {
    "mean": 6.447047574555721,
    "std": 4.86009682234796,
    "n": 75
  },
  "RST": {
    "mean": 6.771292771997224,
    "std": 5.938614102744261,
    "n": 42
  },
  "XMM": {
    "mean": 10.478006574044688,
    "std": 2.9312374535648464,
    "n": 124
  },
  "TEST": {
    "mean": 0.0,
    "std": 0.0,
    "n": 187
  },
  "MEX": {
    "mean": 9.665860102911063,
    "std": 4.455399724792833,
    "n": 46
  },
  "BEPI": {
    "mean": 2.420109767318459,
    "std": 3.567173330124926,
    "n": 28
  },
  "HYB2": {
    "mean": 3.167625928272124,
    "std": 2.4824852639159687,
    "n": 208
  },
  "HCRA": {
    "mean": 0.0,
    "std": 0.0,
    "n": 48
  },
  "EGS": {
    "mean": 0.0,
    "std": 0.0,
    "n": 16
  }
}