{
  "ACE": {
    "mean": 8.433747566884145,
    "std": 4.915766307998096,
    "n": 602
  },
  "DSN": {
    "mean": 0.0,
    "std": 0.0,
    "n": 9088
  },
  "DSS": {
    "mean": 0.0,
    "std": 0.0,
    "n": 1797
  },
  "JWST": {
    "mean": 11.416837396373298,
    "std": 6.009950668150463,
    "n": 1388
  },
  "KPLO": {
    "mean": 8.602781414682308,
    "std": 6.2010101315794985,
    "n": 1148
  },
  "LUCY": {
    "mean": 9.074545558562662,
    "std": 3.977411392679395,
    "n": 793
  },
  "M01O": {
    "mean": 7.93052299199027,
    "std": 4.2866057556746835,
    "n": 2300
  },
  "MMS2": {
    "mean": 11.973081120751601,
    "std": 5.6055551709200095,
    "n": 273
  },
  "ORX": {
    "mean": 4.214174793104788,
    "std": 6.344488730717041,
    "n": 614
  },
  "SOHO": {
    "mean": 10.456912282964522,
    "std": 4.450254491142392,
    "n": 1898
  },
  "SPP": {
    "mean": 9.257234654205138,
    "std": 4.5948562319074675,
    "n": 1111
  },
  "VGR2": {
    "mean": 4.164223353244898,
    "std": 1.8894711047902697,
    "n": 926
  },
  "CAPS": {
    "mean": 9.099003554473699,
    "std": 5.5558726014338,
    "n": 306
  },
  "MRO": {
    "mean": 11.218066163485968,
    "std": 5.789169830721586,
    "n": 965
  },
  "STA": {
    "mean": 10.578231166680064,
    "std": 5.254535251128138,
    "n": 683
  },
  "IMAP": {
    "mean": 10.537767592960973,
    "std": 5.57966150478346,
    "n": 370
  },
  "MMS3": {
    "mean": 11.734599789062672,
    "std": 5.8044067451256085,
    "n": 270
  },
  "TGO": {
    "mean": 10.348459683744117,
    "std": 5.1954037340970025,
    "n": 324
  },
  "TDR8": {
    "mean": 6.839711603308979,
    "std": 3.15492915596383,
    "n": 114
  },
  "MMS4": {
    "mean": 11.97453143451891,
    "std": 5.628910031644888,
    "n": 249
  },
  "WIND": {
    "mean": 7.834534931132981,
    "std": 4.183393292060132,
    "n": 514
  },
  "ESCB": {
    "mean": 7.7779527318277015,
    "std": 3.3929697471510343,
    "n": 346
  },
  "THC": {
    "mean": 8.104053890379554,
    "std": 5.622679116121541,
    "n": 149
  },
  "CHDR": {
    "mean": 8.228582920605481,
    "std": 6.867984319228458,
    "n": 626
  },
  "MMS1": {
    "mean": 10.828007371447736,
    "std": 6.299089561532597,
    "n": 305
  },
  "ESCG": {
    "mean": 7.664627496776906,
    "std": 3.629044494714742,
    "n": 349
  },
  "VGR1": {
    "mean": 4.434755120670736,
    "std": 1.6831770389919798,
    "n": 1013
  },
  "DSSR": {
    "mean": 0.0,
    "std": 0.0,
    "n": 196
  },
  "LRO": {
    "mean": 10.812890861780472,
    "std": 6.432772403376892,
    "n": 634
  },
  "SWFO": {
    "mean": 0.25792211598421944,
    "std": 1.4393556420431937,
    "n": 225
  },
  "GBRA": {
    "mean": 0.0,
    "std": 0.0,
    "n": 539
  },
  "EMM": {
    "mean": 10.210121533965474,
    "std": 4.733528122869451,
    "n": 147
  },
  "TESS": {
    "mean": 9.9095928160731,
    "std": 6.5622919675658515,
    "n": 189
  },
  "EURC": {
    "mean": 7.119821393251179,
    "std": 5.046342242185888,
    "n": 317
  },
  "NHPC": {
    "mean": 2.9007901486602474,
    "std": 2.5741323324525704,
    "n": 146
  },
  "PSYC": {
    "mean": 9.559087822212327,
    "std": 5.519449657161713,
    "n": 624
  },
  "JNO": {
    "mean": 8.99468147197237,
    "std": 4.364726229908796,
    "n": 1299
  },
  "MSL": {
    "mean": 0.29093556147686767,
    "std": 1.1964416655374999,
    "n": 179
  },
  "M20": {
    "mean": 0.41647181756341145,
    "std": 1.4079317143529417,
    "n": 174
  },
  "CGO": {
    "mean": 10.391469900248538,
    "std": 5.539003115509523,
    "n": 234
  },
  "BIOS": {
    "mean": 6.976562835742111,
    "std": 3.7645650646294055,
    "n": 71
  },
  "SGP": {
    "mean": 0.0,
    "std": 0.0,
    "n": 34
  },
  "DSCO": {
    "mean": 4.951768775643087,
    "std": 4.951768775643087,
    "n": 44
  },
  "THB": {
    "mean": 8.141870177392011,
    "std": 5.5904266470201875,
    "n": 126
  },
  "MMX": {
    "mean": 6.447047574555721,
    "std": 4.86009682234796,
    "n": 75
  },
  "RST": {
    "mean": 6.771292771997224,
    "std": 5.938614102744261,
    "n": 42
  },
  "XMM": {
    "mean": 10.478006574044688,
    "std": 2.9312374535648464,
    "n": 124
  },
  "TEST": {
    "mean": 0.0,
    "std": 0.0,
    "n": 187
  },
  "MEX": {
    "mean": 9.665860102911063,
    "std": 4.455399724792833,
    "n": 46
  },
  "BEPI": {
    "mean": 2.420109767318459,
    "std": 3.567173330124926,
    "n": 28
  },
  "HYB2": {
    "mean": 3.183616567148125,
    "std": 2.5011014906539057,
    "n": 222
  },
  "HCRA": {
    "mean": 0.0,
    "std": 0.0,
    "n": 48
  },
  "EGS": {
    "mean": 0.0,
    "std": 0.0,
    "n": 16
  }
}