{
  "ACE": {
    "mean": 8.396875363524774,
    "std": 4.956988030193204,
    "n": 329
  },
  "DSN": {
    "mean": 0.0,
    "std": 0.0,
    "n": 5417
  },
  "DSS": {
    "mean": 0.0,
    "std": 0.0,
    "n": 1310
  },
  "JWST": {
    "mean": 11.119843657634249,
    "std": 6.079460698840476,
    "n": 688
  },
  "KPLO": {
    "mean": 8.402489538384396,
    "std": 6.568892665794826,
    "n": 536
  },
  "LUCY": {
    "mean": 8.994999859348495,
    "std": 4.218851956891441,
    "n": 566
  },
  "M01O": {
    "mean": 7.974968853792489,
    "std": 4.263372698379438,
    "n": 1133
  },
  "MMS2": {
    "mean": 11.962057629629802,
    "std": 5.5838747089545,
    "n": 140
  },
  "ORX": {
    "mean": 4.096929469880003,
    "std": 6.28262058047873,
    "n": 248
  },
  "SOHO": {
    "mean": 10.378645999669267,
    "std": 4.593558116071789,
    "n": 873
  },
  "SPP": {
    "mean": 7.81667110439767,
    "std": 4.3773368521144755,
    "n": 489
  },
  "VGR2": {
    "mean": 4.404507081903753,
    "std": 1.6459465999654064,
    "n": 480
  },
  "CAPS": {
    "mean": 8.649604634941179,
    "std": 5.7710023426369155,
    "n": 143
  },
  "MRO": {
    "mean": 11.278972038195908,
    "std": 5.8033998721965405,
    "n": 552
  },
  "STA": {
    "mean": 10.466476908511444,
    "std": 5.3454641599737736,
    "n": 363
  },
  "IMAP": {
    "mean": 10.452996150298985,
    "std": 5.632579851732092,
    "n": 200
  },
  "MMS3": {
    "mean": 11.550983277839414,
    "std": 5.887840289623619,
    "n": 136
  },
  "TGO": {
    "mean": 9.982102148876939,
    "std": 5.391865089623975,
    "n": 142
  },
  "TDR8": {
    "mean": 6.839711603308979,
    "std": 3.15492915596383,
    "n": 114
  },
  "MMS4": {
    "mean": 12.078804645529909,
    "std": 5.546885090452841,
    "n": 115
  },
  "WIND": {
    "mean": 7.847321172539703,
    "std": 4.256335767309438,
    "n": 278
  },
  "ESCB": {
    "mean": 8.165188801542152,
    "std": 3.208573251265016,
    "n": 157
  },
  "THC": {
    "mean": 8.62802753909078,
    "std": 5.453419868177859,
    "n": 85
  },
  "CHDR": {
    "mean": 8.053692498656394,
    "std": 6.907028265012584,
    "n": 328
  },
  "MMS1": {
    "mean": 10.360138348372594,
    "std": 6.511343651371577,
    "n": 145
  },
  "ESCG": {
    "mean": 7.562086437229526,
    "std": 3.599471395867426,
    "n": 198
  },
  "VGR1": {
    "mean": 4.498223329830947,
    "std": 1.6195459292813008,
    "n": 427
  },
  "DSSR": {
    "mean": 0.0,
    "std": 0.0,
    "n": 85
  },
  "LRO": {
    "mean": 9.996436099107456,
    "std": 6.676782379561464,
    "n": 263
  },
  "SWFO": {
    "mean": 0.0,
    "std": 0.0,
    "n": 113
  },
  "GBRA": {
    "mean": 0.0,
    "std": 0.0,
    "n": 336
  },
  "EMM": {
    "mean": 11.152573676561037,
    "std": 3.749130287244314,
    "n": 69
  },
  "TESS": {
    "mean": 8.025684515580215,
    "std": 5.356285820698605,
    "n": 85
  },
  "EURC": {
    "mean": 6.087545200566108,
    "std": 5.406191723110936,
    "n": 167
  },
  "NHPC": {
    "mean": 0.0,
    "std": 0.0,
    "n": 23
  },
  "PSYC": {
    "mean": 9.439196878419088,
    "std": 5.587562141265468,
    "n": 397
  },
  "JNO": {
    "mean": 8.858747372522991,
    "std": 4.578032020406355,
    "n": 764
  },
  "MSL": {
    "mean": 0.18881318555590726,
    "std": 0.9820219229921261,
    "n": 84
  },
  "M20": {
    "mean": 0.26544357602942714,
    "std": 1.1417159905260457,
    "n": 78
  },
  "CGO": {
    "mean": 10.205317695735747,
    "std": 5.597841933209258,
    "n": 150
  },
  "BIOS": {
    "mean": 7.126539924862833,
    "std": 3.669325643173708,
    "n": 43
  },
  "SGP": {
    "mean": 0.0,
    "std": 0.0,
    "n": 34
  },
  "DSCO": {
    "mean": 4.539121377672829,
    "std": 4.934545179890666,
    "n": 24
  },
  "THB": {
    "mean": 8.850979104734368,
    "std": 5.416431888036537,
    "n": 52
  },
  "MMX": {
    "mean": 6.168381566056731,
    "std": 4.884485997423059,
    "n": 62
  },
  "RST": {
    "mean": 7.504568018465512,
    "std": 6.107700359240118,
    "n": 29
  },
  "XMM": {
    "mean": 10.11763241450687,
    "std": 3.4558293741635038,
    "n": 67
  },
  "TEST": {
    "mean": 0.0,
    "std": 0.0,
    "n": 68
  },
  "MEX": {
    "mean": 9.66010675549268,
    "std": 4.5289395426079455,
    "n": 28
  },
  "BEPI": {
    "mean": 6.2961023683473805,
    "std": 3.365408276344554,
    "n": 9
  },
  "HYB2": {
    "mean": 0.0,
    "std": 0.0,
    "n": 8
  },
  "HCRA": {
    "mean": 0.0,
    "std": 0.0,
    "n": 17
  }
}