{
  "ACE": {
    "mean": 8.216612340459147,
    "std": 5.030895019687992,
    "n": 835
  },
  "DSN": {
    "mean": 0.0,
    "std": 0.0,
    "n": 12663
  },
  "DSS": {
    "mean": 0.0,
    "std": 0.0,
    "n": 2322
  },
  "JWST": {
    "mean": 11.485686647082082,
    "std": 5.826861740720117,
    "n": 2017
  },
  "KPLO": {
    "mean": 8.798476315774199,
    "std": 6.165788996796553,
    "n": 1640
  },
  "LUCY": {
    "mean": 8.993181319470937,
    "std": 3.8778913924033858,
    "n": 961
  },
  "M01O": {
    "mean": 7.931845022084108,
    "std": 4.222611238465279,
    "n": 3067
  },
  "MMS2": {
    "mean": 11.877245285654459,
    "std": 5.643356760395467,
    "n": 408
  },
  "ORX": {
    "mean": 4.341817233635914,
    "std": 6.39349891750844,
    "n": 906
  },
  "SOHO": {
    "mean": 10.439672860761608,
    "std": 4.488186686100686,
    "n": 2712
  },
  "SPP": {
    "mean": 8.736612789472417,
    "std": 4.551970271948253,
    "n": 1300
  },
  "VGR2": {
    "mean": 4.208011769177041,
    "std": 1.8535355625549832,
    "n": 1281
  },
  "CAPS": {
    "mean": 9.355673466915219,
    "std": 5.405366234794006,
    "n": 428
  },
  "MRO": {
    "mean": 11.478379736475844,
    "std": 5.6116103668232435,
    "n": 1422
  },
  "STA": {
    "mean": 10.58119648983489,
    "std": 5.22575006236838,
    "n": 1021
  },
  "IMAP": {
    "mean": 10.770748561098367,
    "std": 5.41115008463657,
    "n": 536
  },
  "MMS3": {
    "mean": 11.865522615025407,
    "std": 5.678756609023214,
    "n": 387
  },
  "TGO": {
    "mean": 10.50909623263593,
    "std": 5.06023282609917,
    "n": 437
  },
  "TDR8": {
    "mean": 7.014025107082547,
    "std": 2.9972898409743474,
    "n": 136
  },
  "MMS4": {
    "mean": 11.748835432528312,
    "std": 5.798340272804559,
    "n": 363
  },
  "WIND": {
    "mean": 7.871567979682599,
    "std": 4.204505418923971,
    "n": 737
  },
  "ESCB": {
    "mean": 7.787627494436133,
    "std": 3.403851983876745,
    "n": 512
  },
  "THC": {
    "mean": 8.02489772425563,
    "std": 5.691939001232985,
    "n": 232
  },
  "CHDR": {
    "mean": 8.215795055080884,
    "std": 6.86713461916586,
    "n": 873
  },
  "MMS1": {
    "mean": 10.734789115064194,
    "std": 6.352394353361194,
    "n": 448
  },
  "ESCG": {
    "mean": 7.6824504906323545,
    "std": 3.6601755926936703,
    "n": 442
  },
  "VGR1": {
    "mean": 3.744156298055756,
    "std": 2.2291116671507134,
    "n": 1613
  },
  "DSSR": {
    "mean": 0.0,
    "std": 0.0,
    "n": 287
  },
  "LRO": {
    "mean": 10.258415911120245,
    "std": 6.42617946607038,
    "n": 1024
  },
  "SWFO": {
    "mean": 0.18841713018327716,
    "std": 1.2355346073170201,
    "n": 308
  },
  "GBRA": {
    "mean": 0.0,
    "std": 0.0,
    "n": 661
  },
  "EMM": {
    "mean": 10.076165978371462,
    "std": 4.840854724692306,
    "n": 224
  },
  "TESS": {
    "mean": 9.691314278364082,
    "std": 6.48100590868308,
    "n": 267
  },
  "EURC": {
    "mean": 6.640352370113324,
    "std": 4.5843932449004505,
    "n": 545
  },
  "NHPC": {
    "mean": 2.781373457687908,
    "std": 2.9942802579193466,
    "n": 747
  },
  "PSYC": {
    "mean": 9.785216530368777,
    "std": 5.384804963574503,
    "n": 723
  },
  "JNO": {
    "mean": 8.83481379587313,
    "std": 4.314864106460276,
    "n": 1854
  },
  "MSL": {
    "mean": 0.2993576733300887,
    "std": 1.2108213280844138,
    "n": 295
  },
  "M20": {
    "mean": 0.3981653640441407,
    "std": 1.3792852806772187,
    "n": 247
  },
  "CGO": {
    "mean": 10.319310396423036,
    "std": 5.513565976668552,
    "n": 339
  },
  "BIOS": {
    "mean": 6.908636657782526,
    "std": 3.8018288013863715,
    "n": 99
  },
  "SGP": {
    "mean": 0.0,
    "std": 0.0,
    "n": 111
  },
  "DSCO": {
    "mean": 5.519787753357474,
    "std": 5.061207224223677,
    "n": 69
  },
  "THB": {
    "mean": 7.751827512100509,
    "std": 5.7755097653703125,
    "n": 147
  },
  "MMX": {
    "mean": 6.286980854753921,
    "std": 4.837917009469494,
    "n": 84
  },
  "RST": {
    "mean": 5.586916007866837,
    "std": 5.907579842444726,
    "n": 56
  },
  "XMM": {
    "mean": 10.356520785449455,
    "std": 3.1226085073686924,
    "n": 144
  },
  "TEST": {
    "mean": 0.0,
    "std": 0.0,
    "n": 271
  },
  "MEX": {
    "mean": 8.64732212457721,
    "std": 5.286989164477508,
    "n": 96
  },
  "BEPI": {
    "mean": 4.342343111860535,
    "std": 5.071384013101949,
    "n": 40
  },
  "HYB2": {
    "mean": 4.1767749285408255,
    "std": 3.2512601559797702,
    "n": 463
  },
  "HCRA": {
    "mean": 0.0,
    "std": 0.0,
    "n": 74
  },
  "EGS": {
    "mean": 0.0,
    "std": 0.0,
    "n": 16
  },
  "TERR": {
    "mean": 0.0,
    "std": 0.0,
    "n": 5
  }
}