{
  "ACE": {
    "mean": 8.503963136924451,
    "std": 4.877387386694538,
    "n": 662
  },
  "DSN": {
    "mean": 0.0,
    "std": 0.0,
    "n": 10373
  },
  "DSS": {
    "mean": 0.0,
    "std": 0.0,
    "n": 2019
  },
  "JWST": {
    "mean": 11.304911531934533,
    "std": 5.921544075495545,
    "n": 1557
  },
  "KPLO": {
    "mean": 8.70690584338555,
    "std": 6.204791914975075,
    "n": 1261
  },
  "LUCY": {
    "mean": 9.023204428419032,
    "std": 3.962621064704021,
    "n": 848
  },
  "M01O": {
    "mean": 7.93573211243149,
    "std": 4.266245397969172,
    "n": 2470
  },
  "MMS2": {
    "mean": 11.899485730182167,
    "std": 5.6649265247306335,
    "n": 309
  },
  "ORX": {
    "mean": 4.324873066562014,
    "std": 6.389133788081008,
    "n": 700
  },
  "SOHO": {
    "mean": 10.413334851777089,
    "std": 4.498500354012922,
    "n": 2105
  },
  "SPP": {
    "mean": 9.011941658868105,
    "std": 4.623998408612996,
    "n": 1174
  },
  "VGR2": {
    "mean": 4.154677253668679,
    "std": 1.8929048961533328,
    "n": 1016
  },
  "CAPS": {
    "mean": 9.041464724668586,
    "std": 5.585074295375424,
    "n": 319
  },
  "MRO": {
    "mean": 11.273497323079745,
    "std": 5.7623878479661705,
    "n": 1130
  },
  "STA": {
    "mean": 10.587156241767872,
    "std": 5.241798363049374,
    "n": 773
  },
  "IMAP": {
    "mean": 10.616036848726544,
    "std": 5.525580906886788,
    "n": 427
  },
  "MMS3": {
    "mean": 11.768281544351458,
    "std": 5.768742388272576,
    "n": 305
  },
  "TGO": {
    "mean": 10.383194661222143,
    "std": 5.16496987623233,
    "n": 349
  },
  "TDR8": {
    "mean": 7.014025107082547,
    "std": 2.9972898409743474,
    "n": 136
  },
  "MMS4": {
    "mean": 11.93888061870923,
    "std": 5.668913411743775,
    "n": 283
  },
  "WIND": {
    "mean": 7.885171945177888,
    "std": 4.186510764478761,
    "n": 586
  },
  "ESCB": {
    "mean": 7.792541502939834,
    "std": 3.397349696146697,
    "n": 379
  },
  "THC": {
    "mean": 8.180192935608826,
    "std": 5.607825255535234,
    "n": 161
  },
  "CHDR": {
    "mean": 8.197448529602479,
    "std": 6.871323569747973,
    "n": 698
  },
  "MMS1": {
    "mean": 10.801134493001522,
    "std": 6.317186165916359,
    "n": 338
  },
  "ESCG": {
    "mean": 7.622425864423439,
    "std": 3.6414953720826637,
    "n": 371
  },
  "VGR1": {
    "mean": 4.333492624413226,
    "std": 1.7890448002085264,
    "n": 1131
  },
  "DSSR": {
    "mean": 0.0,
    "std": 0.0,
    "n": 204
  },
  "LRO": {
    "mean": 10.80088800286452,
    "std": 6.4676750303092065,
    "n": 698
  },
  "SWFO": {
    "mean": 0.2398036202332619,
    "std": 1.3894436882991108,
    "n": 242
  },
  "GBRA": {
    "mean": 0.0,
    "std": 0.0,
    "n": 541
  },
  "EMM": {
    "mean": 10.135336904512531,
    "std": 4.79404608636372,
    "n": 186
  },
  "TESS": {
    "mean": 9.609397897603882,
    "std": 6.486769392008635,
    "n": 207
  },
  "EURC": {
    "mean": 6.984305075939726,
    "std": 4.668447790331447,
    "n": 411
  },
  "NHPC": {
    "mean": 2.7020224404960205,
    "std": 2.9390273380535907,
    "n": 300
  },
  "PSYC": {
    "mean": 9.62462859788582,
    "std": 5.4826134281452275,
    "n": 645
  },
  "JNO": {
    "mean": 9.001984509545947,
    "std": 4.23814613036602,
    "n": 1523
  },
  "MSL": {
    "mean": 0.2657013546140782,
    "std": 1.1463067124922508,
    "n": 196
  },
  "M20": {
    "mean": 0.48209237705344493,
    "std": 1.504316877704969,
    "n": 204
  },
  "CGO": {
    "mean": 10.289850692054399,
    "std": 5.565489892861328,
    "n": 268
  },
  "BIOS": {
    "mean": 7.111815900254474,
    "std": 3.6669300959237847,
    "n": 81
  },
  "SGP": {
    "mean": 0.0,
    "std": 0.0,
    "n": 111
  },
  "DSCO": {
    "mean": 4.841729469517685,
    "std": 4.950545965703306,
    "n": 45
  },
  "THB": {
    "mean": 8.127425734448254,
    "std": 5.624767373043861,
    "n": 131
  },
  "MMX": {
    "mean": 6.447047574555721,
    "std": 4.86009682234796,
    "n": 75
  },
  "RST": {
    "mean": 6.2573459288108575,
    "std": 5.9069727957618285,
    "n": 50
  },
  "XMM": {
    "mean": 10.49102250883873,
    "std": 2.909686122370264,
    "n": 126
  },
  "TEST": {
    "mean": 0.0,
    "std": 0.0,
    "n": 194
  },
  "MEX": {
    "mean": 9.495547254342087,
    "std": 4.561461788079343,
    "n": 59
  },
  "BEPI": {
    "mean": 4.342343111860535,
    "std": 5.071384013101949,
    "n": 40
  },
  "HYB2": {
    "mean": 4.1767749285408255,
    "std": 3.2512601559797702,
    "n": 463
  },
  "HCRA": {
    "mean": 0.0,
    "std": 0.0,
    "n": 48
  },
  "EGS": {
    "mean": 0.0,
    "std": 0.0,
    "n": 16
  }
}