{
  "ACE": {
    "mean": 8.180189472431032,
    "std": 5.117062244342562,
    "n": 32
  },
  "DSN": {
    "mean": 0.0,
    "std": 0.0,
    "n": 376
  },
  "DSS": {
    "mean": 0.0,
    "std": 0.0,
    "n": 164
  },
  "JWST": {
    "mean": 13.298676183074072,
    "std": 5.705968721048818,
    "n": 41
  },
  "KPLO": {
    "mean": 5.596005338813355,
    "std": 5.446407663791242,
    "n": 42
  },
  "LUCY": {
    "mean": 10.147564497575154,
    "std": 3.0142758163414105,
    "n": 37
  },
  "M01O": {
    "mean": 8.328243034086416,
    "std": 3.674407009382468,
    "n": 69
  },
  "MMS2": {
    "mean": 10.423694524090223,
    "std": 6.596686430710676,
    "n": 7
  },
  "ORX": {
    "mean": 6.043271439170355,
    "std": 6.853798235382321,
    "n": 16
  },
  "SOHO": {
    "mean": 10.526868297195199,
    "std": 4.4550482412885035,
    "n": 79
  },
  "SPP": {
    "mean": 7.745223089151748,
    "std": 3.5878290227513308,
    "n": 42
  },
  "VGR2": {
    "mean": 4.555731132210441,
    "std": 1.5475049225309236,
    "n": 58
  },
  "CAPS": {
    "mean": 7.26421303399404,
    "std": 6.13938055293441,
    "n": 12
  },
  "MRO": {
    "mean": 10.460081672649695,
    "std": 6.120731680339321,
    "n": 55
  },
  "STA": {
    "mean": 6.649723708907697,
    "std": 6.651314116632824,
    "n": 22
  },
  "IMAP": {
    "mean": 11.48216198465274,
    "std": 4.788392556676568,
    "n": 27
  },
  "MMS3": {
    "mean": 8.36250205888564,
    "std": 7.072458209579446,
    "n": 12
  },
  "TGO": {
    "mean": 11.624224159896103,
    "std": 4.425831602114742,
    "n": 16
  },
  "TDR8": {
    "mean": 6.635439687085784,
    "std": 3.317719843542895,
    "n": 60
  },
  "MMS4": {
    "mean": 11.458067980985383,
    "std": 6.1245949570302765,
    "n": 9
  },
  "WIND": {
    "mean": 7.499638699857604,
    "std": 3.8671451910379675,
    "n": 25
  },
  "ESCB": {
    "mean": 7.114963101839682,
    "std": 3.649899059186077,
    "n": 24
  },
  "THC": {
    "mean": 9.617532833982262,
    "std": 5.625208682398356,
    "n": 8
  },
  "CHDR": {
    "mean": 6.993891310327608,
    "std": 6.993891310327605,
    "n": 24
  },
  "MMS1": {
    "mean": 9.8212011265589,
    "std": 6.944637915986757,
    "n": 9
  },
  "ESCG": {
    "mean": 7.945664693306619,
    "std": 3.191932457747452,
    "n": 15
  },
  "VGR1": {
    "mean": 4.516803879986191,
    "std": 1.5969313264139706,
    "n": 18
  },
  "DSSR": {
    "mean": 0.0,
    "std": 0.0,
    "n": 17
  },
  "LRO": {
    "mean": 8.808480288756181,
    "std": 6.501704187639039,
    "n": 6
  },
  "SWFO": {
    "mean": 0.0,
    "std": 0.0,
    "n": 9
  },
  "GBRA": {
    "mean": 0.0,
    "std": 0.0,
    "n": 16
  },
  "EMM": {
    "mean": 11.269348936844743,
    "std": 3.563681038762641,
    "n": 11
  },
  "TESS": {
    "mean": 4.840203249634437,
    "std": 4.840203249634437,
    "n": 4
  },
  "EURC": {
    "mean": 6.173484142518602,
    "std": 5.734930793741121,
    "n": 5
  },
  "NHPC": {
    "mean": 0.0,
    "std": 0.0,
    "n": 5
  },
  "PSYC": {
    "mean": 10.097561408969591,
    "std": 5.214358289899458,
    "n": 19
  },
  "JNO": {
    "mean": 9.282099717019056,
    "std": 4.2362576292722,
    "n": 30
  },
  "MSL": {
    "mean": 0.0,
    "std": 0.0,
    "n": 5
  },
  "M20": {
    "mean": 0.0,
    "std": 0.0,
    "n": 9
  },
  "CGO": {
    "mean": 6.049982052265153,
    "std": 5.314335654992488,
    "n": 5
  },
  "BIOS": {
    "mean": 4.494472645598045,
    "std": 4.494472645598045,
    "n": 4
  },
  "SGP": {
    "mean": 0.0,
    "std": 0.0,
    "n": 5
  }
}