{
  "ACE": {
    "mean": 8.27461957981363,
    "std": 4.998844520138309,
    "n": 761
  },
  "DSN": {
    "mean": 0.0,
    "std": 0.0,
    "n": 11629
  },
  "DSS": {
    "mean": 0.0,
    "std": 0.0,
    "n": 2235
  },
  "JWST": {
    "mean": 11.363704611931345,
    "std": 5.892473533553922,
    "n": 1818
  },
  "KPLO": {
    "mean": 8.667401015196782,
    "std": 6.1596741958510615,
    "n": 1461
  },
  "LUCY": {
    "mean": 9.026908214267419,
    "std": 3.918243702452215,
    "n": 885
  },
  "M01O": {
    "mean": 7.852081409235275,
    "std": 4.272791458403923,
    "n": 2792
  },
  "MMS2": {
    "mean": 11.917562403926926,
    "std": 5.6243522544271185,
    "n": 374
  },
  "ORX": {
    "mean": 4.3608713621804664,
    "std": 6.400777281016822,
    "n": 820
  },
  "SOHO": {
    "mean": 10.406861719028347,
    "std": 4.513611457949409,
    "n": 2451
  },
  "SPP": {
    "mean": 8.809975549289248,
    "std": 4.566697696159363,
    "n": 1270
  },
  "VGR2": {
    "mean": 4.205273591573947,
    "std": 1.8493098999754076,
    "n": 1161
  },
  "CAPS": {
    "mean": 9.241860553212982,
    "std": 5.472883176123972,
    "n": 401
  },
  "MRO": {
    "mean": 11.360216848908365,
    "std": 5.710641398058654,
    "n": 1295
  },
  "STA": {
    "mean": 10.599672804724806,
    "std": 5.21931705356759,
    "n": 908
  },
  "IMAP": {
    "mean": 10.736565223155901,
    "std": 5.4373987273880156,
    "n": 490
  },
  "MMS3": {
    "mean": 11.784368561624657,
    "std": 5.751754463429058,
    "n": 354
  },
  "TGO": {
    "mean": 10.50848055621284,
    "std": 5.058261569697154,
    "n": 384
  },
  "TDR8": {
    "mean": 7.014025107082547,
    "std": 2.9972898409743474,
    "n": 136
  },
  "MMS4": {
    "mean": 11.909617293685267,
    "std": 5.676321882989391,
    "n": 330
  },
  "WIND": {
    "mean": 7.832552531596632,
    "std": 4.1715856866299585,
    "n": 674
  },
  "ESCB": {
    "mean": 7.806187202966906,
    "std": 3.406350933727639,
    "n": 482
  },
  "THC": {
    "mean": 8.172512308427498,
    "std": 5.636817927825491,
    "n": 191
  },
  "CHDR": {
    "mean": 8.18937276868495,
    "std": 6.871562075978758,
    "n": 794
  },
  "MMS1": {
    "mean": 10.74433631659976,
    "std": 6.343875061183519,
    "n": 403
  },
  "ESCG": {
    "mean": 7.678819799000944,
    "std": 3.661046819124107,
    "n": 388
  },
  "VGR1": {
    "mean": 4.049426819199436,
    "std": 2.0376990006571027,
    "n": 1340
  },
  "DSSR": {
    "mean": 0.0,
    "std": 0.0,
    "n": 256
  },
  "LRO": {
    "mean": 10.468127779317813,
    "std": 6.455431407372404,
    "n": 888
  },
  "SWFO": {
    "mean": 0.20433970456496256,
    "std": 1.285416671461804,
    "n": 284
  },
  "GBRA": {
    "mean": 0.0,
    "std": 0.0,
    "n": 643
  },
  "EMM": {
    "mean": 10.10300937413302,
    "std": 4.819765948095871,
    "n": 205
  },
  "TESS": {
    "mean": 9.93754733322345,
    "std": 6.699396464650826,
    "n": 237
  },
  "EURC": {
    "mean": 6.6027706436323985,
    "std": 4.614642250756928,
    "n": 520
  },
  "NHPC": {
    "mean": 2.703245534151125,
    "std": 2.9428099779687233,
    "n": 578
  },
  "PSYC": {
    "mean": 9.724305678279025,
    "std": 5.425174156765904,
    "n": 691
  },
  "JNO": {
    "mean": 8.989885533432025,
    "std": 4.146640378620107,
    "n": 1720
  },
  "MSL": {
    "mean": 0.3532420545295045,
    "std": 1.3080328554589562,
    "n": 250
  },
  "M20": {
    "mean": 0.4370970885284567,
    "std": 1.4392449802223781,
    "n": 225
  },
  "CGO": {
    "mean": 10.255237957775261,
    "std": 5.567524364717267,
    "n": 291
  },
  "BIOS": {
    "mean": 6.908636657782526,
    "std": 3.8018288013863715,
    "n": 99
  },
  "SGP": {
    "mean": 0.0,
    "std": 0.0,
    "n": 111
  },
  "DSCO": {
    "mean": 4.854675270238321,
    "std": 4.950816787020306,
    "n": 51
  },
  "THB": {
    "mean": 8.127425734448254,
    "std": 5.624767373043861,
    "n": 131
  },
  "MMX": {
    "mean": 6.447047574555721,
    "std": 4.86009682234796,
    "n": 75
  },
  "RST": {
    "mean": 6.2573459288108575,
    "std": 5.9069727957618285,
    "n": 50
  },
  "XMM": {
    "mean": 10.356520785449455,
    "std": 3.1226085073686924,
    "n": 144
  },
  "TEST": {
    "mean": 0.0,
    "std": 0.0,
    "n": 271
  },
  "MEX": {
    "mean": 9.3423261489249,
    "std": 4.873425922516413,
    "n": 80
  },
  "BEPI": {
    "mean": 4.342343111860535,
    "std": 5.071384013101949,
    "n": 40
  },
  "HYB2": {
    "mean": 4.1767749285408255,
    "std": 3.2512601559797702,
    "n": 463
  },
  "HCRA": {
    "mean": 0.0,
    "std": 0.0,
    "n": 74
  },
  "EGS": {
    "mean": 0.0,
    "std": 0.0,
    "n": 16
  },
  "TERR": {
    "mean": 0.0,
    "std": 0.0,
    "n": 3
  }
}