{
  "ACE": {
    "mean": 11.38114364947859,
    "std": 7.170114004970143e-05,
    "n": 9
  },
  "DSN": {
    "mean": 0.0,
    "std": 0.0,
    "n": 54
  },
  "DSS": {
    "mean": 0.0,
    "std": 0.0,
    "n": 18
  },
  "JWST": {
    "mean": 15.92213465708374,
    "std": 4.4160064184891885,
    "n": 14
  },
  "KPLO": {
    "mean": 1.4505069853734178,
    "std": 4.586905835764542,
    "n": 11
  },
  "LUCY": {
    "mean": 11.042937835596492,
    "std": 2.3498992183808822e-15,
    "n": 8
  },
  "M01O": {
    "mean": 8.879441094060365,
    "std": 2.462713858622824,
    "n": 14
  },
  "MMS2": {
    "mean": 7.019327454639082,
    "std": 7.019327454639082,
    "n": 2
  },
  "ORX": {
    "mean": 0.0,
    "std": 0.0,
    "n": 2
  },
  "SOHO": {
    "mean": 10.452444247961301,
    "std": 4.52604112518751,
    "n": 19
  },
  "SPP": {
    "mean": 6.390576181243971,
    "std": 0.0,
    "n": 14
  },
  "VGR2": {
    "mean": 4.516769362709183,
    "std": 1.5969191290087699,
    "n": 18
  },
  "CAPS": {
    "mean": 7.26421303399404,
    "std": 6.13938055293441,
    "n": 12
  },
  "MRO": {
    "mean": 6.132900411582171,
    "std": 6.7815882503125025,
    "n": 20
  },
  "STA": {
    "mean": 0.0,
    "std": 0.0,
    "n": 9
  },
  "IMAP": {
    "mean": 11.794177255974823,
    "std": 4.457779991131938,
    "n": 8
  },
  "MMS3": {
    "mean": 8.022088519587522,
    "std": 6.947332449370293,
    "n": 7
  },
  "TGO": {
    "mean": 13.226224954408476,
    "std": 0.5394401284489979,
    "n": 5
  },
  "TDR8": {
    "mean": 6.220724706642926,
    "std": 3.5915370839348495,
    "n": 4
  }
}