{
  "ACE": {
    "mean": 8.402597123204172,
    "std": 4.919341087074065,
    "n": 504
  },
  "DSN": {
    "mean": 0.0,
    "std": 0.0,
    "n": 7773
  },
  "DSS": {
    "mean": 0.0,
    "std": 0.0,
    "n": 1609
  },
  "JWST": {
    "mean": 11.233723212946174,
    "std": 5.991724639087666,
    "n": 1114
  },
  "KPLO": {
    "mean": 8.642691838952791,
    "std": 6.258364920964612,
    "n": 893
  },
  "LUCY": {
    "mean": 9.123937598029643,
    "std": 4.0317420722832855,
    "n": 718
  },
  "M01O": {
    "mean": 7.797116520921395,
    "std": 4.366735679388009,
    "n": 1865
  },
  "MMS2": {
    "mean": 12.120897333823072,
    "std": 5.484301141744476,
    "n": 224
  },
  "ORX": {
    "mean": 4.102638041024503,
    "std": 6.2954962537245915,
    "n": 483
  },
  "SOHO": {
    "mean": 10.420475485451103,
    "std": 4.4676922107066765,
    "n": 1533
  },
  "SPP": {
    "mean": 8.609368323911111,
    "std": 4.4870435833210145,
    "n": 812
  },
  "VGR2": {
    "mean": 4.222825840072137,
    "std": 1.8314993232584633,
    "n": 744
  },
  "CAPS": {
    "mean": 9.129301424323899,
    "std": 5.54347569251669,
    "n": 249
  },
  "MRO": {
    "mean": 11.17043516484637,
    "std": 5.856910106028624,
    "n": 783
  },
  "STA": {
    "mean": 10.528507411215653,
    "std": 5.285205844652024,
    "n": 572
  },
  "IMAP": {
    "mean": 10.749446306635715,
    "std": 5.427744274274181,
    "n": 320
  },
  "MMS3": {
    "mean": 11.65324439115012,
    "std": 5.864317537649606,
    "n": 223
  },
  "TGO": {
    "mean": 10.258677227440732,
    "std": 5.245044346263586,
    "n": 247
  },
  "TDR8": {
    "mean": 6.839711603308979,
    "std": 3.15492915596383,
    "n": 114
  },
  "MMS4": {
    "mean": 12.086299467998591,
    "std": 5.537964851652966,
    "n": 202
  },
  "WIND": {
    "mean": 7.878159507656989,
    "std": 4.208856468193644,
    "n": 423
  },
  "ESCB": {
    "mean": 8.008972092643745,
    "std": 3.2138272652702984,
    "n": 254
  },
  "THC": {
    "mean": 8.295790329572489,
    "std": 5.550952889670935,
    "n": 124
  },
  "CHDR": {
    "mean": 8.208833621015605,
    "std": 6.872009263704282,
    "n": 517
  },
  "MMS1": {
    "mean": 10.59864148396824,
    "std": 6.441678448405605,
    "n": 245
  },
  "ESCG": {
    "mean": 7.653284801181135,
    "std": 3.6683404140734273,
    "n": 295
  },
  "VGR1": {
    "mean": 4.463907534680854,
    "std": 1.656304028306699,
    "n": 787
  },
  "DSSR": {
    "mean": 0.0,
    "std": 0.0,
    "n": 136
  },
  "LRO": {
    "mean": 10.7953832020607,
    "std": 6.53919087058333,
    "n": 504
  },
  "SWFO": {
    "mean": 0.30068640464481505,
    "std": 1.549963783471052,
    "n": 193
  },
  "GBRA": {
    "mean": 0.0,
    "std": 0.0,
    "n": 457
  },
  "EMM": {
    "mean": 10.140910766217448,
    "std": 4.792813407975981,
    "n": 126
  },
  "TESS": {
    "mean": 9.609515202531682,
    "std": 6.633305184838378,
    "n": 146
  },
  "EURC": {
    "mean": 6.952340325543328,
    "std": 5.173269965269741,
    "n": 273
  },
  "NHPC": {
    "mean": 0.0,
    "std": 0.0,
    "n": 33
  },
  "PSYC": {
    "mean": 9.511877624841615,
    "std": 5.54306982999146,
    "n": 576
  },
  "JNO": {
    "mean": 8.931136174065221,
    "std": 4.403180224060049,
    "n": 1182
  },
  "MSL": {
    "mean": 0.24369409349139665,
    "std": 1.1019738045841472,
    "n": 150
  },
  "M20": {
    "mean": 0.34507664883825534,
    "std": 1.2911585921288549,
    "n": 120
  },
  "CGO": {
    "mean": 10.279060284666913,
    "std": 5.574587467313706,
    "n": 200
  },
  "BIOS": {
    "mean": 6.90725756194875,
    "std": 3.8125412770442706,
    "n": 60
  },
  "SGP": {
    "mean": 0.0,
    "std": 0.0,
    "n": 34
  },
  "DSCO": {
    "mean": 4.817937187112194,
    "std": 4.949959910276561,
    "n": 37
  },
  "THB": {
    "mean": 8.064012213811347,
    "std": 5.658003114824895,
    "n": 101
  },
  "MMX": {
    "mean": 6.3793662675728315,
    "std": 4.908486167029739,
    "n": 73
  },
  "RST": {
    "mean": 6.771292771997224,
    "std": 5.938614102744261,
    "n": 42
  },
  "XMM": {
    "mean": 10.476350501406111,
    "std": 2.933964992335263,
    "n": 110
  },
  "TEST": {
    "mean": 0.0,
    "std": 0.0,
    "n": 138
  },
  "MEX": {
    "mean": 9.381623269263608,
    "std": 4.712619259557808,
    "n": 40
  },
  "BEPI": {
    "mean": 2.2665968526050566,
    "std": 3.6346409384521188,
    "n": 25
  },
  "HYB2": {
    "mean": 0.0,
    "std": 0.0,
    "n": 20
  },
  "HCRA": {
    "mean": 0.0,
    "std": 0.0,
    "n": 35
  },
  "EGS": {
    "mean": 0.0,
    "std": 0.0,
    "n": 16
  }
}