{
  "ACE": {
    "mean": 8.44128614333056,
    "std": 4.928239468829352,
    "n": 303
  },
  "DSN": {
    "mean": 0.0,
    "std": 0.0,
    "n": 5133
  },
  "DSS": {
    "mean": 0.0,
    "std": 0.0,
    "n": 1241
  },
  "JWST": {
    "mean": 10.92393332169534,
    "std": 5.978360261739984,
    "n": 620
  },
  "KPLO": {
    "mean": 8.338725062835849,
    "std": 6.527950984687599,
    "n": 503
  },
  "LUCY": {
    "mean": 8.941092199306675,
    "std": 4.270635955592494,
    "n": 544
  },
  "M01O": {
    "mean": 7.89977256290443,
    "std": 4.307533135631646,
    "n": 1031
  },
  "MMS2": {
    "mean": 12.00763488702174,
    "std": 5.572931663615737,
    "n": 130
  },
  "ORX": {
    "mean": 3.941813376281237,
    "std": 6.212153614261488,
    "n": 209
  },
  "SOHO": {
    "mean": 10.358611773015314,
    "std": 4.611619846806462,
    "n": 798
  },
  "SPP": {
    "mean": 7.834120274853785,
    "std": 4.222267906320364,
    "n": 433
  },
  "VGR2": {
    "mean": 4.389083318511571,
    "std": 1.665150975697282,
    "n": 434
  },
  "CAPS": {
    "mean": 8.548626884666698,
    "std": 5.817494194982348,
    "n": 136
  },
  "MRO": {
    "mean": 11.268810486017298,
    "std": 5.8241417284075405,
    "n": 510
  },
  "STA": {
    "mean": 10.444173218084023,
    "std": 5.364207489045393,
    "n": 331
  },
  "IMAP": {
    "mean": 10.413082236959132,
    "std": 5.658995403280509,
    "n": 193
  },
  "MMS3": {
    "mean": 11.548878988961377,
    "std": 5.895021883558386,
    "n": 126
  },
  "TGO": {
    "mean": 9.933344264467191,
    "std": 5.43139372927346,
    "n": 135
  },
  "TDR8": {
    "mean": 6.839711603308979,
    "std": 3.15492915596383,
    "n": 114
  },
  "MMS4": {
    "mean": 12.08169732429373,
    "std": 5.532489500502064,
    "n": 104
  },
  "WIND": {
    "mean": 7.970030889161063,
    "std": 4.21450732276207,
    "n": 256
  },
  "ESCB": {
    "mean": 8.186738073100116,
    "std": 3.2098915480235064,
    "n": 150
  },
  "THC": {
    "mean": 8.487213968135046,
    "std": 5.4982598661287385,
    "n": 82
  },
  "CHDR": {
    "mean": 7.979241510629021,
    "std": 6.917383156654384,
    "n": 296
  },
  "MMS1": {
    "mean": 10.486967373960622,
    "std": 6.4620788543784276,
    "n": 131
  },
  "ESCG": {
    "mean": 7.676493109487546,
    "std": 3.5278341389470596,
    "n": 181
  },
  "VGR1": {
    "mean": 4.50174952195887,
    "std": 1.6152600521767793,
    "n": 377
  },
  "DSSR": {
    "mean": 0.0,
    "std": 0.0,
    "n": 85
  },
  "LRO": {
    "mean": 10.080785213952545,
    "std": 6.732665368309045,
    "n": 249
  },
  "SWFO": {
    "mean": 0.0,
    "std": 0.0,
    "n": 97
  },
  "GBRA": {
    "mean": 0.0,
    "std": 0.0,
    "n": 320
  },
  "EMM": {
    "mean": 11.325697287323143,
    "std": 3.5141971093333795,
    "n": 57
  },
  "TESS": {
    "mean": 8.14508301047143,
    "std": 5.393069797129331,
    "n": 79
  },
  "EURC": {
    "mean": 6.391661970651196,
    "std": 5.4387999529639615,
    "n": 140
  },
  "NHPC": {
    "mean": 0.0,
    "std": 0.0,
    "n": 23
  },
  "PSYC": {
    "mean": 10.390529724950559,
    "std": 4.959857189325128,
    "n": 318
  },
  "JNO": {
    "mean": 8.83214941713398,
    "std": 4.586916326520679,
    "n": 739
  },
  "MSL": {
    "mean": 0.20597802060644432,
    "std": 1.0239634812655733,
    "n": 77
  },
  "M20": {
    "mean": 0.26544357602942714,
    "std": 1.1417159905260457,
    "n": 78
  },
  "CGO": {
    "mean": 10.104731672787345,
    "std": 5.639216850686949,
    "n": 137
  },
  "BIOS": {
    "mean": 7.354588970934565,
    "std": 3.4980928384520924,
    "n": 38
  },
  "SGP": {
    "mean": 0.0,
    "std": 0.0,
    "n": 34
  },
  "DSCO": {
    "mean": 4.456591898078777,
    "std": 4.926947723221698,
    "n": 20
  },
  "THB": {
    "mean": 8.752697345206279,
    "std": 5.423163308485524,
    "n": 51
  },
  "MMX": {
    "mean": 6.016493598113673,
    "std": 4.865458928163983,
    "n": 55
  },
  "RST": {
    "mean": 8.091586331914513,
    "std": 5.869664019498173,
    "n": 19
  },
  "XMM": {
    "mean": 10.08752262698692,
    "std": 3.4944203426957317,
    "n": 56
  },
  "TEST": {
    "mean": 0.0,
    "std": 0.0,
    "n": 45
  },
  "MEX": {
    "mean": 9.596479852114397,
    "std": 4.599740883340531,
    "n": 27
  },
  "BEPI": {
    "mean": 6.2961023683473805,
    "std": 3.365408276344554,
    "n": 9
  },
  "HYB2": {
    "mean": 0.0,
    "std": 0.0,
    "n": 8
  },
  "HCRA": {
    "mean": 0.0,
    "std": 0.0,
    "n": 14
  }
}