{
  "ACE": {
    "mean": 8.463341933476615,
    "std": 4.92384381572243,
    "n": 356
  },
  "DSN": {
    "mean": 0.0,
    "std": 0.0,
    "n": 5695
  },
  "DSS": {
    "mean": 0.0,
    "std": 0.0,
    "n": 1334
  },
  "JWST": {
    "mean": 11.112752628699573,
    "std": 6.060376728480067,
    "n": 746
  },
  "KPLO": {
    "mean": 8.556562279329224,
    "std": 6.542151106973795,
    "n": 598
  },
  "LUCY": {
    "mean": 9.034890278367172,
    "std": 4.172771791842687,
    "n": 609
  },
  "M01O": {
    "mean": 7.894955374325635,
    "std": 4.305323158343,
    "n": 1257
  },
  "MMS2": {
    "mean": 11.982321962276295,
    "std": 5.575219355220711,
    "n": 152
  },
  "ORX": {
    "mean": 3.7977044506011186,
    "std": 6.142011767868564,
    "n": 282
  },
  "SOHO": {
    "mean": 10.369162005439916,
    "std": 4.60220630248279,
    "n": 954
  },
  "SPP": {
    "mean": 8.446030744123593,
    "std": 4.379022941940184,
    "n": 587
  },
  "VGR2": {
    "mean": 4.219088875610236,
    "std": 1.841632917084388,
    "n": 530
  },
  "CAPS": {
    "mean": 8.739444236312448,
    "std": 5.725261631229123,
    "n": 170
  },
  "MRO": {
    "mean": 11.15347812869876,
    "std": 5.877297125077278,
    "n": 587
  },
  "STA": {
    "mean": 10.50342652336188,
    "std": 5.312761470561231,
    "n": 403
  },
  "IMAP": {
    "mean": 10.43558455021548,
    "std": 5.643224733725681,
    "n": 221
  },
  "MMS3": {
    "mean": 11.885670670250008,
    "std": 5.654173368102536,
    "n": 152
  },
  "TGO": {
    "mean": 9.936182896263716,
    "std": 5.437989498919304,
    "n": 161
  },
  "TDR8": {
    "mean": 6.839711603308979,
    "std": 3.15492915596383,
    "n": 114
  },
  "MMS4": {
    "mean": 12.013380304364665,
    "std": 5.600720053583212,
    "n": 129
  },
  "WIND": {
    "mean": 7.849116388336802,
    "std": 4.271951477800035,
    "n": 304
  },
  "ESCB": {
    "mean": 8.15365141516812,
    "std": 3.224113666488309,
    "n": 163
  },
  "THC": {
    "mean": 8.712037664246306,
    "std": 5.385859581833297,
    "n": 95
  },
  "CHDR": {
    "mean": 8.098548772567536,
    "std": 6.9005238270504385,
    "n": 359
  },
  "MMS1": {
    "mean": 10.467106157875778,
    "std": 6.480767574905201,
    "n": 159
  },
  "ESCG": {
    "mean": 7.557934917618794,
    "std": 3.585689891265214,
    "n": 210
  },
  "VGR1": {
    "mean": 4.458252269222494,
    "std": 1.6666894478761782,
    "n": 473
  },
  "DSSR": {
    "mean": 0.0,
    "std": 0.0,
    "n": 93
  },
  "LRO": {
    "mean": 9.931681102208842,
    "std": 6.781415309622075,
    "n": 278
  },
  "SWFO": {
    "mean": 0.3263297392026365,
    "std": 1.611951492396501,
    "n": 127
  },
  "GBRA": {
    "mean": 0.0,
    "std": 0.0,
    "n": 353
  },
  "EMM": {
    "mean": 9.77404834391551,
    "std": 5.078363072239936,
    "n": 80
  },
  "TESS": {
    "mean": 9.147031442057662,
    "std": 6.109988969835761,
    "n": 97
  },
  "EURC": {
    "mean": 6.239467387072083,
    "std": 5.401014400116778,
    "n": 175
  },
  "NHPC": {
    "mean": 0.0,
    "std": 0.0,
    "n": 23
  },
  "PSYC": {
    "mean": 9.416256893051612,
    "std": 5.603275100875005,
    "n": 436
  },
  "JNO": {
    "mean": 8.900129881416925,
    "std": 4.565918578155453,
    "n": 802
  },
  "MSL": {
    "mean": 0.174289094359299,
    "std": 0.9448366877996783,
    "n": 91
  },
  "M20": {
    "mean": 0.24945299916018457,
    "std": 1.108593377259091,
    "n": 83
  },
  "CGO": {
    "mean": 10.185808349518233,
    "std": 5.618906239404096,
    "n": 153
  },
  "BIOS": {
    "mean": 6.8571774360934326,
    "std": 3.8466699106995494,
    "n": 46
  },
  "SGP": {
    "mean": 0.0,
    "std": 0.0,
    "n": 34
  },
  "DSCO": {
    "mean": 4.539121377672829,
    "std": 4.934545179890666,
    "n": 24
  },
  "THB": {
    "mean": 8.36325366372966,
    "std": 5.672812489098533,
    "n": 61
  },
  "MMX": {
    "mean": 6.3102419595287795,
    "std": 4.81486675219472,
    "n": 65
  },
  "RST": {
    "mean": 7.504568018465512,
    "std": 6.107700359240118,
    "n": 29
  },
  "XMM": {
    "mean": 10.296936623248849,
    "std": 3.2106340817210572,
    "n": 79
  },
  "TEST": {
    "mean": 0.0,
    "std": 0.0,
    "n": 68
  },
  "MEX": {
    "mean": 9.093698746870189,
    "std": 4.880448830985071,
    "n": 36
  },
  "BEPI": {
    "mean": 4.358840101163571,
    "std": 4.035501777351856,
    "n": 13
  },
  "HYB2": {
    "mean": 0.0,
    "std": 0.0,
    "n": 12
  },
  "HCRA": {
    "mean": 0.0,
    "std": 0.0,
    "n": 28
  }
}