{
  "ACE": {
    "mean": 8.52093146205266,
    "std": 4.895516037164766,
    "n": 395
  },
  "DSN": {
    "mean": 0.0,
    "std": 0.0,
    "n": 6307
  },
  "DSS": {
    "mean": 0.0,
    "std": 0.0,
    "n": 1390
  },
  "JWST": {
    "mean": 11.145213754703644,
    "std": 6.02584815536284,
    "n": 842
  },
  "KPLO": {
    "mean": 8.530245441421355,
    "std": 6.451094422384026,
    "n": 700
  },
  "LUCY": {
    "mean": 9.073357768748362,
    "std": 4.1312803720846105,
    "n": 641
  },
  "M01O": {
    "mean": 7.979071512037526,
    "std": 4.270621317665076,
    "n": 1432
  },
  "MMS2": {
    "mean": 11.985083559182932,
    "std": 5.574241977211176,
    "n": 169
  },
  "ORX": {
    "mean": 3.6934273916870697,
    "std": 6.088690002659123,
    "n": 342
  },
  "SOHO": {
    "mean": 10.240895599156097,
    "std": 4.623071875585132,
    "n": 1145
  },
  "SPP": {
    "mean": 8.839810936129723,
    "std": 4.45982228811537,
    "n": 737
  },
  "VGR2": {
    "mean": 4.2522349129364,
    "std": 1.8117851014188657,
    "n": 579
  },
  "CAPS": {
    "mean": 8.970865212448679,
    "std": 5.626818976598164,
    "n": 195
  },
  "MRO": {
    "mean": 11.161697992079773,
    "std": 5.865544787666388,
    "n": 622
  },
  "STA": {
    "mean": 10.535572627400557,
    "std": 5.279035100940376,
    "n": 449
  },
  "IMAP": {
    "mean": 10.702732826129047,
    "std": 5.46498547431054,
    "n": 266
  },
  "MMS3": {
    "mean": 11.893662880035127,
    "std": 5.663423580918886,
    "n": 168
  },
  "TGO": {
    "mean": 10.070576691209196,
    "std": 5.338229750051024,
    "n": 192
  },
  "TDR8": {
    "mean": 6.839711603308979,
    "std": 3.15492915596383,
    "n": 114
  },
  "MMS4": {
    "mean": 12.014604919864725,
    "std": 5.610712311211329,
    "n": 151
  },
  "WIND": {
    "mean": 7.9095197850146555,
    "std": 4.2525137902108785,
    "n": 343
  },
  "ESCB": {
    "mean": 8.124967070975018,
    "std": 3.2399055542268127,
    "n": 168
  },
  "THC": {
    "mean": 8.613388146882713,
    "std": 5.378589299241076,
    "n": 108
  },
  "CHDR": {
    "mean": 8.253892311832757,
    "std": 6.874404825743559,
    "n": 398
  },
  "MMS1": {
    "mean": 10.501129218576564,
    "std": 6.453535790646329,
    "n": 179
  },
  "ESCG": {
    "mean": 7.684914044402879,
    "std": 3.4926262139131423,
    "n": 232
  },
  "VGR1": {
    "mean": 4.432466958437305,
    "std": 1.6959142624778798,
    "n": 556
  },
  "DSSR": {
    "mean": 0.0,
    "std": 0.0,
    "n": 113
  },
  "LRO": {
    "mean": 10.532612299300224,
    "std": 6.725267539990611,
    "n": 342
  },
  "SWFO": {
    "mean": 0.2981573876167974,
    "std": 1.5435239472524316,
    "n": 139
  },
  "GBRA": {
    "mean": 0.0,
    "std": 0.0,
    "n": 378
  },
  "EMM": {
    "mean": 9.900843334889272,
    "std": 4.98428162705125,
    "n": 94
  },
  "TESS": {
    "mean": 9.597085644503432,
    "std": 6.386069101590135,
    "n": 112
  },
  "EURC": {
    "mean": 6.4153011614598885,
    "std": 5.194515730897602,
    "n": 199
  },
  "NHPC": {
    "mean": 0.0,
    "std": 0.0,
    "n": 23
  },
  "PSYC": {
    "mean": 9.58372406405938,
    "std": 5.502977793586046,
    "n": 480
  },
  "JNO": {
    "mean": 8.975834044931439,
    "std": 4.53126061702744,
    "n": 843
  },
  "MSL": {
    "mean": 0.16183987333363478,
    "std": 0.9115731962975565,
    "n": 98
  },
  "M20": {
    "mean": 0.40258942364463124,
    "std": 1.3862845644039656,
    "n": 90
  },
  "CGO": {
    "mean": 10.260782204255879,
    "std": 5.606879841865857,
    "n": 164
  },
  "BIOS": {
    "mean": 6.8571774360934326,
    "std": 3.8466699106995494,
    "n": 46
  },
  "SGP": {
    "mean": 0.0,
    "std": 0.0,
    "n": 34
  },
  "DSCO": {
    "mean": 4.951768775643087,
    "std": 4.951768775643086,
    "n": 28
  },
  "THB": {
    "mean": 8.411952234480681,
    "std": 5.504151850217482,
    "n": 81
  },
  "MMX": {
    "mean": 6.255844173683396,
    "std": 4.862816903973702,
    "n": 69
  },
  "RST": {
    "mean": 7.504568018465512,
    "std": 6.107700359240118,
    "n": 29
  },
  "XMM": {
    "mean": 10.247047163175289,
    "std": 3.281681488623191,
    "n": 86
  },
  "TEST": {
    "mean": 0.0,
    "std": 0.0,
    "n": 95
  },
  "MEX": {
    "mean": 9.155437514433327,
    "std": 4.828276118324093,
    "n": 37
  },
  "BEPI": {
    "mean": 3.777661421008428,
    "std": 4.038489931613466,
    "n": 15
  },
  "HYB2": {
    "mean": 0.0,
    "std": 0.0,
    "n": 14
  },
  "HCRA": {
    "mean": 0.0,
    "std": 0.0,
    "n": 30
  }
}