{
  "ACE": {
    "mean": 8.57675135377831,
    "std": 4.87655202251557,
    "n": 235
  },
  "DSN": {
    "mean": 0.0,
    "std": 0.0,
    "n": 3976
  },
  "DSS": {
    "mean": 0.0,
    "std": 0.0,
    "n": 1131
  },
  "JWST": {
    "mean": 10.693601596495881,
    "std": 5.8883000883190455,
    "n": 475
  },
  "KPLO": {
    "mean": 8.403370915055405,
    "std": 6.497228203795247,
    "n": 427
  },
  "LUCY": {
    "mean": 8.745346894711256,
    "std": 4.471831172656031,
    "n": 415
  },
  "M01O": {
    "mean": 8.38629020880383,
    "std": 3.8788453005892767,
    "n": 779
  },
  "MMS2": {
    "mean": 11.981971533789627,
    "std": 5.5534966435814,
    "n": 102
  },
  "ORX": {
    "mean": 4.063724437435762,
    "std": 6.266672199406517,
    "n": 152
  },
  "SOHO": {
    "mean": 10.272267675425946,
    "std": 4.687734375919814,
    "n": 615
  },
  "SPP": {
    "mean": 8.267758821270098,
    "std": 4.291282799285655,
    "n": 378
  },
  "VGR2": {
    "mean": 4.335485775724187,
    "std": 1.7045722403607573,
    "n": 348
  },
  "CAPS": {
    "mean": 8.416533678140365,
    "std": 5.875751073221292,
    "n": 113
  },
  "MRO": {
    "mean": 11.200861570910467,
    "std": 5.926591702276379,
    "n": 418
  },
  "STA": {
    "mean": 10.40216109913559,
    "std": 5.374984436814626,
    "n": 228
  },
  "IMAP": {
    "mean": 10.51830771930238,
    "std": 5.588530812945697,
    "n": 159
  },
  "MMS3": {
    "mean": 11.71651502758658,
    "std": 5.746888754026365,
    "n": 93
  },
  "TGO": {
    "mean": 9.723792592327786,
    "std": 5.545004553244885,
    "n": 98
  },
  "TDR8": {
    "mean": 6.839711603308979,
    "std": 3.15492915596383,
    "n": 114
  },
  "MMS4": {
    "mean": 12.26353512196692,
    "std": 5.358049567909576,
    "n": 75
  },
  "WIND": {
    "mean": 7.951185908890892,
    "std": 4.122531452063712,
    "n": 200
  },
  "ESCB": {
    "mean": 8.263116725355085,
    "std": 3.157964276265671,
    "n": 141
  },
  "THC": {
    "mean": 8.506326891109063,
    "std": 5.411271998896209,
    "n": 70
  },
  "CHDR": {
    "mean": 7.897193493994989,
    "std": 6.929350937833525,
    "n": 223
  },
  "MMS1": {
    "mean": 10.674113282780516,
    "std": 6.36879696286452,
    "n": 103
  },
  "ESCG": {
    "mean": 8.162494335168121,
    "std": 3.112390402282501,
    "n": 146
  },
  "VGR1": {
    "mean": 4.495750980545589,
    "std": 1.6226372907556885,
    "n": 295
  },
  "DSSR": {
    "mean": 0.0,
    "std": 0.0,
    "n": 78
  },
  "LRO": {
    "mean": 9.988497621687042,
    "std": 6.67842261094272,
    "n": 182
  },
  "SWFO": {
    "mean": 0.0,
    "std": 0.0,
    "n": 74
  },
  "GBRA": {
    "mean": 0.0,
    "std": 0.0,
    "n": 253
  },
  "EMM": {
    "mean": 11.641474136744053,
    "std": 3.0089238373033087,
    "n": 48
  },
  "TESS": {
    "mean": 8.272216538931639,
    "std": 5.4063670621933,
    "n": 65
  },
  "EURC": {
    "mean": 6.048820783450451,
    "std": 5.6108386830998755,
    "n": 103
  },
  "NHPC": {
    "mean": 0.0,
    "std": 0.0,
    "n": 18
  },
  "PSYC": {
    "mean": 10.357307203610489,
    "std": 5.000029325048844,
    "n": 254
  },
  "JNO": {
    "mean": 8.881474569486052,
    "std": 4.5976995618926075,
    "n": 584
  },
  "MSL": {
    "mean": 0.10182312905975521,
    "std": 0.7482441306298745,
    "n": 55
  },
  "M20": {
    "mean": 0.38341849870917255,
    "std": 1.3555891023481068,
    "n": 54
  },
  "CGO": {
    "mean": 9.806490586649351,
    "std": 5.745542764558098,
    "n": 102
  },
  "BIOS": {
    "mean": 7.300921556125871,
    "std": 3.509447946156779,
    "n": 32
  },
  "SGP": {
    "mean": 0.0,
    "std": 0.0,
    "n": 34
  },
  "DSCO": {
    "mean": 4.244373236265502,
    "std": 4.9009800609982594,
    "n": 14
  },
  "THB": {
    "mean": 8.849703852968876,
    "std": 5.208177115089756,
    "n": 43
  },
  "MMX": {
    "mean": 5.125630207147106,
    "std": 4.898461512253476,
    "n": 45
  },
  "RST": {
    "mean": 7.105025557367963,
    "std": 5.919891139206077,
    "n": 13
  },
  "XMM": {
    "mean": 10.096105009505944,
    "std": 3.4834871754517813,
    "n": 47
  },
  "TEST": {
    "mean": 0.0,
    "std": 0.0,
    "n": 35
  },
  "MEX": {
    "mean": 9.087453727158627,
    "std": 5.102613566453179,
    "n": 21
  },
  "BEPI": {
    "mean": 6.2961023683473805,
    "std": 3.365408276344554,
    "n": 9
  },
  "HYB2": {
    "mean": 0.0,
    "std": 0.0,
    "n": 4
  }
}