{
  "ACE": {
    "mean": 8.46145683002417,
    "std": 4.9481920985100265,
    "n": 146
  },
  "DSN": {
    "mean": 0.0,
    "std": 0.0,
    "n": 2697
  },
  "DSS": {
    "mean": 0.0,
    "std": 0.0,
    "n": 864
  },
  "JWST": {
    "mean": 10.98004040314693,
    "std": 5.93515459712212,
    "n": 282
  },
  "KPLO": {
    "mean": 8.117026554211751,
    "std": 6.800220659556186,
    "n": 270
  },
  "LUCY": {
    "mean": 9.634040181125114,
    "std": 3.6916250882141592,
    "n": 250
  },
  "M01O": {
    "mean": 8.39963193930823,
    "std": 3.837710925664635,
    "n": 451
  },
  "MMS2": {
    "mean": 11.776595839480112,
    "std": 5.830972574379857,
    "n": 61
  },
  "ORX": {
    "mean": 3.390682607211281,
    "std": 5.920000708850979,
    "n": 85
  },
  "SOHO": {
    "mean": 10.141875971949657,
    "std": 4.797152451596742,
    "n": 361
  },
  "SPP": {
    "mean": 9.36384228195728,
    "std": 4.177797185004602,
    "n": 291
  },
  "VGR2": {
    "mean": 4.252904868145538,
    "std": 1.7664721296503076,
    "n": 205
  },
  "CAPS": {
    "mean": 8.39003022825334,
    "std": 5.881751757833951,
    "n": 82
  },
  "MRO": {
    "mean": 11.787319713848335,
    "std": 5.5766746030648875,
    "n": 286
  },
  "STA": {
    "mean": 9.74568450776874,
    "std": 5.797309035360232,
    "n": 157
  },
  "IMAP": {
    "mean": 10.615757911237935,
    "std": 5.52262153073786,
    "n": 108
  },
  "MMS3": {
    "mean": 11.788636248199296,
    "std": 5.566012212130878,
    "n": 55
  },
  "TGO": {
    "mean": 10.709648096243356,
    "std": 4.930263553600287,
    "n": 46
  },
  "TDR8": {
    "mean": 6.839711603308979,
    "std": 3.15492915596383,
    "n": 114
  },
  "MMS4": {
    "mean": 11.623490170804693,
    "std": 5.8987798176908885,
    "n": 44
  },
  "WIND": {
    "mean": 8.117715215772584,
    "std": 4.045648496039223,
    "n": 123
  },
  "ESCB": {
    "mean": 7.51666915256555,
    "std": 3.3248172108703176,
    "n": 55
  },
  "THC": {
    "mean": 8.60915588819759,
    "std": 5.401535665462636,
    "n": 50
  },
  "CHDR": {
    "mean": 7.770990344808462,
    "std": 6.9505850653944945,
    "n": 135
  },
  "MMS1": {
    "mean": 10.696607552422247,
    "std": 6.384408554254561,
    "n": 61
  },
  "ESCG": {
    "mean": 8.23975079966277,
    "std": 3.158621623295177,
    "n": 113
  },
  "VGR1": {
    "mean": 4.587782226671676,
    "std": 1.5048690550486536,
    "n": 175
  },
  "DSSR": {
    "mean": 0.0,
    "std": 0.0,
    "n": 52
  },
  "LRO": {
    "mean": 9.614940670109855,
    "std": 6.873938660515336,
    "n": 57
  },
  "SWFO": {
    "mean": 0.0,
    "std": 0.0,
    "n": 49
  },
  "GBRA": {
    "mean": 0.0,
    "std": 0.0,
    "n": 166
  },
  "EMM": {
    "mean": 11.23413222141711,
    "std": 3.6132761917819316,
    "n": 32
  },
  "TESS": {
    "mean": 7.806572495383343,
    "std": 5.298482933837209,
    "n": 34
  },
  "EURC": {
    "mean": 5.166783501664324,
    "std": 5.612777683650139,
    "n": 75
  },
  "NHPC": {
    "mean": 0.0,
    "std": 0.0,
    "n": 10
  },
  "PSYC": {
    "mean": 9.485625144679679,
    "std": 5.55924257852633,
    "n": 133
  },
  "JNO": {
    "mean": 9.99515060248297,
    "std": 3.690044380954362,
    "n": 232
  },
  "MSL": {
    "mean": 0.0,
    "std": 0.0,
    "n": 39
  },
  "M20": {
    "mean": 0.12624755445302027,
    "std": 0.7984596421953536,
    "n": 41
  },
  "CGO": {
    "mean": 9.471542453181552,
    "std": 5.809184630718614,
    "n": 56
  },
  "BIOS": {
    "mean": 7.090563237998491,
    "std": 3.6384672677955816,
    "n": 24
  },
  "SGP": {
    "mean": 0.0,
    "std": 0.0,
    "n": 34
  },
  "DSCO": {
    "mean": 4.951768775643085,
    "std": 4.951768775643084,
    "n": 10
  },
  "THB": {
    "mean": 8.611753144078193,
    "std": 5.287150690282514,
    "n": 33
  },
  "MMX": {
    "mean": 4.877063057512354,
    "std": 4.978158695392336,
    "n": 42
  },
  "RST": {
    "mean": 4.273278775786431,
    "std": 5.542383218646343,
    "n": 5
  },
  "XMM": {
    "mean": 11.298020796733232,
    "std": 3.426293600148954e-05,
    "n": 12
  },
  "TEST": {
    "mean": 0.0,
    "std": 0.0,
    "n": 17
  },
  "MEX": {
    "mean": 12.476532887085018,
    "std": 0.0001261558864521717,
    "n": 8
  }
}