{
  "ACE": {
    "mean": 8.413346584697118,
    "std": 4.916766582526477,
    "n": 525
  },
  "DSN": {
    "mean": 0.0,
    "std": 0.0,
    "n": 8174
  },
  "DSS": {
    "mean": 0.0,
    "std": 0.0,
    "n": 1660
  },
  "JWST": {
    "mean": 11.29610127780007,
    "std": 5.989029131661098,
    "n": 1178
  },
  "KPLO": {
    "mean": 8.71860653371323,
    "std": 6.2623687516594675,
    "n": 967
  },
  "LUCY": {
    "mean": 9.109813814656434,
    "std": 4.01356876597487,
    "n": 741
  },
  "M01O": {
    "mean": 7.834728595200951,
    "std": 4.342413272445985,
    "n": 1986
  },
  "MMS2": {
    "mean": 12.247781057175038,
    "std": 5.37141585100452,
    "n": 236
  },
  "ORX": {
    "mean": 3.9777094441714285,
    "std": 6.24021590830851,
    "n": 526
  },
  "SOHO": {
    "mean": 10.399468237174181,
    "std": 4.492582946974223,
    "n": 1628
  },
  "SPP": {
    "mean": 8.675867814698174,
    "std": 4.468907268393216,
    "n": 856
  },
  "VGR2": {
    "mean": 4.1087821483544165,
    "std": 1.93075615939118,
    "n": 784
  },
  "CAPS": {
    "mean": 9.192975007497182,
    "std": 5.512415552503618,
    "n": 265
  },
  "MRO": {
    "mean": 11.15446428325072,
    "std": 5.858225160078113,
    "n": 832
  },
  "STA": {
    "mean": 10.496395026307836,
    "std": 5.311862993216691,
    "n": 604
  },
  "IMAP": {
    "mean": 10.641299333597692,
    "std": 5.509027915384444,
    "n": 336
  },
  "MMS3": {
    "mean": 11.553794124187505,
    "std": 5.935157687913379,
    "n": 235
  },
  "TGO": {
    "mean": 10.293870694657487,
    "std": 5.220333065927704,
    "n": 260
  },
  "TDR8": {
    "mean": 6.839711603308979,
    "std": 3.15492915596383,
    "n": 114
  },
  "MMS4": {
    "mean": 12.096964997355608,
    "std": 5.535471341230227,
    "n": 214
  },
  "WIND": {
    "mean": 7.885418114472018,
    "std": 4.2044447277741135,
    "n": 453
  },
  "ESCB": {
    "mean": 7.8344992749123925,
    "std": 3.3884009733003677,
    "n": 272
  },
  "THC": {
    "mean": 8.34522204567039,
    "std": 5.564599415446438,
    "n": 128
  },
  "CHDR": {
    "mean": 8.178392858788687,
    "std": 6.8782013279094745,
    "n": 548
  },
  "MMS1": {
    "mean": 10.666749827037384,
    "std": 6.400639138439742,
    "n": 261
  },
  "ESCG": {
    "mean": 7.636555905953473,
    "std": 3.678242527780648,
    "n": 298
  },
  "VGR1": {
    "mean": 4.425927402788415,
    "std": 1.6996140886495363,
    "n": 850
  },
  "DSSR": {
    "mean": 0.0,
    "std": 0.0,
    "n": 142
  },
  "LRO": {
    "mean": 10.752655720915353,
    "std": 6.5775496097034,
    "n": 520
  },
  "SWFO": {
    "mean": 0.28587426648497194,
    "std": 1.5127054954772807,
    "n": 203
  },
  "GBRA": {
    "mean": 0.0,
    "std": 0.0,
    "n": 482
  },
  "EMM": {
    "mean": 10.193361302596793,
    "std": 4.748936104616967,
    "n": 129
  },
  "TESS": {
    "mean": 9.693273244024493,
    "std": 6.4953759510684606,
    "n": 163
  },
  "EURC": {
    "mean": 7.010792678091708,
    "std": 5.113516006188387,
    "n": 286
  },
  "NHPC": {
    "mean": 0.0,
    "std": 0.0,
    "n": 35
  },
  "PSYC": {
    "mean": 9.540450371828479,
    "std": 5.527543876129292,
    "n": 585
  },
  "JNO": {
    "mean": 8.953061351209818,
    "std": 4.396733203023371,
    "n": 1200
  },
  "MSL": {
    "mean": 0.23583299370135158,
    "std": 1.0849090802890888,
    "n": 155
  },
  "M20": {
    "mean": 0.43798190044855473,
    "std": 1.4405664690525166,
    "n": 130
  },
  "CGO": {
    "mean": 10.314074653709458,
    "std": 5.557962091861507,
    "n": 202
  },
  "BIOS": {
    "mean": 6.89691077485177,
    "std": 3.8177870844066226,
    "n": 64
  },
  "SGP": {
    "mean": 0.0,
    "std": 0.0,
    "n": 34
  },
  "DSCO": {
    "mean": 4.951768775643088,
    "std": 4.951768775643087,
    "n": 38
  },
  "THB": {
    "mean": 8.205715493189496,
    "std": 5.594682462696763,
    "n": 105
  },
  "MMX": {
    "mean": 6.447047574555721,
    "std": 4.86009682234796,
    "n": 75
  },
  "RST": {
    "mean": 6.771292771997224,
    "std": 5.938614102744261,
    "n": 42
  },
  "XMM": {
    "mean": 10.525509644591095,
    "std": 2.8515098630196727,
    "n": 117
  },
  "TEST": {
    "mean": 0.0,
    "std": 0.0,
    "n": 144
  },
  "MEX": {
    "mean": 9.434773246287115,
    "std": 4.666915418123494,
    "n": 41
  },
  "BEPI": {
    "mean": 2.2665968526050566,
    "std": 3.6346409384521188,
    "n": 25
  },
  "HYB2": {
    "mean": 0.0,
    "std": 0.0,
    "n": 24
  },
  "HCRA": {
    "mean": 0.0,
    "std": 0.0,
    "n": 38
  },
  "EGS": {
    "mean": 0.0,
    "std": 0.0,
    "n": 16
  }
}