{
  "ACE": {
    "mean": 8.568698308111836,
    "std": 4.87739059614538,
    "n": 206
  },
  "DSN": {
    "mean": 0.0,
    "std": 0.0,
    "n": 3617
  },
  "DSS": {
    "mean": 0.0,
    "std": 0.0,
    "n": 1094
  },
  "JWST": {
    "mean": 11.028532470863464,
    "std": 5.92637616023247,
    "n": 414
  },
  "KPLO": {
    "mean": 8.424898025489377,
    "std": 6.529944244808371,
    "n": 385
  },
  "LUCY": {
    "mean": 9.580173590205131,
    "std": 3.74886590903574,
    "n": 354
  },
  "M01O": {
    "mean": 8.368052815988518,
    "std": 3.8651442291934037,
    "n": 675
  },
  "MMS2": {
    "mean": 11.687659469902421,
    "std": 5.809629781790374,
    "n": 91
  },
  "ORX": {
    "mean": 4.048768016613905,
    "std": 6.2599907953383696,
    "n": 139
  },
  "SOHO": {
    "mean": 10.190863200832066,
    "std": 4.756992668539323,
    "n": 531
  },
  "SPP": {
    "mean": 8.439686157468543,
    "std": 4.26271094309813,
    "n": 364
  },
  "VGR2": {
    "mean": 4.298277903549768,
    "std": 1.732009058737447,
    "n": 312
  },
  "CAPS": {
    "mean": 8.4172982514558,
    "std": 5.869264034913598,
    "n": 104
  },
  "MRO": {
    "mean": 11.31339886949256,
    "std": 5.886092589775004,
    "n": 368
  },
  "STA": {
    "mean": 10.302046814500963,
    "std": 5.426161324463887,
    "n": 212
  },
  "IMAP": {
    "mean": 10.56946860199934,
    "std": 5.555098552884408,
    "n": 134
  },
  "MMS3": {
    "mean": 11.708210651166805,
    "std": 5.729012110984742,
    "n": 83
  },
  "TGO": {
    "mean": 9.593680627896891,
    "std": 5.628802445094852,
    "n": 90
  },
  "TDR8": {
    "mean": 6.839711603308979,
    "std": 3.15492915596383,
    "n": 114
  },
  "MMS4": {
    "mean": 12.429262948800138,
    "std": 5.211714542811658,
    "n": 67
  },
  "WIND": {
    "mean": 8.00040605884978,
    "std": 4.06490257389861,
    "n": 176
  },
  "ESCB": {
    "mean": 8.263116725355085,
    "std": 3.157964276265671,
    "n": 141
  },
  "THC": {
    "mean": 8.535454265412818,
    "std": 5.402919927212952,
    "n": 67
  },
  "CHDR": {
    "mean": 7.7798662989128236,
    "std": 6.942747778616578,
    "n": 194
  },
  "MMS1": {
    "mean": 10.745111478876753,
    "std": 6.3495002139776275,
    "n": 89
  },
  "ESCG": {
    "mean": 8.211184175608677,
    "std": 3.1049429823674495,
    "n": 132
  },
  "VGR1": {
    "mean": 4.487207886820957,
    "std": 1.6328757218896108,
    "n": 248
  },
  "DSSR": {
    "mean": 0.0,
    "std": 0.0,
    "n": 68
  },
  "LRO": {
    "mean": 10.428794456738133,
    "std": 6.74519263238047,
    "n": 151
  },
  "SWFO": {
    "mean": 0.0,
    "std": 0.0,
    "n": 68
  },
  "GBRA": {
    "mean": 0.0,
    "std": 0.0,
    "n": 212
  },
  "EMM": {
    "mean": 11.587830537233842,
    "std": 3.06075476965658,
    "n": 46
  },
  "TESS": {
    "mean": 7.619260374159661,
    "std": 5.0856054344950925,
    "n": 45
  },
  "EURC": {
    "mean": 5.613983411635755,
    "std": 5.494120046570652,
    "n": 95
  },
  "NHPC": {
    "mean": 0.0,
    "std": 0.0,
    "n": 15
  },
  "PSYC": {
    "mean": 10.147713888323263,
    "std": 5.157287465726396,
    "n": 229
  },
  "JNO": {
    "mean": 9.208285344427066,
    "std": 4.411026658544046,
    "n": 466
  },
  "MSL": {
    "mean": 0.11200544196573073,
    "std": 0.784038093760115,
    "n": 50
  },
  "M20": {
    "mean": 0.39065281000557206,
    "std": 1.3672848350195017,
    "n": 53
  },
  "CGO": {
    "mean": 9.89999413528588,
    "std": 5.674190465929065,
    "n": 84
  },
  "BIOS": {
    "mean": 7.300921556125871,
    "std": 3.509447946156779,
    "n": 32
  },
  "SGP": {
    "mean": 0.0,
    "std": 0.0,
    "n": 34
  },
  "DSCO": {
    "mean": 4.951768775643085,
    "std": 4.951768775643084,
    "n": 10
  },
  "THB": {
    "mean": 8.954668836338687,
    "std": 5.089404640938011,
    "n": 37
  },
  "MMX": {
    "mean": 5.125630207147106,
    "std": 4.898461512253476,
    "n": 45
  },
  "RST": {
    "mean": 7.105025557367963,
    "std": 5.919891139206077,
    "n": 13
  },
  "XMM": {
    "mean": 10.806803399541693,
    "std": 2.3040182265601743,
    "n": 23
  },
  "TEST": {
    "mean": 0.0,
    "std": 0.0,
    "n": 17
  },
  "MEX": {
    "mean": 9.087453727158627,
    "std": 5.102613566453179,
    "n": 21
  },
  "BEPI": {
    "mean": 6.2961023683473805,
    "std": 3.365408276344554,
    "n": 9
  },
  "HYB2": {
    "mean": 0.0,
    "std": 0.0,
    "n": 4
  }
}