{
  "ACE": {
    "mean": 8.251319322839441,
    "std": 5.081837083949563,
    "n": 40
  },
  "DSN": {
    "mean": 0.0,
    "std": 0.0,
    "n": 629
  },
  "DSS": {
    "mean": 0.0,
    "std": 0.0,
    "n": 235
  },
  "JWST": {
    "mean": 12.699063448974593,
    "std": 6.0061413002788475,
    "n": 68
  },
  "KPLO": {
    "mean": 5.5875578182090155,
    "std": 5.671393669667294,
    "n": 51
  },
  "LUCY": {
    "mean": 9.815944742752434,
    "std": 3.470460545676345,
    "n": 72
  },
  "M01O": {
    "mean": 8.16006698542674,
    "std": 3.737687288047026,
    "n": 88
  },
  "MMS2": {
    "mean": 10.423694524090223,
    "std": 6.596686430710676,
    "n": 7
  },
  "ORX": {
    "mean": 4.834617151336285,
    "std": 6.5896146284181585,
    "n": 20
  },
  "SOHO": {
    "mean": 10.025301093597488,
    "std": 4.891846034286401,
    "n": 104
  },
  "SPP": {
    "mean": 8.296531105501082,
    "std": 3.964391443216026,
    "n": 59
  },
  "VGR2": {
    "mean": 4.483582949824723,
    "std": 1.637173015081219,
    "n": 68
  },
  "CAPS": {
    "mean": 7.471761977822443,
    "std": 6.100668108397807,
    "n": 25
  },
  "MRO": {
    "mean": 10.722060000181735,
    "std": 5.9709031011627225,
    "n": 72
  },
  "STA": {
    "mean": 7.8274230978314066,
    "std": 6.551291272536732,
    "n": 34
  },
  "IMAP": {
    "mean": 11.70549923149381,
    "std": 4.556359396300726,
    "n": 38
  },
  "MMS3": {
    "mean": 8.36250205888564,
    "std": 7.072458209579446,
    "n": 12
  },
  "TGO": {
    "mean": 11.624224159896103,
    "std": 4.425831602114742,
    "n": 16
  },
  "TDR8": {
    "mean": 6.597738325227345,
    "std": 3.3456639702907744,
    "n": 88
  },
  "MMS4": {
    "mean": 11.458067980985383,
    "std": 6.1245949570302765,
    "n": 9
  },
  "WIND": {
    "mean": 7.228500469754691,
    "std": 3.921107329369148,
    "n": 32
  },
  "ESCB": {
    "mean": 7.114963101839682,
    "std": 3.649899059186077,
    "n": 24
  },
  "THC": {
    "mean": 9.617532833982262,
    "std": 5.625208682398356,
    "n": 8
  },
  "CHDR": {
    "mean": 6.993891310327608,
    "std": 6.993891310327604,
    "n": 28
  },
  "MMS1": {
    "mean": 9.8212011265589,
    "std": 6.944637915986757,
    "n": 9
  },
  "ESCG": {
    "mean": 7.742192685577566,
    "std": 3.0643780526790687,
    "n": 42
  },
  "VGR1": {
    "mean": 4.61945851362224,
    "std": 1.4608010459702232,
    "n": 33
  },
  "DSSR": {
    "mean": 0.0,
    "std": 0.0,
    "n": 30
  },
  "LRO": {
    "mean": 9.687129112381474,
    "std": 7.180155792731799,
    "n": 9
  },
  "SWFO": {
    "mean": 0.0,
    "std": 0.0,
    "n": 11
  },
  "GBRA": {
    "mean": 0.0,
    "std": 0.0,
    "n": 16
  },
  "EMM": {
    "mean": 11.269348936844743,
    "std": 3.563681038762641,
    "n": 11
  },
  "TESS": {
    "mean": 4.840203249634437,
    "std": 4.840203249634437,
    "n": 4
  },
  "EURC": {
    "mean": 3.8584275890741266,
    "std": 5.430319749490091,
    "n": 8
  },
  "NHPC": {
    "mean": 0.0,
    "std": 0.0,
    "n": 5
  },
  "PSYC": {
    "mean": 10.42168066407232,
    "std": 4.968341315128559,
    "n": 27
  },
  "JNO": {
    "mean": 9.568847034536558,
    "std": 4.018442308546065,
    "n": 62
  },
  "MSL": {
    "mean": 0.0,
    "std": 0.0,
    "n": 5
  },
  "M20": {
    "mean": 0.0,
    "std": 0.0,
    "n": 21
  },
  "CGO": {
    "mean": 8.095818614531044,
    "std": 6.0832754855332,
    "n": 15
  },
  "BIOS": {
    "mean": 6.481374500800612,
    "std": 3.97086966242705,
    "n": 11
  },
  "SGP": {
    "mean": 0.0,
    "std": 0.0,
    "n": 34
  },
  "DSCO": {
    "mean": 3.961415020514468,
    "std": 4.851722729828701,
    "n": 5
  },
  "THB": {
    "mean": 6.931197549030571,
    "std": 6.931197549030571,
    "n": 2
  },
  "MMX": {
    "mean": 0.0,
    "std": 0.0,
    "n": 13
  }
}