{
  "ACE": {
    "mean": 8.414555218593744,
    "std": 4.967703812893704,
    "n": 113
  },
  "DSN": {
    "mean": 0.0,
    "std": 0.0,
    "n": 2067
  },
  "DSS": {
    "mean": 0.0,
    "std": 0.0,
    "n": 639
  },
  "JWST": {
    "mean": 11.84765822185395,
    "std": 6.186303512709431,
    "n": 201
  },
  "KPLO": {
    "mean": 7.4959734816006085,
    "std": 6.994112535173666,
    "n": 177
  },
  "LUCY": {
    "mean": 10.105054594309529,
    "std": 3.0891495755380443,
    "n": 199
  },
  "M01O": {
    "mean": 8.339741596613907,
    "std": 4.017000144348492,
    "n": 326
  },
  "MMS2": {
    "mean": 11.242772156445088,
    "std": 6.162135723365592,
    "n": 39
  },
  "ORX": {
    "mean": 3.9943089405486267,
    "std": 6.2454274147003135,
    "n": 62
  },
  "SOHO": {
    "mean": 10.028760479758152,
    "std": 4.889143252273477,
    "n": 276
  },
  "SPP": {
    "mean": 10.271417513148219,
    "std": 3.7479934354440063,
    "n": 230
  },
  "VGR2": {
    "mean": 4.446529831436741,
    "std": 1.6242717557932964,
    "n": 165
  },
  "CAPS": {
    "mean": 7.864197859560667,
    "std": 5.993004889764443,
    "n": 49
  },
  "MRO": {
    "mean": 11.558030530660886,
    "std": 5.59685863454026,
    "n": 180
  },
  "STA": {
    "mean": 9.72291065287688,
    "std": 5.807278249889619,
    "n": 118
  },
  "IMAP": {
    "mean": 10.378530274177493,
    "std": 5.685232818903578,
    "n": 78
  },
  "MMS3": {
    "mean": 11.047665632476345,
    "std": 6.021022790332914,
    "n": 35
  },
  "TGO": {
    "mean": 11.037517917288396,
    "std": 4.656207354483694,
    "n": 40
  },
  "TDR8": {
    "mean": 6.839711603308979,
    "std": 3.15492915596383,
    "n": 114
  },
  "MMS4": {
    "mean": 11.155751939430692,
    "std": 6.160142388602601,
    "n": 30
  },
  "WIND": {
    "mean": 8.159887683637074,
    "std": 4.113104803742693,
    "n": 89
  },
  "ESCB": {
    "mean": 7.302198972940727,
    "std": 3.5078629207632055,
    "n": 32
  },
  "THC": {
    "mean": 8.25848660620961,
    "std": 5.634585971024204,
    "n": 35
  },
  "CHDR": {
    "mean": 7.821125766387866,
    "std": 6.944796528004453,
    "n": 93
  },
  "MMS1": {
    "mean": 10.506764462717973,
    "std": 6.477038575029906,
    "n": 40
  },
  "ESCG": {
    "mean": 8.2751689574037,
    "std": 3.1563189004763585,
    "n": 106
  },
  "VGR1": {
    "mean": 4.599547054511787,
    "std": 1.4887328078199664,
    "n": 116
  },
  "DSSR": {
    "mean": 0.0,
    "std": 0.0,
    "n": 42
  },
  "LRO": {
    "mean": 10.928639234985097,
    "std": 7.118220187806351,
    "n": 36
  },
  "SWFO": {
    "mean": 0.0,
    "std": 0.0,
    "n": 38
  },
  "GBRA": {
    "mean": 0.0,
    "std": 0.0,
    "n": 134
  },
  "EMM": {
    "mean": 11.23413222141711,
    "std": 3.6132761917819316,
    "n": 32
  },
  "TESS": {
    "mean": 8.235859139506315,
    "std": 5.562837778366037,
    "n": 24
  },
  "EURC": {
    "mean": 4.956217177162606,
    "std": 5.800327081740516,
    "n": 60
  },
  "NHPC": {
    "mean": 0.0,
    "std": 0.0,
    "n": 10
  },
  "PSYC": {
    "mean": 8.25907723810955,
    "std": 6.099919101584322,
    "n": 85
  },
  "JNO": {
    "mean": 9.89180700645612,
    "std": 3.852538049302374,
    "n": 156
  },
  "MSL": {
    "mean": 0.0,
    "std": 0.0,
    "n": 24
  },
  "M20": {
    "mean": 0.1669725720185106,
    "std": 0.9145464417919417,
    "n": 31
  },
  "CGO": {
    "mean": 8.935647562683684,
    "std": 6.066983483415078,
    "n": 34
  },
  "BIOS": {
    "mean": 6.17569729230791,
    "std": 4.1186936885283005,
    "n": 13
  },
  "SGP": {
    "mean": 0.0,
    "std": 0.0,
    "n": 34
  },
  "DSCO": {
    "mean": 3.961415020514468,
    "std": 4.851722729828701,
    "n": 5
  },
  "THB": {
    "mean": 8.35238711093034,
    "std": 5.4862388473299895,
    "n": 20
  },
  "MMX": {
    "mean": 4.050844072739909,
    "std": 4.930773778386302,
    "n": 34
  }
}