{
  "ACE": {
    "mean": 8.392799307881107,
    "std": 4.971479069137281,
    "n": 439
  },
  "DSN": {
    "mean": 0.0,
    "std": 0.0,
    "n": 6960
  },
  "DSS": {
    "mean": 0.0,
    "std": 0.0,
    "n": 1501
  },
  "JWST": {
    "mean": 11.255845975218543,
    "std": 6.079124020895939,
    "n": 967
  },
  "KPLO": {
    "mean": 8.634171874847317,
    "std": 6.354016975504301,
    "n": 800
  },
  "LUCY": {
    "mean": 9.123891691967296,
    "std": 4.074880322497608,
    "n": 692
  },
  "M01O": {
    "mean": 7.747681961918689,
    "std": 4.39787002889515,
    "n": 1643
  },
  "MMS2": {
    "mean": 12.14357072522578,
    "std": 5.453874231577609,
    "n": 191
  },
  "ORX": {
    "mean": 3.8625011575112174,
    "std": 6.173634898751868,
    "n": 391
  },
  "SOHO": {
    "mean": 10.301336706949922,
    "std": 4.563335535079211,
    "n": 1323
  },
  "SPP": {
    "mean": 8.651988959177997,
    "std": 4.456958373437672,
    "n": 808
  },
  "VGR2": {
    "mean": 4.291289268898523,
    "std": 1.7696511520371394,
    "n": 642
  },
  "CAPS": {
    "mean": 9.021004868073186,
    "std": 5.605664508784793,
    "n": 230
  },
  "MRO": {
    "mean": 11.112082962501347,
    "std": 5.886016423213294,
    "n": 683
  },
  "STA": {
    "mean": 10.470271935619865,
    "std": 5.329334421432015,
    "n": 506
  },
  "IMAP": {
    "mean": 10.829773164490678,
    "std": 5.368655944576986,
    "n": 289
  },
  "MMS3": {
    "mean": 11.879644547371349,
    "std": 5.693761877276628,
    "n": 193
  },
  "TGO": {
    "mean": 10.093549671648262,
    "std": 5.332166845197676,
    "n": 216
  },
  "TDR8": {
    "mean": 6.839711603308979,
    "std": 3.15492915596383,
    "n": 114
  },
  "MMS4": {
    "mean": 11.906015869740163,
    "std": 5.696536527388598,
    "n": 172
  },
  "WIND": {
    "mean": 7.863674006703668,
    "std": 4.240180103149051,
    "n": 379
  },
  "ESCB": {
    "mean": 8.049237850324007,
    "std": 3.235593226278354,
    "n": 217
  },
  "THC": {
    "mean": 8.472204858915315,
    "std": 5.4589189147366035,
    "n": 117
  },
  "CHDR": {
    "mean": 8.12817285708944,
    "std": 6.890949868600008,
    "n": 452
  },
  "MMS1": {
    "mean": 10.458144643796201,
    "std": 6.500393405764453,
    "n": 212
  },
  "ESCG": {
    "mean": 7.701540526553268,
    "std": 3.473340056912333,
    "n": 235
  },
  "VGR1": {
    "mean": 4.45637341487802,
    "std": 1.6619115149794224,
    "n": 657
  },
  "DSSR": {
    "mean": 0.0,
    "std": 0.0,
    "n": 113
  },
  "LRO": {
    "mean": 10.793905671194198,
    "std": 6.684864560648077,
    "n": 426
  },
  "SWFO": {
    "mean": 0.2574153843399678,
    "std": 1.4378454054282628,
    "n": 161
  },
  "GBRA": {
    "mean": 0.0,
    "std": 0.0,
    "n": 410
  },
  "EMM": {
    "mean": 9.998539263338113,
    "std": 4.908986563894247,
    "n": 103
  },
  "TESS": {
    "mean": 9.419110166904558,
    "std": 6.381328859924204,
    "n": 126
  },
  "EURC": {
    "mean": 6.990614175640135,
    "std": 5.3180970479374245,
    "n": 228
  },
  "NHPC": {
    "mean": 0.0,
    "std": 0.0,
    "n": 30
  },
  "PSYC": {
    "mean": 9.433364190974348,
    "std": 5.587335242669074,
    "n": 543
  },
  "JNO": {
    "mean": 8.877392909344588,
    "std": 4.543849760840728,
    "n": 997
  },
  "MSL": {
    "mean": 0.1985803564533626,
    "std": 1.0014429410188748,
    "n": 132
  },
  "M20": {
    "mean": 0.3623304812801681,
    "std": 1.3206791609308328,
    "n": 100
  },
  "CGO": {
    "mean": 10.276503913968874,
    "std": 5.609842712093754,
    "n": 178
  },
  "BIOS": {
    "mean": 6.799526198420348,
    "std": 3.87844496642235,
    "n": 53
  },
  "SGP": {
    "mean": 0.0,
    "std": 0.0,
    "n": 34
  },
  "DSCO": {
    "mean": 5.111503252276735,
    "std": 4.9491917425382095,
    "n": 31
  },
  "THB": {
    "mean": 8.094604453150914,
    "std": 5.62162860933501,
    "n": 90
  },
  "MMX": {
    "mean": 6.3833415820869694,
    "std": 4.865709226505287,
    "n": 71
  },
  "RST": {
    "mean": 7.504568018465512,
    "std": 6.107700359240118,
    "n": 29
  },
  "XMM": {
    "mean": 10.403132049426544,
    "std": 3.0511786047110028,
    "n": 101
  },
  "TEST": {
    "mean": 0.0,
    "std": 0.0,
    "n": 102
  },
  "MEX": {
    "mean": 9.32574765239274,
    "std": 4.759553845465456,
    "n": 39
  },
  "BEPI": {
    "mean": 2.2665968526050566,
    "std": 3.6346409384521188,
    "n": 25
  },
  "HYB2": {
    "mean": 0.0,
    "std": 0.0,
    "n": 16
  },
  "HCRA": {
    "mean": 0.0,
    "std": 0.0,
    "n": 32
  },
  "EGS": {
    "mean": 0.0,
    "std": 0.0,
    "n": 16
  }
}