{
  "ACE": {
    "mean": 8.500481917158067,
    "std": 4.908594198494216,
    "n": 408
  },
  "DSN": {
    "mean": 0.0,
    "std": 0.0,
    "n": 6733
  },
  "DSS": {
    "mean": 0.0,
    "std": 0.0,
    "n": 1464
  },
  "JWST": {
    "mean": 11.135993163724816,
    "std": 6.0461055615287895,
    "n": 900
  },
  "KPLO": {
    "mean": 8.64759389968067,
    "std": 6.345902176659778,
    "n": 767
  },
  "LUCY": {
    "mean": 9.113238631967725,
    "std": 4.088051000223048,
    "n": 675
  },
  "M01O": {
    "mean": 7.992973080261026,
    "std": 4.250479456627268,
    "n": 1525
  },
  "MMS2": {
    "mean": 12.04119963494732,
    "std": 5.5357036890235465,
    "n": 178
  },
  "ORX": {
    "mean": 3.7410152213588517,
    "std": 6.113106340274185,
    "n": 367
  },
  "SOHO": {
    "mean": 10.244404309219759,
    "std": 4.606324020438377,
    "n": 1231
  },
  "SPP": {
    "mean": 8.862427874860703,
    "std": 4.449282296319802,
    "n": 769
  },
  "VGR2": {
    "mean": 4.284736849219575,
    "std": 1.7838822206047067,
    "n": 609
  },
  "CAPS": {
    "mean": 9.217385339546857,
    "std": 5.502845575100468,
    "n": 221
  },
  "MRO": {
    "mean": 11.102884617656226,
    "std": 5.900569449357934,
    "n": 643
  },
  "STA": {
    "mean": 10.513310064750565,
    "std": 5.295504885578146,
    "n": 470
  },
  "IMAP": {
    "mean": 10.764323209247172,
    "std": 5.419230117576154,
    "n": 277
  },
  "MMS3": {
    "mean": 11.804820088060508,
    "std": 5.741555357520575,
    "n": 178
  },
  "TGO": {
    "mean": 9.911412549566897,
    "std": 5.443493859813902,
    "n": 199
  },
  "TDR8": {
    "mean": 6.839711603308979,
    "std": 3.15492915596383,
    "n": 114
  },
  "MMS4": {
    "mean": 11.913458741213583,
    "std": 5.684120701491504,
    "n": 162
  },
  "WIND": {
    "mean": 7.9196172585463165,
    "std": 4.251222876475665,
    "n": 358
  },
  "ESCB": {
    "mean": 8.073087447123692,
    "std": 3.240393790970839,
    "n": 203
  },
  "THC": {
    "mean": 8.440826251843438,
    "std": 5.455909043251383,
    "n": 113
  },
  "CHDR": {
    "mean": 8.103777504353124,
    "std": 6.898994588216346,
    "n": 426
  },
  "MMS1": {
    "mean": 10.419181615402232,
    "std": 6.500460340496692,
    "n": 193
  },
  "ESCG": {
    "mean": 7.701540526553268,
    "std": 3.473340056912333,
    "n": 235
  },
  "VGR1": {
    "mean": 4.436247808356383,
    "std": 1.684232719443441,
    "n": 605
  },
  "DSSR": {
    "mean": 0.0,
    "std": 0.0,
    "n": 113
  },
  "LRO": {
    "mean": 10.783948526541296,
    "std": 6.6454169215121235,
    "n": 390
  },
  "SWFO": {
    "mean": 0.27629251252489884,
    "std": 1.4878820822887309,
    "n": 150
  },
  "GBRA": {
    "mean": 0.0,
    "std": 0.0,
    "n": 390
  },
  "EMM": {
    "mean": 10.026875683153918,
    "std": 4.8874313541980285,
    "n": 99
  },
  "TESS": {
    "mean": 9.433055217094156,
    "std": 6.3981889251406425,
    "n": 116
  },
  "EURC": {
    "mean": 6.705475246732207,
    "std": 5.2493965627530965,
    "n": 211
  },
  "NHPC": {
    "mean": 0.0,
    "std": 0.0,
    "n": 28
  },
  "PSYC": {
    "mean": 9.697081010673493,
    "std": 5.433743109039229,
    "n": 519
  },
  "JNO": {
    "mean": 8.872280607702773,
    "std": 4.597129671297979,
    "n": 890
  },
  "MSL": {
    "mean": 0.21843839209869886,
    "std": 1.0482552185186498,
    "n": 120
  },
  "M20": {
    "mean": 0.3854579588086895,
    "std": 1.3589003909032809,
    "n": 94
  },
  "CGO": {
    "mean": 10.325504975706124,
    "std": 5.5861506831518675,
    "n": 171
  },
  "BIOS": {
    "mean": 6.799526198420348,
    "std": 3.87844496642235,
    "n": 53
  },
  "SGP": {
    "mean": 0.0,
    "std": 0.0,
    "n": 34
  },
  "DSCO": {
    "mean": 5.111503252276735,
    "std": 4.9491917425382095,
    "n": 31
  },
  "THB": {
    "mean": 8.14466678961471,
    "std": 5.605284612748981,
    "n": 88
  },
  "MMX": {
    "mean": 6.3833415820869694,
    "std": 4.865709226505287,
    "n": 71
  },
  "RST": {
    "mean": 7.504568018465512,
    "std": 6.107700359240118,
    "n": 29
  },
  "XMM": {
    "mean": 10.282472892486323,
    "std": 3.2314694711870526,
    "n": 89
  },
  "TEST": {
    "mean": 0.0,
    "std": 0.0,
    "n": 95
  },
  "MEX": {
    "mean": 9.32574765239274,
    "std": 4.759553845465456,
    "n": 39
  },
  "BEPI": {
    "mean": 2.6983295864345913,
    "std": 3.816014296888384,
    "n": 21
  },
  "HYB2": {
    "mean": 0.0,
    "std": 0.0,
    "n": 14
  },
  "HCRA": {
    "mean": 0.0,
    "std": 0.0,
    "n": 32
  },
  "EGS": {
    "mean": 0.0,
    "std": 0.0,
    "n": 3
  }
}