{
  "ACE": {
    "mean": 8.52093146205266,
    "std": 4.895516037164766,
    "n": 395
  },
  "DSN": {
    "mean": 0.0,
    "std": 0.0,
    "n": 6316
  },
  "DSS": {
    "mean": 0.0,
    "std": 0.0,
    "n": 1390
  },
  "JWST": {
    "mean": 11.145213754703644,
    "std": 6.02584815536284,
    "n": 842
  },
  "KPLO": {
    "mean": 8.5322971767075,
    "std": 6.437391216629057,
    "n": 703
  },
  "LUCY": {
    "mean": 9.081493361211693,
    "std": 4.123361828699805,
    "n": 644
  },
  "M01O": {
    "mean": 7.976823001609231,
    "std": 4.270476759882274,
    "n": 1436
  },
  "MMS2": {
    "mean": 12.001240724657377,
    "std": 5.5617905618577845,
    "n": 170
  },
  "ORX": {
    "mean": 3.6934273916870697,
    "std": 6.088690002659123,
    "n": 342
  },
  "SOHO": {
    "mean": 10.242638878792391,
    "std": 4.617152933675409,
    "n": 1148
  },
  "SPP": {
    "mean": 8.856108844681511,
    "std": 4.458097584638227,
    "n": 740
  },
  "VGR2": {
    "mean": 4.2522349129364,
    "std": 1.8117851014188657,
    "n": 579
  },
  "CAPS": {
    "mean": 8.970865212448679,
    "std": 5.626818976598164,
    "n": 195
  },
  "MRO": {
    "mean": 11.161697992079773,
    "std": 5.865544787666388,
    "n": 622
  },
  "STA": {
    "mean": 10.535572627400557,
    "std": 5.279035100940376,
    "n": 449
  },
  "IMAP": {
    "mean": 10.702732826129047,
    "std": 5.46498547431054,
    "n": 266
  },
  "MMS3": {
    "mean": 11.893662880035127,
    "std": 5.663423580918886,
    "n": 168
  },
  "TGO": {
    "mean": 10.070576691209196,
    "std": 5.338229750051024,
    "n": 192
  },
  "TDR8": {
    "mean": 6.839711603308979,
    "std": 3.15492915596383,
    "n": 114
  },
  "MMS4": {
    "mean": 12.014604919864725,
    "std": 5.610712311211329,
    "n": 151
  },
  "WIND": {
    "mean": 7.9095197850146555,
    "std": 4.2525137902108785,
    "n": 343
  },
  "ESCB": {
    "mean": 8.140096101534228,
    "std": 3.2133546364774057,
    "n": 171
  },
  "THC": {
    "mean": 8.613388146882713,
    "std": 5.378589299241076,
    "n": 108
  },
  "CHDR": {
    "mean": 8.253892311832757,
    "std": 6.874404825743559,
    "n": 398
  },
  "MMS1": {
    "mean": 10.547876980689955,
    "std": 6.433001869325135,
    "n": 181
  },
  "ESCG": {
    "mean": 7.684914044402879,
    "std": 3.4926262139131423,
    "n": 232
  },
  "VGR1": {
    "mean": 4.432466958437305,
    "std": 1.6959142624778798,
    "n": 556
  },
  "DSSR": {
    "mean": 0.0,
    "std": 0.0,
    "n": 113
  },
  "LRO": {
    "mean": 10.54055229437457,
    "std": 6.7388943334708,
    "n": 345
  },
  "SWFO": {
    "mean": 0.2981573876167974,
    "std": 1.5435239472524316,
    "n": 139
  },
  "GBRA": {
    "mean": 0.0,
    "std": 0.0,
    "n": 378
  },
  "EMM": {
    "mean": 9.927111129580219,
    "std": 4.964515800101205,
    "n": 95
  },
  "TESS": {
    "mean": 9.597085644503432,
    "std": 6.386069101590135,
    "n": 112
  },
  "EURC": {
    "mean": 6.434973688925852,
    "std": 5.188939522599281,
    "n": 200
  },
  "NHPC": {
    "mean": 0.0,
    "std": 0.0,
    "n": 25
  },
  "PSYC": {
    "mean": 9.58372406405938,
    "std": 5.502977793586046,
    "n": 480
  },
  "JNO": {
    "mean": 8.98546554293405,
    "std": 4.526099899581127,
    "n": 846
  },
  "MSL": {
    "mean": 0.16020512713834553,
    "std": 0.9071019755681339,
    "n": 99
  },
  "M20": {
    "mean": 0.40258942364463124,
    "std": 1.3862845644039656,
    "n": 90
  },
  "CGO": {
    "mean": 10.260782204255879,
    "std": 5.606879841865857,
    "n": 164
  },
  "BIOS": {
    "mean": 6.8571774360934326,
    "std": 3.8466699106995494,
    "n": 46
  },
  "SGP": {
    "mean": 0.0,
    "std": 0.0,
    "n": 34
  },
  "DSCO": {
    "mean": 4.951768775643087,
    "std": 4.951768775643086,
    "n": 28
  },
  "THB": {
    "mean": 8.411952234480681,
    "std": 5.504151850217482,
    "n": 81
  },
  "MMX": {
    "mean": 6.255844173683396,
    "std": 4.862816903973702,
    "n": 69
  },
  "RST": {
    "mean": 7.504568018465512,
    "std": 6.107700359240118,
    "n": 29
  },
  "XMM": {
    "mean": 10.247047163175289,
    "std": 3.281681488623191,
    "n": 86
  },
  "TEST": {
    "mean": 0.0,
    "std": 0.0,
    "n": 95
  },
  "MEX": {
    "mean": 9.155437514433327,
    "std": 4.828276118324093,
    "n": 37
  },
  "BEPI": {
    "mean": 3.777661421008428,
    "std": 4.038489931613466,
    "n": 15
  },
  "HYB2": {
    "mean": 0.0,
    "std": 0.0,
    "n": 14
  },
  "HCRA": {
    "mean": 0.0,
    "std": 0.0,
    "n": 30
  }
}