{
  "ACE": {
    "mean": 8.444745039199448,
    "std": 4.9070581558031545,
    "n": 581
  },
  "DSN": {
    "mean": 0.0,
    "std": 0.0,
    "n": 8910
  },
  "DSS": {
    "mean": 0.0,
    "std": 0.0,
    "n": 1749
  },
  "JWST": {
    "mean": 11.373312995641268,
    "std": 6.029205966113701,
    "n": 1340
  },
  "KPLO": {
    "mean": 8.668685533578312,
    "std": 6.219013641526386,
    "n": 1114
  },
  "LUCY": {
    "mean": 9.089254569003707,
    "std": 3.975457999534912,
    "n": 783
  },
  "M01O": {
    "mean": 7.909087844200716,
    "std": 4.307885981259819,
    "n": 2224
  },
  "MMS2": {
    "mean": 11.950621991311088,
    "std": 5.6261517692055545,
    "n": 265
  },
  "ORX": {
    "mean": 4.164098470398686,
    "std": 6.321147034338592,
    "n": 598
  },
  "SOHO": {
    "mean": 10.422516432902821,
    "std": 4.4803554894578665,
    "n": 1834
  },
  "SPP": {
    "mean": 9.122303108294657,
    "std": 4.570705240359422,
    "n": 1039
  },
  "VGR2": {
    "mean": 4.1541703228398585,
    "std": 1.8965386918840386,
    "n": 905
  },
  "CAPS": {
    "mean": 9.104565706084749,
    "std": 5.554492774919185,
    "n": 299
  },
  "MRO": {
    "mean": 11.221866896472688,
    "std": 5.79647623491156,
    "n": 935
  },
  "STA": {
    "mean": 10.550972575374383,
    "std": 5.274482570049693,
    "n": 661
  },
  "IMAP": {
    "mean": 10.58447157676793,
    "std": 5.547855858937284,
    "n": 362
  },
  "MMS3": {
    "mean": 11.664261470146215,
    "std": 5.851413389780298,
    "n": 259
  },
  "TGO": {
    "mean": 10.340063321335949,
    "std": 5.2022437527822545,
    "n": 313
  },
  "TDR8": {
    "mean": 6.839711603308979,
    "std": 3.15492915596383,
    "n": 114
  },
  "MMS4": {
    "mean": 12.030552539985248,
    "std": 5.583213654798027,
    "n": 243
  },
  "WIND": {
    "mean": 7.871475219959654,
    "std": 4.1970379669555475,
    "n": 496
  },
  "ESCB": {
    "mean": 7.762017588171619,
    "std": 3.3902388830540238,
    "n": 332
  },
  "THC": {
    "mean": 8.160746734266631,
    "std": 5.623688506336661,
    "n": 141
  },
  "CHDR": {
    "mean": 8.232664414286374,
    "std": 6.86674598656222,
    "n": 607
  },
  "MMS1": {
    "mean": 10.771799577143788,
    "std": 6.339046440780587,
    "n": 292
  },
  "ESCG": {
    "mean": 7.659952327522551,
    "std": 3.6429004617158554,
    "n": 341
  },
  "VGR1": {
    "mean": 4.420653467689553,
    "std": 1.6985261889107932,
    "n": 976
  },
  "DSSR": {
    "mean": 0.0,
    "std": 0.0,
    "n": 188
  },
  "LRO": {
    "mean": 10.861882766724541,
    "std": 6.455234134713111,
    "n": 618
  },
  "SWFO": {
    "mean": 0.2637839822565881,
    "std": 1.4550888302296845,
    "n": 220
  },
  "GBRA": {
    "mean": 0.0,
    "std": 0.0,
    "n": 518
  },
  "EMM": {
    "mean": 10.210121533965474,
    "std": 4.733528122869451,
    "n": 147
  },
  "TESS": {
    "mean": 9.965405593021938,
    "std": 6.574692447136841,
    "n": 186
  },
  "EURC": {
    "mean": 7.074369393519517,
    "std": 5.019332454515391,
    "n": 310
  },
  "NHPC": {
    "mean": 2.0044601264869115,
    "std": 1.9655348652260427,
    "n": 102
  },
  "PSYC": {
    "mean": 9.537529994357648,
    "std": 5.531002643262781,
    "n": 612
  },
  "JNO": {
    "mean": 9.009378268772863,
    "std": 4.35662735334198,
    "n": 1285
  },
  "MSL": {
    "mean": 0.3063380323785842,
    "std": 1.2257806259927162,
    "n": 170
  },
  "M20": {
    "mean": 0.4365427485303229,
    "std": 1.4384161636215933,
    "n": 166
  },
  "CGO": {
    "mean": 10.386611947069436,
    "std": 5.5407632509664095,
    "n": 224
  },
  "BIOS": {
    "mean": 6.976562835742111,
    "std": 3.7645650646294055,
    "n": 71
  },
  "SGP": {
    "mean": 0.0,
    "std": 0.0,
    "n": 34
  },
  "DSCO": {
    "mean": 4.951768775643087,
    "std": 4.951768775643087,
    "n": 44
  },
  "THB": {
    "mean": 8.037090229050206,
    "std": 5.645209151579077,
    "n": 116
  },
  "MMX": {
    "mean": 6.447047574555721,
    "std": 4.86009682234796,
    "n": 75
  },
  "RST": {
    "mean": 6.771292771997224,
    "std": 5.938614102744261,
    "n": 42
  },
  "XMM": {
    "mean": 10.478006574044688,
    "std": 2.9312374535648464,
    "n": 124
  },
  "TEST": {
    "mean": 0.0,
    "std": 0.0,
    "n": 159
  },
  "MEX": {
    "mean": 9.665860102911063,
    "std": 4.455399724792833,
    "n": 46
  },
  "BEPI": {
    "mean": 2.420109767318459,
    "std": 3.567173330124926,
    "n": 28
  },
  "HYB2": {
    "mean": 2.471604910666722,
    "std": 2.098954506331357,
    "n": 143
  },
  "HCRA": {
    "mean": 0.0,
    "std": 0.0,
    "n": 43
  },
  "EGS": {
    "mean": 0.0,
    "std": 0.0,
    "n": 16
  }
}