{
  "ACE": {
    "mean": 8.430956011386984,
    "std": 4.915395045281029,
    "n": 586
  },
  "DSN": {
    "mean": 0.0,
    "std": 0.0,
    "n": 8944
  },
  "DSS": {
    "mean": 0.0,
    "std": 0.0,
    "n": 1749
  },
  "JWST": {
    "mean": 11.359710630929152,
    "std": 6.0151232934572105,
    "n": 1350
  },
  "KPLO": {
    "mean": 8.688256414434703,
    "std": 6.222096392730517,
    "n": 1117
  },
  "LUCY": {
    "mean": 9.089254569003707,
    "std": 3.975457999534912,
    "n": 783
  },
  "M01O": {
    "mean": 7.917094896538233,
    "std": 4.301464740736407,
    "n": 2246
  },
  "MMS2": {
    "mean": 11.950621991311088,
    "std": 5.6261517692055545,
    "n": 265
  },
  "ORX": {
    "mean": 4.168273050178748,
    "std": 6.32538900874269,
    "n": 601
  },
  "SOHO": {
    "mean": 10.434085131634287,
    "std": 4.470123099497418,
    "n": 1851
  },
  "SPP": {
    "mean": 9.171288831787225,
    "std": 4.5726934219651865,
    "n": 1059
  },
  "VGR2": {
    "mean": 4.1541703228398585,
    "std": 1.8965386918840386,
    "n": 905
  },
  "CAPS": {
    "mean": 9.095144558214242,
    "std": 5.557519592906378,
    "n": 302
  },
  "MRO": {
    "mean": 11.219198618312106,
    "std": 5.793350255783833,
    "n": 945
  },
  "STA": {
    "mean": 10.569190407628028,
    "std": 5.258994764934462,
    "n": 671
  },
  "IMAP": {
    "mean": 10.58447157676793,
    "std": 5.547855858937284,
    "n": 362
  },
  "MMS3": {
    "mean": 11.676059701760416,
    "std": 5.843235610482028,
    "n": 260
  },
  "TGO": {
    "mean": 10.364550433329168,
    "std": 5.183508502925938,
    "n": 321
  },
  "TDR8": {
    "mean": 6.839711603308979,
    "std": 3.15492915596383,
    "n": 114
  },
  "MMS4": {
    "mean": 11.932343947822103,
    "std": 5.6647741231888755,
    "n": 245
  },
  "WIND": {
    "mean": 7.843560256228545,
    "std": 4.210042258206146,
    "n": 500
  },
  "ESCB": {
    "mean": 7.780197176074859,
    "std": 3.368253961175626,
    "n": 337
  },
  "THC": {
    "mean": 8.072562589090852,
    "std": 5.654674649583062,
    "n": 144
  },
  "CHDR": {
    "mean": 8.243357960773977,
    "std": 6.864970619012936,
    "n": 613
  },
  "MMS1": {
    "mean": 10.771799577143788,
    "std": 6.339046440780587,
    "n": 292
  },
  "ESCG": {
    "mean": 7.659952327522551,
    "std": 3.6429004617158554,
    "n": 341
  },
  "VGR1": {
    "mean": 4.422678240612826,
    "std": 1.696314934919258,
    "n": 979
  },
  "DSSR": {
    "mean": 0.0,
    "std": 0.0,
    "n": 194
  },
  "LRO": {
    "mean": 10.875074101476788,
    "std": 6.414901833713389,
    "n": 626
  },
  "SWFO": {
    "mean": 0.2614075499840062,
    "std": 1.4487339628228424,
    "n": 222
  },
  "GBRA": {
    "mean": 0.0,
    "std": 0.0,
    "n": 525
  },
  "EMM": {
    "mean": 10.210121533965474,
    "std": 4.733528122869451,
    "n": 147
  },
  "TESS": {
    "mean": 9.965405593021938,
    "std": 6.574692447136841,
    "n": 186
  },
  "EURC": {
    "mean": 7.074369393519517,
    "std": 5.019332454515391,
    "n": 310
  },
  "NHPC": {
    "mean": 2.345854952312744,
    "std": 2.158491477990895,
    "n": 113
  },
  "PSYC": {
    "mean": 9.537529994357648,
    "std": 5.531002643262781,
    "n": 612
  },
  "JNO": {
    "mean": 9.009378268772863,
    "std": 4.35662735334198,
    "n": 1285
  },
  "MSL": {
    "mean": 0.3063380323785842,
    "std": 1.2257806259927162,
    "n": 170
  },
  "M20": {
    "mean": 0.4365427485303229,
    "std": 1.4384161636215933,
    "n": 166
  },
  "CGO": {
    "mean": 10.386611947069436,
    "std": 5.5407632509664095,
    "n": 224
  },
  "BIOS": {
    "mean": 6.976562835742111,
    "std": 3.7645650646294055,
    "n": 71
  },
  "SGP": {
    "mean": 0.0,
    "std": 0.0,
    "n": 34
  },
  "DSCO": {
    "mean": 4.951768775643087,
    "std": 4.951768775643087,
    "n": 44
  },
  "THB": {
    "mean": 8.037090229050206,
    "std": 5.645209151579077,
    "n": 116
  },
  "MMX": {
    "mean": 6.447047574555721,
    "std": 4.86009682234796,
    "n": 75
  },
  "RST": {
    "mean": 6.771292771997224,
    "std": 5.938614102744261,
    "n": 42
  },
  "XMM": {
    "mean": 10.478006574044688,
    "std": 2.9312374535648464,
    "n": 124
  },
  "TEST": {
    "mean": 0.0,
    "std": 0.0,
    "n": 172
  },
  "MEX": {
    "mean": 9.665860102911063,
    "std": 4.455399724792833,
    "n": 46
  },
  "BEPI": {
    "mean": 2.420109767318459,
    "std": 3.567173330124926,
    "n": 28
  },
  "HYB2": {
    "mean": 2.6095662852163026,
    "std": 2.1904846744109445,
    "n": 153
  },
  "HCRA": {
    "mean": 0.0,
    "std": 0.0,
    "n": 46
  },
  "EGS": {
    "mean": 0.0,
    "std": 0.0,
    "n": 16
  }
}