{
  "ACE": {
    "mean": 8.40395940638018,
    "std": 4.964887781104181,
    "n": 433
  },
  "DSN": {
    "mean": 0.0,
    "std": 0.0,
    "n": 6875
  },
  "DSS": {
    "mean": 0.0,
    "std": 0.0,
    "n": 1464
  },
  "JWST": {
    "mean": 11.294810606253812,
    "std": 6.08862571650328,
    "n": 942
  },
  "KPLO": {
    "mean": 8.66579278163114,
    "std": 6.374505361442431,
    "n": 783
  },
  "LUCY": {
    "mean": 9.113238631967725,
    "std": 4.088051000223048,
    "n": 675
  },
  "M01O": {
    "mean": 7.725312932116956,
    "std": 4.407185212120337,
    "n": 1614
  },
  "MMS2": {
    "mean": 12.088207496036205,
    "std": 5.4986032257338024,
    "n": 187
  },
  "ORX": {
    "mean": 3.8097481833707096,
    "std": 6.147717189146311,
    "n": 382
  },
  "SOHO": {
    "mean": 10.3003569409771,
    "std": 4.5618718575090895,
    "n": 1293
  },
  "SPP": {
    "mean": 8.722014160652519,
    "std": 4.44791386799724,
    "n": 796
  },
  "VGR2": {
    "mean": 4.288082900020501,
    "std": 1.7717785586224475,
    "n": 633
  },
  "CAPS": {
    "mean": 9.068768371762118,
    "std": 5.580382323410545,
    "n": 226
  },
  "MRO": {
    "mean": 11.0841277123539,
    "std": 5.907162085330534,
    "n": 672
  },
  "STA": {
    "mean": 10.523114522628987,
    "std": 5.291977196183878,
    "n": 496
  },
  "IMAP": {
    "mean": 10.801983445365257,
    "std": 5.389842763915585,
    "n": 286
  },
  "MMS3": {
    "mean": 11.912146285594702,
    "std": 5.665805154168136,
    "n": 190
  },
  "TGO": {
    "mean": 9.994057337823186,
    "std": 5.392300375443667,
    "n": 209
  },
  "TDR8": {
    "mean": 6.839711603308979,
    "std": 3.15492915596383,
    "n": 114
  },
  "MMS4": {
    "mean": 11.959428987679233,
    "std": 5.652312178300523,
    "n": 170
  },
  "WIND": {
    "mean": 7.841049730289793,
    "std": 4.255175331004433,
    "n": 375
  },
  "ESCB": {
    "mean": 8.049237850324007,
    "std": 3.235593226278354,
    "n": 217
  },
  "THC": {
    "mean": 8.425729479762285,
    "std": 5.459301703226404,
    "n": 116
  },
  "CHDR": {
    "mean": 8.123756972894357,
    "std": 6.892953489146799,
    "n": 442
  },
  "MMS1": {
    "mean": 10.40528284942319,
    "std": 6.519943582722796,
    "n": 206
  },
  "ESCG": {
    "mean": 7.701540526553268,
    "std": 3.473340056912333,
    "n": 235
  },
  "VGR1": {
    "mean": 4.454566760880989,
    "std": 1.6638829674589686,
    "n": 647
  },
  "DSSR": {
    "mean": 0.0,
    "std": 0.0,
    "n": 113
  },
  "LRO": {
    "mean": 10.860727018981729,
    "std": 6.677114804486026,
    "n": 419
  },
  "SWFO": {
    "mean": 0.2639737380811135,
    "std": 1.455452085501036,
    "n": 157
  },
  "GBRA": {
    "mean": 0.0,
    "std": 0.0,
    "n": 410
  },
  "EMM": {
    "mean": 10.026875683153918,
    "std": 4.8874313541980285,
    "n": 99
  },
  "TESS": {
    "mean": 9.570142069355327,
    "std": 6.344178468224271,
    "n": 123
  },
  "EURC": {
    "mean": 6.891575506343641,
    "std": 5.297181724747909,
    "n": 222
  },
  "NHPC": {
    "mean": 0.0,
    "std": 0.0,
    "n": 28
  },
  "PSYC": {
    "mean": 9.442373441912837,
    "std": 5.581673350477218,
    "n": 533
  },
  "JNO": {
    "mean": 8.888945686224849,
    "std": 4.540285883682166,
    "n": 956
  },
  "MSL": {
    "mean": 0.2047859925925302,
    "std": 1.0163451114846511,
    "n": 128
  },
  "M20": {
    "mean": 0.3774275846668418,
    "std": 1.3457972023198042,
    "n": 96
  },
  "CGO": {
    "mean": 10.285993424298908,
    "std": 5.615109006907511,
    "n": 173
  },
  "BIOS": {
    "mean": 6.799526198420348,
    "std": 3.87844496642235,
    "n": 53
  },
  "SGP": {
    "mean": 0.0,
    "std": 0.0,
    "n": 34
  },
  "DSCO": {
    "mean": 5.111503252276735,
    "std": 4.9491917425382095,
    "n": 31
  },
  "THB": {
    "mean": 8.053153679619038,
    "std": 5.63942903441002,
    "n": 89
  },
  "MMX": {
    "mean": 6.3833415820869694,
    "std": 4.865709226505287,
    "n": 71
  },
  "RST": {
    "mean": 7.504568018465512,
    "std": 6.107700359240118,
    "n": 29
  },
  "XMM": {
    "mean": 10.403132049426544,
    "std": 3.0511786047110028,
    "n": 101
  },
  "TEST": {
    "mean": 0.0,
    "std": 0.0,
    "n": 95
  },
  "MEX": {
    "mean": 9.32574765239274,
    "std": 4.759553845465456,
    "n": 39
  },
  "BEPI": {
    "mean": 2.6983295864345913,
    "std": 3.816014296888384,
    "n": 21
  },
  "HYB2": {
    "mean": 0.0,
    "std": 0.0,
    "n": 16
  },
  "HCRA": {
    "mean": 0.0,
    "std": 0.0,
    "n": 32
  },
  "EGS": {
    "mean": 0.0,
    "std": 0.0,
    "n": 3
  }
}