{
  "ACE": {
    "mean": 8.454832906600886,
    "std": 4.896968217181419,
    "n": 548
  },
  "DSN": {
    "mean": 0.0,
    "std": 0.0,
    "n": 8452
  },
  "DSS": {
    "mean": 0.0,
    "std": 0.0,
    "n": 1680
  },
  "JWST": {
    "mean": 11.287310248255254,
    "std": 5.98656842916317,
    "n": 1246
  },
  "KPLO": {
    "mean": 8.713038401848486,
    "std": 6.244944460173255,
    "n": 1041
  },
  "LUCY": {
    "mean": 9.095407992043576,
    "std": 4.012697278738058,
    "n": 752
  },
  "M01O": {
    "mean": 7.879924090948999,
    "std": 4.3274774809552845,
    "n": 2117
  },
  "MMS2": {
    "mean": 12.124776005850388,
    "std": 5.480469141287325,
    "n": 248
  },
  "ORX": {
    "mean": 4.034692573052478,
    "std": 6.265595763562251,
    "n": 556
  },
  "SOHO": {
    "mean": 10.428605927323229,
    "std": 4.470012536575938,
    "n": 1727
  },
  "SPP": {
    "mean": 8.909977829666076,
    "std": 4.5395503849930225,
    "n": 950
  },
  "VGR2": {
    "mean": 4.127281868844017,
    "std": 1.9179033686497096,
    "n": 850
  },
  "CAPS": {
    "mean": 9.174811717368867,
    "std": 5.527264652697208,
    "n": 282
  },
  "MRO": {
    "mean": 11.153533182642388,
    "std": 5.8522556183714585,
    "n": 875
  },
  "STA": {
    "mean": 10.494911955780276,
    "std": 5.313995504585005,
    "n": 628
  },
  "IMAP": {
    "mean": 10.606445069759024,
    "std": 5.533151840768121,
    "n": 346
  },
  "MMS3": {
    "mean": 11.567676398581012,
    "std": 5.920952064488925,
    "n": 246
  },
  "TGO": {
    "mean": 10.366293035115964,
    "std": 5.184497118456857,
    "n": 291
  },
  "TDR8": {
    "mean": 6.839711603308979,
    "std": 3.15492915596383,
    "n": 114
  },
  "MMS4": {
    "mean": 12.015011692915133,
    "std": 5.600800425576228,
    "n": 230
  },
  "WIND": {
    "mean": 7.897618411000159,
    "std": 4.196468908592944,
    "n": 470
  },
  "ESCB": {
    "mean": 7.767670390414693,
    "std": 3.4105913998967927,
    "n": 298
  },
  "THC": {
    "mean": 8.25276497271092,
    "std": 5.589688994642967,
    "n": 138
  },
  "CHDR": {
    "mean": 8.17347739708366,
    "std": 6.879710435914085,
    "n": 574
  },
  "MMS1": {
    "mean": 10.636658901960395,
    "std": 6.400647993305471,
    "n": 275
  },
  "ESCG": {
    "mean": 7.644283063271017,
    "std": 3.6845820858673313,
    "n": 312
  },
  "VGR1": {
    "mean": 4.412071179682246,
    "std": 1.7119116976054762,
    "n": 920
  },
  "DSSR": {
    "mean": 0.0,
    "std": 0.0,
    "n": 155
  },
  "LRO": {
    "mean": 10.799995756673573,
    "std": 6.529470256084862,
    "n": 555
  },
  "SWFO": {
    "mean": 0.27245293941995,
    "std": 1.4780066670957934,
    "n": 213
  },
  "GBRA": {
    "mean": 0.0,
    "std": 0.0,
    "n": 506
  },
  "EMM": {
    "mean": 10.231515290866358,
    "std": 4.715972313412073,
    "n": 137
  },
  "TESS": {
    "mean": 9.580617287688693,
    "std": 6.389424036335485,
    "n": 173
  },
  "EURC": {
    "mean": 7.048023961981187,
    "std": 5.103005027892985,
    "n": 293
  },
  "NHPC": {
    "mean": 0.0,
    "std": 0.0,
    "n": 36
  },
  "PSYC": {
    "mean": 9.621695223816792,
    "std": 5.481544133087016,
    "n": 600
  },
  "JNO": {
    "mean": 8.982371647976743,
    "std": 4.37853367081264,
    "n": 1236
  },
  "MSL": {
    "mean": 0.24836408356673606,
    "std": 1.1111895918040897,
    "n": 168
  },
  "M20": {
    "mean": 0.42176034858008976,
    "std": 1.4160554098899794,
    "n": 135
  },
  "CGO": {
    "mean": 10.265167220885035,
    "std": 5.598919724261108,
    "n": 207
  },
  "BIOS": {
    "mean": 6.856420599595604,
    "std": 3.8421127541260405,
    "n": 67
  },
  "SGP": {
    "mean": 0.0,
    "std": 0.0,
    "n": 34
  },
  "DSCO": {
    "mean": 4.951768775643087,
    "std": 4.951768775643087,
    "n": 42
  },
  "THB": {
    "mean": 8.195996049813635,
    "std": 5.593876768962486,
    "n": 108
  },
  "MMX": {
    "mean": 6.447047574555721,
    "std": 4.86009682234796,
    "n": 75
  },
  "RST": {
    "mean": 6.771292771997224,
    "std": 5.938614102744261,
    "n": 42
  },
  "XMM": {
    "mean": 10.478006574044688,
    "std": 2.9312374535648464,
    "n": 124
  },
  "TEST": {
    "mean": 0.0,
    "std": 0.0,
    "n": 144
  },
  "MEX": {
    "mean": 9.434773246287115,
    "std": 4.666915418123494,
    "n": 41
  },
  "BEPI": {
    "mean": 2.2665968526050566,
    "std": 3.6346409384521188,
    "n": 25
  },
  "HYB2": {
    "mean": 2.284173094322301,
    "std": 2.6197622853217655,
    "n": 64
  },
  "HCRA": {
    "mean": 0.0,
    "std": 0.0,
    "n": 43
  },
  "EGS": {
    "mean": 0.0,
    "std": 0.0,
    "n": 16
  }
}