{
  "ACE": {
    "mean": 11.38114364947859,
    "std": 7.170114004970143e-05,
    "n": 9
  },
  "DSN": {
    "mean": 0.0,
    "std": 0.0,
    "n": 87
  },
  "DSS": {
    "mean": 0.0,
    "std": 0.0,
    "n": 29
  },
  "JWST": {
    "mean": 15.92213465708374,
    "std": 4.4160064184891885,
    "n": 14
  },
  "KPLO": {
    "mean": 1.4505069853734178,
    "std": 4.586905835764542,
    "n": 11
  },
  "LUCY": {
    "mean": 11.042937835596492,
    "std": 2.3498992183808822e-15,
    "n": 8
  },
  "M01O": {
    "mean": 8.414978021447975,
    "std": 3.1074365736550402,
    "n": 25
  },
  "MMS2": {
    "mean": 7.019327454639082,
    "std": 7.019327454639082,
    "n": 2
  },
  "ORX": {
    "mean": 0.0,
    "std": 0.0,
    "n": 2
  },
  "SOHO": {
    "mean": 9.591305375259942,
    "std": 5.201615665334194,
    "n": 22
  },
  "SPP": {
    "mean": 6.390576181243971,
    "std": 0.0,
    "n": 14
  },
  "VGR2": {
    "mean": 4.234477749529297,
    "std": 1.893716023466029,
    "n": 24
  },
  "CAPS": {
    "mean": 7.26421303399404,
    "std": 6.13938055293441,
    "n": 12
  },
  "MRO": {
    "mean": 8.943906478087793,
    "std": 6.636878638379482,
    "n": 31
  },
  "STA": {
    "mean": 0.0,
    "std": 0.0,
    "n": 9
  },
  "IMAP": {
    "mean": 11.681851758298873,
    "std": 4.581999236189549,
    "n": 15
  },
  "MMS3": {
    "mean": 8.022088519587522,
    "std": 6.947332449370293,
    "n": 7
  },
  "TGO": {
    "mean": 13.109820359457137,
    "std": 0.5569977786728474,
    "n": 6
  },
  "TDR8": {
    "mean": 6.451121918000073,
    "std": 3.448269711066321,
    "n": 9
  },
  "MMS4": {
    "mean": 14.731801689838349,
    "std": 0.0,
    "n": 4
  },
  "WIND": {
    "mean": 7.17087296098777,
    "std": 3.3803819670651323,
    "n": 11
  },
  "ESCB": {
    "mean": 6.291125268995087,
    "std": 4.118508250231344,
    "n": 10
  },
  "THC": {
    "mean": 10.3972731948487,
    "std": 6.00286849051162,
    "n": 4
  },
  "CHDR": {
    "mean": 6.993891310327608,
    "std": 6.993891310327608,
    "n": 6
  },
  "MMS1": {
    "mean": 11.048851267378762,
    "std": 6.379057253457265,
    "n": 4
  }
}