{
  "ACE": {
    "mean": 8.392167648072977,
    "std": 4.984562755377541,
    "n": 135
  },
  "DSN": {
    "mean": 0.0,
    "std": 0.0,
    "n": 2550
  },
  "DSS": {
    "mean": 0.0,
    "std": 0.0,
    "n": 815
  },
  "JWST": {
    "mean": 11.08794537162455,
    "std": 6.060730508975326,
    "n": 253
  },
  "KPLO": {
    "mean": 7.837023812893979,
    "std": 6.656662849526686,
    "n": 243
  },
  "LUCY": {
    "mean": 9.661360610161942,
    "std": 3.660934294285925,
    "n": 239
  },
  "M01O": {
    "mean": 8.378794034520672,
    "std": 3.886382900854109,
    "n": 405
  },
  "MMS2": {
    "mean": 11.512738174269558,
    "std": 6.015530101157151,
    "n": 56
  },
  "ORX": {
    "mean": 3.7429613196488165,
    "std": 6.1130211913561965,
    "n": 77
  },
  "SOHO": {
    "mean": 10.12078015163173,
    "std": 4.81578044877377,
    "n": 325
  },
  "SPP": {
    "mean": 9.55900543992532,
    "std": 4.139089708639922,
    "n": 280
  },
  "VGR2": {
    "mean": 4.416085665541311,
    "std": 1.666125589489065,
    "n": 188
  },
  "CAPS": {
    "mean": 7.981832574397967,
    "std": 5.96353407666399,
    "n": 67
  },
  "MRO": {
    "mean": 11.936290981870139,
    "std": 5.479129055964081,
    "n": 266
  },
  "STA": {
    "mean": 9.813781812008363,
    "std": 5.745115530817473,
    "n": 149
  },
  "IMAP": {
    "mean": 10.525219981517582,
    "std": 5.586799392836416,
    "n": 91
  },
  "MMS3": {
    "mean": 11.728897657178972,
    "std": 5.572287721425656,
    "n": 49
  },
  "TGO": {
    "mean": 10.709648096243356,
    "std": 4.930263553600287,
    "n": 46
  },
  "TDR8": {
    "mean": 6.839711603308979,
    "std": 3.15492915596383,
    "n": 114
  },
  "MMS4": {
    "mean": 11.520925526626028,
    "std": 5.954478599821379,
    "n": 38
  },
  "WIND": {
    "mean": 8.271371713443951,
    "std": 4.091450829078022,
    "n": 108
  },
  "ESCB": {
    "mean": 7.57754584220696,
    "std": 3.2684311289654473,
    "n": 51
  },
  "THC": {
    "mean": 8.366405921510534,
    "std": 5.544137188827347,
    "n": 43
  },
  "CHDR": {
    "mean": 7.783524200203313,
    "std": 6.949172293151364,
    "n": 124
  },
  "MMS1": {
    "mean": 10.696607552422247,
    "std": 6.384408554254561,
    "n": 61
  },
  "ESCG": {
    "mean": 8.23975079966277,
    "std": 3.158621623295177,
    "n": 113
  },
  "VGR1": {
    "mean": 4.5795372672082095,
    "std": 1.516020803766207,
    "n": 162
  },
  "DSSR": {
    "mean": 0.0,
    "std": 0.0,
    "n": 42
  },
  "LRO": {
    "mean": 9.80028624158793,
    "std": 7.253670050455827,
    "n": 45
  },
  "SWFO": {
    "mean": 0.0,
    "std": 0.0,
    "n": 43
  },
  "GBRA": {
    "mean": 0.0,
    "std": 0.0,
    "n": 151
  },
  "EMM": {
    "mean": 11.23413222141711,
    "std": 3.6132761917819316,
    "n": 32
  },
  "TESS": {
    "mean": 8.151111908456105,
    "std": 5.3131324059263,
    "n": 29
  },
  "EURC": {
    "mean": 5.166783501664324,
    "std": 5.612777683650139,
    "n": 75
  },
  "NHPC": {
    "mean": 0.0,
    "std": 0.0,
    "n": 10
  },
  "PSYC": {
    "mean": 9.089976865513393,
    "std": 5.785437215458321,
    "n": 111
  },
  "JNO": {
    "mean": 10.000529998055182,
    "std": 3.6409312906396676,
    "n": 212
  },
  "MSL": {
    "mean": 0.0,
    "std": 0.0,
    "n": 35
  },
  "M20": {
    "mean": 0.12624755445302027,
    "std": 0.7984596421953536,
    "n": 41
  },
  "CGO": {
    "mean": 9.66874218091314,
    "std": 5.768071610187025,
    "n": 54
  },
  "BIOS": {
    "mean": 7.090563237998491,
    "std": 3.6384672677955816,
    "n": 24
  },
  "SGP": {
    "mean": 0.0,
    "std": 0.0,
    "n": 34
  },
  "DSCO": {
    "mean": 4.951768775643085,
    "std": 4.951768775643084,
    "n": 10
  },
  "THB": {
    "mean": 8.40710990837435,
    "std": 5.391330334773655,
    "n": 31
  },
  "MMX": {
    "mean": 4.877063057512354,
    "std": 4.978158695392336,
    "n": 42
  },
  "RST": {
    "mean": 4.273278775786431,
    "std": 5.542383218646343,
    "n": 5
  },
  "XMM": {
    "mean": 11.298020796733232,
    "std": 3.426293600148954e-05,
    "n": 12
  },
  "TEST": {
    "mean": 0.0,
    "std": 0.0,
    "n": 12
  }
}