{
  "ACE": {
    "mean": 8.454832906600886,
    "std": 4.896968217181419,
    "n": 548
  },
  "DSN": {
    "mean": 0.0,
    "std": 0.0,
    "n": 8470
  },
  "DSS": {
    "mean": 0.0,
    "std": 0.0,
    "n": 1684
  },
  "JWST": {
    "mean": 11.29200985118677,
    "std": 5.986466476056861,
    "n": 1247
  },
  "KPLO": {
    "mean": 8.725492542432148,
    "std": 6.25085042530022,
    "n": 1045
  },
  "LUCY": {
    "mean": 9.095407992043576,
    "std": 4.012697278738058,
    "n": 752
  },
  "M01O": {
    "mean": 7.8779674303674625,
    "std": 4.329580146290878,
    "n": 2119
  },
  "MMS2": {
    "mean": 12.086705004562939,
    "std": 5.5144388087847025,
    "n": 250
  },
  "ORX": {
    "mean": 4.013039482320533,
    "std": 6.255709368380872,
    "n": 559
  },
  "SOHO": {
    "mean": 10.424871093396606,
    "std": 4.473674405870061,
    "n": 1730
  },
  "SPP": {
    "mean": 8.91384922892483,
    "std": 4.538731841540291,
    "n": 951
  },
  "VGR2": {
    "mean": 4.127281868844017,
    "std": 1.9179033686497096,
    "n": 850
  },
  "CAPS": {
    "mean": 9.078234751922878,
    "std": 5.5772589206195,
    "n": 285
  },
  "MRO": {
    "mean": 11.153533182642388,
    "std": 5.8522556183714585,
    "n": 875
  },
  "STA": {
    "mean": 10.499024247529777,
    "std": 5.310769618608046,
    "n": 629
  },
  "IMAP": {
    "mean": 10.606445069759024,
    "std": 5.533151840768121,
    "n": 346
  },
  "MMS3": {
    "mean": 11.567676398581012,
    "std": 5.920952064488925,
    "n": 246
  },
  "TGO": {
    "mean": 10.366293035115964,
    "std": 5.184497118456857,
    "n": 291
  },
  "TDR8": {
    "mean": 6.839711603308979,
    "std": 3.15492915596383,
    "n": 114
  },
  "MMS4": {
    "mean": 12.015011692915133,
    "std": 5.600800425576228,
    "n": 230
  },
  "WIND": {
    "mean": 7.897618411000159,
    "std": 4.196468908592944,
    "n": 470
  },
  "ESCB": {
    "mean": 7.767670390414693,
    "std": 3.4105913998967927,
    "n": 298
  },
  "THC": {
    "mean": 8.25276497271092,
    "std": 5.589688994642967,
    "n": 138
  },
  "CHDR": {
    "mean": 8.169381612060201,
    "std": 6.8804600561842015,
    "n": 576
  },
  "MMS1": {
    "mean": 10.666226719923413,
    "std": 6.386916701574475,
    "n": 277
  },
  "ESCG": {
    "mean": 7.644283063271017,
    "std": 3.6845820858673313,
    "n": 312
  },
  "VGR1": {
    "mean": 4.4135230954855045,
    "std": 1.710337460125101,
    "n": 922
  },
  "DSSR": {
    "mean": 0.0,
    "std": 0.0,
    "n": 155
  },
  "LRO": {
    "mean": 10.799995756673573,
    "std": 6.529470256084862,
    "n": 555
  },
  "SWFO": {
    "mean": 0.2711797948432213,
    "std": 1.474666402211869,
    "n": 214
  },
  "GBRA": {
    "mean": 0.0,
    "std": 0.0,
    "n": 506
  },
  "EMM": {
    "mean": 10.157373875715153,
    "std": 4.778317136046343,
    "n": 138
  },
  "TESS": {
    "mean": 9.580617287688693,
    "std": 6.389424036335485,
    "n": 173
  },
  "EURC": {
    "mean": 7.048023961981187,
    "std": 5.103005027892985,
    "n": 293
  },
  "NHPC": {
    "mean": 0.0,
    "std": 0.0,
    "n": 36
  },
  "PSYC": {
    "mean": 9.621695223816792,
    "std": 5.481544133087016,
    "n": 600
  },
  "JNO": {
    "mean": 8.984281767785962,
    "std": 4.375253146303563,
    "n": 1238
  },
  "MSL": {
    "mean": 0.24836408356673606,
    "std": 1.1111895918040897,
    "n": 168
  },
  "M20": {
    "mean": 0.42176034858008976,
    "std": 1.4160554098899794,
    "n": 135
  },
  "CGO": {
    "mean": 10.265167220885035,
    "std": 5.598919724261108,
    "n": 207
  },
  "BIOS": {
    "mean": 6.887781256825024,
    "std": 3.822386500483628,
    "n": 68
  },
  "SGP": {
    "mean": 0.0,
    "std": 0.0,
    "n": 34
  },
  "DSCO": {
    "mean": 4.951768775643087,
    "std": 4.951768775643087,
    "n": 42
  },
  "THB": {
    "mean": 8.195996049813635,
    "std": 5.593876768962486,
    "n": 108
  },
  "MMX": {
    "mean": 6.447047574555721,
    "std": 4.86009682234796,
    "n": 75
  },
  "RST": {
    "mean": 6.771292771997224,
    "std": 5.938614102744261,
    "n": 42
  },
  "XMM": {
    "mean": 10.478006574044688,
    "std": 2.9312374535648464,
    "n": 124
  },
  "TEST": {
    "mean": 0.0,
    "std": 0.0,
    "n": 144
  },
  "MEX": {
    "mean": 9.434773246287115,
    "std": 4.666915418123494,
    "n": 41
  },
  "BEPI": {
    "mean": 2.2665968526050566,
    "std": 3.6346409384521188,
    "n": 25
  },
  "HYB2": {
    "mean": 2.284173094322301,
    "std": 2.6197622853217655,
    "n": 64
  },
  "HCRA": {
    "mean": 0.0,
    "std": 0.0,
    "n": 43
  },
  "EGS": {
    "mean": 0.0,
    "std": 0.0,
    "n": 16
  }
}