{
  "ACE": {
    "mean": 8.65504248286573,
    "std": 4.824434415363172,
    "n": 200
  },
  "DSN": {
    "mean": 0.0,
    "std": 0.0,
    "n": 3533
  },
  "DSS": {
    "mean": 0.0,
    "std": 0.0,
    "n": 1094
  },
  "JWST": {
    "mean": 10.841464740560214,
    "std": 5.898189693972813,
    "n": 399
  },
  "KPLO": {
    "mean": 8.424898025489377,
    "std": 6.529944244808371,
    "n": 385
  },
  "LUCY": {
    "mean": 9.580173590205131,
    "std": 3.74886590903574,
    "n": 354
  },
  "M01O": {
    "mean": 8.373487047619568,
    "std": 3.8726504790331044,
    "n": 662
  },
  "MMS2": {
    "mean": 11.547698908066282,
    "std": 5.904062686070105,
    "n": 87
  },
  "ORX": {
    "mean": 4.296021025262081,
    "std": 6.365407251242878,
    "n": 131
  },
  "SOHO": {
    "mean": 10.174396805356446,
    "std": 4.770709611976919,
    "n": 516
  },
  "SPP": {
    "mean": 8.439686157468543,
    "std": 4.26271094309813,
    "n": 364
  },
  "VGR2": {
    "mean": 4.31800688711968,
    "std": 1.735880975911768,
    "n": 296
  },
  "CAPS": {
    "mean": 8.4172982514558,
    "std": 5.869264034913598,
    "n": 104
  },
  "MRO": {
    "mean": 11.669406615154527,
    "std": 5.62608752855024,
    "n": 352
  },
  "STA": {
    "mean": 10.350871680920399,
    "std": 5.392345329336797,
    "n": 211
  },
  "IMAP": {
    "mean": 10.56946860199934,
    "std": 5.555098552884408,
    "n": 134
  },
  "MMS3": {
    "mean": 11.741595936421895,
    "std": 5.692093744129018,
    "n": 79
  },
  "TGO": {
    "mean": 10.529649469642932,
    "std": 4.991899259566121,
    "n": 82
  },
  "TDR8": {
    "mean": 6.839711603308979,
    "std": 3.15492915596383,
    "n": 114
  },
  "MMS4": {
    "mean": 12.366745860012559,
    "std": 5.2529619135548735,
    "n": 59
  },
  "WIND": {
    "mean": 7.981192406871187,
    "std": 4.022574194525952,
    "n": 168
  },
  "ESCB": {
    "mean": 8.195748810239271,
    "std": 3.2934948519614053,
    "n": 129
  },
  "THC": {
    "mean": 8.45679973822315,
    "std": 5.466488463667509,
    "n": 65
  },
  "CHDR": {
    "mean": 7.730547508013121,
    "std": 6.947935573995488,
    "n": 188
  },
  "MMS1": {
    "mean": 10.557502527772677,
    "std": 6.4366332665287995,
    "n": 85
  },
  "ESCG": {
    "mean": 8.211184175608677,
    "std": 3.1049429823674495,
    "n": 132
  },
  "VGR1": {
    "mean": 4.487207886820957,
    "std": 1.6328757218896108,
    "n": 248
  },
  "DSSR": {
    "mean": 0.0,
    "std": 0.0,
    "n": 68
  },
  "LRO": {
    "mean": 10.503445281618651,
    "std": 6.836521845640466,
    "n": 142
  },
  "SWFO": {
    "mean": 0.0,
    "std": 0.0,
    "n": 68
  },
  "GBRA": {
    "mean": 0.0,
    "std": 0.0,
    "n": 198
  },
  "EMM": {
    "mean": 11.587830537233842,
    "std": 3.06075476965658,
    "n": 46
  },
  "TESS": {
    "mean": 7.619260374159661,
    "std": 5.0856054344950925,
    "n": 45
  },
  "EURC": {
    "mean": 5.613983411635755,
    "std": 5.494120046570652,
    "n": 95
  },
  "NHPC": {
    "mean": 0.0,
    "std": 0.0,
    "n": 15
  },
  "PSYC": {
    "mean": 10.13171688240263,
    "std": 5.167825175418664,
    "n": 218
  },
  "JNO": {
    "mean": 9.207688776254477,
    "std": 4.414746208469839,
    "n": 449
  },
  "MSL": {
    "mean": 0.11200544196573073,
    "std": 0.784038093760115,
    "n": 50
  },
  "M20": {
    "mean": 0.39065281000557206,
    "std": 1.3672848350195017,
    "n": 53
  },
  "CGO": {
    "mean": 9.89999413528588,
    "std": 5.674190465929065,
    "n": 84
  },
  "BIOS": {
    "mean": 7.300921556125871,
    "std": 3.509447946156779,
    "n": 32
  },
  "SGP": {
    "mean": 0.0,
    "std": 0.0,
    "n": 34
  },
  "DSCO": {
    "mean": 4.951768775643085,
    "std": 4.951768775643084,
    "n": 10
  },
  "THB": {
    "mean": 8.954668836338687,
    "std": 5.089404640938011,
    "n": 37
  },
  "MMX": {
    "mean": 5.125630207147106,
    "std": 4.898461512253476,
    "n": 45
  },
  "RST": {
    "mean": 7.105025557367963,
    "std": 5.919891139206077,
    "n": 13
  },
  "XMM": {
    "mean": 10.806803399541693,
    "std": 2.3040182265601743,
    "n": 23
  },
  "TEST": {
    "mean": 0.0,
    "std": 0.0,
    "n": 17
  },
  "MEX": {
    "mean": 11.162196878066604,
    "std": 3.3979678769504145,
    "n": 12
  },
  "BEPI": {
    "mean": 6.2961023683473805,
    "std": 3.365408276344554,
    "n": 9
  },
  "HYB2": {
    "mean": 0.0,
    "std": 0.0,
    "n": 4
  }
}