{
  "ACE": {
    "mean": 8.454795764849642,
    "std": 4.949926750491691,
    "n": 134
  },
  "DSN": {
    "mean": 0.0,
    "std": 0.0,
    "n": 2456
  },
  "DSS": {
    "mean": 0.0,
    "std": 0.0,
    "n": 789
  },
  "JWST": {
    "mean": 11.335320421494751,
    "std": 6.007627347585477,
    "n": 240
  },
  "KPLO": {
    "mean": 7.876905008828361,
    "std": 6.689827845535777,
    "n": 232
  },
  "LUCY": {
    "mean": 9.630751910626305,
    "std": 3.695682989610895,
    "n": 226
  },
  "M01O": {
    "mean": 8.308833128074166,
    "std": 3.934710387715785,
    "n": 391
  },
  "MMS2": {
    "mean": 11.197143711958892,
    "std": 6.214401824101068,
    "n": 51
  },
  "ORX": {
    "mean": 3.8427736215061183,
    "std": 6.162952167664191,
    "n": 75
  },
  "SOHO": {
    "mean": 10.119563857898815,
    "std": 4.816768892003648,
    "n": 314
  },
  "SPP": {
    "mean": 9.64666234791582,
    "std": 4.068654576956728,
    "n": 277
  },
  "VGR2": {
    "mean": 4.422071886246397,
    "std": 1.657751725909426,
    "n": 182
  },
  "CAPS": {
    "mean": 7.981832574397967,
    "std": 5.96353407666399,
    "n": 67
  },
  "MRO": {
    "mean": 11.870180674937284,
    "std": 5.533833725604257,
    "n": 248
  },
  "STA": {
    "mean": 9.722738221320032,
    "std": 5.802377691589096,
    "n": 141
  },
  "IMAP": {
    "mean": 10.525219981517582,
    "std": 5.586799392836416,
    "n": 91
  },
  "MMS3": {
    "mean": 11.461972854275917,
    "std": 5.739131183340365,
    "n": 45
  },
  "TGO": {
    "mean": 11.037517917288396,
    "std": 4.656207354483694,
    "n": 40
  },
  "TDR8": {
    "mean": 6.839711603308979,
    "std": 3.15492915596383,
    "n": 114
  },
  "MMS4": {
    "mean": 11.342543517558678,
    "std": 6.0680310015437975,
    "n": 36
  },
  "WIND": {
    "mean": 8.271371713443951,
    "std": 4.091450829078022,
    "n": 108
  },
  "ESCB": {
    "mean": 7.520003965854179,
    "std": 3.3217820561527036,
    "n": 49
  },
  "THC": {
    "mean": 8.19970751292628,
    "std": 5.624890718536139,
    "n": 41
  },
  "CHDR": {
    "mean": 7.823675025112246,
    "std": 6.9444923966661705,
    "n": 118
  },
  "MMS1": {
    "mean": 10.281908810088934,
    "std": 6.552956602214472,
    "n": 52
  },
  "ESCG": {
    "mean": 8.23975079966277,
    "std": 3.158621623295177,
    "n": 113
  },
  "VGR1": {
    "mean": 4.539387899386109,
    "std": 1.5685735510983059,
    "n": 150
  },
  "DSSR": {
    "mean": 0.0,
    "std": 0.0,
    "n": 42
  },
  "LRO": {
    "mean": 9.80028624158793,
    "std": 7.253670050455827,
    "n": 45
  },
  "SWFO": {
    "mean": 0.0,
    "std": 0.0,
    "n": 40
  },
  "GBRA": {
    "mean": 0.0,
    "std": 0.0,
    "n": 147
  },
  "EMM": {
    "mean": 11.23413222141711,
    "std": 3.6132761917819316,
    "n": 32
  },
  "TESS": {
    "mean": 8.151111908456105,
    "std": 5.3131324059263,
    "n": 29
  },
  "EURC": {
    "mean": 5.166783501664324,
    "std": 5.612777683650139,
    "n": 75
  },
  "NHPC": {
    "mean": 0.0,
    "std": 0.0,
    "n": 10
  },
  "PSYC": {
    "mean": 9.089976865513393,
    "std": 5.785437215458321,
    "n": 111
  },
  "JNO": {
    "mean": 9.981963523222076,
    "std": 3.6266079890091394,
    "n": 204
  },
  "MSL": {
    "mean": 0.0,
    "std": 0.0,
    "n": 31
  },
  "M20": {
    "mean": 0.1522396980168773,
    "std": 0.874550482547983,
    "n": 34
  },
  "CGO": {
    "mean": 8.947564897947814,
    "std": 5.962063197567525,
    "n": 46
  },
  "BIOS": {
    "mean": 7.090563237998491,
    "std": 3.6384672677955816,
    "n": 24
  },
  "SGP": {
    "mean": 0.0,
    "std": 0.0,
    "n": 34
  },
  "DSCO": {
    "mean": 3.961415020514468,
    "std": 4.851722729828701,
    "n": 5
  },
  "THB": {
    "mean": 8.466122720918177,
    "std": 5.370120329956986,
    "n": 28
  },
  "MMX": {
    "mean": 4.877063057512354,
    "std": 4.978158695392336,
    "n": 42
  },
  "RST": {
    "mean": 4.273278775786431,
    "std": 5.542383218646343,
    "n": 5
  },
  "XMM": {
    "mean": 11.298020796733232,
    "std": 3.426293600148954e-05,
    "n": 12
  }
}