{
  "ACE": {
    "mean": 8.448846650930852,
    "std": 4.899627071239054,
    "n": 543
  },
  "DSN": {
    "mean": 0.0,
    "std": 0.0,
    "n": 8395
  },
  "DSS": {
    "mean": 0.0,
    "std": 0.0,
    "n": 1665
  },
  "JWST": {
    "mean": 11.270760923856564,
    "std": 5.992918804794171,
    "n": 1234
  },
  "KPLO": {
    "mean": 8.700685283537611,
    "std": 6.247105232784311,
    "n": 1031
  },
  "LUCY": {
    "mean": 9.088582639831467,
    "std": 4.0280689447088145,
    "n": 746
  },
  "M01O": {
    "mean": 7.877461212176505,
    "std": 4.330446766548976,
    "n": 2105
  },
  "MMS2": {
    "mean": 12.117027508265659,
    "std": 5.490196141120767,
    "n": 247
  },
  "ORX": {
    "mean": 4.058300361442381,
    "std": 6.2764167456115745,
    "n": 546
  },
  "SOHO": {
    "mean": 10.417310504570649,
    "std": 4.479918791450595,
    "n": 1711
  },
  "SPP": {
    "mean": 8.89555517206825,
    "std": 4.523917232895219,
    "n": 937
  },
  "VGR2": {
    "mean": 4.132540250068102,
    "std": 1.9130589770962512,
    "n": 844
  },
  "CAPS": {
    "mean": 9.194468152184037,
    "std": 5.515407934397034,
    "n": 280
  },
  "MRO": {
    "mean": 11.153907268349064,
    "std": 5.853914749879154,
    "n": 870
  },
  "STA": {
    "mean": 10.497995431096216,
    "std": 5.31070870787221,
    "n": 624
  },
  "IMAP": {
    "mean": 10.606445069759024,
    "std": 5.533151840768121,
    "n": 346
  },
  "MMS3": {
    "mean": 11.554761601473839,
    "std": 5.9295644921122745,
    "n": 245
  },
  "TGO": {
    "mean": 10.377288514791939,
    "std": 5.166672082128607,
    "n": 288
  },
  "TDR8": {
    "mean": 6.839711603308979,
    "std": 3.15492915596383,
    "n": 114
  },
  "MMS4": {
    "mean": 12.035178898590821,
    "std": 5.585835670900372,
    "n": 226
  },
  "WIND": {
    "mean": 7.915496909667095,
    "std": 4.1812023483318175,
    "n": 465
  },
  "ESCB": {
    "mean": 7.773387559175783,
    "std": 3.4115997965382734,
    "n": 292
  },
  "THC": {
    "mean": 8.261654185450082,
    "std": 5.590182335786487,
    "n": 135
  },
  "CHDR": {
    "mean": 8.171551279550188,
    "std": 6.8799173613218025,
    "n": 569
  },
  "MMS1": {
    "mean": 10.690125796721562,
    "std": 6.375755280850557,
    "n": 271
  },
  "ESCG": {
    "mean": 7.665893509520586,
    "std": 3.6704066485630436,
    "n": 310
  },
  "VGR1": {
    "mean": 4.408821626974493,
    "std": 1.7153704892966763,
    "n": 908
  },
  "DSSR": {
    "mean": 0.0,
    "std": 0.0,
    "n": 155
  },
  "LRO": {
    "mean": 10.809703317665564,
    "std": 6.548012796146212,
    "n": 549
  },
  "SWFO": {
    "mean": 0.27634512426880636,
    "std": 1.4881650840891816,
    "n": 210
  },
  "GBRA": {
    "mean": 0.0,
    "std": 0.0,
    "n": 506
  },
  "EMM": {
    "mean": 10.231515290866358,
    "std": 4.715972313412073,
    "n": 137
  },
  "TESS": {
    "mean": 9.636060726730262,
    "std": 6.384537287896362,
    "n": 171
  },
  "EURC": {
    "mean": 6.987868280915962,
    "std": 5.094751797936034,
    "n": 290
  },
  "NHPC": {
    "mean": 0.0,
    "std": 0.0,
    "n": 35
  },
  "PSYC": {
    "mean": 9.573443205123223,
    "std": 5.509054585204536,
    "n": 591
  },
  "JNO": {
    "mean": 8.980323089019171,
    "std": 4.3894219909979935,
    "n": 1225
  },
  "MSL": {
    "mean": 0.2513564219229618,
    "std": 1.117526992439996,
    "n": 166
  },
  "M20": {
    "mean": 0.42176034858008976,
    "std": 1.4160554098899794,
    "n": 135
  },
  "CGO": {
    "mean": 10.265167220885035,
    "std": 5.598919724261108,
    "n": 207
  },
  "BIOS": {
    "mean": 6.89691077485177,
    "std": 3.8177870844066226,
    "n": 64
  },
  "SGP": {
    "mean": 0.0,
    "std": 0.0,
    "n": 34
  },
  "DSCO": {
    "mean": 4.951768775643087,
    "std": 4.951768775643087,
    "n": 42
  },
  "THB": {
    "mean": 8.162465888620419,
    "std": 5.6091424913193455,
    "n": 107
  },
  "MMX": {
    "mean": 6.447047574555721,
    "std": 4.86009682234796,
    "n": 75
  },
  "RST": {
    "mean": 6.771292771997224,
    "std": 5.938614102744261,
    "n": 42
  },
  "XMM": {
    "mean": 10.478006574044688,
    "std": 2.9312374535648464,
    "n": 124
  },
  "TEST": {
    "mean": 0.0,
    "std": 0.0,
    "n": 144
  },
  "MEX": {
    "mean": 9.434773246287115,
    "std": 4.666915418123494,
    "n": 41
  },
  "BEPI": {
    "mean": 2.2665968526050566,
    "std": 3.6346409384521188,
    "n": 25
  },
  "HYB2": {
    "mean": 2.4364513006104547,
    "std": 2.6362245023142235,
    "n": 60
  },
  "HCRA": {
    "mean": 0.0,
    "std": 0.0,
    "n": 38
  },
  "EGS": {
    "mean": 0.0,
    "std": 0.0,
    "n": 16
  }
}