{
  "ACE": {
    "mean": 8.348098503221722,
    "std": 4.987983475109652,
    "n": 73
  },
  "DSN": {
    "mean": 0.0,
    "std": 0.0,
    "n": 1224
  },
  "DSS": {
    "mean": 0.0,
    "std": 0.0,
    "n": 464
  },
  "JWST": {
    "mean": 12.484892333883028,
    "std": 6.134013248622203,
    "n": 145
  },
  "KPLO": {
    "mean": 6.829948110693096,
    "std": 6.750240181114272,
    "n": 112
  },
  "LUCY": {
    "mean": 9.858191496756508,
    "std": 3.4192793245095565,
    "n": 149
  },
  "M01O": {
    "mean": 8.242952666202397,
    "std": 4.019215125565048,
    "n": 234
  },
  "MMS2": {
    "mean": 11.874581503061174,
    "std": 5.667125759720471,
    "n": 27
  },
  "ORX": {
    "mean": 3.6364718448064175,
    "std": 6.069958124296751,
    "n": 53
  },
  "SOHO": {
    "mean": 10.01376980639532,
    "std": 4.900826906530997,
    "n": 207
  },
  "SPP": {
    "mean": 9.851928254573771,
    "std": 3.9056305334635364,
    "n": 146
  },
  "VGR2": {
    "mean": 4.468126068253689,
    "std": 1.6553481601725137,
    "n": 116
  },
  "CAPS": {
    "mean": 7.204842166961555,
    "std": 6.144376719423259,
    "n": 38
  },
  "MRO": {
    "mean": 11.568868100969485,
    "std": 5.554841780607625,
    "n": 145
  },
  "STA": {
    "mean": 9.413904223848954,
    "std": 6.012441823139,
    "n": 76
  },
  "IMAP": {
    "mean": 10.349992285855462,
    "std": 5.690854401304634,
    "n": 56
  },
  "MMS3": {
    "mean": 10.970912797947973,
    "std": 6.059646975191299,
    "n": 30
  },
  "TGO": {
    "mean": 11.167455269608686,
    "std": 4.680663540518066,
    "n": 27
  },
  "TDR8": {
    "mean": 6.839711603308979,
    "std": 3.15492915596383,
    "n": 114
  },
  "MMS4": {
    "mean": 10.605590439367976,
    "std": 6.443238795543328,
    "n": 26
  },
  "WIND": {
    "mean": 7.950333136364603,
    "std": 4.12208408814772,
    "n": 65
  },
  "ESCB": {
    "mean": 7.302198972940727,
    "std": 3.5078629207632055,
    "n": 32
  },
  "THC": {
    "mean": 8.972552849858419,
    "std": 5.623995467200068,
    "n": 18
  },
  "CHDR": {
    "mean": 7.747079605285961,
    "std": 6.953216741409236,
    "n": 65
  },
  "MMS1": {
    "mean": 10.092301665186518,
    "std": 6.7324720731805145,
    "n": 26
  },
  "ESCG": {
    "mean": 8.21674726778531,
    "std": 3.077871695699597,
    "n": 100
  },
  "VGR1": {
    "mean": 4.530408710949995,
    "std": 1.5799479455771035,
    "n": 83
  },
  "DSSR": {
    "mean": 0.0,
    "std": 0.0,
    "n": 42
  },
  "LRO": {
    "mean": 9.48949130656865,
    "std": 7.041937889021584,
    "n": 27
  },
  "SWFO": {
    "mean": 0.0,
    "std": 0.0,
    "n": 26
  },
  "GBRA": {
    "mean": 0.0,
    "std": 0.0,
    "n": 86
  },
  "EMM": {
    "mean": 10.779377243938455,
    "std": 4.174834854826083,
    "n": 23
  },
  "TESS": {
    "mean": 5.377097202287007,
    "std": 4.809422561350061,
    "n": 9
  },
  "EURC": {
    "mean": 3.8934789830003473,
    "std": 5.4923559086735345,
    "n": 42
  },
  "NHPC": {
    "mean": 0.0,
    "std": 0.0,
    "n": 5
  },
  "PSYC": {
    "mean": 10.969826290020059,
    "std": 4.432852348494451,
    "n": 57
  },
  "JNO": {
    "mean": 10.1624080502013,
    "std": 3.6224542124246053,
    "n": 119
  },
  "MSL": {
    "mean": 0.0,
    "std": 0.0,
    "n": 13
  },
  "M20": {
    "mean": 0.0,
    "std": 0.0,
    "n": 25
  },
  "CGO": {
    "mean": 8.043201089507736,
    "std": 6.194512694083141,
    "n": 23
  },
  "BIOS": {
    "mean": 6.481374500800612,
    "std": 3.97086966242705,
    "n": 11
  },
  "SGP": {
    "mean": 0.0,
    "std": 0.0,
    "n": 34
  },
  "DSCO": {
    "mean": 3.961415020514468,
    "std": 4.851722729828701,
    "n": 5
  },
  "THB": {
    "mean": 8.75867294851638,
    "std": 5.395528993320845,
    "n": 11
  },
  "MMX": {
    "mean": 3.1847383128714086,
    "std": 4.556806537338114,
    "n": 27
  }
}