{
  "ACE": {
    "mean": 8.65504248286573,
    "std": 4.824434415363172,
    "n": 200
  },
  "DSN": {
    "mean": 0.0,
    "std": 0.0,
    "n": 3561
  },
  "DSS": {
    "mean": 0.0,
    "std": 0.0,
    "n": 1094
  },
  "JWST": {
    "mean": 10.814361078708814,
    "std": 5.915638498736899,
    "n": 400
  },
  "KPLO": {
    "mean": 8.424898025489377,
    "std": 6.529944244808371,
    "n": 385
  },
  "LUCY": {
    "mean": 9.580173590205131,
    "std": 3.74886590903574,
    "n": 354
  },
  "M01O": {
    "mean": 8.35734050918687,
    "std": 3.880775084068351,
    "n": 669
  },
  "MMS2": {
    "mean": 11.547698908066282,
    "std": 5.904062686070105,
    "n": 87
  },
  "ORX": {
    "mean": 4.078106915285019,
    "std": 6.273101694777204,
    "n": 138
  },
  "SOHO": {
    "mean": 10.156883631522364,
    "std": 4.785235951207161,
    "n": 523
  },
  "SPP": {
    "mean": 8.439686157468543,
    "std": 4.26271094309813,
    "n": 364
  },
  "VGR2": {
    "mean": 4.30867173015851,
    "std": 1.7462012053342544,
    "n": 299
  },
  "CAPS": {
    "mean": 8.4172982514558,
    "std": 5.869264034913598,
    "n": 104
  },
  "MRO": {
    "mean": 11.441869438814466,
    "std": 5.799924554741531,
    "n": 359
  },
  "STA": {
    "mean": 10.350871680920399,
    "std": 5.392345329336797,
    "n": 211
  },
  "IMAP": {
    "mean": 10.56946860199934,
    "std": 5.555098552884408,
    "n": 134
  },
  "MMS3": {
    "mean": 11.741595936421895,
    "std": 5.692093744129018,
    "n": 79
  },
  "TGO": {
    "mean": 10.529649469642932,
    "std": 4.991899259566121,
    "n": 82
  },
  "TDR8": {
    "mean": 6.839711603308979,
    "std": 3.15492915596383,
    "n": 114
  },
  "MMS4": {
    "mean": 12.481184045326708,
    "std": 5.149368004116575,
    "n": 62
  },
  "WIND": {
    "mean": 7.981192406871187,
    "std": 4.022574194525952,
    "n": 168
  },
  "ESCB": {
    "mean": 8.236491538314826,
    "std": 3.212381074327287,
    "n": 136
  },
  "THC": {
    "mean": 8.535454265412818,
    "std": 5.402919927212952,
    "n": 67
  },
  "CHDR": {
    "mean": 7.682359759827865,
    "std": 6.952986570894508,
    "n": 191
  },
  "MMS1": {
    "mean": 10.745111478876753,
    "std": 6.3495002139776275,
    "n": 89
  },
  "ESCG": {
    "mean": 8.211184175608677,
    "std": 3.1049429823674495,
    "n": 132
  },
  "VGR1": {
    "mean": 4.487207886820957,
    "std": 1.6328757218896108,
    "n": 248
  },
  "DSSR": {
    "mean": 0.0,
    "std": 0.0,
    "n": 68
  },
  "LRO": {
    "mean": 10.503445281618651,
    "std": 6.836521845640466,
    "n": 142
  },
  "SWFO": {
    "mean": 0.0,
    "std": 0.0,
    "n": 68
  },
  "GBRA": {
    "mean": 0.0,
    "std": 0.0,
    "n": 209
  },
  "EMM": {
    "mean": 11.587830537233842,
    "std": 3.06075476965658,
    "n": 46
  },
  "TESS": {
    "mean": 7.619260374159661,
    "std": 5.0856054344950925,
    "n": 45
  },
  "EURC": {
    "mean": 5.613983411635755,
    "std": 5.494120046570652,
    "n": 95
  },
  "NHPC": {
    "mean": 0.0,
    "std": 0.0,
    "n": 15
  },
  "PSYC": {
    "mean": 10.13171688240263,
    "std": 5.167825175418664,
    "n": 218
  },
  "JNO": {
    "mean": 9.199634554215383,
    "std": 4.408258952110514,
    "n": 455
  },
  "MSL": {
    "mean": 0.11200544196573073,
    "std": 0.784038093760115,
    "n": 50
  },
  "M20": {
    "mean": 0.39065281000557206,
    "std": 1.3672848350195017,
    "n": 53
  },
  "CGO": {
    "mean": 9.89999413528588,
    "std": 5.674190465929065,
    "n": 84
  },
  "BIOS": {
    "mean": 7.300921556125871,
    "std": 3.509447946156779,
    "n": 32
  },
  "SGP": {
    "mean": 0.0,
    "std": 0.0,
    "n": 34
  },
  "DSCO": {
    "mean": 4.951768775643085,
    "std": 4.951768775643084,
    "n": 10
  },
  "THB": {
    "mean": 8.954668836338687,
    "std": 5.089404640938011,
    "n": 37
  },
  "MMX": {
    "mean": 5.125630207147106,
    "std": 4.898461512253476,
    "n": 45
  },
  "RST": {
    "mean": 7.105025557367963,
    "std": 5.919891139206077,
    "n": 13
  },
  "XMM": {
    "mean": 10.806803399541693,
    "std": 2.3040182265601743,
    "n": 23
  },
  "TEST": {
    "mean": 0.0,
    "std": 0.0,
    "n": 17
  },
  "MEX": {
    "mean": 11.162196878066604,
    "std": 3.3979678769504145,
    "n": 12
  },
  "BEPI": {
    "mean": 6.2961023683473805,
    "std": 3.365408276344554,
    "n": 9
  },
  "HYB2": {
    "mean": 0.0,
    "std": 0.0,
    "n": 4
  }
}