{
  "ACE": {
    "mean": 8.158539569398272,
    "std": 5.058818991012054,
    "n": 871
  },
  "DSN": {
    "mean": 0.0,
    "std": 0.0,
    "n": 13652
  },
  "DSS": {
    "mean": 0.0,
    "std": 0.0,
    "n": 2421
  },
  "JWST": {
    "mean": 11.44802329673894,
    "std": 5.826106081825965,
    "n": 2080
  },
  "KPLO": {
    "mean": 8.707108415102537,
    "std": 6.177097631704748,
    "n": 1685
  },
  "LUCY": {
    "mean": 8.993181319470937,
    "std": 3.8778913924033858,
    "n": 961
  },
  "M01O": {
    "mean": 7.9378074658821,
    "std": 4.21720718861952,
    "n": 3136
  },
  "MMS2": {
    "mean": 11.77380144449091,
    "std": 5.721851281203121,
    "n": 430
  },
  "ORX": {
    "mean": 4.361048751014817,
    "std": 6.400665326660722,
    "n": 924
  },
  "SOHO": {
    "mean": 10.437187302820702,
    "std": 4.491824201830393,
    "n": 2784
  },
  "SPP": {
    "mean": 8.6546047605691,
    "std": 4.544308602794351,
    "n": 1334
  },
  "VGR2": {
    "mean": 4.221025563859652,
    "std": 1.8438578961433705,
    "n": 1324
  },
  "CAPS": {
    "mean": 9.311573656845004,
    "std": 5.428067245932764,
    "n": 446
  },
  "MRO": {
    "mean": 11.430246666215536,
    "std": 5.647386013156389,
    "n": 1449
  },
  "STA": {
    "mean": 10.599730282522184,
    "std": 5.20696798584263,
    "n": 1071
  },
  "IMAP": {
    "mean": 10.760805953780489,
    "std": 5.417791779913434,
    "n": 549
  },
  "MMS3": {
    "mean": 11.868385077376207,
    "std": 5.664323586643329,
    "n": 405
  },
  "TGO": {
    "mean": 10.550472922780324,
    "std": 5.033925492799646,
    "n": 449
  },
  "TDR8": {
    "mean": 7.014025107082547,
    "std": 2.9972898409743474,
    "n": 136
  },
  "MMS4": {
    "mean": 11.711315028031732,
    "std": 5.831364651980709,
    "n": 378
  },
  "WIND": {
    "mean": 7.850878239644205,
    "std": 4.226230634153286,
    "n": 765
  },
  "ESCB": {
    "mean": 7.787627494436133,
    "std": 3.403851983876745,
    "n": 512
  },
  "THC": {
    "mean": 8.036380286672573,
    "std": 5.681867823453106,
    "n": 239
  },
  "CHDR": {
    "mean": 8.206444296030664,
    "std": 6.868793505054533,
    "n": 908
  },
  "MMS1": {
    "mean": 10.880871253585545,
    "std": 6.280128869945203,
    "n": 465
  },
  "ESCG": {
    "mean": 7.751468579692049,
    "std": 3.6558779681106235,
    "n": 468
  },
  "VGR1": {
    "mean": 3.7379353347892637,
    "std": 2.2329827876700117,
    "n": 1719
  },
  "DSSR": {
    "mean": 0.0,
    "std": 0.0,
    "n": 287
  },
  "LRO": {
    "mean": 10.170135059026167,
    "std": 6.441617017936521,
    "n": 1059
  },
  "SWFO": {
    "mean": 0.1848168028549343,
    "std": 1.2239450569972241,
    "n": 314
  },
  "GBRA": {
    "mean": 0.0,
    "std": 0.0,
    "n": 661
  },
  "EMM": {
    "mean": 10.075642807613153,
    "std": 4.840551021548727,
    "n": 256
  },
  "TESS": {
    "mean": 9.691314278364082,
    "std": 6.48100590868308,
    "n": 267
  },
  "EURC": {
    "mean": 6.433473710986997,
    "std": 4.642424412340575,
    "n": 584
  },
  "NHPC": {
    "mean": 2.789201883030447,
    "std": 2.976865015526967,
    "n": 759
  },
  "PSYC": {
    "mean": 9.778990100977305,
    "std": 5.38908353692284,
    "n": 730
  },
  "JNO": {
    "mean": 8.849804682699475,
    "std": 4.3107230761556625,
    "n": 1889
  },
  "MSL": {
    "mean": 0.2993576733300887,
    "std": 1.2108213280844138,
    "n": 295
  },
  "M20": {
    "mean": 0.3981653640441407,
    "std": 1.3792852806772187,
    "n": 247
  },
  "CGO": {
    "mean": 10.319310396423036,
    "std": 5.513565976668552,
    "n": 339
  },
  "BIOS": {
    "mean": 6.8961560828751995,
    "std": 3.808922480449452,
    "n": 107
  },
  "SGP": {
    "mean": 0.0,
    "std": 0.0,
    "n": 111
  },
  "DSCO": {
    "mean": 5.519787753357474,
    "std": 5.061207224223677,
    "n": 69
  },
  "THB": {
    "mean": 7.751827512100509,
    "std": 5.7755097653703125,
    "n": 147
  },
  "MMX": {
    "mean": 6.286980854753921,
    "std": 4.837917009469494,
    "n": 84
  },
  "RST": {
    "mean": 5.586916007866837,
    "std": 5.907579842444726,
    "n": 56
  },
  "XMM": {
    "mean": 10.309444622685579,
    "std": 3.1924408557625874,
    "n": 160
  },
  "TEST": {
    "mean": 0.0,
    "std": 0.0,
    "n": 271
  },
  "MEX": {
    "mean": 8.64732212457721,
    "std": 5.286989164477508,
    "n": 96
  },
  "BEPI": {
    "mean": 4.342343111860535,
    "std": 5.071384013101949,
    "n": 40
  },
  "HYB2": {
    "mean": 4.1767749285408255,
    "std": 3.2512601559797702,
    "n": 463
  },
  "HCRA": {
    "mean": 0.0,
    "std": 0.0,
    "n": 74
  },
  "EGS": {
    "mean": 0.0,
    "std": 0.0,
    "n": 16
  },
  "TERR": {
    "mean": 0.0,
    "std": 0.0,
    "n": 5
  }
}