{
  "ACE": {
    "mean": 8.221135028308222,
    "std": 5.029595777984616,
    "n": 847
  },
  "DSN": {
    "mean": 0.0,
    "std": 0.0,
    "n": 12912
  },
  "DSS": {
    "mean": 0.0,
    "std": 0.0,
    "n": 2374
  },
  "JWST": {
    "mean": 11.485617753218495,
    "std": 5.82976137546013,
    "n": 2046
  },
  "KPLO": {
    "mean": 8.776240297582842,
    "std": 6.174222483545782,
    "n": 1647
  },
  "LUCY": {
    "mean": 8.993181319470937,
    "std": 3.8778913924033858,
    "n": 961
  },
  "M01O": {
    "mean": 7.943673755136642,
    "std": 4.215400290223419,
    "n": 3096
  },
  "MMS2": {
    "mean": 11.836177396371644,
    "std": 5.670648967161214,
    "n": 424
  },
  "ORX": {
    "mean": 4.373465048072719,
    "std": 6.405831846358813,
    "n": 912
  },
  "SOHO": {
    "mean": 10.432456042274502,
    "std": 4.495602166086269,
    "n": 2746
  },
  "SPP": {
    "mean": 8.667599662611996,
    "std": 4.5353184217872,
    "n": 1332
  },
  "VGR2": {
    "mean": 4.2136267139781,
    "std": 1.8494655917498262,
    "n": 1301
  },
  "CAPS": {
    "mean": 9.312412566195453,
    "std": 5.429873412685489,
    "n": 434
  },
  "MRO": {
    "mean": 11.466943964013371,
    "std": 5.619493221825672,
    "n": 1432
  },
  "STA": {
    "mean": 10.588078737250884,
    "std": 5.217981650523623,
    "n": 1045
  },
  "IMAP": {
    "mean": 10.765848903540865,
    "std": 5.414721557906119,
    "n": 540
  },
  "MMS3": {
    "mean": 11.847016296686194,
    "std": 5.679995983745815,
    "n": 402
  },
  "TGO": {
    "mean": 10.50909623263593,
    "std": 5.06023282609917,
    "n": 437
  },
  "TDR8": {
    "mean": 7.014025107082547,
    "std": 2.9972898409743474,
    "n": 136
  },
  "MMS4": {
    "mean": 11.741206177322319,
    "std": 5.8054377066263605,
    "n": 367
  },
  "WIND": {
    "mean": 7.875651234889053,
    "std": 4.217255692007681,
    "n": 748
  },
  "ESCB": {
    "mean": 7.787627494436133,
    "std": 3.403851983876745,
    "n": 512
  },
  "THC": {
    "mean": 8.020635147971669,
    "std": 5.688586563353629,
    "n": 238
  },
  "CHDR": {
    "mean": 8.230837676893621,
    "std": 6.864701670431415,
    "n": 885
  },
  "MMS1": {
    "mean": 10.855865211791697,
    "std": 6.29278958893368,
    "n": 462
  },
  "ESCG": {
    "mean": 7.714136107728149,
    "std": 3.6210380226996843,
    "n": 453
  },
  "VGR1": {
    "mean": 3.696583536534609,
    "std": 2.2544048777306287,
    "n": 1664
  },
  "DSSR": {
    "mean": 0.0,
    "std": 0.0,
    "n": 287
  },
  "LRO": {
    "mean": 10.181081288845693,
    "std": 6.471978088599407,
    "n": 1038
  },
  "SWFO": {
    "mean": 0.18841713018327716,
    "std": 1.2355346073170201,
    "n": 308
  },
  "GBRA": {
    "mean": 0.0,
    "std": 0.0,
    "n": 661
  },
  "EMM": {
    "mean": 10.063121805097028,
    "std": 4.850802703744075,
    "n": 244
  },
  "TESS": {
    "mean": 9.691314278364082,
    "std": 6.48100590868308,
    "n": 267
  },
  "EURC": {
    "mean": 6.545555134523356,
    "std": 4.603687814078676,
    "n": 574
  },
  "NHPC": {
    "mean": 2.789201883030447,
    "std": 2.976865015526967,
    "n": 759
  },
  "PSYC": {
    "mean": 9.801750384129395,
    "std": 5.374569499777658,
    "n": 727
  },
  "JNO": {
    "mean": 8.83481379587313,
    "std": 4.314864106460276,
    "n": 1854
  },
  "MSL": {
    "mean": 0.2993576733300887,
    "std": 1.2108213280844138,
    "n": 295
  },
  "M20": {
    "mean": 0.3981653640441407,
    "std": 1.3792852806772187,
    "n": 247
  },
  "CGO": {
    "mean": 10.319310396423036,
    "std": 5.513565976668552,
    "n": 339
  },
  "BIOS": {
    "mean": 6.908636657782526,
    "std": 3.8018288013863715,
    "n": 99
  },
  "SGP": {
    "mean": 0.0,
    "std": 0.0,
    "n": 111
  },
  "DSCO": {
    "mean": 5.519787753357474,
    "std": 5.061207224223677,
    "n": 69
  },
  "THB": {
    "mean": 7.751827512100509,
    "std": 5.7755097653703125,
    "n": 147
  },
  "MMX": {
    "mean": 6.286980854753921,
    "std": 4.837917009469494,
    "n": 84
  },
  "RST": {
    "mean": 5.586916007866837,
    "std": 5.907579842444726,
    "n": 56
  },
  "XMM": {
    "mean": 10.309444622685579,
    "std": 3.1924408557625874,
    "n": 160
  },
  "TEST": {
    "mean": 0.0,
    "std": 0.0,
    "n": 271
  },
  "MEX": {
    "mean": 8.64732212457721,
    "std": 5.286989164477508,
    "n": 96
  },
  "BEPI": {
    "mean": 4.342343111860535,
    "std": 5.071384013101949,
    "n": 40
  },
  "HYB2": {
    "mean": 4.1767749285408255,
    "std": 3.2512601559797702,
    "n": 463
  },
  "HCRA": {
    "mean": 0.0,
    "std": 0.0,
    "n": 74
  },
  "EGS": {
    "mean": 0.0,
    "std": 0.0,
    "n": 16
  },
  "TERR": {
    "mean": 0.0,
    "std": 0.0,
    "n": 5
  }
}