{
  "ACE": {
    "mean": 8.38363955537133,
    "std": 4.931696354206736,
    "n": 516
  },
  "DSN": {
    "mean": 0.0,
    "std": 0.0,
    "n": 7896
  },
  "DSS": {
    "mean": 0.0,
    "std": 0.0,
    "n": 1614
  },
  "JWST": {
    "mean": 11.300286780246891,
    "std": 6.013467748328703,
    "n": 1151
  },
  "KPLO": {
    "mean": 8.695189374571523,
    "std": 6.255688432173623,
    "n": 944
  },
  "LUCY": {
    "mean": 9.12932902232602,
    "std": 4.018296287705033,
    "n": 723
  },
  "M01O": {
    "mean": 7.827660972258445,
    "std": 4.3506882079936124,
    "n": 1943
  },
  "MMS2": {
    "mean": 12.210928518513258,
    "std": 5.409931515652605,
    "n": 232
  },
  "ORX": {
    "mean": 3.900736562627627,
    "std": 6.2024496134266895,
    "n": 508
  },
  "SOHO": {
    "mean": 10.426930707673739,
    "std": 4.464679874546871,
    "n": 1588
  },
  "SPP": {
    "mean": 8.558915468937258,
    "std": 4.478736086636767,
    "n": 825
  },
  "VGR2": {
    "mean": 4.099973602953682,
    "std": 1.9379541097415414,
    "n": 771
  },
  "CAPS": {
    "mean": 9.151623744098066,
    "std": 5.529990391740574,
    "n": 262
  },
  "MRO": {
    "mean": 11.14346486773627,
    "std": 5.86639635268233,
    "n": 815
  },
  "STA": {
    "mean": 10.542597624931142,
    "std": 5.274983725538208,
    "n": 585
  },
  "IMAP": {
    "mean": 10.696312548714952,
    "std": 5.4711229645970425,
    "n": 328
  },
  "MMS3": {
    "mean": 11.642685190839591,
    "std": 5.873356232518334,
    "n": 232
  },
  "TGO": {
    "mean": 10.323166250409605,
    "std": 5.199029068310712,
    "n": 253
  },
  "TDR8": {
    "mean": 6.839711603308979,
    "std": 3.15492915596383,
    "n": 114
  },
  "MMS4": {
    "mean": 12.14159767803897,
    "std": 5.4959537212062495,
    "n": 212
  },
  "WIND": {
    "mean": 7.889198992786842,
    "std": 4.172400543718451,
    "n": 440
  },
  "ESCB": {
    "mean": 7.82164251798372,
    "std": 3.4050430401426963,
    "n": 269
  },
  "THC": {
    "mean": 8.274137696092502,
    "std": 5.578146447491908,
    "n": 126
  },
  "CHDR": {
    "mean": 8.187724141034412,
    "std": 6.876146513602814,
    "n": 532
  },
  "MMS1": {
    "mean": 10.637027987251944,
    "std": 6.420412301103333,
    "n": 255
  },
  "ESCG": {
    "mean": 7.636555905953473,
    "std": 3.678242527780648,
    "n": 298
  },
  "VGR1": {
    "mean": 4.4291202818657505,
    "std": 1.6959458370042622,
    "n": 823
  },
  "DSSR": {
    "mean": 0.0,
    "std": 0.0,
    "n": 142
  },
  "LRO": {
    "mean": 10.76729193601324,
    "std": 6.562981548358264,
    "n": 515
  },
  "SWFO": {
    "mean": 0.29309331361843083,
    "std": 1.530995381267177,
    "n": 198
  },
  "GBRA": {
    "mean": 0.0,
    "std": 0.0,
    "n": 482
  },
  "EMM": {
    "mean": 10.140910766217448,
    "std": 4.792813407975981,
    "n": 126
  },
  "TESS": {
    "mean": 9.816205956364739,
    "std": 6.526109895986046,
    "n": 157
  },
  "EURC": {
    "mean": 6.952340325543328,
    "std": 5.173269965269741,
    "n": 273
  },
  "NHPC": {
    "mean": 0.0,
    "std": 0.0,
    "n": 35
  },
  "PSYC": {
    "mean": 9.511877624841615,
    "std": 5.54306982999146,
    "n": 576
  },
  "JNO": {
    "mean": 8.946791385215233,
    "std": 4.397696499294433,
    "n": 1193
  },
  "MSL": {
    "mean": 0.24369409349139665,
    "std": 1.1019738045841472,
    "n": 150
  },
  "M20": {
    "mean": 0.4448253676430634,
    "std": 1.4507284722059157,
    "n": 128
  },
  "CGO": {
    "mean": 10.29665456960869,
    "std": 5.56626716135314,
    "n": 201
  },
  "BIOS": {
    "mean": 6.90725756194875,
    "std": 3.8125412770442706,
    "n": 60
  },
  "SGP": {
    "mean": 0.0,
    "std": 0.0,
    "n": 34
  },
  "DSCO": {
    "mean": 4.817937187112194,
    "std": 4.949959910276561,
    "n": 37
  },
  "THB": {
    "mean": 8.064012213811347,
    "std": 5.658003114824895,
    "n": 101
  },
  "MMX": {
    "mean": 6.3793662675728315,
    "std": 4.908486167029739,
    "n": 73
  },
  "RST": {
    "mean": 6.771292771997224,
    "std": 5.938614102744261,
    "n": 42
  },
  "XMM": {
    "mean": 10.525509644591095,
    "std": 2.8515098630196727,
    "n": 117
  },
  "TEST": {
    "mean": 0.0,
    "std": 0.0,
    "n": 138
  },
  "MEX": {
    "mean": 9.381623269263608,
    "std": 4.712619259557808,
    "n": 40
  },
  "BEPI": {
    "mean": 2.2665968526050566,
    "std": 3.6346409384521188,
    "n": 25
  },
  "HYB2": {
    "mean": 0.0,
    "std": 0.0,
    "n": 22
  },
  "HCRA": {
    "mean": 0.0,
    "std": 0.0,
    "n": 38
  },
  "EGS": {
    "mean": 0.0,
    "std": 0.0,
    "n": 16
  }
}