{
  "ACE": {
    "mean": 8.423607905427593,
    "std": 4.917839962117413,
    "n": 573
  },
  "DSN": {
    "mean": 0.0,
    "std": 0.0,
    "n": 8842
  },
  "DSS": {
    "mean": 0.0,
    "std": 0.0,
    "n": 1749
  },
  "JWST": {
    "mean": 11.349421491299477,
    "std": 6.019632911302007,
    "n": 1317
  },
  "KPLO": {
    "mean": 8.672509823357505,
    "std": 6.252891389483625,
    "n": 1100
  },
  "LUCY": {
    "mean": 9.102562041209785,
    "std": 3.978388340513624,
    "n": 771
  },
  "M01O": {
    "mean": 7.8729502196254515,
    "std": 4.324720425001935,
    "n": 2182
  },
  "MMS2": {
    "mean": 12.02088591692629,
    "std": 5.565977131729393,
    "n": 261
  },
  "ORX": {
    "mean": 4.064568979379767,
    "std": 6.277856443696613,
    "n": 589
  },
  "SOHO": {
    "mean": 10.411177796004392,
    "std": 4.489809882833672,
    "n": 1805
  },
  "SPP": {
    "mean": 9.031301129940909,
    "std": 4.579166459330826,
    "n": 1012
  },
  "VGR2": {
    "mean": 4.151991164968336,
    "std": 1.900190479719912,
    "n": 889
  },
  "CAPS": {
    "mean": 9.104565706084749,
    "std": 5.554492774919185,
    "n": 299
  },
  "MRO": {
    "mean": 11.21044663850728,
    "std": 5.8083946122783106,
    "n": 921
  },
  "STA": {
    "mean": 10.520321963023692,
    "std": 5.294473573546283,
    "n": 649
  },
  "IMAP": {
    "mean": 10.5764533270606,
    "std": 5.553439508835187,
    "n": 361
  },
  "MMS3": {
    "mean": 11.655058394800742,
    "std": 5.86087124000753,
    "n": 258
  },
  "TGO": {
    "mean": 10.340301584553735,
    "std": 5.202878811795446,
    "n": 308
  },
  "TDR8": {
    "mean": 6.839711603308979,
    "std": 3.15492915596383,
    "n": 114
  },
  "MMS4": {
    "mean": 12.058169432653076,
    "std": 5.558533987316209,
    "n": 240
  },
  "WIND": {
    "mean": 7.894541230192799,
    "std": 4.195853940659608,
    "n": 489
  },
  "ESCB": {
    "mean": 7.786035384159938,
    "std": 3.36633904233974,
    "n": 325
  },
  "THC": {
    "mean": 8.193392562835303,
    "std": 5.613047573066228,
    "n": 139
  },
  "CHDR": {
    "mean": 8.22175735272747,
    "std": 6.868539179073621,
    "n": 601
  },
  "MMS1": {
    "mean": 10.767951637001635,
    "std": 6.338403692594149,
    "n": 288
  },
  "ESCG": {
    "mean": 7.633222476183208,
    "std": 3.6618738278260294,
    "n": 336
  },
  "VGR1": {
    "mean": 4.413121592176348,
    "std": 1.7067055112055953,
    "n": 965
  },
  "DSSR": {
    "mean": 0.0,
    "std": 0.0,
    "n": 173
  },
  "LRO": {
    "mean": 10.895373462299991,
    "std": 6.488243919224482,
    "n": 603
  },
  "SWFO": {
    "mean": 0.26620401879105215,
    "std": 1.4615279332635267,
    "n": 218
  },
  "GBRA": {
    "mean": 0.0,
    "std": 0.0,
    "n": 518
  },
  "EMM": {
    "mean": 10.210121533965474,
    "std": 4.733528122869451,
    "n": 147
  },
  "TESS": {
    "mean": 9.526441127253786,
    "std": 6.393731075681011,
    "n": 175
  },
  "EURC": {
    "mean": 7.074369393519517,
    "std": 5.019332454515391,
    "n": 310
  },
  "NHPC": {
    "mean": 1.8146887535650735,
    "std": 1.9600878766953669,
    "n": 91
  },
  "PSYC": {
    "mean": 9.537529994357648,
    "std": 5.531002643262781,
    "n": 612
  },
  "JNO": {
    "mean": 8.991855148381791,
    "std": 4.361331023672074,
    "n": 1268
  },
  "MSL": {
    "mean": 0.24836408356673606,
    "std": 1.1111895918040897,
    "n": 168
  },
  "M20": {
    "mean": 0.45291310160021,
    "std": 1.4626058088651175,
    "n": 160
  },
  "CGO": {
    "mean": 10.33353758129151,
    "std": 5.58242053959072,
    "n": 219
  },
  "BIOS": {
    "mean": 6.976562835742111,
    "std": 3.7645650646294055,
    "n": 71
  },
  "SGP": {
    "mean": 0.0,
    "std": 0.0,
    "n": 34
  },
  "DSCO": {
    "mean": 4.951768775643087,
    "std": 4.951768775643087,
    "n": 44
  },
  "THB": {
    "mean": 8.080642312408651,
    "std": 5.635489905384737,
    "n": 111
  },
  "MMX": {
    "mean": 6.447047574555721,
    "std": 4.86009682234796,
    "n": 75
  },
  "RST": {
    "mean": 6.771292771997224,
    "std": 5.938614102744261,
    "n": 42
  },
  "XMM": {
    "mean": 10.478006574044688,
    "std": 2.9312374535648464,
    "n": 124
  },
  "TEST": {
    "mean": 0.0,
    "std": 0.0,
    "n": 144
  },
  "MEX": {
    "mean": 9.48539227202379,
    "std": 4.622399748859159,
    "n": 42
  },
  "BEPI": {
    "mean": 2.420109767318459,
    "std": 3.567173330124926,
    "n": 28
  },
  "HYB2": {
    "mean": 2.3542195857405193,
    "std": 2.2491697189958106,
    "n": 113
  },
  "HCRA": {
    "mean": 0.0,
    "std": 0.0,
    "n": 43
  },
  "EGS": {
    "mean": 0.0,
    "std": 0.0,
    "n": 16
  }
}