{
  "ACE": {
    "mean": 8.363950062251696,
    "std": 4.938057089857183,
    "n": 490
  },
  "DSN": {
    "mean": 0.0,
    "std": 0.0,
    "n": 7658
  },
  "DSS": {
    "mean": 0.0,
    "std": 0.0,
    "n": 1598
  },
  "JWST": {
    "mean": 11.233167019864924,
    "std": 5.993273025658999,
    "n": 1085
  },
  "KPLO": {
    "mean": 8.672432629537449,
    "std": 6.331263746088631,
    "n": 865
  },
  "LUCY": {
    "mean": 9.123937598029643,
    "std": 4.0317420722832855,
    "n": 718
  },
  "M01O": {
    "mean": 7.735668678543573,
    "std": 4.401728578972291,
    "n": 1799
  },
  "MMS2": {
    "mean": 12.1583136342759,
    "std": 5.45805875789156,
    "n": 215
  },
  "ORX": {
    "mean": 3.7191887283933447,
    "std": 6.101320341009827,
    "n": 454
  },
  "SOHO": {
    "mean": 10.405992387693988,
    "std": 4.478809640811636,
    "n": 1491
  },
  "SPP": {
    "mean": 8.651988959177997,
    "std": 4.456958373437672,
    "n": 808
  },
  "VGR2": {
    "mean": 4.3251481033386225,
    "std": 1.729007967004736,
    "n": 717
  },
  "CAPS": {
    "mean": 9.102389398369402,
    "std": 5.557767505425068,
    "n": 247
  },
  "MRO": {
    "mean": 11.198201345658177,
    "std": 5.839413068507773,
    "n": 771
  },
  "STA": {
    "mean": 10.548421318717812,
    "std": 5.272065015517031,
    "n": 556
  },
  "IMAP": {
    "mean": 10.739518707551465,
    "std": 5.4354528932159125,
    "n": 309
  },
  "MMS3": {
    "mean": 11.819221330363922,
    "std": 5.742363337517617,
    "n": 215
  },
  "TGO": {
    "mean": 10.216229170337764,
    "std": 5.2774429265380824,
    "n": 243
  },
  "TDR8": {
    "mean": 6.839711603308979,
    "std": 3.15492915596383,
    "n": 114
  },
  "MMS4": {
    "mean": 12.060813262696215,
    "std": 5.581277704414946,
    "n": 193
  },
  "WIND": {
    "mean": 7.884311822609245,
    "std": 4.225160983659382,
    "n": 416
  },
  "ESCB": {
    "mean": 8.036511239915066,
    "std": 3.2185417273027124,
    "n": 233
  },
  "THC": {
    "mean": 8.250525626230258,
    "std": 5.550633120173332,
    "n": 123
  },
  "CHDR": {
    "mean": 8.14260220202316,
    "std": 6.887020584872365,
    "n": 506
  },
  "MMS1": {
    "mean": 10.538976274929361,
    "std": 6.466023889598278,
    "n": 238
  },
  "ESCG": {
    "mean": 7.549211473910119,
    "std": 3.5483928089092633,
    "n": 278
  },
  "VGR1": {
    "mean": 4.450239702019721,
    "std": 1.6703582095159384,
    "n": 763
  },
  "DSSR": {
    "mean": 0.0,
    "std": 0.0,
    "n": 136
  },
  "LRO": {
    "mean": 10.86319258251827,
    "std": 6.551110682161118,
    "n": 491
  },
  "SWFO": {
    "mean": 0.2264692725613924,
    "std": 1.3512468070502595,
    "n": 183
  },
  "GBRA": {
    "mean": 0.0,
    "std": 0.0,
    "n": 449
  },
  "EMM": {
    "mean": 10.140910766217448,
    "std": 4.792813407975981,
    "n": 126
  },
  "TESS": {
    "mean": 9.675755646321923,
    "std": 6.630698832940818,
    "n": 144
  },
  "EURC": {
    "mean": 6.952340325543328,
    "std": 5.173269965269741,
    "n": 273
  },
  "NHPC": {
    "mean": 0.0,
    "std": 0.0,
    "n": 33
  },
  "PSYC": {
    "mean": 9.483170384679449,
    "std": 5.558753202060213,
    "n": 571
  },
  "JNO": {
    "mean": 8.91122209232088,
    "std": 4.408743506868964,
    "n": 1165
  },
  "MSL": {
    "mean": 0.25037064399801023,
    "std": 1.1162188022299566,
    "n": 146
  },
  "M20": {
    "mean": 0.3539247680392362,
    "std": 1.3064091441833674,
    "n": 117
  },
  "CGO": {
    "mean": 10.281880530042814,
    "std": 5.634132332577208,
    "n": 190
  },
  "BIOS": {
    "mean": 6.90725756194875,
    "std": 3.8125412770442706,
    "n": 60
  },
  "SGP": {
    "mean": 0.0,
    "std": 0.0,
    "n": 34
  },
  "DSCO": {
    "mean": 4.817937187112194,
    "std": 4.949959910276561,
    "n": 37
  },
  "THB": {
    "mean": 8.09411866564489,
    "std": 5.629050003664351,
    "n": 96
  },
  "MMX": {
    "mean": 6.3793662675728315,
    "std": 4.908486167029739,
    "n": 73
  },
  "RST": {
    "mean": 6.9364462542410585,
    "std": 5.914535763054458,
    "n": 41
  },
  "XMM": {
    "mean": 10.403132049426544,
    "std": 3.0511786047110028,
    "n": 101
  },
  "TEST": {
    "mean": 0.0,
    "std": 0.0,
    "n": 112
  },
  "MEX": {
    "mean": 9.381623269263608,
    "std": 4.712619259557808,
    "n": 40
  },
  "BEPI": {
    "mean": 2.2665968526050566,
    "std": 3.6346409384521188,
    "n": 25
  },
  "HYB2": {
    "mean": 0.0,
    "std": 0.0,
    "n": 20
  },
  "HCRA": {
    "mean": 0.0,
    "std": 0.0,
    "n": 34
  },
  "EGS": {
    "mean": 0.0,
    "std": 0.0,
    "n": 16
  }
}