{
  "ACE": {
    "mean": 8.44411451769859,
    "std": 4.910662787379268,
    "n": 608
  },
  "DSN": {
    "mean": 0.0,
    "std": 0.0,
    "n": 9188
  },
  "DSS": {
    "mean": 0.0,
    "std": 0.0,
    "n": 1832
  },
  "JWST": {
    "mean": 11.440091386047463,
    "std": 6.005248902952914,
    "n": 1413
  },
  "KPLO": {
    "mean": 8.567282323669241,
    "std": 6.193805264640602,
    "n": 1167
  },
  "LUCY": {
    "mean": 9.04893399048567,
    "std": 3.989587671015891,
    "n": 804
  },
  "M01O": {
    "mean": 7.934302685836099,
    "std": 4.282130416481264,
    "n": 2337
  },
  "MMS2": {
    "mean": 11.906551441678209,
    "std": 5.6616316740424795,
    "n": 277
  },
  "ORX": {
    "mean": 4.292402801889473,
    "std": 6.376442336741266,
    "n": 622
  },
  "SOHO": {
    "mean": 10.445650567013107,
    "std": 4.461993876369525,
    "n": 1925
  },
  "SPP": {
    "mean": 9.212044253111358,
    "std": 4.603411306784301,
    "n": 1122
  },
  "VGR2": {
    "mean": 4.1711046684455155,
    "std": 1.884032852916932,
    "n": 933
  },
  "CAPS": {
    "mean": 9.081313797480792,
    "std": 5.565881831113508,
    "n": 308
  },
  "MRO": {
    "mean": 11.207171891763851,
    "std": 5.800099217271818,
    "n": 975
  },
  "STA": {
    "mean": 10.543071868274499,
    "std": 5.280433391628619,
    "n": 689
  },
  "IMAP": {
    "mean": 10.548854542556196,
    "std": 5.571900591697971,
    "n": 376
  },
  "MMS3": {
    "mean": 11.693004165964766,
    "std": 5.83823733085691,
    "n": 276
  },
  "TGO": {
    "mean": 10.372236422583306,
    "std": 5.1774164321815315,
    "n": 327
  },
  "TDR8": {
    "mean": 6.839711603308979,
    "std": 3.15492915596383,
    "n": 114
  },
  "MMS4": {
    "mean": 11.959896174959383,
    "std": 5.642727747894283,
    "n": 253
  },
  "WIND": {
    "mean": 7.838584773570193,
    "std": 4.192637166255898,
    "n": 522
  },
  "ESCB": {
    "mean": 7.757434632774206,
    "std": 3.432000243436482,
    "n": 357
  },
  "THC": {
    "mean": 8.104053890379554,
    "std": 5.622679116121541,
    "n": 149
  },
  "CHDR": {
    "mean": 8.198977518234306,
    "std": 6.872412525934079,
    "n": 635
  },
  "MMS1": {
    "mean": 10.805452931535498,
    "std": 6.312770939714658,
    "n": 307
  },
  "ESCG": {
    "mean": 7.657921705159718,
    "std": 3.628997345537329,
    "n": 354
  },
  "VGR1": {
    "mean": 4.431776930199526,
    "std": 1.6866327255006675,
    "n": 1024
  },
  "DSSR": {
    "mean": 0.0,
    "std": 0.0,
    "n": 199
  },
  "LRO": {
    "mean": 10.814381754844652,
    "std": 6.417415758672958,
    "n": 641
  },
  "SWFO": {
    "mean": 0.25341692618536843,
    "std": 1.4271295231711938,
    "n": 229
  },
  "GBRA": {
    "mean": 0.0,
    "std": 0.0,
    "n": 541
  },
  "EMM": {
    "mean": 10.210121533965474,
    "std": 4.733528122869451,
    "n": 147
  },
  "TESS": {
    "mean": 9.855592996022676,
    "std": 6.549801187035146,
    "n": 192
  },
  "EURC": {
    "mean": 7.100864497760207,
    "std": 4.992850265279642,
    "n": 330
  },
  "NHPC": {
    "mean": 3.0483443222859417,
    "std": 2.693731434121586,
    "n": 169
  },
  "PSYC": {
    "mean": 9.569411006331013,
    "std": 5.5136415973773865,
    "n": 626
  },
  "JNO": {
    "mean": 8.984053686934978,
    "std": 4.3618532302110244,
    "n": 1325
  },
  "MSL": {
    "mean": 0.27848912034416745,
    "std": 1.1720492248333116,
    "n": 187
  },
  "M20": {
    "mean": 0.41647181756341145,
    "std": 1.4079317143529417,
    "n": 174
  },
  "CGO": {
    "mean": 10.420487202432566,
    "std": 5.524406325889526,
    "n": 236
  },
  "BIOS": {
    "mean": 7.029239327153974,
    "std": 3.7259097904270746,
    "n": 73
  },
  "SGP": {
    "mean": 0.0,
    "std": 0.0,
    "n": 34
  },
  "DSCO": {
    "mean": 4.951768775643087,
    "std": 4.951768775643087,
    "n": 44
  },
  "THB": {
    "mean": 8.141870177392011,
    "std": 5.5904266470201875,
    "n": 126
  },
  "MMX": {
    "mean": 6.447047574555721,
    "std": 4.86009682234796,
    "n": 75
  },
  "RST": {
    "mean": 6.771292771997224,
    "std": 5.938614102744261,
    "n": 42
  },
  "XMM": {
    "mean": 10.478006574044688,
    "std": 2.9312374535648464,
    "n": 124
  },
  "TEST": {
    "mean": 0.0,
    "std": 0.0,
    "n": 187
  },
  "MEX": {
    "mean": 9.817453080856374,
    "std": 4.3042786535186215,
    "n": 50
  },
  "BEPI": {
    "mean": 2.420109767318459,
    "std": 3.567173330124926,
    "n": 28
  },
  "HYB2": {
    "mean": 3.423677141705215,
    "std": 2.7201234531737817,
    "n": 269
  },
  "HCRA": {
    "mean": 0.0,
    "std": 0.0,
    "n": 48
  },
  "EGS": {
    "mean": 0.0,
    "std": 0.0,
    "n": 16
  }
}