{
  "ACE": {
    "mean": 8.389437386597493,
    "std": 4.928684451394679,
    "n": 517
  },
  "DSN": {
    "mean": 0.0,
    "std": 0.0,
    "n": 7945
  },
  "DSS": {
    "mean": 0.0,
    "std": 0.0,
    "n": 1629
  },
  "JWST": {
    "mean": 11.29603342158347,
    "std": 5.995512858419915,
    "n": 1158
  },
  "KPLO": {
    "mean": 8.677511435037765,
    "std": 6.255231560736268,
    "n": 948
  },
  "LUCY": {
    "mean": 9.122116009462472,
    "std": 4.016490607939735,
    "n": 729
  },
  "M01O": {
    "mean": 7.8231889015883285,
    "std": 4.35192472000136,
    "n": 1949
  },
  "MMS2": {
    "mean": 12.221747716673452,
    "std": 5.400824454889248,
    "n": 233
  },
  "ORX": {
    "mean": 3.93156799820836,
    "std": 6.217023369278398,
    "n": 511
  },
  "SOHO": {
    "mean": 10.425063453212006,
    "std": 4.4670355685474314,
    "n": 1599
  },
  "SPP": {
    "mean": 8.557321397490991,
    "std": 4.465272488483939,
    "n": 830
  },
  "VGR2": {
    "mean": 4.10278109176357,
    "std": 1.9347183149755092,
    "n": 774
  },
  "CAPS": {
    "mean": 9.151623744098066,
    "std": 5.529990391740574,
    "n": 262
  },
  "MRO": {
    "mean": 11.150870381794315,
    "std": 5.859425060163366,
    "n": 822
  },
  "STA": {
    "mean": 10.523832867592922,
    "std": 5.287819267591021,
    "n": 591
  },
  "IMAP": {
    "mean": 10.672332047574601,
    "std": 5.488293376801663,
    "n": 330
  },
  "MMS3": {
    "mean": 11.603169312752408,
    "std": 5.899468364417215,
    "n": 234
  },
  "TGO": {
    "mean": 10.282523863596968,
    "std": 5.228899752670032,
    "n": 254
  },
  "TDR8": {
    "mean": 6.839711603308979,
    "std": 3.15492915596383,
    "n": 114
  },
  "MMS4": {
    "mean": 12.14159767803897,
    "std": 5.4959537212062495,
    "n": 212
  },
  "WIND": {
    "mean": 7.8835612514835836,
    "std": 4.189559816890423,
    "n": 446
  },
  "ESCB": {
    "mean": 7.82164251798372,
    "std": 3.4050430401426963,
    "n": 269
  },
  "THC": {
    "mean": 8.274137696092502,
    "std": 5.578146447491908,
    "n": 126
  },
  "CHDR": {
    "mean": 8.18963238527425,
    "std": 6.875955688334808,
    "n": 537
  },
  "MMS1": {
    "mean": 10.663499792092614,
    "std": 6.402362780241998,
    "n": 257
  },
  "ESCG": {
    "mean": 7.636555905953473,
    "std": 3.678242527780648,
    "n": 298
  },
  "VGR1": {
    "mean": 4.421817729976512,
    "std": 1.7041049856592647,
    "n": 837
  },
  "DSSR": {
    "mean": 0.0,
    "std": 0.0,
    "n": 142
  },
  "LRO": {
    "mean": 10.746425091176006,
    "std": 6.573697324357996,
    "n": 516
  },
  "SWFO": {
    "mean": 0.2901623804822465,
    "std": 1.52360028728753,
    "n": 200
  },
  "GBRA": {
    "mean": 0.0,
    "std": 0.0,
    "n": 482
  },
  "EMM": {
    "mean": 10.17615097034732,
    "std": 4.763441558440722,
    "n": 128
  },
  "TESS": {
    "mean": 9.754017036109094,
    "std": 6.510762666029546,
    "n": 160
  },
  "EURC": {
    "mean": 7.015747212590843,
    "std": 5.180509860285611,
    "n": 276
  },
  "NHPC": {
    "mean": 0.0,
    "std": 0.0,
    "n": 35
  },
  "PSYC": {
    "mean": 9.540450371828479,
    "std": 5.527543876129292,
    "n": 585
  },
  "JNO": {
    "mean": 8.946197052637242,
    "std": 4.400098260375335,
    "n": 1197
  },
  "MSL": {
    "mean": 0.24369409349139665,
    "std": 1.1019738045841472,
    "n": 150
  },
  "M20": {
    "mean": 0.4448253676430634,
    "std": 1.4507284722059157,
    "n": 128
  },
  "CGO": {
    "mean": 10.314074653709458,
    "std": 5.557962091861507,
    "n": 202
  },
  "BIOS": {
    "mean": 6.974408779021245,
    "std": 3.7685359765902495,
    "n": 62
  },
  "SGP": {
    "mean": 0.0,
    "std": 0.0,
    "n": 34
  },
  "DSCO": {
    "mean": 4.951768775643088,
    "std": 4.951768775643087,
    "n": 38
  },
  "THB": {
    "mean": 8.17131157199432,
    "std": 5.610450677587311,
    "n": 104
  },
  "MMX": {
    "mean": 6.447047574555721,
    "std": 4.86009682234796,
    "n": 75
  },
  "RST": {
    "mean": 6.771292771997224,
    "std": 5.938614102744261,
    "n": 42
  },
  "XMM": {
    "mean": 10.525509644591095,
    "std": 2.8515098630196727,
    "n": 117
  },
  "TEST": {
    "mean": 0.0,
    "std": 0.0,
    "n": 138
  },
  "MEX": {
    "mean": 9.381623269263608,
    "std": 4.712619259557808,
    "n": 40
  },
  "BEPI": {
    "mean": 2.2665968526050566,
    "std": 3.6346409384521188,
    "n": 25
  },
  "HYB2": {
    "mean": 0.0,
    "std": 0.0,
    "n": 24
  },
  "HCRA": {
    "mean": 0.0,
    "std": 0.0,
    "n": 38
  },
  "EGS": {
    "mean": 0.0,
    "std": 0.0,
    "n": 16
  }
}