{
  "ACE": {
    "mean": 8.348098503221722,
    "std": 4.987983475109652,
    "n": 73
  },
  "DSN": {
    "mean": 0.0,
    "std": 0.0,
    "n": 1173
  },
  "DSS": {
    "mean": 0.0,
    "std": 0.0,
    "n": 447
  },
  "JWST": {
    "mean": 12.484892333883028,
    "std": 6.134013248622203,
    "n": 145
  },
  "KPLO": {
    "mean": 6.8385486970635005,
    "std": 7.014696653058137,
    "n": 100
  },
  "LUCY": {
    "mean": 9.858191496756508,
    "std": 3.4192793245095565,
    "n": 149
  },
  "M01O": {
    "mean": 8.143549903614627,
    "std": 4.077835946104742,
    "n": 209
  },
  "MMS2": {
    "mean": 11.874581503061174,
    "std": 5.667125759720471,
    "n": 27
  },
  "ORX": {
    "mean": 4.282955728327558,
    "std": 6.3738248992422655,
    "n": 45
  },
  "SOHO": {
    "mean": 10.069143518205095,
    "std": 4.8572989194294625,
    "n": 196
  },
  "SPP": {
    "mean": 9.666297695917065,
    "std": 3.988126797007201,
    "n": 129
  },
  "VGR2": {
    "mean": 4.491592953772094,
    "std": 1.6276254462930733,
    "n": 112
  },
  "CAPS": {
    "mean": 7.204842166961555,
    "std": 6.144376719423259,
    "n": 38
  },
  "MRO": {
    "mean": 11.626375884339929,
    "std": 5.501847358322656,
    "n": 143
  },
  "STA": {
    "mean": 9.07166628458936,
    "std": 6.1195354097199095,
    "n": 64
  },
  "IMAP": {
    "mean": 10.349992285855462,
    "std": 5.690854401304634,
    "n": 56
  },
  "MMS3": {
    "mean": 10.970912797947973,
    "std": 6.059646975191299,
    "n": 30
  },
  "TGO": {
    "mean": 11.167455269608686,
    "std": 4.680663540518066,
    "n": 27
  },
  "TDR8": {
    "mean": 6.839711603308979,
    "std": 3.15492915596383,
    "n": 114
  },
  "MMS4": {
    "mean": 10.605590439367976,
    "std": 6.443238795543328,
    "n": 26
  },
  "WIND": {
    "mean": 7.950333136364603,
    "std": 4.12208408814772,
    "n": 65
  },
  "ESCB": {
    "mean": 7.302198972940727,
    "std": 3.5078629207632055,
    "n": 32
  },
  "THC": {
    "mean": 8.972552849858419,
    "std": 5.623995467200068,
    "n": 18
  },
  "CHDR": {
    "mean": 8.392669572393126,
    "std": 6.852586010715147,
    "n": 60
  },
  "MMS1": {
    "mean": 10.092301665186518,
    "std": 6.7324720731805145,
    "n": 26
  },
  "ESCG": {
    "mean": 8.21674726778531,
    "std": 3.077871695699597,
    "n": 100
  },
  "VGR1": {
    "mean": 4.509746373923704,
    "std": 1.6056252839036695,
    "n": 80
  },
  "DSSR": {
    "mean": 0.0,
    "std": 0.0,
    "n": 42
  },
  "LRO": {
    "mean": 9.64990861387956,
    "std": 6.7286610819449635,
    "n": 23
  },
  "SWFO": {
    "mean": 0.0,
    "std": 0.0,
    "n": 26
  },
  "GBRA": {
    "mean": 0.0,
    "std": 0.0,
    "n": 75
  },
  "EMM": {
    "mean": 10.779377243938455,
    "std": 4.174834854826083,
    "n": 23
  },
  "TESS": {
    "mean": 5.377097202287007,
    "std": 4.809422561350061,
    "n": 9
  },
  "EURC": {
    "mean": 5.110191165187956,
    "std": 5.777128030401957,
    "n": 32
  },
  "NHPC": {
    "mean": 0.0,
    "std": 0.0,
    "n": 5
  },
  "PSYC": {
    "mean": 10.969826290020059,
    "std": 4.432852348494451,
    "n": 57
  },
  "JNO": {
    "mean": 10.1624080502013,
    "std": 3.6224542124246053,
    "n": 119
  },
  "MSL": {
    "mean": 0.0,
    "std": 0.0,
    "n": 13
  },
  "M20": {
    "mean": 0.0,
    "std": 0.0,
    "n": 25
  },
  "CGO": {
    "mean": 8.043201089507736,
    "std": 6.194512694083141,
    "n": 23
  },
  "BIOS": {
    "mean": 6.481374500800612,
    "std": 3.97086966242705,
    "n": 11
  },
  "SGP": {
    "mean": 0.0,
    "std": 0.0,
    "n": 34
  },
  "DSCO": {
    "mean": 3.961415020514468,
    "std": 4.851722729828701,
    "n": 5
  },
  "THB": {
    "mean": 8.75867294851638,
    "std": 5.395528993320845,
    "n": 11
  },
  "MMX": {
    "mean": 3.1847383128714086,
    "std": 4.556806537338114,
    "n": 27
  }
}