{
  "ACE": {
    "mean": 8.35444524776443,
    "std": 4.958901139729893,
    "n": 738
  },
  "DSN": {
    "mean": 0.0,
    "std": 0.0,
    "n": 11355
  },
  "DSS": {
    "mean": 0.0,
    "std": 0.0,
    "n": 2152
  },
  "JWST": {
    "mean": 11.420892377604035,
    "std": 5.9352705287349155,
    "n": 1769
  },
  "KPLO": {
    "mean": 8.696656904512304,
    "std": 6.211316680511798,
    "n": 1425
  },
  "LUCY": {
    "mean": 9.026908214267419,
    "std": 3.918243702452215,
    "n": 885
  },
  "M01O": {
    "mean": 7.843771636431287,
    "std": 4.287337249164294,
    "n": 2711
  },
  "MMS2": {
    "mean": 11.888141863401566,
    "std": 5.661890841884601,
    "n": 363
  },
  "ORX": {
    "mean": 4.398418840083618,
    "std": 6.415415423985445,
    "n": 813
  },
  "SOHO": {
    "mean": 10.400591676549768,
    "std": 4.518128342775899,
    "n": 2394
  },
  "SPP": {
    "mean": 8.882440090358735,
    "std": 4.580355471972303,
    "n": 1237
  },
  "VGR2": {
    "mean": 4.195360803603486,
    "std": 1.8641130132971497,
    "n": 1120
  },
  "CAPS": {
    "mean": 9.14918396690887,
    "std": 5.526162449118196,
    "n": 382
  },
  "MRO": {
    "mean": 11.362137999249585,
    "std": 5.703415010790343,
    "n": 1278
  },
  "STA": {
    "mean": 10.618293976027235,
    "std": 5.207322910392714,
    "n": 883
  },
  "IMAP": {
    "mean": 10.67722103056668,
    "std": 5.480994932516392,
    "n": 470
  },
  "MMS3": {
    "mean": 11.775744185441935,
    "std": 5.753770231756689,
    "n": 343
  },
  "TGO": {
    "mean": 10.50848055621284,
    "std": 5.058261569697154,
    "n": 384
  },
  "TDR8": {
    "mean": 7.014025107082547,
    "std": 2.9972898409743474,
    "n": 136
  },
  "MMS4": {
    "mean": 11.959534672147715,
    "std": 5.6321456156456815,
    "n": 320
  },
  "WIND": {
    "mean": 7.872429730070438,
    "std": 4.173543707434817,
    "n": 655
  },
  "ESCB": {
    "mean": 7.816852453699548,
    "std": 3.422471766084753,
    "n": 448
  },
  "THC": {
    "mean": 8.16324649609794,
    "std": 5.648212518722296,
    "n": 184
  },
  "CHDR": {
    "mean": 8.191608218720836,
    "std": 6.870696493829555,
    "n": 775
  },
  "MMS1": {
    "mean": 10.738168925191584,
    "std": 6.343009455896699,
    "n": 395
  },
  "ESCG": {
    "mean": 7.678819799000944,
    "std": 3.661046819124107,
    "n": 388
  },
  "VGR1": {
    "mean": 4.041058529384402,
    "std": 2.0430593885519897,
    "n": 1325
  },
  "DSSR": {
    "mean": 0.0,
    "std": 0.0,
    "n": 256
  },
  "LRO": {
    "mean": 10.594543549085735,
    "std": 6.426632061606498,
    "n": 843
  },
  "SWFO": {
    "mean": 0.21335469153106387,
    "std": 1.3127330429769695,
    "n": 272
  },
  "GBRA": {
    "mean": 0.0,
    "std": 0.0,
    "n": 643
  },
  "EMM": {
    "mean": 10.10300937413302,
    "std": 4.819765948095871,
    "n": 205
  },
  "TESS": {
    "mean": 10.069945880849138,
    "std": 6.689301786347574,
    "n": 231
  },
  "EURC": {
    "mean": 6.595316996801882,
    "std": 4.622226586432307,
    "n": 499
  },
  "NHPC": {
    "mean": 2.598354758116962,
    "std": 2.9392443658012173,
    "n": 517
  },
  "PSYC": {
    "mean": 9.721354123946155,
    "std": 5.426520296329287,
    "n": 682
  },
  "JNO": {
    "mean": 8.995115251601561,
    "std": 4.142171797895848,
    "n": 1719
  },
  "MSL": {
    "mean": 0.36950005703923067,
    "std": 1.3355483025963615,
    "n": 239
  },
  "M20": {
    "mean": 0.4370970885284567,
    "std": 1.4392449802223781,
    "n": 225
  },
  "CGO": {
    "mean": 10.255237957775261,
    "std": 5.567524364717267,
    "n": 291
  },
  "BIOS": {
    "mean": 7.000237304147708,
    "std": 3.7431823578094545,
    "n": 90
  },
  "SGP": {
    "mean": 0.0,
    "std": 0.0,
    "n": 111
  },
  "DSCO": {
    "mean": 4.854675270238321,
    "std": 4.950816787020306,
    "n": 51
  },
  "THB": {
    "mean": 8.127425734448254,
    "std": 5.624767373043861,
    "n": 131
  },
  "MMX": {
    "mean": 6.447047574555721,
    "std": 4.86009682234796,
    "n": 75
  },
  "RST": {
    "mean": 6.2573459288108575,
    "std": 5.9069727957618285,
    "n": 50
  },
  "XMM": {
    "mean": 10.356520785449455,
    "std": 3.1226085073686924,
    "n": 144
  },
  "TEST": {
    "mean": 0.0,
    "std": 0.0,
    "n": 226
  },
  "MEX": {
    "mean": 8.789216817942776,
    "std": 5.089398123353399,
    "n": 68
  },
  "BEPI": {
    "mean": 4.342343111860535,
    "std": 5.071384013101949,
    "n": 40
  },
  "HYB2": {
    "mean": 4.1767749285408255,
    "std": 3.2512601559797702,
    "n": 463
  },
  "HCRA": {
    "mean": 0.0,
    "std": 0.0,
    "n": 74
  },
  "EGS": {
    "mean": 0.0,
    "std": 0.0,
    "n": 16
  }
}