{
  "ACE": {
    "mean": 8.467459371284582,
    "std": 4.928399366017333,
    "n": 419
  },
  "DSN": {
    "mean": 0.0,
    "std": 0.0,
    "n": 6817
  },
  "DSS": {
    "mean": 0.0,
    "std": 0.0,
    "n": 1464
  },
  "JWST": {
    "mean": 11.210766308823759,
    "std": 6.06855169640139,
    "n": 920
  },
  "KPLO": {
    "mean": 8.621753783613572,
    "std": 6.362575989572525,
    "n": 773
  },
  "LUCY": {
    "mean": 9.113238631967725,
    "std": 4.088051000223048,
    "n": 675
  },
  "M01O": {
    "mean": 7.914306156519562,
    "std": 4.293207186346891,
    "n": 1567
  },
  "MMS2": {
    "mean": 12.100333746043828,
    "std": 5.488727539961143,
    "n": 182
  },
  "ORX": {
    "mean": 3.8705420373606674,
    "std": 6.177558095475378,
    "n": 376
  },
  "SOHO": {
    "mean": 10.285006486901548,
    "std": 4.573900886451794,
    "n": 1272
  },
  "SPP": {
    "mean": 8.798409152480877,
    "std": 4.452339159258657,
    "n": 781
  },
  "VGR2": {
    "mean": 4.2923708999730295,
    "std": 1.76718553721676,
    "n": 630
  },
  "CAPS": {
    "mean": 9.068768371762118,
    "std": 5.580382323410545,
    "n": 226
  },
  "MRO": {
    "mean": 11.0841277123539,
    "std": 5.907162085330534,
    "n": 672
  },
  "STA": {
    "mean": 10.5000351528984,
    "std": 5.308338513577747,
    "n": 482
  },
  "IMAP": {
    "mean": 10.764323209247172,
    "std": 5.419230117576154,
    "n": 277
  },
  "MMS3": {
    "mean": 11.900265140292397,
    "std": 5.671045185226445,
    "n": 184
  },
  "TGO": {
    "mean": 9.964954128733211,
    "std": 5.402988159050071,
    "n": 203
  },
  "TDR8": {
    "mean": 6.839711603308979,
    "std": 3.15492915596383,
    "n": 114
  },
  "MMS4": {
    "mean": 11.892624826181422,
    "std": 5.703403432040948,
    "n": 166
  },
  "WIND": {
    "mean": 7.871121199247182,
    "std": 4.254915919719188,
    "n": 368
  },
  "ESCB": {
    "mean": 8.049237850324007,
    "std": 3.235593226278354,
    "n": 217
  },
  "THC": {
    "mean": 8.498996692629783,
    "std": 5.425904743705595,
    "n": 115
  },
  "CHDR": {
    "mean": 8.13930558292968,
    "std": 6.890261870641815,
    "n": 436
  },
  "MMS1": {
    "mean": 10.379280085061344,
    "std": 6.524237855498531,
    "n": 198
  },
  "ESCG": {
    "mean": 7.701540526553268,
    "std": 3.473340056912333,
    "n": 235
  },
  "VGR1": {
    "mean": 4.442676254155181,
    "std": 1.6772358637191065,
    "n": 627
  },
  "DSSR": {
    "mean": 0.0,
    "std": 0.0,
    "n": 113
  },
  "LRO": {
    "mean": 10.793214507107798,
    "std": 6.659292009887806,
    "n": 409
  },
  "SWFO": {
    "mean": 0.26566587742778736,
    "std": 1.459955594196445,
    "n": 156
  },
  "GBRA": {
    "mean": 0.0,
    "std": 0.0,
    "n": 396
  },
  "EMM": {
    "mean": 10.026875683153918,
    "std": 4.8874313541980285,
    "n": 99
  },
  "TESS": {
    "mean": 9.570142069355327,
    "std": 6.344178468224271,
    "n": 123
  },
  "EURC": {
    "mean": 6.705475246732207,
    "std": 5.2493965627530965,
    "n": 211
  },
  "NHPC": {
    "mean": 0.0,
    "std": 0.0,
    "n": 28
  },
  "PSYC": {
    "mean": 9.442373441912837,
    "std": 5.581673350477218,
    "n": 533
  },
  "JNO": {
    "mean": 8.876333537030273,
    "std": 4.586768867119695,
    "n": 923
  },
  "MSL": {
    "mean": 0.20970085641475092,
    "std": 1.0279677581234719,
    "n": 125
  },
  "M20": {
    "mean": 0.3814005066107033,
    "std": 1.3523016615584011,
    "n": 95
  },
  "CGO": {
    "mean": 10.325504975706124,
    "std": 5.5861506831518675,
    "n": 171
  },
  "BIOS": {
    "mean": 6.799526198420348,
    "std": 3.87844496642235,
    "n": 53
  },
  "SGP": {
    "mean": 0.0,
    "std": 0.0,
    "n": 34
  },
  "DSCO": {
    "mean": 5.111503252276735,
    "std": 4.9491917425382095,
    "n": 31
  },
  "THB": {
    "mean": 8.053153679619038,
    "std": 5.63942903441002,
    "n": 89
  },
  "MMX": {
    "mean": 6.3833415820869694,
    "std": 4.865709226505287,
    "n": 71
  },
  "RST": {
    "mean": 7.504568018465512,
    "std": 6.107700359240118,
    "n": 29
  },
  "XMM": {
    "mean": 10.403132049426544,
    "std": 3.0511786047110028,
    "n": 101
  },
  "TEST": {
    "mean": 0.0,
    "std": 0.0,
    "n": 95
  },
  "MEX": {
    "mean": 9.32574765239274,
    "std": 4.759553845465456,
    "n": 39
  },
  "BEPI": {
    "mean": 2.6983295864345913,
    "std": 3.816014296888384,
    "n": 21
  },
  "HYB2": {
    "mean": 0.0,
    "std": 0.0,
    "n": 14
  },
  "HCRA": {
    "mean": 0.0,
    "std": 0.0,
    "n": 32
  },
  "EGS": {
    "mean": 0.0,
    "std": 0.0,
    "n": 3
  }
}