{
  "ACE": {
    "mean": 8.650371537072544,
    "std": 4.831981413692172,
    "n": 233
  },
  "DSN": {
    "mean": 0.0,
    "std": 0.0,
    "n": 3959
  },
  "DSS": {
    "mean": 0.0,
    "std": 0.0,
    "n": 1125
  },
  "JWST": {
    "mean": 10.717184304598216,
    "std": 5.8988971976867575,
    "n": 470
  },
  "KPLO": {
    "mean": 8.418941544136132,
    "std": 6.514857964710762,
    "n": 423
  },
  "LUCY": {
    "mean": 8.714914844987556,
    "std": 4.4973966539076144,
    "n": 409
  },
  "M01O": {
    "mean": 8.38706600984921,
    "std": 3.876741101094773,
    "n": 774
  },
  "MMS2": {
    "mean": 11.954745492640628,
    "std": 5.574143555483917,
    "n": 101
  },
  "ORX": {
    "mean": 4.063724437435762,
    "std": 6.266672199406517,
    "n": 152
  },
  "SOHO": {
    "mean": 10.291946650589724,
    "std": 4.670583901297977,
    "n": 609
  },
  "SPP": {
    "mean": 8.267758821270098,
    "std": 4.291282799285655,
    "n": 378
  },
  "VGR2": {
    "mean": 4.335485775724187,
    "std": 1.7045722403607573,
    "n": 348
  },
  "CAPS": {
    "mean": 8.416533678140365,
    "std": 5.875751073221292,
    "n": 113
  },
  "MRO": {
    "mean": 11.212924454657589,
    "std": 5.918574592269644,
    "n": 415
  },
  "STA": {
    "mean": 10.42457619409104,
    "std": 5.3600780140297095,
    "n": 225
  },
  "IMAP": {
    "mean": 10.51830771930238,
    "std": 5.588530812945697,
    "n": 159
  },
  "MMS3": {
    "mean": 11.683740172562102,
    "std": 5.769386169800854,
    "n": 92
  },
  "TGO": {
    "mean": 9.723792592327786,
    "std": 5.545004553244885,
    "n": 98
  },
  "TDR8": {
    "mean": 6.839711603308979,
    "std": 3.15492915596383,
    "n": 114
  },
  "MMS4": {
    "mean": 12.26353512196692,
    "std": 5.358049567909576,
    "n": 75
  },
  "WIND": {
    "mean": 7.951185908890892,
    "std": 4.122531452063712,
    "n": 200
  },
  "ESCB": {
    "mean": 8.263116725355085,
    "std": 3.157964276265671,
    "n": 141
  },
  "THC": {
    "mean": 8.458828392465893,
    "std": 5.435835904425914,
    "n": 69
  },
  "CHDR": {
    "mean": 7.941301666091942,
    "std": 6.9233767584650465,
    "n": 220
  },
  "MMS1": {
    "mean": 10.746677226883707,
    "std": 6.33408477661278,
    "n": 101
  },
  "ESCG": {
    "mean": 8.162494335168121,
    "std": 3.112390402282501,
    "n": 146
  },
  "VGR1": {
    "mean": 4.505162632872836,
    "std": 1.6112301880896072,
    "n": 291
  },
  "DSSR": {
    "mean": 0.0,
    "std": 0.0,
    "n": 78
  },
  "LRO": {
    "mean": 10.012495803448205,
    "std": 6.7068115582501955,
    "n": 178
  },
  "SWFO": {
    "mean": 0.0,
    "std": 0.0,
    "n": 72
  },
  "GBRA": {
    "mean": 0.0,
    "std": 0.0,
    "n": 251
  },
  "EMM": {
    "mean": 11.641474136744053,
    "std": 3.0089238373033087,
    "n": 48
  },
  "TESS": {
    "mean": 8.272216538931639,
    "std": 5.4063670621933,
    "n": 65
  },
  "EURC": {
    "mean": 6.048820783450451,
    "std": 5.6108386830998755,
    "n": 103
  },
  "NHPC": {
    "mean": 0.0,
    "std": 0.0,
    "n": 18
  },
  "PSYC": {
    "mean": 10.357307203610489,
    "std": 5.000029325048844,
    "n": 254
  },
  "JNO": {
    "mean": 8.9011394619245,
    "std": 4.594259319715302,
    "n": 577
  },
  "MSL": {
    "mean": 0.10566551128842522,
    "std": 0.7619648379970722,
    "n": 53
  },
  "M20": {
    "mean": 0.38341849870917255,
    "std": 1.3555891023481068,
    "n": 54
  },
  "CGO": {
    "mean": 9.726310167223064,
    "std": 5.774392869378137,
    "n": 100
  },
  "BIOS": {
    "mean": 7.300921556125871,
    "std": 3.509447946156779,
    "n": 32
  },
  "SGP": {
    "mean": 0.0,
    "std": 0.0,
    "n": 34
  },
  "DSCO": {
    "mean": 4.244373236265502,
    "std": 4.9009800609982594,
    "n": 14
  },
  "THB": {
    "mean": 8.849703852968876,
    "std": 5.208177115089756,
    "n": 43
  },
  "MMX": {
    "mean": 5.125630207147106,
    "std": 4.898461512253476,
    "n": 45
  },
  "RST": {
    "mean": 7.105025557367963,
    "std": 5.919891139206077,
    "n": 13
  },
  "XMM": {
    "mean": 10.096105009505944,
    "std": 3.4834871754517813,
    "n": 47
  },
  "TEST": {
    "mean": 0.0,
    "std": 0.0,
    "n": 35
  },
  "MEX": {
    "mean": 9.087453727158627,
    "std": 5.102613566453179,
    "n": 21
  },
  "BEPI": {
    "mean": 6.2961023683473805,
    "std": 3.365408276344554,
    "n": 9
  },
  "HYB2": {
    "mean": 0.0,
    "std": 0.0,
    "n": 4
  }
}