{
  "ACE": {
    "mean": 8.571331901358597,
    "std": 4.889109008362594,
    "n": 176
  },
  "DSN": {
    "mean": 0.0,
    "std": 0.0,
    "n": 3086
  },
  "DSS": {
    "mean": 0.0,
    "std": 0.0,
    "n": 1032
  },
  "JWST": {
    "mean": 10.861850150236016,
    "std": 5.878993686237429,
    "n": 348
  },
  "KPLO": {
    "mean": 8.237119503710247,
    "std": 6.59776656567397,
    "n": 334
  },
  "LUCY": {
    "mean": 9.458464921539719,
    "std": 3.8765536793707467,
    "n": 306
  },
  "M01O": {
    "mean": 8.358392340342663,
    "std": 3.909497249951856,
    "n": 564
  },
  "MMS2": {
    "mean": 11.98405721802003,
    "std": 5.584326909513649,
    "n": 73
  },
  "ORX": {
    "mean": 3.6600740767303774,
    "std": 6.070130406156481,
    "n": 105
  },
  "SOHO": {
    "mean": 10.172609563285107,
    "std": 4.7720199687937,
    "n": 438
  },
  "SPP": {
    "mean": 8.998210127152648,
    "std": 4.1797642854690364,
    "n": 322
  },
  "VGR2": {
    "mean": 4.280081072816923,
    "std": 1.7604493557095457,
    "n": 250
  },
  "CAPS": {
    "mean": 8.295280583192385,
    "std": 5.918340377558435,
    "n": 89
  },
  "MRO": {
    "mean": 11.884270680338375,
    "std": 5.450630883909586,
    "n": 330
  },
  "STA": {
    "mean": 10.237443443236343,
    "std": 5.484918584173815,
    "n": 184
  },
  "IMAP": {
    "mean": 10.614731599818732,
    "std": 5.524564845157167,
    "n": 122
  },
  "MMS3": {
    "mean": 11.609536472267697,
    "std": 5.757766308735505,
    "n": 66
  },
  "TGO": {
    "mean": 10.5169754536668,
    "std": 5.047481953957466,
    "n": 59
  },
  "TDR8": {
    "mean": 6.839711603308979,
    "std": 3.15492915596383,
    "n": 114
  },
  "MMS4": {
    "mean": 11.995756710235966,
    "std": 5.559404203535737,
    "n": 51
  },
  "WIND": {
    "mean": 8.088404534581983,
    "std": 4.0280348199138825,
    "n": 150
  },
  "ESCB": {
    "mean": 8.017579842078774,
    "std": 3.379359798089419,
    "n": 90
  },
  "THC": {
    "mean": 8.507258400356072,
    "std": 5.484396530299815,
    "n": 55
  },
  "CHDR": {
    "mean": 7.820919447777597,
    "std": 6.936469794606849,
    "n": 159
  },
  "MMS1": {
    "mean": 10.4465269253309,
    "std": 6.485003815915294,
    "n": 72
  },
  "ESCG": {
    "mean": 8.186929874444884,
    "std": 3.1500045941231565,
    "n": 128
  },
  "VGR1": {
    "mean": 4.522206755440708,
    "std": 1.5902223767464172,
    "n": 209
  },
  "DSSR": {
    "mean": 0.0,
    "std": 0.0,
    "n": 68
  },
  "LRO": {
    "mean": 10.53111720989671,
    "std": 7.01383848616922,
    "n": 105
  },
  "SWFO": {
    "mean": 0.0,
    "std": 0.0,
    "n": 58
  },
  "GBRA": {
    "mean": 0.0,
    "std": 0.0,
    "n": 191
  },
  "EMM": {
    "mean": 11.363260177985122,
    "std": 3.4261518550512498,
    "n": 36
  },
  "TESS": {
    "mean": 7.933007388997997,
    "std": 4.974610001446154,
    "n": 42
  },
  "EURC": {
    "mean": 5.367819385738329,
    "std": 5.5545564662417295,
    "n": 84
  },
  "NHPC": {
    "mean": 0.0,
    "std": 0.0,
    "n": 15
  },
  "PSYC": {
    "mean": 9.826981303222256,
    "std": 5.3696353605394895,
    "n": 174
  },
  "JNO": {
    "mean": 9.896057834528937,
    "std": 3.784828423642154,
    "n": 282
  },
  "MSL": {
    "mean": 0.12727891132469402,
    "std": 0.8346236364517667,
    "n": 44
  },
  "M20": {
    "mean": 0.11013084537391131,
    "std": 0.7469437346464108,
    "n": 47
  },
  "CGO": {
    "mean": 9.83673893107173,
    "std": 5.67165373123259,
    "n": 66
  },
  "BIOS": {
    "mean": 7.30149457724267,
    "std": 3.48187335626453,
    "n": 27
  },
  "SGP": {
    "mean": 0.0,
    "std": 0.0,
    "n": 34
  },
  "DSCO": {
    "mean": 4.951768775643085,
    "std": 4.951768775643084,
    "n": 10
  },
  "THB": {
    "mean": 8.793008581415883,
    "std": 5.186393394674723,
    "n": 35
  },
  "MMX": {
    "mean": 4.877063057512354,
    "std": 4.978158695392336,
    "n": 42
  },
  "RST": {
    "mean": 4.273278775786431,
    "std": 5.542383218646343,
    "n": 5
  },
  "XMM": {
    "mean": 11.298020796733232,
    "std": 3.426293600148954e-05,
    "n": 12
  },
  "TEST": {
    "mean": 0.0,
    "std": 0.0,
    "n": 17
  },
  "MEX": {
    "mean": 11.162196878066604,
    "std": 3.3979678769504145,
    "n": 12
  },
  "BEPI": {
    "mean": 6.2961023683473805,
    "std": 3.365408276344554,
    "n": 9
  },
  "HYB2": {
    "mean": 0.0,
    "std": 0.0,
    "n": 4
  }
}