{
  "ACE": {
    "mean": 8.328515133864299,
    "std": 5.015796636058361,
    "n": 121
  },
  "DSN": {
    "mean": 0.0,
    "std": 0.0,
    "n": 2234
  },
  "DSS": {
    "mean": 0.0,
    "std": 0.0,
    "n": 694
  },
  "JWST": {
    "mean": 11.608921101930108,
    "std": 6.117670468965681,
    "n": 217
  },
  "KPLO": {
    "mean": 7.540350297528466,
    "std": 6.750886823024481,
    "n": 196
  },
  "LUCY": {
    "mean": 10.076620054636782,
    "std": 3.130103362727672,
    "n": 216
  },
  "M01O": {
    "mean": 8.259082096981492,
    "std": 4.031303382650126,
    "n": 356
  },
  "MMS2": {
    "mean": 11.242772156445088,
    "std": 6.162135723365592,
    "n": 39
  },
  "ORX": {
    "mean": 3.921135499687717,
    "std": 6.200717319002182,
    "n": 70
  },
  "SOHO": {
    "mean": 10.121420950678953,
    "std": 4.815259486594269,
    "n": 298
  },
  "SPP": {
    "mean": 10.301067763090876,
    "std": 3.7524033233463725,
    "n": 248
  },
  "VGR2": {
    "mean": 4.457337874073333,
    "std": 1.615082351895669,
    "n": 176
  },
  "CAPS": {
    "mean": 7.950344851899141,
    "std": 5.971692270978313,
    "n": 61
  },
  "MRO": {
    "mean": 11.611558542497217,
    "std": 5.626564816450127,
    "n": 201
  },
  "STA": {
    "mean": 9.701689394964381,
    "std": 5.81371102242417,
    "n": 125
  },
  "IMAP": {
    "mean": 10.287555263836982,
    "std": 5.742137112286256,
    "n": 80
  },
  "MMS3": {
    "mean": 11.283796364855435,
    "std": 5.834480758830519,
    "n": 38
  },
  "TGO": {
    "mean": 11.037517917288396,
    "std": 4.656207354483694,
    "n": 40
  },
  "TDR8": {
    "mean": 6.839711603308979,
    "std": 3.15492915596383,
    "n": 114
  },
  "MMS4": {
    "mean": 11.155751939430692,
    "std": 6.160142388602601,
    "n": 30
  },
  "WIND": {
    "mean": 8.290868442786747,
    "std": 4.070836667297859,
    "n": 93
  },
  "ESCB": {
    "mean": 7.302198972940727,
    "std": 3.5078629207632055,
    "n": 32
  },
  "THC": {
    "mean": 8.25848660620961,
    "std": 5.634585971024204,
    "n": 35
  },
  "CHDR": {
    "mean": 7.859801663034841,
    "std": 6.940080325309675,
    "n": 105
  },
  "MMS1": {
    "mean": 10.221231406554445,
    "std": 6.624643977804423,
    "n": 44
  },
  "ESCG": {
    "mean": 8.2751689574037,
    "std": 3.1563189004763585,
    "n": 106
  },
  "VGR1": {
    "mean": 4.585657597668894,
    "std": 1.5077549303717708,
    "n": 123
  },
  "DSSR": {
    "mean": 0.0,
    "std": 0.0,
    "n": 42
  },
  "LRO": {
    "mean": 10.928639234985097,
    "std": 7.118220187806351,
    "n": 36
  },
  "SWFO": {
    "mean": 0.0,
    "std": 0.0,
    "n": 40
  },
  "GBRA": {
    "mean": 0.0,
    "std": 0.0,
    "n": 135
  },
  "EMM": {
    "mean": 11.23413222141711,
    "std": 3.6132761917819316,
    "n": 32
  },
  "TESS": {
    "mean": 8.235859139506315,
    "std": 5.562837778366037,
    "n": 24
  },
  "EURC": {
    "mean": 5.309297034370377,
    "std": 5.825767444644029,
    "n": 68
  },
  "NHPC": {
    "mean": 0.0,
    "std": 0.0,
    "n": 10
  },
  "PSYC": {
    "mean": 9.089976865513393,
    "std": 5.785437215458321,
    "n": 111
  },
  "JNO": {
    "mean": 9.947504057544167,
    "std": 3.8169557891298243,
    "n": 184
  },
  "MSL": {
    "mean": 0.0,
    "std": 0.0,
    "n": 31
  },
  "M20": {
    "mean": 0.1669725720185106,
    "std": 0.9145464417919417,
    "n": 31
  },
  "CGO": {
    "mean": 8.935647562683684,
    "std": 6.066983483415078,
    "n": 34
  },
  "BIOS": {
    "mean": 6.837637997928658,
    "std": 3.794236603448397,
    "n": 17
  },
  "SGP": {
    "mean": 0.0,
    "std": 0.0,
    "n": 34
  },
  "DSCO": {
    "mean": 3.961415020514468,
    "std": 4.851722729828701,
    "n": 5
  },
  "THB": {
    "mean": 8.690807884835184,
    "std": 5.290029039549003,
    "n": 26
  },
  "MMX": {
    "mean": 4.050844072739909,
    "std": 4.930773778386302,
    "n": 34
  },
  "RST": {
    "mean": 3.89967169910796,
    "std": 3.89967169910796,
    "n": 2
  }
}