{
  "ACE": {
    "mean": 8.5054397652358,
    "std": 4.902911799139853,
    "n": 381
  },
  "DSN": {
    "mean": 0.0,
    "std": 0.0,
    "n": 6203
  },
  "DSS": {
    "mean": 0.0,
    "std": 0.0,
    "n": 1384
  },
  "JWST": {
    "mean": 11.14306468762911,
    "std": 6.041625275631618,
    "n": 815
  },
  "KPLO": {
    "mean": 8.577870976288729,
    "std": 6.537260311164699,
    "n": 673
  },
  "LUCY": {
    "mean": 9.082104597491034,
    "std": 4.124203797779426,
    "n": 638
  },
  "M01O": {
    "mean": 7.977773514576729,
    "std": 4.278990435816029,
    "n": 1391
  },
  "MMS2": {
    "mean": 11.888227351064932,
    "std": 5.652366117104117,
    "n": 163
  },
  "ORX": {
    "mean": 3.851073682795664,
    "std": 6.16825633048153,
    "n": 328
  },
  "SOHO": {
    "mean": 10.240222428537699,
    "std": 4.655881526392729,
    "n": 1083
  },
  "SPP": {
    "mean": 8.6652385478679,
    "std": 4.475155888141764,
    "n": 688
  },
  "VGR2": {
    "mean": 4.238023714561729,
    "std": 1.8284886866414891,
    "n": 566
  },
  "CAPS": {
    "mean": 8.798912440332781,
    "std": 5.6965625989138005,
    "n": 183
  },
  "MRO": {
    "mean": 11.116750014889279,
    "std": 5.902093985769306,
    "n": 603
  },
  "STA": {
    "mean": 10.51268749626514,
    "std": 5.297161859866085,
    "n": 445
  },
  "IMAP": {
    "mean": 10.619420424561087,
    "std": 5.522813969502727,
    "n": 249
  },
  "MMS3": {
    "mean": 11.806603407341774,
    "std": 5.727440677539115,
    "n": 163
  },
  "TGO": {
    "mean": 10.026856894102325,
    "std": 5.369362460310113,
    "n": 180
  },
  "TDR8": {
    "mean": 6.839711603308979,
    "std": 3.15492915596383,
    "n": 114
  },
  "MMS4": {
    "mean": 11.989636663479883,
    "std": 5.632273640314537,
    "n": 144
  },
  "WIND": {
    "mean": 7.913719769499326,
    "std": 4.238978718796326,
    "n": 331
  },
  "ESCB": {
    "mean": 8.15365141516812,
    "std": 3.224113666488309,
    "n": 163
  },
  "THC": {
    "mean": 8.635033078746261,
    "std": 5.371897217100127,
    "n": 105
  },
  "CHDR": {
    "mean": 8.16320179980243,
    "std": 6.890267235101474,
    "n": 387
  },
  "MMS1": {
    "mean": 10.52040032313264,
    "std": 6.457298235165134,
    "n": 172
  },
  "ESCG": {
    "mean": 7.660754932909355,
    "std": 3.53001867157819,
    "n": 221
  },
  "VGR1": {
    "mean": 4.426288722856961,
    "std": 1.7027789420679844,
    "n": 543
  },
  "DSSR": {
    "mean": 0.0,
    "std": 0.0,
    "n": 104
  },
  "LRO": {
    "mean": 10.288464803907392,
    "std": 6.750206699106512,
    "n": 317
  },
  "SWFO": {
    "mean": 0.30031794839662923,
    "std": 1.5488968875335907,
    "n": 138
  },
  "GBRA": {
    "mean": 0.0,
    "std": 0.0,
    "n": 361
  },
  "EMM": {
    "mean": 9.842546787315129,
    "std": 5.028153207500929,
    "n": 87
  },
  "TESS": {
    "mean": 9.176600205334346,
    "std": 6.223108108380075,
    "n": 107
  },
  "EURC": {
    "mean": 6.346610869726708,
    "std": 5.215633803638393,
    "n": 193
  },
  "NHPC": {
    "mean": 0.0,
    "std": 0.0,
    "n": 23
  },
  "PSYC": {
    "mean": 9.58372406405938,
    "std": 5.502977793586046,
    "n": 480
  },
  "JNO": {
    "mean": 8.973580470108033,
    "std": 4.5302839157174954,
    "n": 838
  },
  "MSL": {
    "mean": 0.16183987333363478,
    "std": 0.9115731962975565,
    "n": 98
  },
  "M20": {
    "mean": 0.40258942364463124,
    "std": 1.3862845644039656,
    "n": 90
  },
  "CGO": {
    "mean": 10.235888272113892,
    "std": 5.607585870505063,
    "n": 159
  },
  "BIOS": {
    "mean": 6.8571774360934326,
    "std": 3.8466699106995494,
    "n": 46
  },
  "SGP": {
    "mean": 0.0,
    "std": 0.0,
    "n": 34
  },
  "DSCO": {
    "mean": 4.951768775643087,
    "std": 4.951768775643086,
    "n": 28
  },
  "THB": {
    "mean": 8.299337034229897,
    "std": 5.568242733353508,
    "n": 75
  },
  "MMX": {
    "mean": 6.255844173683396,
    "std": 4.862816903973702,
    "n": 69
  },
  "RST": {
    "mean": 7.504568018465512,
    "std": 6.107700359240118,
    "n": 29
  },
  "XMM": {
    "mean": 10.247047163175289,
    "std": 3.281681488623191,
    "n": 86
  },
  "TEST": {
    "mean": 0.0,
    "std": 0.0,
    "n": 95
  },
  "MEX": {
    "mean": 9.155437514433327,
    "std": 4.828276118324093,
    "n": 37
  },
  "BEPI": {
    "mean": 3.777661421008428,
    "std": 4.038489931613466,
    "n": 15
  },
  "HYB2": {
    "mean": 0.0,
    "std": 0.0,
    "n": 12
  },
  "HCRA": {
    "mean": 0.0,
    "std": 0.0,
    "n": 30
  }
}