{
  "ACE": {
    "mean": 8.459361565391806,
    "std": 4.948738772328181,
    "n": 142
  },
  "DSN": {
    "mean": 0.0,
    "std": 0.0,
    "n": 2571
  },
  "DSS": {
    "mean": 0.0,
    "std": 0.0,
    "n": 822
  },
  "JWST": {
    "mean": 11.074718450578835,
    "std": 5.97911589238595,
    "n": 260
  },
  "KPLO": {
    "mean": 7.837023812893979,
    "std": 6.656662849526686,
    "n": 243
  },
  "LUCY": {
    "mean": 9.638898840607814,
    "std": 3.6864190335926366,
    "n": 243
  },
  "M01O": {
    "mean": 8.390927238188144,
    "std": 3.901443075840156,
    "n": 415
  },
  "MMS2": {
    "mean": 11.776595839480112,
    "std": 5.830972574379857,
    "n": 61
  },
  "ORX": {
    "mean": 3.7429613196488165,
    "std": 6.1130211913561965,
    "n": 77
  },
  "SOHO": {
    "mean": 10.1248185407933,
    "std": 4.812494917562888,
    "n": 331
  },
  "SPP": {
    "mean": 9.433079765937073,
    "std": 4.165152988882194,
    "n": 287
  },
  "VGR2": {
    "mean": 4.416085665541311,
    "std": 1.666125589489065,
    "n": 188
  },
  "CAPS": {
    "mean": 7.981832574397967,
    "std": 5.96353407666399,
    "n": 67
  },
  "MRO": {
    "mean": 11.759457041397988,
    "std": 5.626328547801525,
    "n": 270
  },
  "STA": {
    "mean": 9.813781812008363,
    "std": 5.745115530817473,
    "n": 149
  },
  "IMAP": {
    "mean": 10.410815416501086,
    "std": 5.662517800071079,
    "n": 92
  },
  "MMS3": {
    "mean": 11.557799742972705,
    "std": 5.716437608697367,
    "n": 51
  },
  "TGO": {
    "mean": 10.709648096243356,
    "std": 4.930263553600287,
    "n": 46
  },
  "TDR8": {
    "mean": 6.839711603308979,
    "std": 3.15492915596383,
    "n": 114
  },
  "MMS4": {
    "mean": 11.520925526626028,
    "std": 5.954478599821379,
    "n": 38
  },
  "WIND": {
    "mean": 8.271371713443951,
    "std": 4.091450829078022,
    "n": 108
  },
  "ESCB": {
    "mean": 7.57754584220696,
    "std": 3.2684311289654473,
    "n": 51
  },
  "THC": {
    "mean": 8.366405921510534,
    "std": 5.544137188827347,
    "n": 43
  },
  "CHDR": {
    "mean": 7.770990344808461,
    "std": 6.950585065394493,
    "n": 126
  },
  "MMS1": {
    "mean": 10.696607552422247,
    "std": 6.384408554254561,
    "n": 61
  },
  "ESCG": {
    "mean": 8.23975079966277,
    "std": 3.158621623295177,
    "n": 113
  },
  "VGR1": {
    "mean": 4.5795372672082095,
    "std": 1.516020803766207,
    "n": 162
  },
  "DSSR": {
    "mean": 0.0,
    "std": 0.0,
    "n": 42
  },
  "LRO": {
    "mean": 9.80028624158793,
    "std": 7.253670050455827,
    "n": 45
  },
  "SWFO": {
    "mean": 0.0,
    "std": 0.0,
    "n": 43
  },
  "GBRA": {
    "mean": 0.0,
    "std": 0.0,
    "n": 158
  },
  "EMM": {
    "mean": 11.23413222141711,
    "std": 3.6132761917819316,
    "n": 32
  },
  "TESS": {
    "mean": 7.937504898209546,
    "std": 5.346137597683339,
    "n": 31
  },
  "EURC": {
    "mean": 5.166783501664324,
    "std": 5.612777683650139,
    "n": 75
  },
  "NHPC": {
    "mean": 0.0,
    "std": 0.0,
    "n": 10
  },
  "PSYC": {
    "mean": 9.089976865513393,
    "std": 5.785437215458321,
    "n": 111
  },
  "JNO": {
    "mean": 10.000529998055182,
    "std": 3.6409312906396676,
    "n": 212
  },
  "MSL": {
    "mean": 0.0,
    "std": 0.0,
    "n": 35
  },
  "M20": {
    "mean": 0.12624755445302027,
    "std": 0.7984596421953536,
    "n": 41
  },
  "CGO": {
    "mean": 9.66874218091314,
    "std": 5.768071610187025,
    "n": 54
  },
  "BIOS": {
    "mean": 7.090563237998491,
    "std": 3.6384672677955816,
    "n": 24
  },
  "SGP": {
    "mean": 0.0,
    "std": 0.0,
    "n": 34
  },
  "DSCO": {
    "mean": 4.951768775643085,
    "std": 4.951768775643084,
    "n": 10
  },
  "THB": {
    "mean": 8.40710990837435,
    "std": 5.391330334773655,
    "n": 31
  },
  "MMX": {
    "mean": 4.877063057512354,
    "std": 4.978158695392336,
    "n": 42
  },
  "RST": {
    "mean": 4.273278775786431,
    "std": 5.542383218646343,
    "n": 5
  },
  "XMM": {
    "mean": 11.298020796733232,
    "std": 3.426293600148954e-05,
    "n": 12
  },
  "TEST": {
    "mean": 0.0,
    "std": 0.0,
    "n": 17
  }
}