{
  "ACE": {
    "mean": 8.472924812089742,
    "std": 4.919562690051551,
    "n": 365
  },
  "DSN": {
    "mean": 0.0,
    "std": 0.0,
    "n": 6039
  },
  "DSS": {
    "mean": 0.0,
    "std": 0.0,
    "n": 1373
  },
  "JWST": {
    "mean": 11.192280288169945,
    "std": 6.071595577077068,
    "n": 769
  },
  "KPLO": {
    "mean": 8.519503792591513,
    "std": 6.559850287265306,
    "n": 619
  },
  "LUCY": {
    "mean": 9.063725625795975,
    "std": 4.1450414461484355,
    "n": 619
  },
  "M01O": {
    "mean": 7.944659868802508,
    "std": 4.2847948840068355,
    "n": 1302
  },
  "MMS2": {
    "mean": 12.013528538085152,
    "std": 5.545716108212945,
    "n": 154
  },
  "ORX": {
    "mean": 3.8572704845432373,
    "std": 6.171346791380619,
    "n": 299
  },
  "SOHO": {
    "mean": 10.377333060179893,
    "std": 4.573014543751743,
    "n": 985
  },
  "SPP": {
    "mean": 8.57231524486117,
    "std": 4.368899477335782,
    "n": 615
  },
  "VGR2": {
    "mean": 4.222466421242223,
    "std": 1.8395459397334077,
    "n": 538
  },
  "CAPS": {
    "mean": 8.774384381096755,
    "std": 5.708985335419593,
    "n": 175
  },
  "MRO": {
    "mean": 11.151248912361002,
    "std": 5.873873320290402,
    "n": 592
  },
  "STA": {
    "mean": 10.52842201338429,
    "std": 5.29202032348749,
    "n": 417
  },
  "IMAP": {
    "mean": 10.4896907754759,
    "std": 5.607279020471506,
    "n": 225
  },
  "MMS3": {
    "mean": 11.826972360830128,
    "std": 5.702716285919217,
    "n": 154
  },
  "TGO": {
    "mean": 10.005168010106598,
    "std": 5.38954032950223,
    "n": 165
  },
  "TDR8": {
    "mean": 6.839711603308979,
    "std": 3.15492915596383,
    "n": 114
  },
  "MMS4": {
    "mean": 12.00487511957012,
    "std": 5.612054770851729,
    "n": 134
  },
  "WIND": {
    "mean": 7.832047297961787,
    "std": 4.273079037714596,
    "n": 312
  },
  "ESCB": {
    "mean": 8.15365141516812,
    "std": 3.224113666488309,
    "n": 163
  },
  "THC": {
    "mean": 8.657951241895903,
    "std": 5.364707197847902,
    "n": 102
  },
  "CHDR": {
    "mean": 8.150696744075415,
    "std": 6.89209527369046,
    "n": 367
  },
  "MMS1": {
    "mean": 10.386750525775247,
    "std": 6.518998711569204,
    "n": 163
  },
  "ESCG": {
    "mean": 7.660754932909355,
    "std": 3.53001867157819,
    "n": 221
  },
  "VGR1": {
    "mean": 4.3935587476505775,
    "std": 1.7383292620377904,
    "n": 495
  },
  "DSSR": {
    "mean": 0.0,
    "std": 0.0,
    "n": 93
  },
  "LRO": {
    "mean": 9.896413578840324,
    "std": 6.7540056080805675,
    "n": 285
  },
  "SWFO": {
    "mean": 0.3139687642328397,
    "std": 1.5823541956919125,
    "n": 132
  },
  "GBRA": {
    "mean": 0.0,
    "std": 0.0,
    "n": 353
  },
  "EMM": {
    "mean": 9.77404834391551,
    "std": 5.078363072239936,
    "n": 80
  },
  "TESS": {
    "mean": 9.072122203581252,
    "std": 6.056774043994458,
    "n": 101
  },
  "EURC": {
    "mean": 6.267441017837418,
    "std": 5.29648630177333,
    "n": 186
  },
  "NHPC": {
    "mean": 0.0,
    "std": 0.0,
    "n": 23
  },
  "PSYC": {
    "mean": 9.505393587871039,
    "std": 5.5520865483390915,
    "n": 460
  },
  "JNO": {
    "mean": 8.92955450482563,
    "std": 4.5486735622762176,
    "n": 821
  },
  "MSL": {
    "mean": 0.174289094359299,
    "std": 0.9448366877996783,
    "n": 91
  },
  "M20": {
    "mean": 0.40258942364463124,
    "std": 1.3862845644039656,
    "n": 90
  },
  "CGO": {
    "mean": 10.235888272113892,
    "std": 5.607585870505063,
    "n": 159
  },
  "BIOS": {
    "mean": 6.8571774360934326,
    "std": 3.8466699106995494,
    "n": 46
  },
  "SGP": {
    "mean": 0.0,
    "std": 0.0,
    "n": 34
  },
  "DSCO": {
    "mean": 4.539121377672829,
    "std": 4.934545179890666,
    "n": 24
  },
  "THB": {
    "mean": 8.339431705441138,
    "std": 5.668333287634757,
    "n": 64
  },
  "MMX": {
    "mean": 6.255844173683396,
    "std": 4.862816903973702,
    "n": 69
  },
  "RST": {
    "mean": 7.504568018465512,
    "std": 6.107700359240118,
    "n": 29
  },
  "XMM": {
    "mean": 10.296936623248849,
    "std": 3.2106340817210572,
    "n": 79
  },
  "TEST": {
    "mean": 0.0,
    "std": 0.0,
    "n": 74
  },
  "MEX": {
    "mean": 9.093698746870189,
    "std": 4.880448830985071,
    "n": 36
  },
  "BEPI": {
    "mean": 3.777661421008428,
    "std": 4.038489931613466,
    "n": 15
  },
  "HYB2": {
    "mean": 0.0,
    "std": 0.0,
    "n": 12
  },
  "HCRA": {
    "mean": 0.0,
    "std": 0.0,
    "n": 30
  }
}