{
  "ACE": {
    "mean": 11.38114364947859,
    "std": 7.170114004970143e-05,
    "n": 9
  },
  "DSN": {
    "mean": 0.0,
    "std": 0.0,
    "n": 36
  },
  "DSS": {
    "mean": 0.0,
    "std": 0.0,
    "n": 12
  },
  "JWST": {
    "mean": 17.14771510385376,
    "std": 3.552713678800501e-15,
    "n": 12
  },
  "KPLO": {
    "mean": 1.4505069853734178,
    "std": 4.586905835764542,
    "n": 11
  },
  "LUCY": {
    "mean": 11.042937835596492,
    "std": 2.3498992183808822e-15,
    "n": 8
  },
  "M01O": {
    "mean": 9.5624750243727,
    "std": 2.7134298926013876e-15,
    "n": 12
  },
  "MMS2": {
    "mean": 7.019327454639082,
    "std": 7.019327454639082,
    "n": 2
  },
  "ORX": {
    "mean": 0.0,
    "std": 0.0,
    "n": 2
  },
  "SOHO": {
    "mean": 10.502696383768807,
    "std": 4.478364785369979,
    "n": 13
  },
  "SPP": {
    "mean": 6.390576181243971,
    "std": 0.0,
    "n": 12
  },
  "VGR2": {
    "mean": 4.234451861571543,
    "std": 1.8937044496291888,
    "n": 12
  },
  "CAPS": {
    "mean": 7.471761977822442,
    "std": 6.100668108397808,
    "n": 10
  },
  "MRO": {
    "mean": 5.540267723040469,
    "std": 6.785523778255995,
    "n": 10
  },
  "STA": {
    "mean": 0.0,
    "std": 0.0,
    "n": 4
  },
  "IMAP": {
    "mean": 6.739529860557043,
    "std": 6.739529860557043,
    "n": 2
  },
  "MMS3": {
    "mean": 0.0,
    "std": 0.0,
    "n": 1
  }
}