{
  "ACE": {
    "mean": 8.376701073134718,
    "std": 4.985807928215543,
    "n": 104
  },
  "DSN": {
    "mean": 0.0,
    "std": 0.0,
    "n": 1557
  },
  "DSS": {
    "mean": 0.0,
    "std": 0.0,
    "n": 573
  },
  "JWST": {
    "mean": 11.700022433138132,
    "std": 6.206947489480544,
    "n": 190
  },
  "KPLO": {
    "mean": 7.299245107007748,
    "std": 6.950068581350538,
    "n": 164
  },
  "LUCY": {
    "mean": 10.055431142389574,
    "std": 3.162080651768993,
    "n": 189
  },
  "M01O": {
    "mean": 8.349114451045637,
    "std": 4.02812377478319,
    "n": 298
  },
  "MMS2": {
    "mean": 11.150955589776844,
    "std": 6.216300881037453,
    "n": 38
  },
  "ORX": {
    "mean": 3.9943089405486267,
    "std": 6.2454274147003135,
    "n": 62
  },
  "SOHO": {
    "mean": 10.034446597240624,
    "std": 4.884692176286969,
    "n": 261
  },
  "SPP": {
    "mean": 10.2054174066739,
    "std": 3.784562186277161,
    "n": 215
  },
  "VGR2": {
    "mean": 4.434177782709209,
    "std": 1.6346231763550425,
    "n": 154
  },
  "CAPS": {
    "mean": 7.864197859560667,
    "std": 5.993004889764443,
    "n": 49
  },
  "MRO": {
    "mean": 11.422354956289087,
    "std": 5.667359103367362,
    "n": 173
  },
  "STA": {
    "mean": 9.81166374313348,
    "std": 5.775951291396694,
    "n": 105
  },
  "IMAP": {
    "mean": 10.378530274177493,
    "std": 5.685232818903578,
    "n": 78
  },
  "MMS3": {
    "mean": 11.270802892328298,
    "std": 5.855787575401323,
    "n": 33
  },
  "TGO": {
    "mean": 10.85687436027468,
    "std": 4.874204077030509,
    "n": 36
  },
  "TDR8": {
    "mean": 6.839711603308979,
    "std": 3.15492915596383,
    "n": 114
  },
  "MMS4": {
    "mean": 11.032439879071807,
    "std": 6.228941144189971,
    "n": 29
  },
  "WIND": {
    "mean": 8.074747616558607,
    "std": 4.095419729468202,
    "n": 83
  },
  "ESCB": {
    "mean": 7.302198972940727,
    "std": 3.5078629207632055,
    "n": 32
  },
  "THC": {
    "mean": 8.525857922578458,
    "std": 5.623136765154128,
    "n": 30
  },
  "CHDR": {
    "mean": 7.717397307947707,
    "std": 6.956367926733299,
    "n": 87
  },
  "MMS1": {
    "mean": 10.506764462717973,
    "std": 6.477038575029906,
    "n": 40
  },
  "ESCG": {
    "mean": 8.2751689574037,
    "std": 3.1563189004763585,
    "n": 106
  },
  "VGR1": {
    "mean": 4.5910934174859515,
    "std": 1.50035441265778,
    "n": 114
  },
  "DSSR": {
    "mean": 0.0,
    "std": 0.0,
    "n": 42
  },
  "LRO": {
    "mean": 10.928639234985097,
    "std": 7.118220187806351,
    "n": 36
  },
  "SWFO": {
    "mean": 0.0,
    "std": 0.0,
    "n": 38
  },
  "GBRA": {
    "mean": 0.0,
    "std": 0.0,
    "n": 122
  },
  "EMM": {
    "mean": 11.23413222141711,
    "std": 3.6132761917819316,
    "n": 32
  },
  "TESS": {
    "mean": 7.728618010555638,
    "std": 5.538125868413576,
    "n": 22
  },
  "EURC": {
    "mean": 5.065465502432879,
    "std": 5.975348173230138,
    "n": 55
  },
  "NHPC": {
    "mean": 0.0,
    "std": 0.0,
    "n": 10
  },
  "PSYC": {
    "mean": 8.016411519630038,
    "std": 6.167295604187224,
    "n": 78
  },
  "JNO": {
    "mean": 9.940669915887623,
    "std": 3.7766110535546478,
    "n": 147
  },
  "MSL": {
    "mean": 0.0,
    "std": 0.0,
    "n": 24
  },
  "M20": {
    "mean": 0.1848624904490653,
    "std": 0.9605736776144923,
    "n": 28
  },
  "CGO": {
    "mean": 8.935647562683684,
    "std": 6.066983483415078,
    "n": 34
  },
  "BIOS": {
    "mean": 6.481374500800612,
    "std": 3.97086966242705,
    "n": 11
  },
  "SGP": {
    "mean": 0.0,
    "std": 0.0,
    "n": 34
  },
  "DSCO": {
    "mean": 3.961415020514468,
    "std": 4.851722729828701,
    "n": 5
  },
  "THB": {
    "mean": 8.440017389625368,
    "std": 5.469354640821094,
    "n": 17
  },
  "MMX": {
    "mean": 4.050844072739909,
    "std": 4.930773778386302,
    "n": 34
  }
}