{
  "ACE": {
    "mean": 8.40635177496236,
    "std": 4.964255296882345,
    "n": 441
  },
  "DSN": {
    "mean": 0.0,
    "std": 0.0,
    "n": 6978
  },
  "DSS": {
    "mean": 0.0,
    "std": 0.0,
    "n": 1510
  },
  "JWST": {
    "mean": 11.241553186180521,
    "std": 6.074337400550123,
    "n": 972
  },
  "KPLO": {
    "mean": 8.63511229276889,
    "std": 6.346117187342963,
    "n": 802
  },
  "LUCY": {
    "mean": 9.128372415296711,
    "std": 4.06358141572828,
    "n": 696
  },
  "M01O": {
    "mean": 7.752089473910078,
    "std": 4.393434508002706,
    "n": 1647
  },
  "MMS2": {
    "mean": 12.14357072522578,
    "std": 5.453874231577609,
    "n": 191
  },
  "ORX": {
    "mean": 3.9078679155953204,
    "std": 6.195480368072135,
    "n": 397
  },
  "SOHO": {
    "mean": 10.307861186192673,
    "std": 4.558230293187293,
    "n": 1333
  },
  "SPP": {
    "mean": 8.651988959177997,
    "std": 4.456958373437672,
    "n": 808
  },
  "VGR2": {
    "mean": 4.296181622434658,
    "std": 1.7652522968059403,
    "n": 646
  },
  "CAPS": {
    "mean": 9.021004868073186,
    "std": 5.605664508784793,
    "n": 230
  },
  "MRO": {
    "mean": 11.12081540158703,
    "std": 5.879632364996443,
    "n": 685
  },
  "STA": {
    "mean": 10.485178592372177,
    "std": 5.317138922936059,
    "n": 509
  },
  "IMAP": {
    "mean": 10.856991861990233,
    "std": 5.347683114247175,
    "n": 292
  },
  "MMS3": {
    "mean": 11.879644547371349,
    "std": 5.693761877276628,
    "n": 193
  },
  "TGO": {
    "mean": 10.126480440204931,
    "std": 5.318944065844874,
    "n": 218
  },
  "TDR8": {
    "mean": 6.839711603308979,
    "std": 3.15492915596383,
    "n": 114
  },
  "MMS4": {
    "mean": 11.837194968759006,
    "std": 5.751312852036145,
    "n": 173
  },
  "WIND": {
    "mean": 7.860583322535142,
    "std": 4.249500873687558,
    "n": 382
  },
  "ESCB": {
    "mean": 8.049237850324007,
    "std": 3.235593226278354,
    "n": 217
  },
  "THC": {
    "mean": 8.472204858915315,
    "std": 5.4589189147366035,
    "n": 117
  },
  "CHDR": {
    "mean": 8.136065267353267,
    "std": 6.889714395670399,
    "n": 455
  },
  "MMS1": {
    "mean": 10.478208761383254,
    "std": 6.491693014882262,
    "n": 213
  },
  "ESCG": {
    "mean": 7.701540526553268,
    "std": 3.473340056912333,
    "n": 235
  },
  "VGR1": {
    "mean": 4.455309879163805,
    "std": 1.6632108810010222,
    "n": 664
  },
  "DSSR": {
    "mean": 0.0,
    "std": 0.0,
    "n": 113
  },
  "LRO": {
    "mean": 10.864522075002526,
    "std": 6.678126220992107,
    "n": 431
  },
  "SWFO": {
    "mean": 0.25582640048601735,
    "std": 1.4335425313461803,
    "n": 162
  },
  "GBRA": {
    "mean": 0.0,
    "std": 0.0,
    "n": 412
  },
  "EMM": {
    "mean": 9.998539263338113,
    "std": 4.908986563894247,
    "n": 103
  },
  "TESS": {
    "mean": 9.344943945117906,
    "std": 6.410444336346745,
    "n": 127
  },
  "EURC": {
    "mean": 6.9668583705103035,
    "std": 5.315850604364775,
    "n": 230
  },
  "NHPC": {
    "mean": 0.0,
    "std": 0.0,
    "n": 30
  },
  "PSYC": {
    "mean": 9.433364190974348,
    "std": 5.587335242669074,
    "n": 543
  },
  "JNO": {
    "mean": 8.85484865901124,
    "std": 4.553129095441258,
    "n": 1014
  },
  "MSL": {
    "mean": 0.1985803564533626,
    "std": 1.0014429410188748,
    "n": 132
  },
  "M20": {
    "mean": 0.40999205802564986,
    "std": 1.3978865454187446,
    "n": 101
  },
  "CGO": {
    "mean": 10.276503913968874,
    "std": 5.609842712093754,
    "n": 178
  },
  "BIOS": {
    "mean": 6.881448591857102,
    "std": 3.8306128668279746,
    "n": 55
  },
  "SGP": {
    "mean": 0.0,
    "std": 0.0,
    "n": 34
  },
  "DSCO": {
    "mean": 5.111503252276735,
    "std": 4.9491917425382095,
    "n": 31
  },
  "THB": {
    "mean": 8.1351442206711,
    "std": 5.603868151636041,
    "n": 91
  },
  "MMX": {
    "mean": 6.3833415820869694,
    "std": 4.865709226505287,
    "n": 71
  },
  "RST": {
    "mean": 7.504568018465512,
    "std": 6.107700359240118,
    "n": 29
  },
  "XMM": {
    "mean": 10.403132049426544,
    "std": 3.0511786047110028,
    "n": 101
  },
  "TEST": {
    "mean": 0.0,
    "std": 0.0,
    "n": 102
  },
  "MEX": {
    "mean": 9.32574765239274,
    "std": 4.759553845465456,
    "n": 39
  },
  "BEPI": {
    "mean": 2.2665968526050566,
    "std": 3.6346409384521188,
    "n": 25
  },
  "HYB2": {
    "mean": 0.0,
    "std": 0.0,
    "n": 16
  },
  "HCRA": {
    "mean": 0.0,
    "std": 0.0,
    "n": 32
  },
  "EGS": {
    "mean": 0.0,
    "std": 0.0,
    "n": 16
  }
}