{
  "ACE": {
    "mean": 8.392758399933049,
    "std": 4.928720959058343,
    "n": 529
  },
  "DSN": {
    "mean": 0.0,
    "std": 0.0,
    "n": 8309
  },
  "DSS": {
    "mean": 0.0,
    "std": 0.0,
    "n": 1665
  },
  "JWST": {
    "mean": 11.272263676781684,
    "std": 5.973430318684051,
    "n": 1209
  },
  "KPLO": {
    "mean": 8.697455445488323,
    "std": 6.268504914003678,
    "n": 1003
  },
  "LUCY": {
    "mean": 9.088582639831467,
    "std": 4.0280689447088145,
    "n": 746
  },
  "M01O": {
    "mean": 7.8471696245038505,
    "std": 4.330910057211958,
    "n": 2038
  },
  "MMS2": {
    "mean": 12.276061036745876,
    "std": 5.343613225214175,
    "n": 239
  },
  "ORX": {
    "mean": 3.9217946075772625,
    "std": 6.2137914117497655,
    "n": 537
  },
  "SOHO": {
    "mean": 10.411729347944862,
    "std": 4.483159296457823,
    "n": 1669
  },
  "SPP": {
    "mean": 8.794635871626692,
    "std": 4.5015265026280655,
    "n": 899
  },
  "VGR2": {
    "mean": 4.119508374401204,
    "std": 1.922008670358091,
    "n": 822
  },
  "CAPS": {
    "mean": 9.294047229644514,
    "std": 5.461106805015586,
    "n": 277
  },
  "MRO": {
    "mean": 11.17496655112452,
    "std": 5.8435257762584545,
    "n": 861
  },
  "STA": {
    "mean": 10.502729015838263,
    "std": 5.308669178683128,
    "n": 615
  },
  "IMAP": {
    "mean": 10.606445069759024,
    "std": 5.533151840768121,
    "n": 346
  },
  "MMS3": {
    "mean": 11.549955773340569,
    "std": 5.930234220221166,
    "n": 240
  },
  "TGO": {
    "mean": 10.289030961173703,
    "std": 5.227484803084315,
    "n": 269
  },
  "TDR8": {
    "mean": 6.839711603308979,
    "std": 3.15492915596383,
    "n": 114
  },
  "MMS4": {
    "mean": 12.10748880548421,
    "std": 5.522021180060516,
    "n": 221
  },
  "WIND": {
    "mean": 7.893110626448072,
    "std": 4.1868044850993265,
    "n": 457
  },
  "ESCB": {
    "mean": 7.7622101807222625,
    "std": 3.4337025553676503,
    "n": 282
  },
  "THC": {
    "mean": 8.423966349147124,
    "std": 5.524510076153643,
    "n": 131
  },
  "CHDR": {
    "mean": 8.163411345741146,
    "std": 6.881104346485698,
    "n": 561
  },
  "MMS1": {
    "mean": 10.677354603360413,
    "std": 6.387229962222706,
    "n": 266
  },
  "ESCG": {
    "mean": 7.665893509520586,
    "std": 3.6704066485630436,
    "n": 310
  },
  "VGR1": {
    "mean": 4.403619044364826,
    "std": 1.7241673439125311,
    "n": 882
  },
  "DSSR": {
    "mean": 0.0,
    "std": 0.0,
    "n": 148
  },
  "LRO": {
    "mean": 10.790636838170053,
    "std": 6.577880560206297,
    "n": 531
  },
  "SWFO": {
    "mean": 0.2830852492509722,
    "std": 1.5055705838951674,
    "n": 205
  },
  "GBRA": {
    "mean": 0.0,
    "std": 0.0,
    "n": 489
  },
  "EMM": {
    "mean": 10.231515290866358,
    "std": 4.715972313412073,
    "n": 137
  },
  "TESS": {
    "mean": 9.636060726730262,
    "std": 6.384537287896362,
    "n": 171
  },
  "EURC": {
    "mean": 6.987868280915962,
    "std": 5.094751797936034,
    "n": 290
  },
  "NHPC": {
    "mean": 0.0,
    "std": 0.0,
    "n": 35
  },
  "PSYC": {
    "mean": 9.573443205123223,
    "std": 5.509054585204536,
    "n": 591
  },
  "JNO": {
    "mean": 8.981015589355838,
    "std": 4.387029606764907,
    "n": 1221
  },
  "MSL": {
    "mean": 0.2591625219826811,
    "std": 1.1338554610773361,
    "n": 161
  },
  "M20": {
    "mean": 0.43798190044855473,
    "std": 1.4405664690525166,
    "n": 130
  },
  "CGO": {
    "mean": 10.265167220885035,
    "std": 5.598919724261108,
    "n": 207
  },
  "BIOS": {
    "mean": 6.89691077485177,
    "std": 3.8177870844066226,
    "n": 64
  },
  "SGP": {
    "mean": 0.0,
    "std": 0.0,
    "n": 34
  },
  "DSCO": {
    "mean": 4.951768775643088,
    "std": 4.951768775643087,
    "n": 38
  },
  "THB": {
    "mean": 8.162465888620419,
    "std": 5.6091424913193455,
    "n": 107
  },
  "MMX": {
    "mean": 6.447047574555721,
    "std": 4.86009682234796,
    "n": 75
  },
  "RST": {
    "mean": 6.771292771997224,
    "std": 5.938614102744261,
    "n": 42
  },
  "XMM": {
    "mean": 10.525509644591095,
    "std": 2.8515098630196727,
    "n": 117
  },
  "TEST": {
    "mean": 0.0,
    "std": 0.0,
    "n": 144
  },
  "MEX": {
    "mean": 9.434773246287115,
    "std": 4.666915418123494,
    "n": 41
  },
  "BEPI": {
    "mean": 2.2665968526050566,
    "std": 3.6346409384521188,
    "n": 25
  },
  "HYB2": {
    "mean": 0.6338932768920736,
    "std": 1.592606131992666,
    "n": 33
  },
  "HCRA": {
    "mean": 0.0,
    "std": 0.0,
    "n": 38
  },
  "EGS": {
    "mean": 0.0,
    "std": 0.0,
    "n": 16
  }
}