{
  "ACE": {
    "mean": 8.497782537360344,
    "std": 4.8840049199444655,
    "n": 643
  },
  "DSN": {
    "mean": 0.0,
    "std": 0.0,
    "n": 10030
  },
  "DSS": {
    "mean": 0.0,
    "std": 0.0,
    "n": 1936
  },
  "JWST": {
    "mean": 11.389937890888651,
    "std": 5.980170720175107,
    "n": 1497
  },
  "KPLO": {
    "mean": 8.653156965808785,
    "std": 6.185589520571592,
    "n": 1210
  },
  "LUCY": {
    "mean": 9.039908785578373,
    "std": 3.966652417885262,
    "n": 830
  },
  "M01O": {
    "mean": 7.92572371230799,
    "std": 4.287964986243973,
    "n": 2414
  },
  "MMS2": {
    "mean": 11.799051686975051,
    "std": 5.755295059528221,
    "n": 297
  },
  "ORX": {
    "mean": 4.276174840914783,
    "std": 6.368419000209919,
    "n": 666
  },
  "SOHO": {
    "mean": 10.415805809308129,
    "std": 4.4939066086131145,
    "n": 2033
  },
  "SPP": {
    "mean": 9.075940638887767,
    "std": 4.6383488905674675,
    "n": 1153
  },
  "VGR2": {
    "mean": 4.179202691684916,
    "std": 1.871351050746934,
    "n": 973
  },
  "CAPS": {
    "mean": 9.041464724668586,
    "std": 5.585074295375424,
    "n": 319
  },
  "MRO": {
    "mean": 11.226535658891493,
    "std": 5.790300825753468,
    "n": 1052
  },
  "STA": {
    "mean": 10.550048468336264,
    "std": 5.274600894249835,
    "n": 741
  },
  "IMAP": {
    "mean": 10.605135088740886,
    "std": 5.533543021819903,
    "n": 416
  },
  "MMS3": {
    "mean": 11.741247874338468,
    "std": 5.799955182828129,
    "n": 291
  },
  "TGO": {
    "mean": 10.383194661222143,
    "std": 5.16496987623233,
    "n": 349
  },
  "TDR8": {
    "mean": 7.014025107082547,
    "std": 2.9972898409743474,
    "n": 136
  },
  "MMS4": {
    "mean": 11.869645783955955,
    "std": 5.719496742665355,
    "n": 271
  },
  "WIND": {
    "mean": 7.839859060878702,
    "std": 4.178553420950261,
    "n": 549
  },
  "ESCB": {
    "mean": 7.76463747223539,
    "std": 3.438556880516401,
    "n": 363
  },
  "THC": {
    "mean": 8.094511503054267,
    "std": 5.6187009703980415,
    "n": 152
  },
  "CHDR": {
    "mean": 8.173103776748812,
    "std": 6.876981998301154,
    "n": 678
  },
  "MMS1": {
    "mean": 10.785842821194933,
    "std": 6.338168963957133,
    "n": 320
  },
  "ESCG": {
    "mean": 7.622566835900113,
    "std": 3.6549578881159683,
    "n": 358
  },
  "VGR1": {
    "mean": 4.332106504928625,
    "std": 1.7900618903296304,
    "n": 1095
  },
  "DSSR": {
    "mean": 0.0,
    "std": 0.0,
    "n": 204
  },
  "LRO": {
    "mean": 10.799119885465322,
    "std": 6.464986948559653,
    "n": 669
  },
  "SWFO": {
    "mean": 0.24590032244258211,
    "std": 1.4064623909811713,
    "n": 236
  },
  "GBRA": {
    "mean": 0.0,
    "std": 0.0,
    "n": 541
  },
  "EMM": {
    "mean": 10.072967001756393,
    "std": 4.845481752957112,
    "n": 165
  },
  "TESS": {
    "mean": 9.703372796364341,
    "std": 6.512023992797841,
    "n": 201
  },
  "EURC": {
    "mean": 6.998731926492513,
    "std": 4.793805529660582,
    "n": 383
  },
  "NHPC": {
    "mean": 2.8892835789467632,
    "std": 2.88114898708834,
    "n": 243
  },
  "PSYC": {
    "mean": 9.589860742489934,
    "std": 5.502060818156504,
    "n": 630
  },
  "JNO": {
    "mean": 8.98226571127836,
    "std": 4.2899431445687615,
    "n": 1442
  },
  "MSL": {
    "mean": 0.27554214552571066,
    "std": 1.1661796172817924,
    "n": 189
  },
  "M20": {
    "mean": 0.3896026680431914,
    "std": 1.3655956601627877,
    "n": 186
  },
  "CGO": {
    "mean": 10.317405840078965,
    "std": 5.576596008098267,
    "n": 248
  },
  "BIOS": {
    "mean": 7.111815900254474,
    "std": 3.6669300959237847,
    "n": 81
  },
  "SGP": {
    "mean": 0.0,
    "std": 0.0,
    "n": 111
  },
  "DSCO": {
    "mean": 4.841729469517685,
    "std": 4.950545965703306,
    "n": 45
  },
  "THB": {
    "mean": 8.127425734448254,
    "std": 5.624767373043861,
    "n": 131
  },
  "MMX": {
    "mean": 6.447047574555721,
    "std": 4.86009682234796,
    "n": 75
  },
  "RST": {
    "mean": 6.771292771997224,
    "std": 5.938614102744261,
    "n": 42
  },
  "XMM": {
    "mean": 10.49102250883873,
    "std": 2.909686122370264,
    "n": 126
  },
  "TEST": {
    "mean": 0.0,
    "std": 0.0,
    "n": 194
  },
  "MEX": {
    "mean": 9.495547254342087,
    "std": 4.561461788079343,
    "n": 59
  },
  "BEPI": {
    "mean": 2.420109767318459,
    "std": 3.567173330124926,
    "n": 28
  },
  "HYB2": {
    "mean": 4.1767749285408255,
    "std": 3.2512601559797702,
    "n": 463
  },
  "HCRA": {
    "mean": 0.0,
    "std": 0.0,
    "n": 48
  },
  "EGS": {
    "mean": 0.0,
    "std": 0.0,
    "n": 16
  }
}