{
  "ACE": {
    "mean": 8.36664074729593,
    "std": 4.982422659934903,
    "n": 81
  },
  "DSN": {
    "mean": 0.0,
    "std": 0.0,
    "n": 1260
  },
  "DSS": {
    "mean": 0.0,
    "std": 0.0,
    "n": 476
  },
  "JWST": {
    "mean": 12.646046163921223,
    "std": 6.127220290798233,
    "n": 154
  },
  "KPLO": {
    "mean": 6.76912217630814,
    "std": 6.67339281985469,
    "n": 117
  },
  "LUCY": {
    "mean": 9.858191496756508,
    "std": 3.4192793245095565,
    "n": 149
  },
  "M01O": {
    "mean": 8.207876271878131,
    "std": 4.0463875396182125,
    "n": 235
  },
  "MMS2": {
    "mean": 11.874581503061174,
    "std": 5.667125759720471,
    "n": 27
  },
  "ORX": {
    "mean": 3.4416608531203594,
    "std": 5.9616321842308375,
    "n": 56
  },
  "SOHO": {
    "mean": 10.134795426205615,
    "std": 4.804353791644552,
    "n": 218
  },
  "SPP": {
    "mean": 9.905146418383696,
    "std": 3.9267841723848833,
    "n": 161
  },
  "VGR2": {
    "mean": 4.435457866800105,
    "std": 1.6926434133674504,
    "n": 118
  },
  "CAPS": {
    "mean": 7.204842166961555,
    "std": 6.144376719423259,
    "n": 38
  },
  "MRO": {
    "mean": 11.465298031257465,
    "std": 5.632933967047289,
    "n": 150
  },
  "STA": {
    "mean": 9.397857427497225,
    "std": 6.02646095998026,
    "n": 79
  },
  "IMAP": {
    "mean": 10.217996885360684,
    "std": 5.7724803939635665,
    "n": 62
  },
  "MMS3": {
    "mean": 10.970912797947973,
    "std": 6.059646975191299,
    "n": 30
  },
  "TGO": {
    "mean": 10.85687436027468,
    "std": 4.874204077030509,
    "n": 36
  },
  "TDR8": {
    "mean": 6.839711603308979,
    "std": 3.15492915596383,
    "n": 114
  },
  "MMS4": {
    "mean": 10.605590439367976,
    "std": 6.443238795543328,
    "n": 26
  },
  "WIND": {
    "mean": 7.829873543389382,
    "std": 4.20443961426489,
    "n": 66
  },
  "ESCB": {
    "mean": 7.302198972940727,
    "std": 3.5078629207632055,
    "n": 32
  },
  "THC": {
    "mean": 8.972552849858419,
    "std": 5.623995467200068,
    "n": 18
  },
  "CHDR": {
    "mean": 7.629699611266477,
    "std": 6.964930973465076,
    "n": 66
  },
  "MMS1": {
    "mean": 10.194457942927274,
    "std": 6.58679192745713,
    "n": 34
  },
  "ESCG": {
    "mean": 8.21674726778531,
    "std": 3.077871695699597,
    "n": 100
  },
  "VGR1": {
    "mean": 4.589655555469829,
    "std": 1.5023174283367944,
    "n": 93
  },
  "DSSR": {
    "mean": 0.0,
    "std": 0.0,
    "n": 42
  },
  "LRO": {
    "mean": 10.017147959719926,
    "std": 7.065954355723556,
    "n": 29
  },
  "SWFO": {
    "mean": 0.0,
    "std": 0.0,
    "n": 26
  },
  "GBRA": {
    "mean": 0.0,
    "std": 0.0,
    "n": 91
  },
  "EMM": {
    "mean": 10.779377243938455,
    "std": 4.174834854826083,
    "n": 23
  },
  "TESS": {
    "mean": 5.377097202287007,
    "std": 4.809422561350061,
    "n": 9
  },
  "EURC": {
    "mean": 3.5549155931742304,
    "std": 5.361567828273543,
    "n": 46
  },
  "NHPC": {
    "mean": 0.0,
    "std": 0.0,
    "n": 5
  },
  "PSYC": {
    "mean": 9.332538784046916,
    "std": 5.656621466524021,
    "n": 67
  },
  "JNO": {
    "mean": 10.1624080502013,
    "std": 3.6224542124246053,
    "n": 119
  },
  "MSL": {
    "mean": 0.0,
    "std": 0.0,
    "n": 13
  },
  "M20": {
    "mean": 0.0,
    "std": 0.0,
    "n": 25
  },
  "CGO": {
    "mean": 8.043201089507736,
    "std": 6.194512694083141,
    "n": 23
  },
  "BIOS": {
    "mean": 6.481374500800612,
    "std": 3.97086966242705,
    "n": 11
  },
  "SGP": {
    "mean": 0.0,
    "std": 0.0,
    "n": 34
  },
  "DSCO": {
    "mean": 3.961415020514468,
    "std": 4.851722729828701,
    "n": 5
  },
  "THB": {
    "mean": 8.75867294851638,
    "std": 5.395528993320845,
    "n": 11
  },
  "MMX": {
    "mean": 3.1847383128714086,
    "std": 4.556806537338114,
    "n": 27
  }
}