{
  "ACE": {
    "mean": 8.620652708252901,
    "std": 4.847551811142598,
    "n": 214
  },
  "DSN": {
    "mean": 0.0,
    "std": 0.0,
    "n": 3714
  },
  "DSS": {
    "mean": 0.0,
    "std": 0.0,
    "n": 1094
  },
  "JWST": {
    "mean": 10.98381315134625,
    "std": 5.912418966563355,
    "n": 424
  },
  "KPLO": {
    "mean": 8.396562424313089,
    "std": 6.560200115241895,
    "n": 392
  },
  "LUCY": {
    "mean": 9.10138946000277,
    "std": 4.206673978542835,
    "n": 375
  },
  "M01O": {
    "mean": 8.359351613381582,
    "std": 3.886422313558837,
    "n": 685
  },
  "MMS2": {
    "mean": 11.687659469902421,
    "std": 5.809629781790374,
    "n": 91
  },
  "ORX": {
    "mean": 4.048768016613905,
    "std": 6.2599907953383696,
    "n": 139
  },
  "SOHO": {
    "mean": 10.185429488944825,
    "std": 4.7615755298908375,
    "n": 552
  },
  "SPP": {
    "mean": 8.439686157468543,
    "std": 4.26271094309813,
    "n": 364
  },
  "VGR2": {
    "mean": 4.308190896732486,
    "std": 1.7232374724577189,
    "n": 316
  },
  "CAPS": {
    "mean": 8.4172982514558,
    "std": 5.869264034913598,
    "n": 104
  },
  "MRO": {
    "mean": 11.34325198255175,
    "std": 5.844992639074562,
    "n": 388
  },
  "STA": {
    "mean": 10.42457619409104,
    "std": 5.3600780140297095,
    "n": 225
  },
  "IMAP": {
    "mean": 10.551696529789467,
    "std": 5.566465338656324,
    "n": 147
  },
  "MMS3": {
    "mean": 11.708210651166805,
    "std": 5.729012110984742,
    "n": 83
  },
  "TGO": {
    "mean": 9.593680627896891,
    "std": 5.628802445094852,
    "n": 90
  },
  "TDR8": {
    "mean": 6.839711603308979,
    "std": 3.15492915596383,
    "n": 114
  },
  "MMS4": {
    "mean": 12.429262948800138,
    "std": 5.211714542811658,
    "n": 67
  },
  "WIND": {
    "mean": 7.947121372362754,
    "std": 4.120522761411497,
    "n": 180
  },
  "ESCB": {
    "mean": 8.263116725355085,
    "std": 3.157964276265671,
    "n": 141
  },
  "THC": {
    "mean": 8.535454265412818,
    "std": 5.402919927212952,
    "n": 67
  },
  "CHDR": {
    "mean": 7.856880473096338,
    "std": 6.933834580504861,
    "n": 201
  },
  "MMS1": {
    "mean": 10.745111478876753,
    "std": 6.3495002139776275,
    "n": 89
  },
  "ESCG": {
    "mean": 8.211184175608677,
    "std": 3.1049429823674495,
    "n": 132
  },
  "VGR1": {
    "mean": 4.4755446137747805,
    "std": 1.6466791874039812,
    "n": 260
  },
  "DSSR": {
    "mean": 0.0,
    "std": 0.0,
    "n": 68
  },
  "LRO": {
    "mean": 10.257517688539615,
    "std": 6.7711716214244735,
    "n": 157
  },
  "SWFO": {
    "mean": 0.0,
    "std": 0.0,
    "n": 69
  },
  "GBRA": {
    "mean": 0.0,
    "std": 0.0,
    "n": 212
  },
  "EMM": {
    "mean": 11.587830537233842,
    "std": 3.06075476965658,
    "n": 46
  },
  "TESS": {
    "mean": 7.2923124771566945,
    "std": 5.136003125364137,
    "n": 51
  },
  "EURC": {
    "mean": 5.613983411635755,
    "std": 5.494120046570652,
    "n": 95
  },
  "NHPC": {
    "mean": 0.0,
    "std": 0.0,
    "n": 15
  },
  "PSYC": {
    "mean": 10.258280020667963,
    "std": 5.0758932848948355,
    "n": 239
  },
  "JNO": {
    "mean": 9.25249289853868,
    "std": 4.3817199701930445,
    "n": 497
  },
  "MSL": {
    "mean": 0.11200544196573073,
    "std": 0.784038093760115,
    "n": 50
  },
  "M20": {
    "mean": 0.39065281000557206,
    "std": 1.3672848350195017,
    "n": 53
  },
  "CGO": {
    "mean": 9.89999413528588,
    "std": 5.674190465929065,
    "n": 84
  },
  "BIOS": {
    "mean": 7.300921556125871,
    "std": 3.509447946156779,
    "n": 32
  },
  "SGP": {
    "mean": 0.0,
    "std": 0.0,
    "n": 34
  },
  "DSCO": {
    "mean": 4.244373236265502,
    "std": 4.9009800609982594,
    "n": 14
  },
  "THB": {
    "mean": 8.954668836338687,
    "std": 5.089404640938011,
    "n": 37
  },
  "MMX": {
    "mean": 5.125630207147106,
    "std": 4.898461512253476,
    "n": 45
  },
  "RST": {
    "mean": 7.105025557367963,
    "std": 5.919891139206077,
    "n": 13
  },
  "XMM": {
    "mean": 10.168218717059913,
    "std": 3.389406239175829,
    "n": 40
  },
  "TEST": {
    "mean": 0.0,
    "std": 0.0,
    "n": 17
  },
  "MEX": {
    "mean": 9.087453727158627,
    "std": 5.102613566453179,
    "n": 21
  },
  "BEPI": {
    "mean": 6.2961023683473805,
    "std": 3.365408276344554,
    "n": 9
  },
  "HYB2": {
    "mean": 0.0,
    "std": 0.0,
    "n": 4
  }
}