{
  "ACE": {
    "mean": 8.216612340459147,
    "std": 5.030895019687992,
    "n": 835
  },
  "DSN": {
    "mean": 0.0,
    "std": 0.0,
    "n": 12761
  },
  "DSS": {
    "mean": 0.0,
    "std": 0.0,
    "n": 2343
  },
  "JWST": {
    "mean": 11.464765212658135,
    "std": 5.826631035078122,
    "n": 2029
  },
  "KPLO": {
    "mean": 8.798605845996239,
    "std": 6.16391227434066,
    "n": 1641
  },
  "LUCY": {
    "mean": 8.993181319470937,
    "std": 3.8778913924033858,
    "n": 961
  },
  "M01O": {
    "mean": 7.931845022084108,
    "std": 4.222611238465279,
    "n": 3067
  },
  "MMS2": {
    "mean": 11.82289689688894,
    "std": 5.677963485878217,
    "n": 417
  },
  "ORX": {
    "mean": 4.367990875055246,
    "std": 6.403721434335683,
    "n": 910
  },
  "SOHO": {
    "mean": 10.433966587859393,
    "std": 4.493764403046155,
    "n": 2723
  },
  "SPP": {
    "mean": 8.709676212548903,
    "std": 4.546523832251389,
    "n": 1312
  },
  "VGR2": {
    "mean": 4.208011769177041,
    "std": 1.8535355625549832,
    "n": 1281
  },
  "CAPS": {
    "mean": 9.355673466915219,
    "std": 5.405366234794006,
    "n": 428
  },
  "MRO": {
    "mean": 11.466943964013371,
    "std": 5.619493221825672,
    "n": 1432
  },
  "STA": {
    "mean": 10.572294872017466,
    "std": 5.231492395922075,
    "n": 1028
  },
  "IMAP": {
    "mean": 10.765848903540865,
    "std": 5.414721557906119,
    "n": 540
  },
  "MMS3": {
    "mean": 11.872018972161474,
    "std": 5.667652039862893,
    "n": 394
  },
  "TGO": {
    "mean": 10.50909623263593,
    "std": 5.06023282609917,
    "n": 437
  },
  "TDR8": {
    "mean": 7.014025107082547,
    "std": 2.9972898409743474,
    "n": 136
  },
  "MMS4": {
    "mean": 11.748835432528312,
    "std": 5.798340272804559,
    "n": 363
  },
  "WIND": {
    "mean": 7.871567979682599,
    "std": 4.204505418923971,
    "n": 737
  },
  "ESCB": {
    "mean": 7.787627494436133,
    "std": 3.403851983876745,
    "n": 512
  },
  "THC": {
    "mean": 8.02489772425563,
    "std": 5.691939001232985,
    "n": 232
  },
  "CHDR": {
    "mean": 8.215795055080884,
    "std": 6.86713461916586,
    "n": 873
  },
  "MMS1": {
    "mean": 10.813458904592066,
    "std": 6.313975769096202,
    "n": 457
  },
  "ESCG": {
    "mean": 7.714136107728149,
    "std": 3.6210380226996843,
    "n": 453
  },
  "VGR1": {
    "mean": 3.695472807313835,
    "std": 2.2549494580021783,
    "n": 1659
  },
  "DSSR": {
    "mean": 0.0,
    "std": 0.0,
    "n": 287
  },
  "LRO": {
    "mean": 10.228449749744042,
    "std": 6.4406257131787035,
    "n": 1027
  },
  "SWFO": {
    "mean": 0.18841713018327716,
    "std": 1.2355346073170201,
    "n": 308
  },
  "GBRA": {
    "mean": 0.0,
    "std": 0.0,
    "n": 661
  },
  "EMM": {
    "mean": 9.984031566946785,
    "std": 4.912956147546866,
    "n": 236
  },
  "TESS": {
    "mean": 9.691314278364082,
    "std": 6.48100590868308,
    "n": 267
  },
  "EURC": {
    "mean": 6.505042354412219,
    "std": 4.62921212912156,
    "n": 562
  },
  "NHPC": {
    "mean": 2.777655043974421,
    "std": 2.9940034209328714,
    "n": 748
  },
  "PSYC": {
    "mean": 9.801750384129395,
    "std": 5.374569499777658,
    "n": 727
  },
  "JNO": {
    "mean": 8.83481379587313,
    "std": 4.314864106460276,
    "n": 1854
  },
  "MSL": {
    "mean": 0.2993576733300887,
    "std": 1.2108213280844138,
    "n": 295
  },
  "M20": {
    "mean": 0.3981653640441407,
    "std": 1.3792852806772187,
    "n": 247
  },
  "CGO": {
    "mean": 10.319310396423036,
    "std": 5.513565976668552,
    "n": 339
  },
  "BIOS": {
    "mean": 6.908636657782526,
    "std": 3.8018288013863715,
    "n": 99
  },
  "SGP": {
    "mean": 0.0,
    "std": 0.0,
    "n": 111
  },
  "DSCO": {
    "mean": 5.519787753357474,
    "std": 5.061207224223677,
    "n": 69
  },
  "THB": {
    "mean": 7.751827512100509,
    "std": 5.7755097653703125,
    "n": 147
  },
  "MMX": {
    "mean": 6.286980854753921,
    "std": 4.837917009469494,
    "n": 84
  },
  "RST": {
    "mean": 5.586916007866837,
    "std": 5.907579842444726,
    "n": 56
  },
  "XMM": {
    "mean": 10.250523479702437,
    "std": 3.2767988236196515,
    "n": 151
  },
  "TEST": {
    "mean": 0.0,
    "std": 0.0,
    "n": 271
  },
  "MEX": {
    "mean": 8.64732212457721,
    "std": 5.286989164477508,
    "n": 96
  },
  "BEPI": {
    "mean": 4.342343111860535,
    "std": 5.071384013101949,
    "n": 40
  },
  "HYB2": {
    "mean": 4.1767749285408255,
    "std": 3.2512601559797702,
    "n": 463
  },
  "HCRA": {
    "mean": 0.0,
    "std": 0.0,
    "n": 74
  },
  "EGS": {
    "mean": 0.0,
    "std": 0.0,
    "n": 16
  },
  "TERR": {
    "mean": 0.0,
    "std": 0.0,
    "n": 5
  }
}