{
  "ACE": {
    "mean": 8.428224630270654,
    "std": 4.921324149645687,
    "n": 672
  },
  "DSN": {
    "mean": 0.0,
    "std": 0.0,
    "n": 10482
  },
  "DSS": {
    "mean": 0.0,
    "std": 0.0,
    "n": 2019
  },
  "JWST": {
    "mean": 11.327672542137554,
    "std": 5.938802732325682,
    "n": 1576
  },
  "KPLO": {
    "mean": 8.737941910181187,
    "std": 6.206023641847623,
    "n": 1282
  },
  "LUCY": {
    "mean": 9.023204428419032,
    "std": 3.962621064704021,
    "n": 848
  },
  "M01O": {
    "mean": 7.939883838499446,
    "std": 4.257196166347783,
    "n": 2494
  },
  "MMS2": {
    "mean": 11.803836605114544,
    "std": 5.742401485076462,
    "n": 314
  },
  "ORX": {
    "mean": 4.4385630042270146,
    "std": 6.432941120481828,
    "n": 713
  },
  "SOHO": {
    "mean": 10.41889017012761,
    "std": 4.494411419753107,
    "n": 2142
  },
  "SPP": {
    "mean": 9.011941658868105,
    "std": 4.623998408612996,
    "n": 1174
  },
  "VGR2": {
    "mean": 4.1538437453540125,
    "std": 1.8950432766837728,
    "n": 1037
  },
  "CAPS": {
    "mean": 9.052276969294915,
    "std": 5.578479725267901,
    "n": 331
  },
  "MRO": {
    "mean": 11.294322663007135,
    "std": 5.740548463577282,
    "n": 1150
  },
  "STA": {
    "mean": 10.595125639968096,
    "std": 5.233949582385823,
    "n": 786
  },
  "IMAP": {
    "mean": 10.611333906193913,
    "std": 5.528761403829262,
    "n": 431
  },
  "MMS3": {
    "mean": 11.749316475346985,
    "std": 5.784511097620451,
    "n": 308
  },
  "TGO": {
    "mean": 10.383194661222143,
    "std": 5.16496987623233,
    "n": 349
  },
  "TDR8": {
    "mean": 7.014025107082547,
    "std": 2.9972898409743474,
    "n": 136
  },
  "MMS4": {
    "mean": 11.968176993581217,
    "std": 5.646277222171031,
    "n": 286
  },
  "WIND": {
    "mean": 7.857327363369148,
    "std": 4.186400935033071,
    "n": 597
  },
  "ESCB": {
    "mean": 7.792541502939834,
    "std": 3.397349696146697,
    "n": 379
  },
  "THC": {
    "mean": 8.180192935608826,
    "std": 5.607825255535234,
    "n": 161
  },
  "CHDR": {
    "mean": 8.207059949069818,
    "std": 6.869788759465116,
    "n": 704
  },
  "MMS1": {
    "mean": 10.82419544431946,
    "std": 6.305709398561475,
    "n": 340
  },
  "ESCG": {
    "mean": 7.629744341358703,
    "std": 3.6330871348012352,
    "n": 373
  },
  "VGR1": {
    "mean": 4.343490483087603,
    "std": 1.7805603618476968,
    "n": 1145
  },
  "DSSR": {
    "mean": 0.0,
    "std": 0.0,
    "n": 204
  },
  "LRO": {
    "mean": 10.737391575159684,
    "std": 6.47955626482292,
    "n": 718
  },
  "SWFO": {
    "mean": 0.23400191974374748,
    "std": 1.3730274673613185,
    "n": 248
  },
  "GBRA": {
    "mean": 0.0,
    "std": 0.0,
    "n": 545
  },
  "EMM": {
    "mean": 10.135336904512531,
    "std": 4.79404608636372,
    "n": 186
  },
  "TESS": {
    "mean": 9.609397897603882,
    "std": 6.486769392008635,
    "n": 207
  },
  "EURC": {
    "mean": 6.95805094988313,
    "std": 4.5836275169320535,
    "n": 431
  },
  "NHPC": {
    "mean": 2.5839747097431705,
    "std": 2.914030213582763,
    "n": 329
  },
  "PSYC": {
    "mean": 9.62462859788582,
    "std": 5.4826134281452275,
    "n": 645
  },
  "JNO": {
    "mean": 9.006375754225658,
    "std": 4.206883781909077,
    "n": 1556
  },
  "MSL": {
    "mean": 0.2540364170944357,
    "std": 1.1221825856520087,
    "n": 205
  },
  "M20": {
    "mean": 0.48209237705344493,
    "std": 1.504316877704969,
    "n": 204
  },
  "CGO": {
    "mean": 10.289850692054399,
    "std": 5.565489892861328,
    "n": 268
  },
  "BIOS": {
    "mean": 7.111815900254474,
    "std": 3.6669300959237847,
    "n": 81
  },
  "SGP": {
    "mean": 0.0,
    "std": 0.0,
    "n": 111
  },
  "DSCO": {
    "mean": 4.841729469517685,
    "std": 4.950545965703306,
    "n": 45
  },
  "THB": {
    "mean": 8.127425734448254,
    "std": 5.624767373043861,
    "n": 131
  },
  "MMX": {
    "mean": 6.447047574555721,
    "std": 4.86009682234796,
    "n": 75
  },
  "RST": {
    "mean": 6.2573459288108575,
    "std": 5.9069727957618285,
    "n": 50
  },
  "XMM": {
    "mean": 10.49102250883873,
    "std": 2.909686122370264,
    "n": 126
  },
  "TEST": {
    "mean": 0.0,
    "std": 0.0,
    "n": 195
  },
  "MEX": {
    "mean": 9.495547254342087,
    "std": 4.561461788079343,
    "n": 59
  },
  "BEPI": {
    "mean": 4.342343111860535,
    "std": 5.071384013101949,
    "n": 40
  },
  "HYB2": {
    "mean": 4.1767749285408255,
    "std": 3.2512601559797702,
    "n": 463
  },
  "HCRA": {
    "mean": 0.0,
    "std": 0.0,
    "n": 48
  },
  "EGS": {
    "mean": 0.0,
    "std": 0.0,
    "n": 16
  }
}