{
  "ACE": {
    "mean": 8.41761066305074,
    "std": 4.920517159499607,
    "n": 568
  },
  "DSN": {
    "mean": 0.0,
    "std": 0.0,
    "n": 8784
  },
  "DSS": {
    "mean": 0.0,
    "std": 0.0,
    "n": 1742
  },
  "JWST": {
    "mean": 11.358353246506837,
    "std": 6.017643290622177,
    "n": 1297
  },
  "KPLO": {
    "mean": 8.684439724682374,
    "std": 6.284825303493886,
    "n": 1085
  },
  "LUCY": {
    "mean": 9.102562041209785,
    "std": 3.978388340513624,
    "n": 771
  },
  "M01O": {
    "mean": 7.878129122313137,
    "std": 4.325628052561898,
    "n": 2166
  },
  "MMS2": {
    "mean": 12.085738148550025,
    "std": 5.5116910080974195,
    "n": 256
  },
  "ORX": {
    "mean": 3.9899361408966194,
    "std": 6.244784537964104,
    "n": 576
  },
  "SOHO": {
    "mean": 10.42241002302502,
    "std": 4.478376070842206,
    "n": 1784
  },
  "SPP": {
    "mean": 9.00190365483129,
    "std": 4.550946125427524,
    "n": 985
  },
  "VGR2": {
    "mean": 4.146134512536453,
    "std": 1.904324976667718,
    "n": 878
  },
  "CAPS": {
    "mean": 9.103384760466334,
    "std": 5.557694695916504,
    "n": 295
  },
  "MRO": {
    "mean": 11.187947527761644,
    "std": 5.823062788628917,
    "n": 905
  },
  "STA": {
    "mean": 10.516758040899004,
    "std": 5.298096268339732,
    "n": 643
  },
  "IMAP": {
    "mean": 10.581687596374046,
    "std": 5.549962199637346,
    "n": 357
  },
  "MMS3": {
    "mean": 11.621579637527987,
    "std": 5.886958459216676,
    "n": 255
  },
  "TGO": {
    "mean": 10.331497572703547,
    "std": 5.209772823928212,
    "n": 302
  },
  "TDR8": {
    "mean": 6.839711603308979,
    "std": 3.15492915596383,
    "n": 114
  },
  "MMS4": {
    "mean": 12.018722673894544,
    "std": 5.596926450351834,
    "n": 236
  },
  "WIND": {
    "mean": 7.898020105231678,
    "std": 4.184462155957587,
    "n": 482
  },
  "ESCB": {
    "mean": 7.791614077704481,
    "std": 3.3664068860269927,
    "n": 319
  },
  "THC": {
    "mean": 8.193392562835303,
    "std": 5.613047573066228,
    "n": 139
  },
  "CHDR": {
    "mean": 8.202071667657915,
    "std": 6.872960945565137,
    "n": 594
  },
  "MMS1": {
    "mean": 10.72622549637577,
    "std": 6.358546776799719,
    "n": 285
  },
  "ESCG": {
    "mean": 7.646822630352018,
    "std": 3.6630598140434767,
    "n": 326
  },
  "VGR1": {
    "mean": 4.415370716474641,
    "std": 1.7041003721206693,
    "n": 953
  },
  "DSSR": {
    "mean": 0.0,
    "std": 0.0,
    "n": 168
  },
  "LRO": {
    "mean": 10.807846638685078,
    "std": 6.481283186441909,
    "n": 592
  },
  "SWFO": {
    "mean": 0.26743076542142563,
    "std": 1.4647796565901217,
    "n": 217
  },
  "GBRA": {
    "mean": 0.0,
    "std": 0.0,
    "n": 509
  },
  "EMM": {
    "mean": 10.220441761766253,
    "std": 4.725079535760229,
    "n": 142
  },
  "TESS": {
    "mean": 9.526441127253786,
    "std": 6.393731075681011,
    "n": 175
  },
  "EURC": {
    "mean": 7.073237897790295,
    "std": 5.068616792202247,
    "n": 304
  },
  "NHPC": {
    "mean": 1.487717806976772,
    "std": 1.9068672566636404,
    "n": 74
  },
  "PSYC": {
    "mean": 9.631960984400793,
    "std": 5.475885829748371,
    "n": 606
  },
  "JNO": {
    "mean": 8.991855148381791,
    "std": 4.361331023672074,
    "n": 1268
  },
  "MSL": {
    "mean": 0.24836408356673606,
    "std": 1.1111895918040897,
    "n": 168
  },
  "M20": {
    "mean": 0.47055906659762076,
    "std": 1.48803842409134,
    "n": 154
  },
  "CGO": {
    "mean": 10.300315363910899,
    "std": 5.590548267115453,
    "n": 213
  },
  "BIOS": {
    "mean": 6.976562835742111,
    "std": 3.7645650646294055,
    "n": 71
  },
  "SGP": {
    "mean": 0.0,
    "std": 0.0,
    "n": 34
  },
  "DSCO": {
    "mean": 4.951768775643087,
    "std": 4.951768775643087,
    "n": 44
  },
  "THB": {
    "mean": 8.120803425503418,
    "std": 5.622722137669865,
    "n": 109
  },
  "MMX": {
    "mean": 6.447047574555721,
    "std": 4.86009682234796,
    "n": 75
  },
  "RST": {
    "mean": 6.771292771997224,
    "std": 5.938614102744261,
    "n": 42
  },
  "XMM": {
    "mean": 10.478006574044688,
    "std": 2.9312374535648464,
    "n": 124
  },
  "TEST": {
    "mean": 0.0,
    "std": 0.0,
    "n": 144
  },
  "MEX": {
    "mean": 9.48539227202379,
    "std": 4.622399748859159,
    "n": 42
  },
  "BEPI": {
    "mean": 2.2665968526050566,
    "std": 3.6346409384521188,
    "n": 25
  },
  "HYB2": {
    "mean": 2.3791198444040274,
    "std": 2.475528796344436,
    "n": 88
  },
  "HCRA": {
    "mean": 0.0,
    "std": 0.0,
    "n": 43
  },
  "EGS": {
    "mean": 0.0,
    "std": 0.0,
    "n": 16
  }
}