{
  "ACE": {
    "mean": 8.433747566884145,
    "std": 4.915766307998096,
    "n": 602
  },
  "DSN": {
    "mean": 0.0,
    "std": 0.0,
    "n": 9076
  },
  "DSS": {
    "mean": 0.0,
    "std": 0.0,
    "n": 1789
  },
  "JWST": {
    "mean": 11.427464690697759,
    "std": 6.012801757819756,
    "n": 1383
  },
  "KPLO": {
    "mean": 8.609230518993828,
    "std": 6.206593673715922,
    "n": 1144
  },
  "LUCY": {
    "mean": 9.068225416305559,
    "std": 3.991883075935727,
    "n": 787
  },
  "M01O": {
    "mean": 7.926254590859364,
    "std": 4.291394294089668,
    "n": 2294
  },
  "MMS2": {
    "mean": 11.973081120751601,
    "std": 5.6055551709200095,
    "n": 273
  },
  "ORX": {
    "mean": 4.214174793104788,
    "std": 6.344488730717041,
    "n": 614
  },
  "SOHO": {
    "mean": 10.45588151582615,
    "std": 4.45120079214852,
    "n": 1897
  },
  "SPP": {
    "mean": 9.257234654205138,
    "std": 4.5948562319074675,
    "n": 1111
  },
  "VGR2": {
    "mean": 4.164223353244898,
    "std": 1.8894711047902697,
    "n": 926
  },
  "CAPS": {
    "mean": 9.099003554473699,
    "std": 5.5558726014338,
    "n": 306
  },
  "MRO": {
    "mean": 11.218066163485968,
    "std": 5.789169830721586,
    "n": 965
  },
  "STA": {
    "mean": 10.578231166680064,
    "std": 5.254535251128138,
    "n": 683
  },
  "IMAP": {
    "mean": 10.537767592960973,
    "std": 5.57966150478346,
    "n": 370
  },
  "MMS3": {
    "mean": 11.734599789062672,
    "std": 5.8044067451256085,
    "n": 270
  },
  "TGO": {
    "mean": 10.348459683744117,
    "std": 5.1954037340970025,
    "n": 324
  },
  "TDR8": {
    "mean": 6.839711603308979,
    "std": 3.15492915596383,
    "n": 114
  },
  "MMS4": {
    "mean": 11.97453143451891,
    "std": 5.628910031644888,
    "n": 249
  },
  "WIND": {
    "mean": 7.844428090354758,
    "std": 4.184794579269128,
    "n": 510
  },
  "ESCB": {
    "mean": 7.7779527318277015,
    "std": 3.3929697471510343,
    "n": 346
  },
  "THC": {
    "mean": 8.104053890379554,
    "std": 5.622679116121541,
    "n": 149
  },
  "CHDR": {
    "mean": 8.210123947207887,
    "std": 6.871225678315423,
    "n": 624
  },
  "MMS1": {
    "mean": 10.789297558214475,
    "std": 6.318254784721013,
    "n": 302
  },
  "ESCG": {
    "mean": 7.675342118656783,
    "std": 3.624507056606395,
    "n": 345
  },
  "VGR1": {
    "mean": 4.432191595420731,
    "std": 1.6860165864292957,
    "n": 1009
  },
  "DSSR": {
    "mean": 0.0,
    "std": 0.0,
    "n": 196
  },
  "LRO": {
    "mean": 10.812890861780472,
    "std": 6.432772403376892,
    "n": 634
  },
  "SWFO": {
    "mean": 0.25792211598421944,
    "std": 1.4393556420431937,
    "n": 225
  },
  "GBRA": {
    "mean": 0.0,
    "std": 0.0,
    "n": 539
  },
  "EMM": {
    "mean": 10.210121533965474,
    "std": 4.733528122869451,
    "n": 147
  },
  "TESS": {
    "mean": 9.9095928160731,
    "std": 6.5622919675658515,
    "n": 189
  },
  "EURC": {
    "mean": 7.119821393251179,
    "std": 5.046342242185888,
    "n": 317
  },
  "NHPC": {
    "mean": 2.9399204154705867,
    "std": 2.561993706528319,
    "n": 142
  },
  "PSYC": {
    "mean": 9.559087822212327,
    "std": 5.519449657161713,
    "n": 624
  },
  "JNO": {
    "mean": 9.008551451111881,
    "std": 4.353764280586792,
    "n": 1297
  },
  "MSL": {
    "mean": 0.2975855171677675,
    "std": 1.2092200393618877,
    "n": 175
  },
  "M20": {
    "mean": 0.41647181756341145,
    "std": 1.4079317143529417,
    "n": 174
  },
  "CGO": {
    "mean": 10.391469900248538,
    "std": 5.539003115509523,
    "n": 234
  },
  "BIOS": {
    "mean": 6.976562835742111,
    "std": 3.7645650646294055,
    "n": 71
  },
  "SGP": {
    "mean": 0.0,
    "std": 0.0,
    "n": 34
  },
  "DSCO": {
    "mean": 4.951768775643087,
    "std": 4.951768775643087,
    "n": 44
  },
  "THB": {
    "mean": 8.141870177392011,
    "std": 5.5904266470201875,
    "n": 126
  },
  "MMX": {
    "mean": 6.447047574555721,
    "std": 4.86009682234796,
    "n": 75
  },
  "RST": {
    "mean": 6.771292771997224,
    "std": 5.938614102744261,
    "n": 42
  },
  "XMM": {
    "mean": 10.478006574044688,
    "std": 2.9312374535648464,
    "n": 124
  },
  "TEST": {
    "mean": 0.0,
    "std": 0.0,
    "n": 187
  },
  "MEX": {
    "mean": 9.665860102911063,
    "std": 4.455399724792833,
    "n": 46
  },
  "BEPI": {
    "mean": 2.420109767318459,
    "std": 3.567173330124926,
    "n": 28
  },
  "HYB2": {
    "mean": 3.1275421306804256,
    "std": 2.48245375216458,
    "n": 216
  },
  "HCRA": {
    "mean": 0.0,
    "std": 0.0,
    "n": 48
  },
  "EGS": {
    "mean": 0.0,
    "std": 0.0,
    "n": 16
  }
}