{
  "ACE": {
    "mean": 8.489280722127335,
    "std": 4.910998872024057,
    "n": 371
  },
  "DSN": {
    "mean": 0.0,
    "std": 0.0,
    "n": 6095
  },
  "DSS": {
    "mean": 0.0,
    "std": 0.0,
    "n": 1384
  },
  "JWST": {
    "mean": 11.25107082260497,
    "std": 6.058553162534758,
    "n": 780
  },
  "KPLO": {
    "mean": 8.511577134134527,
    "std": 6.574557927679688,
    "n": 634
  },
  "LUCY": {
    "mean": 9.063725625795975,
    "std": 4.1450414461484355,
    "n": 619
  },
  "M01O": {
    "mean": 7.933447007721725,
    "std": 4.291416426985358,
    "n": 1314
  },
  "MMS2": {
    "mean": 11.9672219838486,
    "std": 5.581899375731407,
    "n": 157
  },
  "ORX": {
    "mean": 3.7324397245256566,
    "std": 6.108919983698192,
    "n": 309
  },
  "SOHO": {
    "mean": 10.334229919279569,
    "std": 4.603696452449464,
    "n": 1010
  },
  "SPP": {
    "mean": 8.642433316776996,
    "std": 4.3705920576251875,
    "n": 634
  },
  "VGR2": {
    "mean": 4.233509595296058,
    "std": 1.8309544803053681,
    "n": 551
  },
  "CAPS": {
    "mean": 8.798912440332781,
    "std": 5.6965625989138005,
    "n": 183
  },
  "MRO": {
    "mean": 11.112267022292809,
    "std": 5.9059681479049315,
    "n": 602
  },
  "STA": {
    "mean": 10.533710867405025,
    "std": 5.286521683809599,
    "n": 423
  },
  "IMAP": {
    "mean": 10.588290579747056,
    "std": 5.539532782148133,
    "n": 242
  },
  "MMS3": {
    "mean": 11.788645521958705,
    "std": 5.735548200009045,
    "n": 157
  },
  "TGO": {
    "mean": 10.031661670991554,
    "std": 5.372159628542937,
    "n": 171
  },
  "TDR8": {
    "mean": 6.839711603308979,
    "std": 3.15492915596383,
    "n": 114
  },
  "MMS4": {
    "mean": 11.957057440891042,
    "std": 5.653645101327059,
    "n": 137
  },
  "WIND": {
    "mean": 7.819102823320647,
    "std": 4.263274073360566,
    "n": 317
  },
  "ESCB": {
    "mean": 8.15365141516812,
    "std": 3.224113666488309,
    "n": 163
  },
  "THC": {
    "mean": 8.657951241895903,
    "std": 5.364707197847902,
    "n": 102
  },
  "CHDR": {
    "mean": 8.147745549621119,
    "std": 6.892692258244997,
    "n": 374
  },
  "MMS1": {
    "mean": 10.456924380781686,
    "std": 6.480648645719383,
    "n": 166
  },
  "ESCG": {
    "mean": 7.660754932909355,
    "std": 3.53001867157819,
    "n": 221
  },
  "VGR1": {
    "mean": 4.405841705102966,
    "std": 1.725145216941174,
    "n": 504
  },
  "DSSR": {
    "mean": 0.0,
    "std": 0.0,
    "n": 93
  },
  "LRO": {
    "mean": 9.964319442864953,
    "std": 6.73022905688641,
    "n": 293
  },
  "SWFO": {
    "mean": 0.3092826632741406,
    "std": 1.5709625433118766,
    "n": 134
  },
  "GBRA": {
    "mean": 0.0,
    "std": 0.0,
    "n": 359
  },
  "EMM": {
    "mean": 9.842546787315129,
    "std": 5.028153207500929,
    "n": 87
  },
  "TESS": {
    "mean": 8.989949020009469,
    "std": 6.063669948666713,
    "n": 103
  },
  "EURC": {
    "mean": 6.276960100688455,
    "std": 5.283900676000145,
    "n": 187
  },
  "NHPC": {
    "mean": 0.0,
    "std": 0.0,
    "n": 23
  },
  "PSYC": {
    "mean": 9.570977990651595,
    "std": 5.510941820756667,
    "n": 478
  },
  "JNO": {
    "mean": 8.92955450482563,
    "std": 4.5486735622762176,
    "n": 821
  },
  "MSL": {
    "mean": 0.174289094359299,
    "std": 0.9448366877996783,
    "n": 91
  },
  "M20": {
    "mean": 0.40258942364463124,
    "std": 1.3862845644039656,
    "n": 90
  },
  "CGO": {
    "mean": 10.235888272113892,
    "std": 5.607585870505063,
    "n": 159
  },
  "BIOS": {
    "mean": 6.8571774360934326,
    "std": 3.8466699106995494,
    "n": 46
  },
  "SGP": {
    "mean": 0.0,
    "std": 0.0,
    "n": 34
  },
  "DSCO": {
    "mean": 4.539121377672829,
    "std": 4.934545179890666,
    "n": 24
  },
  "THB": {
    "mean": 8.217317720119066,
    "std": 5.668483253582933,
    "n": 69
  },
  "MMX": {
    "mean": 6.255844173683396,
    "std": 4.862816903973702,
    "n": 69
  },
  "RST": {
    "mean": 7.504568018465512,
    "std": 6.107700359240118,
    "n": 29
  },
  "XMM": {
    "mean": 10.247047163175289,
    "std": 3.281681488623191,
    "n": 86
  },
  "TEST": {
    "mean": 0.0,
    "std": 0.0,
    "n": 78
  },
  "MEX": {
    "mean": 9.155437514433327,
    "std": 4.828276118324093,
    "n": 37
  },
  "BEPI": {
    "mean": 3.777661421008428,
    "std": 4.038489931613466,
    "n": 15
  },
  "HYB2": {
    "mean": 0.0,
    "std": 0.0,
    "n": 12
  },
  "HCRA": {
    "mean": 0.0,
    "std": 0.0,
    "n": 30
  }
}