{
  "ACE": {
    "mean": 8.270883820717094,
    "std": 5.00043142754886,
    "n": 802
  },
  "DSN": {
    "mean": 0.0,
    "std": 0.0,
    "n": 12206
  },
  "DSS": {
    "mean": 0.0,
    "std": 0.0,
    "n": 2266
  },
  "JWST": {
    "mean": 11.493746715645269,
    "std": 5.864237149050693,
    "n": 1940
  },
  "KPLO": {
    "mean": 8.800093256827765,
    "std": 6.165829150908696,
    "n": 1575
  },
  "LUCY": {
    "mean": 9.001552466438103,
    "std": 3.9024681635734186,
    "n": 926
  },
  "M01O": {
    "mean": 7.888439847330281,
    "std": 4.243759218929407,
    "n": 2944
  },
  "MMS2": {
    "mean": 11.95355261937574,
    "std": 5.593515100482954,
    "n": 396
  },
  "ORX": {
    "mean": 4.328112895880631,
    "std": 6.388930469351786,
    "n": 855
  },
  "SOHO": {
    "mean": 10.43618885750142,
    "std": 4.489574078250821,
    "n": 2613
  },
  "SPP": {
    "mean": 8.736612789472417,
    "std": 4.551970271948253,
    "n": 1300
  },
  "VGR2": {
    "mean": 4.212684419611726,
    "std": 1.8452877802546601,
    "n": 1206
  },
  "CAPS": {
    "mean": 9.355673466915219,
    "std": 5.405366234794006,
    "n": 428
  },
  "MRO": {
    "mean": 11.450741610833084,
    "std": 5.6381954418898514,
    "n": 1380
  },
  "STA": {
    "mean": 10.596233986509805,
    "std": 5.216395032504083,
    "n": 975
  },
  "IMAP": {
    "mean": 10.765179716104313,
    "std": 5.415606846180339,
    "n": 520
  },
  "MMS3": {
    "mean": 11.851490636515274,
    "std": 5.686994459131992,
    "n": 380
  },
  "TGO": {
    "mean": 10.501860130566937,
    "std": 5.066802285529597,
    "n": 425
  },
  "TDR8": {
    "mean": 7.014025107082547,
    "std": 2.9972898409743474,
    "n": 136
  },
  "MMS4": {
    "mean": 11.697467174515754,
    "std": 5.832993592630924,
    "n": 352
  },
  "WIND": {
    "mean": 7.83629002969355,
    "std": 4.178601678595195,
    "n": 706
  },
  "ESCB": {
    "mean": 7.787627494436133,
    "std": 3.403851983876745,
    "n": 512
  },
  "THC": {
    "mean": 8.0920034498078,
    "std": 5.658260162150318,
    "n": 215
  },
  "CHDR": {
    "mean": 8.186025452105119,
    "std": 6.871658149635752,
    "n": 842
  },
  "MMS1": {
    "mean": 10.70639639070093,
    "std": 6.36924606337455,
    "n": 433
  },
  "ESCG": {
    "mean": 7.667300847575416,
    "std": 3.646622456547681,
    "n": 409
  },
  "VGR1": {
    "mean": 3.854736651190638,
    "std": 2.169000903901975,
    "n": 1496
  },
  "DSSR": {
    "mean": 0.0,
    "std": 0.0,
    "n": 278
  },
  "LRO": {
    "mean": 10.320137607473997,
    "std": 6.456513392170389,
    "n": 976
  },
  "SWFO": {
    "mean": 0.19216051687566016,
    "std": 1.2474594817394835,
    "n": 302
  },
  "GBRA": {
    "mean": 0.0,
    "std": 0.0,
    "n": 643
  },
  "EMM": {
    "mean": 10.076165978371462,
    "std": 4.840854724692306,
    "n": 224
  },
  "TESS": {
    "mean": 9.765591828627349,
    "std": 6.499523566711595,
    "n": 261
  },
  "EURC": {
    "mean": 6.60792411160258,
    "std": 4.557867320968567,
    "n": 538
  },
  "NHPC": {
    "mean": 2.77332913870611,
    "std": 2.9996624219689547,
    "n": 702
  },
  "PSYC": {
    "mean": 9.752596437688219,
    "std": 5.407756826936085,
    "n": 706
  },
  "JNO": {
    "mean": 8.952757219519105,
    "std": 4.213378822720642,
    "n": 1809
  },
  "MSL": {
    "mean": 0.3234817349171287,
    "std": 1.255559996262865,
    "n": 273
  },
  "M20": {
    "mean": 0.41672391914789303,
    "std": 1.4083204812344743,
    "n": 236
  },
  "CGO": {
    "mean": 10.280951203414133,
    "std": 5.537429223463082,
    "n": 315
  },
  "BIOS": {
    "mean": 6.908636657782526,
    "std": 3.8018288013863715,
    "n": 99
  },
  "SGP": {
    "mean": 0.0,
    "std": 0.0,
    "n": 111
  },
  "DSCO": {
    "mean": 4.864895639228295,
    "std": 4.951006671940902,
    "n": 57
  },
  "THB": {
    "mean": 8.174940783804717,
    "std": 5.599068453312844,
    "n": 136
  },
  "MMX": {
    "mean": 6.286980854753921,
    "std": 4.837917009469494,
    "n": 84
  },
  "RST": {
    "mean": 5.586916007866837,
    "std": 5.907579842444726,
    "n": 56
  },
  "XMM": {
    "mean": 10.356520785449455,
    "std": 3.1226085073686924,
    "n": 144
  },
  "TEST": {
    "mean": 0.0,
    "std": 0.0,
    "n": 271
  },
  "MEX": {
    "mean": 8.64732212457721,
    "std": 5.286989164477508,
    "n": 96
  },
  "BEPI": {
    "mean": 4.342343111860535,
    "std": 5.071384013101949,
    "n": 40
  },
  "HYB2": {
    "mean": 4.1767749285408255,
    "std": 3.2512601559797702,
    "n": 463
  },
  "HCRA": {
    "mean": 0.0,
    "std": 0.0,
    "n": 74
  },
  "EGS": {
    "mean": 0.0,
    "std": 0.0,
    "n": 16
  },
  "TERR": {
    "mean": 0.0,
    "std": 0.0,
    "n": 5
  }
}