{
  "ACE": {
    "mean": 11.381118299297418,
    "std": 0.0,
    "n": 5
  },
  "DSN": {
    "mean": 0.0,
    "std": 0.0,
    "n": 15
  },
  "DSS": {
    "mean": 0.0,
    "std": 0.0,
    "n": 5
  },
  "JWST": {
    "mean": 17.147715103853763,
    "std": 0.0,
    "n": 5
  },
  "KPLO": {
    "mean": 0.0,
    "std": 0.0,
    "n": 5
  },
  "LUCY": {
    "mean": 11.042937835596494,
    "std": 1.9459014222361975e-15,
    "n": 5
  },
  "M01O": {
    "mean": 9.562475024372697,
    "std": 0.0,
    "n": 5
  },
  "MMS2": {
    "mean": 7.019327454639082,
    "std": 7.019327454639082,
    "n": 2
  },
  "ORX": {
    "mean": 0.0,
    "std": 0.0,
    "n": 2
  },
  "SOHO": {
    "mean": 12.412277544454046,
    "std": 1.9459014222361975e-15,
    "n": 5
  },
  "SPP": {
    "mean": 6.390576181243971,
    "std": 0.0,
    "n": 5
  },
  "VGR2": {
    "mean": 3.0487183567934526,
    "std": 2.4892681248718924,
    "n": 5
  },
  "CAPS": {
    "mean": 0.0,
    "std": 0.0,
    "n": 3
  },
  "MRO": {
    "mean": 0.0,
    "std": 0.0,
    "n": 3
  }
}