{
  "ACE": {
    "mean": 8.408653775690498,
    "std": 4.919821105125228,
    "n": 528
  },
  "DSN": {
    "mean": 0.0,
    "std": 0.0,
    "n": 8283
  },
  "DSS": {
    "mean": 0.0,
    "std": 0.0,
    "n": 1665
  },
  "JWST": {
    "mean": 11.293250329424703,
    "std": 5.970479963481097,
    "n": 1203
  },
  "KPLO": {
    "mean": 8.692748290769634,
    "std": 6.262606820394009,
    "n": 997
  },
  "LUCY": {
    "mean": 9.097536437547733,
    "std": 4.024763128482662,
    "n": 742
  },
  "M01O": {
    "mean": 7.846208634064889,
    "std": 4.33232079579075,
    "n": 2015
  },
  "MMS2": {
    "mean": 12.255337486930747,
    "std": 5.361328650987992,
    "n": 237
  },
  "ORX": {
    "mean": 3.9217946075772625,
    "std": 6.2137914117497655,
    "n": 537
  },
  "SOHO": {
    "mean": 10.398456712141714,
    "std": 4.495034315173903,
    "n": 1658
  },
  "SPP": {
    "mean": 8.733315477992644,
    "std": 4.505611186306419,
    "n": 886
  },
  "VGR2": {
    "mean": 4.118475170276104,
    "std": 1.9253319374190445,
    "n": 813
  },
  "CAPS": {
    "mean": 9.294047229644514,
    "std": 5.461106805015586,
    "n": 277
  },
  "MRO": {
    "mean": 11.186615632445319,
    "std": 5.835173021865502,
    "n": 855
  },
  "STA": {
    "mean": 10.474658828060065,
    "std": 5.327147453384901,
    "n": 609
  },
  "IMAP": {
    "mean": 10.606445069759024,
    "std": 5.533151840768121,
    "n": 346
  },
  "MMS3": {
    "mean": 11.59828194812442,
    "std": 5.895279671220743,
    "n": 239
  },
  "TGO": {
    "mean": 10.314659070719022,
    "std": 5.205773080352573,
    "n": 262
  },
  "TDR8": {
    "mean": 6.839711603308979,
    "std": 3.15492915596383,
    "n": 114
  },
  "MMS4": {
    "mean": 12.095560110555326,
    "std": 5.5317153085385655,
    "n": 220
  },
  "WIND": {
    "mean": 7.893110626448072,
    "std": 4.1868044850993265,
    "n": 457
  },
  "ESCB": {
    "mean": 7.7622101807222625,
    "std": 3.4337025553676503,
    "n": 282
  },
  "THC": {
    "mean": 8.398122064929119,
    "std": 5.537823037921983,
    "n": 130
  },
  "CHDR": {
    "mean": 8.157165232472174,
    "std": 6.882086022556686,
    "n": 558
  },
  "MMS1": {
    "mean": 10.66467045126261,
    "std": 6.395925288374172,
    "n": 265
  },
  "ESCG": {
    "mean": 7.665893509520586,
    "std": 3.6704066485630436,
    "n": 310
  },
  "VGR1": {
    "mean": 4.4020786231816,
    "std": 1.7258223659859524,
    "n": 880
  },
  "DSSR": {
    "mean": 0.0,
    "std": 0.0,
    "n": 142
  },
  "LRO": {
    "mean": 10.775016959728235,
    "std": 6.568627004913125,
    "n": 527
  },
  "SWFO": {
    "mean": 0.28447292204141816,
    "std": 1.5091254129421237,
    "n": 204
  },
  "GBRA": {
    "mean": 0.0,
    "std": 0.0,
    "n": 489
  },
  "EMM": {
    "mean": 10.231515290866358,
    "std": 4.715972313412073,
    "n": 137
  },
  "TESS": {
    "mean": 9.693273244024493,
    "std": 6.4953759510684606,
    "n": 163
  },
  "EURC": {
    "mean": 6.987868280915962,
    "std": 5.094751797936034,
    "n": 290
  },
  "NHPC": {
    "mean": 0.0,
    "std": 0.0,
    "n": 35
  },
  "PSYC": {
    "mean": 9.573443205123223,
    "std": 5.509054585204536,
    "n": 591
  },
  "JNO": {
    "mean": 8.966033776683302,
    "std": 4.392422199412181,
    "n": 1210
  },
  "MSL": {
    "mean": 0.2657653887847876,
    "std": 1.1474442260604223,
    "n": 157
  },
  "M20": {
    "mean": 0.43798190044855473,
    "std": 1.4405664690525166,
    "n": 130
  },
  "CGO": {
    "mean": 10.265167220885035,
    "std": 5.598919724261108,
    "n": 207
  },
  "BIOS": {
    "mean": 6.89691077485177,
    "std": 3.8177870844066226,
    "n": 64
  },
  "SGP": {
    "mean": 0.0,
    "std": 0.0,
    "n": 34
  },
  "DSCO": {
    "mean": 4.951768775643088,
    "std": 4.951768775643087,
    "n": 38
  },
  "THB": {
    "mean": 8.205715493189496,
    "std": 5.594682462696763,
    "n": 105
  },
  "MMX": {
    "mean": 6.447047574555721,
    "std": 4.86009682234796,
    "n": 75
  },
  "RST": {
    "mean": 6.771292771997224,
    "std": 5.938614102744261,
    "n": 42
  },
  "XMM": {
    "mean": 10.525509644591095,
    "std": 2.8515098630196727,
    "n": 117
  },
  "TEST": {
    "mean": 0.0,
    "std": 0.0,
    "n": 144
  },
  "MEX": {
    "mean": 9.434773246287115,
    "std": 4.666915418123494,
    "n": 41
  },
  "BEPI": {
    "mean": 2.2665968526050566,
    "std": 3.6346409384521188,
    "n": 25
  },
  "HYB2": {
    "mean": 0.0,
    "std": 0.0,
    "n": 26
  },
  "HCRA": {
    "mean": 0.0,
    "std": 0.0,
    "n": 38
  },
  "EGS": {
    "mean": 0.0,
    "std": 0.0,
    "n": 16
  }
}