{
  "ACE": {
    "mean": 7.699001856405677,
    "std": 5.32435309593688,
    "n": 34
  },
  "DSN": {
    "mean": 0.0,
    "std": 0.0,
    "n": 562
  },
  "DSS": {
    "mean": 0.0,
    "std": 0.0,
    "n": 212
  },
  "JWST": {
    "mean": 12.319531944251711,
    "std": 5.725189339312088,
    "n": 52
  },
  "KPLO": {
    "mean": 5.271964480217595,
    "std": 5.38014640314845,
    "n": 48
  },
  "LUCY": {
    "mean": 9.938644052036839,
    "std": 3.312881350678949,
    "n": 60
  },
  "M01O": {
    "mean": 8.246857213898727,
    "std": 3.73332738167949,
    "n": 72
  },
  "MMS2": {
    "mean": 10.423694524090223,
    "std": 6.596686430710676,
    "n": 7
  },
  "ORX": {
    "mean": 4.834617151336285,
    "std": 6.5896146284181585,
    "n": 20
  },
  "SOHO": {
    "mean": 10.205650425439988,
    "std": 4.745531055209015,
    "n": 90
  },
  "SPP": {
    "mean": 8.387853501856428,
    "std": 3.6077847819023066,
    "n": 50
  },
  "VGR2": {
    "mean": 4.488563500553167,
    "std": 1.6312422423674091,
    "n": 60
  },
  "CAPS": {
    "mean": 5.898759456175611,
    "std": 6.217838416990372,
    "n": 19
  },
  "MRO": {
    "mean": 10.628550628442438,
    "std": 6.023064052777296,
    "n": 66
  },
  "STA": {
    "mean": 7.123474540268725,
    "std": 6.5973583072165125,
    "n": 26
  },
  "IMAP": {
    "mean": 11.70549923149381,
    "std": 4.556359396300726,
    "n": 38
  },
  "MMS3": {
    "mean": 8.36250205888564,
    "std": 7.072458209579446,
    "n": 12
  },
  "TGO": {
    "mean": 11.624224159896103,
    "std": 4.425831602114742,
    "n": 16
  },
  "TDR8": {
    "mean": 6.463090604304334,
    "std": 3.4402426821146395,
    "n": 77
  },
  "MMS4": {
    "mean": 11.458067980985383,
    "std": 6.1245949570302765,
    "n": 9
  },
  "WIND": {
    "mean": 7.499638699857604,
    "std": 3.8671451910379675,
    "n": 25
  },
  "ESCB": {
    "mean": 7.114963101839682,
    "std": 3.649899059186077,
    "n": 24
  },
  "THC": {
    "mean": 9.617532833982262,
    "std": 5.625208682398356,
    "n": 8
  },
  "CHDR": {
    "mean": 6.993891310327608,
    "std": 6.993891310327604,
    "n": 28
  },
  "MMS1": {
    "mean": 9.8212011265589,
    "std": 6.944637915986757,
    "n": 9
  },
  "ESCG": {
    "mean": 7.460071793811357,
    "std": 3.563267809595809,
    "n": 22
  },
  "VGR1": {
    "mean": 4.730962684640709,
    "std": 1.2876049521685968,
    "n": 29
  },
  "DSSR": {
    "mean": 0.0,
    "std": 0.0,
    "n": 30
  },
  "LRO": {
    "mean": 9.687129112381474,
    "std": 7.180155792731799,
    "n": 9
  },
  "SWFO": {
    "mean": 0.0,
    "std": 0.0,
    "n": 11
  },
  "GBRA": {
    "mean": 0.0,
    "std": 0.0,
    "n": 16
  },
  "EMM": {
    "mean": 11.269348936844743,
    "std": 3.563681038762641,
    "n": 11
  },
  "TESS": {
    "mean": 4.840203249634437,
    "std": 4.840203249634437,
    "n": 4
  },
  "EURC": {
    "mean": 6.173484142518602,
    "std": 5.734930793741121,
    "n": 5
  },
  "NHPC": {
    "mean": 0.0,
    "std": 0.0,
    "n": 5
  },
  "PSYC": {
    "mean": 10.42168066407232,
    "std": 4.968341315128559,
    "n": 27
  },
  "JNO": {
    "mean": 9.599574536254504,
    "std": 3.6614223038091547,
    "n": 41
  },
  "MSL": {
    "mean": 0.0,
    "std": 0.0,
    "n": 5
  },
  "M20": {
    "mean": 0.0,
    "std": 0.0,
    "n": 15
  },
  "CGO": {
    "mean": 4.321415751617967,
    "std": 5.257644675612176,
    "n": 7
  },
  "BIOS": {
    "mean": 4.494472645598045,
    "std": 4.494472645598045,
    "n": 4
  },
  "SGP": {
    "mean": 0.0,
    "std": 0.0,
    "n": 34
  },
  "DSCO": {
    "mean": 0.0,
    "std": 0.0,
    "n": 2
  },
  "THB": {
    "mean": 0.0,
    "std": 0.0,
    "n": 1
  }
}