{
  "ACE": {
    "mean": 8.535337012859983,
    "std": 4.887363967000574,
    "n": 397
  },
  "DSN": {
    "mean": 0.0,
    "std": 0.0,
    "n": 6397
  },
  "DSS": {
    "mean": 0.0,
    "std": 0.0,
    "n": 1409
  },
  "JWST": {
    "mean": 11.07546440233016,
    "std": 6.043631653930691,
    "n": 854
  },
  "KPLO": {
    "mean": 8.527729609561046,
    "std": 6.391387409971732,
    "n": 715
  },
  "LUCY": {
    "mean": 9.105451622018714,
    "std": 4.099860143901476,
    "n": 653
  },
  "M01O": {
    "mean": 7.98422815974276,
    "std": 4.260745773314839,
    "n": 1457
  },
  "MMS2": {
    "mean": 12.03299143355483,
    "std": 5.537103156577281,
    "n": 172
  },
  "ORX": {
    "mean": 3.726679365318383,
    "std": 6.105876374121899,
    "n": 350
  },
  "SOHO": {
    "mean": 10.20375230085933,
    "std": 4.635986484263803,
    "n": 1169
  },
  "SPP": {
    "mean": 8.923976749230302,
    "std": 4.448321862370817,
    "n": 758
  },
  "VGR2": {
    "mean": 4.262139667483047,
    "std": 1.8031828357452488,
    "n": 586
  },
  "CAPS": {
    "mean": 9.012808829999814,
    "std": 5.605002321694801,
    "n": 201
  },
  "MRO": {
    "mean": 11.139351024365268,
    "std": 5.879111702585272,
    "n": 627
  },
  "STA": {
    "mean": 10.531861221506603,
    "std": 5.2843957820410035,
    "n": 453
  },
  "IMAP": {
    "mean": 10.702732826129047,
    "std": 5.46498547431054,
    "n": 266
  },
  "MMS3": {
    "mean": 11.959666108170088,
    "std": 5.613503455995814,
    "n": 172
  },
  "TGO": {
    "mean": 9.982004353484006,
    "std": 5.397484382816288,
    "n": 195
  },
  "TDR8": {
    "mean": 6.839711603308979,
    "std": 3.15492915596383,
    "n": 114
  },
  "MMS4": {
    "mean": 11.971876274540588,
    "std": 5.647853214121062,
    "n": 154
  },
  "WIND": {
    "mean": 7.9144749608339096,
    "std": 4.240666275197146,
    "n": 345
  },
  "ESCB": {
    "mean": 8.077543934298621,
    "std": 3.2595493591449447,
    "n": 179
  },
  "THC": {
    "mean": 8.534366237278284,
    "std": 5.416476627201907,
    "n": 109
  },
  "CHDR": {
    "mean": 8.18030791444629,
    "std": 6.88757291171675,
    "n": 405
  },
  "MMS1": {
    "mean": 10.501941605238697,
    "std": 6.461238640355366,
    "n": 186
  },
  "ESCG": {
    "mean": 7.701540526553268,
    "std": 3.473340056912333,
    "n": 235
  },
  "VGR1": {
    "mean": 4.436094660566112,
    "std": 1.6918604300652706,
    "n": 567
  },
  "DSSR": {
    "mean": 0.0,
    "std": 0.0,
    "n": 113
  },
  "LRO": {
    "mean": 10.58597044033727,
    "std": 6.751188968407514,
    "n": 350
  },
  "SWFO": {
    "mean": 0.29392820481372217,
    "std": 1.5329433797066487,
    "n": 141
  },
  "GBRA": {
    "mean": 0.0,
    "std": 0.0,
    "n": 378
  },
  "EMM": {
    "mean": 9.927111129580219,
    "std": 4.964515800101205,
    "n": 95
  },
  "TESS": {
    "mean": 9.513631567400466,
    "std": 6.392764161118952,
    "n": 114
  },
  "EURC": {
    "mean": 6.434973688925852,
    "std": 5.188939522599281,
    "n": 200
  },
  "NHPC": {
    "mean": 0.0,
    "std": 0.0,
    "n": 28
  },
  "PSYC": {
    "mean": 9.602887975847299,
    "std": 5.491662887068864,
    "n": 487
  },
  "JNO": {
    "mean": 8.888956026187323,
    "std": 4.590248719825194,
    "n": 861
  },
  "MSL": {
    "mean": 0.1525029575643866,
    "std": 0.885691408494437,
    "n": 104
  },
  "M20": {
    "mean": 0.40258942364463124,
    "std": 1.3862845644039656,
    "n": 90
  },
  "CGO": {
    "mean": 10.282326018520775,
    "std": 5.596667934217436,
    "n": 165
  },
  "BIOS": {
    "mean": 6.8571774360934326,
    "std": 3.8466699106995494,
    "n": 46
  },
  "SGP": {
    "mean": 0.0,
    "std": 0.0,
    "n": 34
  },
  "DSCO": {
    "mean": 4.951768775643087,
    "std": 4.951768775643086,
    "n": 28
  },
  "THB": {
    "mean": 8.309367451133356,
    "std": 5.547850272422751,
    "n": 82
  },
  "MMX": {
    "mean": 6.255844173683396,
    "std": 4.862816903973702,
    "n": 69
  },
  "RST": {
    "mean": 7.504568018465512,
    "std": 6.107700359240118,
    "n": 29
  },
  "XMM": {
    "mean": 10.247047163175289,
    "std": 3.281681488623191,
    "n": 86
  },
  "TEST": {
    "mean": 0.0,
    "std": 0.0,
    "n": 95
  },
  "MEX": {
    "mean": 9.155437514433327,
    "std": 4.828276118324093,
    "n": 37
  },
  "BEPI": {
    "mean": 3.777661421008428,
    "std": 4.038489931613466,
    "n": 15
  },
  "HYB2": {
    "mean": 0.0,
    "std": 0.0,
    "n": 14
  },
  "HCRA": {
    "mean": 0.0,
    "std": 0.0,
    "n": 32
  }
}