{
  "ACE": {
    "mean": 8.454203006041269,
    "std": 4.928328933288225,
    "n": 351
  },
  "DSN": {
    "mean": 0.0,
    "std": 0.0,
    "n": 5681
  },
  "DSS": {
    "mean": 0.0,
    "std": 0.0,
    "n": 1334
  },
  "JWST": {
    "mean": 11.09517220053234,
    "std": 6.050820147477105,
    "n": 741
  },
  "KPLO": {
    "mean": 8.56045974639842,
    "std": 6.531240106035286,
    "n": 594
  },
  "LUCY": {
    "mean": 9.046834235982534,
    "std": 4.162874502599698,
    "n": 607
  },
  "M01O": {
    "mean": 7.899952172286184,
    "std": 4.303146226418501,
    "n": 1246
  },
  "MMS2": {
    "mean": 11.982321962276295,
    "std": 5.575219355220711,
    "n": 152
  },
  "ORX": {
    "mean": 3.740127533332896,
    "std": 6.112934956369347,
    "n": 279
  },
  "SOHO": {
    "mean": 10.386690524316602,
    "std": 4.586287266848883,
    "n": 950
  },
  "SPP": {
    "mean": 8.421584014138626,
    "std": 4.383744767042709,
    "n": 583
  },
  "VGR2": {
    "mean": 4.21253134337165,
    "std": 1.8470803618583889,
    "n": 526
  },
  "CAPS": {
    "mean": 8.702386506995758,
    "std": 5.742241642222678,
    "n": 165
  },
  "MRO": {
    "mean": 11.155137839582277,
    "std": 5.8805421469103,
    "n": 582
  },
  "STA": {
    "mean": 10.50342652336188,
    "std": 5.312761470561231,
    "n": 403
  },
  "IMAP": {
    "mean": 10.43558455021548,
    "std": 5.643224733725681,
    "n": 221
  },
  "MMS3": {
    "mean": 11.885670670250008,
    "std": 5.654173368102536,
    "n": 152
  },
  "TGO": {
    "mean": 9.959597816209259,
    "std": 5.420752569377324,
    "n": 158
  },
  "TDR8": {
    "mean": 6.839711603308979,
    "std": 3.15492915596383,
    "n": 114
  },
  "MMS4": {
    "mean": 12.013380304364665,
    "std": 5.600720053583212,
    "n": 129
  },
  "WIND": {
    "mean": 7.8430561690069664,
    "std": 4.28542239611208,
    "n": 302
  },
  "ESCB": {
    "mean": 8.15365141516812,
    "std": 3.224113666488309,
    "n": 163
  },
  "THC": {
    "mean": 8.611791407042599,
    "std": 5.443817686129191,
    "n": 92
  },
  "CHDR": {
    "mean": 8.088211921658525,
    "std": 6.902123627130178,
    "n": 356
  },
  "MMS1": {
    "mean": 10.467106157875778,
    "std": 6.480767574905201,
    "n": 159
  },
  "ESCG": {
    "mean": 7.557934917618794,
    "std": 3.585689891265214,
    "n": 210
  },
  "VGR1": {
    "mean": 4.458252269222494,
    "std": 1.6666894478761782,
    "n": 473
  },
  "DSSR": {
    "mean": 0.0,
    "std": 0.0,
    "n": 90
  },
  "LRO": {
    "mean": 9.931681102208842,
    "std": 6.781415309622075,
    "n": 278
  },
  "SWFO": {
    "mean": 0.3263297392026365,
    "std": 1.611951492396501,
    "n": 127
  },
  "GBRA": {
    "mean": 0.0,
    "std": 0.0,
    "n": 353
  },
  "EMM": {
    "mean": 9.77404834391551,
    "std": 5.078363072239936,
    "n": 80
  },
  "TESS": {
    "mean": 9.147031442057662,
    "std": 6.109988969835761,
    "n": 97
  },
  "EURC": {
    "mean": 6.239467387072083,
    "std": 5.401014400116778,
    "n": 175
  },
  "NHPC": {
    "mean": 0.0,
    "std": 0.0,
    "n": 23
  },
  "PSYC": {
    "mean": 9.437903460621845,
    "std": 5.591472967315638,
    "n": 435
  },
  "JNO": {
    "mean": 8.894017418524433,
    "std": 4.567007342673544,
    "n": 796
  },
  "MSL": {
    "mean": 0.174289094359299,
    "std": 0.9448366877996783,
    "n": 91
  },
  "M20": {
    "mean": 0.24945299916018457,
    "std": 1.108593377259091,
    "n": 83
  },
  "CGO": {
    "mean": 10.185808349518233,
    "std": 5.618906239404096,
    "n": 153
  },
  "BIOS": {
    "mean": 6.8571774360934326,
    "std": 3.8466699106995494,
    "n": 46
  },
  "SGP": {
    "mean": 0.0,
    "std": 0.0,
    "n": 34
  },
  "DSCO": {
    "mean": 4.539121377672829,
    "std": 4.934545179890666,
    "n": 24
  },
  "THB": {
    "mean": 8.36325366372966,
    "std": 5.672812489098533,
    "n": 61
  },
  "MMX": {
    "mean": 6.274377454177141,
    "std": 4.843714300956881,
    "n": 64
  },
  "RST": {
    "mean": 7.504568018465512,
    "std": 6.107700359240118,
    "n": 29
  },
  "XMM": {
    "mean": 10.296936623248849,
    "std": 3.2106340817210572,
    "n": 79
  },
  "TEST": {
    "mean": 0.0,
    "std": 0.0,
    "n": 68
  },
  "MEX": {
    "mean": 9.093698746870189,
    "std": 4.880448830985071,
    "n": 36
  },
  "BEPI": {
    "mean": 6.2961023683473805,
    "std": 3.365408276344554,
    "n": 9
  },
  "HYB2": {
    "mean": 0.0,
    "std": 0.0,
    "n": 12
  },
  "HCRA": {
    "mean": 0.0,
    "std": 0.0,
    "n": 28
  }
}