{
  "ACE": {
    "mean": 8.270883820717094,
    "std": 5.00043142754886,
    "n": 802
  },
  "DSN": {
    "mean": 0.0,
    "std": 0.0,
    "n": 12131
  },
  "DSS": {
    "mean": 0.0,
    "std": 0.0,
    "n": 2266
  },
  "JWST": {
    "mean": 11.479142358647795,
    "std": 5.864757712544199,
    "n": 1935
  },
  "KPLO": {
    "mean": 8.800093256827765,
    "std": 6.165829150908696,
    "n": 1575
  },
  "LUCY": {
    "mean": 9.001552466438103,
    "std": 3.9024681635734186,
    "n": 926
  },
  "M01O": {
    "mean": 7.883722210397328,
    "std": 4.24742635633616,
    "n": 2928
  },
  "MMS2": {
    "mean": 11.910810325984013,
    "std": 5.625671544462559,
    "n": 390
  },
  "ORX": {
    "mean": 4.338260874534512,
    "std": 6.392973764198264,
    "n": 853
  },
  "SOHO": {
    "mean": 10.432810986704302,
    "std": 4.492414255021129,
    "n": 2596
  },
  "SPP": {
    "mean": 8.736612789472417,
    "std": 4.551970271948253,
    "n": 1300
  },
  "VGR2": {
    "mean": 4.213298744872444,
    "std": 1.8444437009319865,
    "n": 1201
  },
  "CAPS": {
    "mean": 9.355673466915219,
    "std": 5.405366234794006,
    "n": 428
  },
  "MRO": {
    "mean": 11.47054401578729,
    "std": 5.623573745954702,
    "n": 1369
  },
  "STA": {
    "mean": 10.608584843482722,
    "std": 5.207729057327414,
    "n": 964
  },
  "IMAP": {
    "mean": 10.722775341026036,
    "std": 5.447034189065724,
    "n": 512
  },
  "MMS3": {
    "mean": 11.820849029565032,
    "std": 5.709358330012788,
    "n": 376
  },
  "TGO": {
    "mean": 10.501860130566937,
    "std": 5.066802285529597,
    "n": 425
  },
  "TDR8": {
    "mean": 7.014025107082547,
    "std": 2.9972898409743474,
    "n": 136
  },
  "MMS4": {
    "mean": 11.72221898211345,
    "std": 5.813808750146134,
    "n": 350
  },
  "WIND": {
    "mean": 7.82430716581971,
    "std": 4.204153821706437,
    "n": 697
  },
  "ESCB": {
    "mean": 7.787627494436133,
    "std": 3.403851983876745,
    "n": 512
  },
  "THC": {
    "mean": 8.120110571415381,
    "std": 5.6545808022159525,
    "n": 207
  },
  "CHDR": {
    "mean": 8.168079211696407,
    "std": 6.874628544554024,
    "n": 837
  },
  "MMS1": {
    "mean": 10.684334025115486,
    "std": 6.377981868794894,
    "n": 427
  },
  "ESCG": {
    "mean": 7.667300847575416,
    "std": 3.646622456547681,
    "n": 409
  },
  "VGR1": {
    "mean": 3.854736651190638,
    "std": 2.169000903901975,
    "n": 1496
  },
  "DSSR": {
    "mean": 0.0,
    "std": 0.0,
    "n": 278
  },
  "LRO": {
    "mean": 10.347187619341607,
    "std": 6.45032006148978,
    "n": 970
  },
  "SWFO": {
    "mean": 0.1960556624880046,
    "std": 1.2597361544685268,
    "n": 296
  },
  "GBRA": {
    "mean": 0.0,
    "std": 0.0,
    "n": 643
  },
  "EMM": {
    "mean": 10.076165978371462,
    "std": 4.840854724692306,
    "n": 224
  },
  "TESS": {
    "mean": 9.765591828627349,
    "std": 6.499523566711595,
    "n": 261
  },
  "EURC": {
    "mean": 6.60792411160258,
    "std": 4.557867320968567,
    "n": 538
  },
  "NHPC": {
    "mean": 2.718455480690977,
    "std": 2.9953570011785287,
    "n": 684
  },
  "PSYC": {
    "mean": 9.752596437688219,
    "std": 5.407756826936085,
    "n": 706
  },
  "JNO": {
    "mean": 9.002586027599882,
    "std": 4.165725909377314,
    "n": 1786
  },
  "MSL": {
    "mean": 0.3234817349171287,
    "std": 1.255559996262865,
    "n": 273
  },
  "M20": {
    "mean": 0.41672391914789303,
    "std": 1.4083204812344743,
    "n": 236
  },
  "CGO": {
    "mean": 10.280951203414133,
    "std": 5.537429223463082,
    "n": 315
  },
  "BIOS": {
    "mean": 6.908636657782526,
    "std": 3.8018288013863715,
    "n": 99
  },
  "SGP": {
    "mean": 0.0,
    "std": 0.0,
    "n": 111
  },
  "DSCO": {
    "mean": 4.864895639228295,
    "std": 4.951006671940902,
    "n": 57
  },
  "THB": {
    "mean": 8.174940783804717,
    "std": 5.599068453312844,
    "n": 136
  },
  "MMX": {
    "mean": 6.286980854753921,
    "std": 4.837917009469494,
    "n": 84
  },
  "RST": {
    "mean": 5.586916007866837,
    "std": 5.907579842444726,
    "n": 56
  },
  "XMM": {
    "mean": 10.356520785449455,
    "std": 3.1226085073686924,
    "n": 144
  },
  "TEST": {
    "mean": 0.0,
    "std": 0.0,
    "n": 271
  },
  "MEX": {
    "mean": 8.64732212457721,
    "std": 5.286989164477508,
    "n": 96
  },
  "BEPI": {
    "mean": 4.342343111860535,
    "std": 5.071384013101949,
    "n": 40
  },
  "HYB2": {
    "mean": 4.1767749285408255,
    "std": 3.2512601559797702,
    "n": 463
  },
  "HCRA": {
    "mean": 0.0,
    "std": 0.0,
    "n": 74
  },
  "EGS": {
    "mean": 0.0,
    "std": 0.0,
    "n": 16
  },
  "TERR": {
    "mean": 0.0,
    "std": 0.0,
    "n": 5
  }
}