{
  "ACE": {
    "mean": 8.423841414149225,
    "std": 4.942614965972928,
    "n": 332
  },
  "DSN": {
    "mean": 0.0,
    "std": 0.0,
    "n": 5423
  },
  "DSS": {
    "mean": 0.0,
    "std": 0.0,
    "n": 1310
  },
  "JWST": {
    "mean": 11.11757223683171,
    "std": 6.066346774423436,
    "n": 691
  },
  "KPLO": {
    "mean": 8.444528985327196,
    "std": 6.574643885700302,
    "n": 539
  },
  "LUCY": {
    "mean": 8.994999859348495,
    "std": 4.218851956891441,
    "n": 566
  },
  "M01O": {
    "mean": 7.959552290740685,
    "std": 4.270914589264076,
    "n": 1140
  },
  "MMS2": {
    "mean": 11.962057629629802,
    "std": 5.5838747089545,
    "n": 140
  },
  "ORX": {
    "mean": 4.096929469880003,
    "std": 6.28262058047873,
    "n": 248
  },
  "SOHO": {
    "mean": 10.371441224657737,
    "std": 4.600094267434664,
    "n": 876
  },
  "SPP": {
    "mean": 7.844634666735982,
    "std": 4.378558648978176,
    "n": 492
  },
  "VGR2": {
    "mean": 4.404507081903753,
    "std": 1.6459465999654064,
    "n": 480
  },
  "CAPS": {
    "mean": 8.649604634941179,
    "std": 5.7710023426369155,
    "n": 143
  },
  "MRO": {
    "mean": 11.284078677094918,
    "std": 5.799391505658304,
    "n": 553
  },
  "STA": {
    "mean": 10.466476908511444,
    "std": 5.3454641599737736,
    "n": 363
  },
  "IMAP": {
    "mean": 10.452996150298985,
    "std": 5.632579851732092,
    "n": 200
  },
  "MMS3": {
    "mean": 11.550983277839414,
    "std": 5.887840289623619,
    "n": 136
  },
  "TGO": {
    "mean": 9.982102148876939,
    "std": 5.391865089623975,
    "n": 142
  },
  "TDR8": {
    "mean": 6.839711603308979,
    "std": 3.15492915596383,
    "n": 114
  },
  "MMS4": {
    "mean": 12.078804645529909,
    "std": 5.546885090452841,
    "n": 115
  },
  "WIND": {
    "mean": 7.847321172539703,
    "std": 4.256335767309438,
    "n": 278
  },
  "ESCB": {
    "mean": 8.165188801542152,
    "std": 3.208573251265016,
    "n": 157
  },
  "THC": {
    "mean": 8.62802753909078,
    "std": 5.453419868177859,
    "n": 85
  },
  "CHDR": {
    "mean": 8.071729246747577,
    "std": 6.904255182069572,
    "n": 329
  },
  "MMS1": {
    "mean": 10.448753145834738,
    "std": 6.474390078826728,
    "n": 148
  },
  "ESCG": {
    "mean": 7.562086437229526,
    "std": 3.599471395867426,
    "n": 198
  },
  "VGR1": {
    "mean": 4.502292034727368,
    "std": 1.6146162855165305,
    "n": 430
  },
  "DSSR": {
    "mean": 0.0,
    "std": 0.0,
    "n": 85
  },
  "LRO": {
    "mean": 9.996436099107456,
    "std": 6.676782379561464,
    "n": 263
  },
  "SWFO": {
    "mean": 0.0,
    "std": 0.0,
    "n": 113
  },
  "GBRA": {
    "mean": 0.0,
    "std": 0.0,
    "n": 336
  },
  "EMM": {
    "mean": 11.152573676561037,
    "std": 3.749130287244314,
    "n": 69
  },
  "TESS": {
    "mean": 8.025684515580215,
    "std": 5.356285820698605,
    "n": 85
  },
  "EURC": {
    "mean": 6.087545200566108,
    "std": 5.406191723110936,
    "n": 167
  },
  "NHPC": {
    "mean": 0.0,
    "std": 0.0,
    "n": 23
  },
  "PSYC": {
    "mean": 9.368402901830946,
    "std": 5.6258262324822015,
    "n": 400
  },
  "JNO": {
    "mean": 8.858747372522991,
    "std": 4.578032020406355,
    "n": 764
  },
  "MSL": {
    "mean": 0.18881318555590726,
    "std": 0.9820219229921261,
    "n": 84
  },
  "M20": {
    "mean": 0.26544357602942714,
    "std": 1.1417159905260457,
    "n": 78
  },
  "CGO": {
    "mean": 10.205317695735747,
    "std": 5.597841933209258,
    "n": 150
  },
  "BIOS": {
    "mean": 7.126539924862833,
    "std": 3.669325643173708,
    "n": 43
  },
  "SGP": {
    "mean": 0.0,
    "std": 0.0,
    "n": 34
  },
  "DSCO": {
    "mean": 4.539121377672829,
    "std": 4.934545179890666,
    "n": 24
  },
  "THB": {
    "mean": 8.850979104734368,
    "std": 5.416431888036537,
    "n": 52
  },
  "MMX": {
    "mean": 6.168381566056731,
    "std": 4.884485997423059,
    "n": 62
  },
  "RST": {
    "mean": 7.504568018465512,
    "std": 6.107700359240118,
    "n": 29
  },
  "XMM": {
    "mean": 10.168220045288116,
    "std": 3.3894066819385213,
    "n": 70
  },
  "TEST": {
    "mean": 0.0,
    "std": 0.0,
    "n": 68
  },
  "MEX": {
    "mean": 9.66010675549268,
    "std": 4.5289395426079455,
    "n": 28
  },
  "BEPI": {
    "mean": 6.2961023683473805,
    "std": 3.365408276344554,
    "n": 9
  },
  "HYB2": {
    "mean": 0.0,
    "std": 0.0,
    "n": 8
  },
  "HCRA": {
    "mean": 0.0,
    "std": 0.0,
    "n": 17
  }
}