{
  "ACE": {
    "mean": 8.338699039670923,
    "std": 4.970529526632302,
    "n": 725
  },
  "DSN": {
    "mean": 0.0,
    "std": 0.0,
    "n": 11084
  },
  "DSS": {
    "mean": 0.0,
    "std": 0.0,
    "n": 2056
  },
  "JWST": {
    "mean": 11.356906525956946,
    "std": 5.895599487256272,
    "n": 1706
  },
  "KPLO": {
    "mean": 8.659314403190434,
    "std": 6.198610874071162,
    "n": 1375
  },
  "LUCY": {
    "mean": 9.030220234203158,
    "std": 3.9351646452210534,
    "n": 866
  },
  "M01O": {
    "mean": 7.861147868595266,
    "std": 4.285846272587736,
    "n": 2660
  },
  "MMS2": {
    "mean": 11.882284759350524,
    "std": 5.66657296117494,
    "n": 346
  },
  "ORX": {
    "mean": 4.328360008907072,
    "std": 6.3888093153018755,
    "n": 785
  },
  "SOHO": {
    "mean": 10.41341194832777,
    "std": 4.504137376616032,
    "n": 2310
  },
  "SPP": {
    "mean": 8.916128265422476,
    "std": 4.609141698912361,
    "n": 1210
  },
  "VGR2": {
    "mean": 4.184412602412114,
    "std": 1.8722968014490038,
    "n": 1095
  },
  "CAPS": {
    "mean": 9.169626422469072,
    "std": 5.515984283082913,
    "n": 373
  },
  "MRO": {
    "mean": 11.363541825739851,
    "std": 5.69882631014494,
    "n": 1240
  },
  "STA": {
    "mean": 10.607603340539516,
    "std": 5.216898576787009,
    "n": 843
  },
  "IMAP": {
    "mean": 10.68099884233957,
    "std": 5.478502412673328,
    "n": 461
  },
  "MMS3": {
    "mean": 11.740197131999633,
    "std": 5.776868403420979,
    "n": 334
  },
  "TGO": {
    "mean": 10.50848055621284,
    "std": 5.058261569697154,
    "n": 384
  },
  "TDR8": {
    "mean": 7.014025107082547,
    "std": 2.9972898409743474,
    "n": 136
  },
  "MMS4": {
    "mean": 12.012739013561207,
    "std": 5.584277245953342,
    "n": 310
  },
  "WIND": {
    "mean": 7.829334160673524,
    "std": 4.171997665137768,
    "n": 640
  },
  "ESCB": {
    "mean": 7.781211291087992,
    "std": 3.415886345607325,
    "n": 432
  },
  "THC": {
    "mean": 8.14536274917507,
    "std": 5.630591875431658,
    "n": 181
  },
  "CHDR": {
    "mean": 8.180426600108502,
    "std": 6.8738605103496555,
    "n": 754
  },
  "MMS1": {
    "mean": 10.770911932286628,
    "std": 6.326509611342837,
    "n": 371
  },
  "ESCG": {
    "mean": 7.629744341358703,
    "std": 3.6330871348012352,
    "n": 373
  },
  "VGR1": {
    "mean": 4.188595209442727,
    "std": 1.925553296641634,
    "n": 1248
  },
  "DSSR": {
    "mean": 0.0,
    "std": 0.0,
    "n": 256
  },
  "LRO": {
    "mean": 10.715034911770895,
    "std": 6.459092993718929,
    "n": 798
  },
  "SWFO": {
    "mean": 0.2206558026480965,
    "std": 1.334401798305251,
    "n": 263
  },
  "GBRA": {
    "mean": 0.0,
    "std": 0.0,
    "n": 619
  },
  "EMM": {
    "mean": 10.135336904512531,
    "std": 4.79404608636372,
    "n": 186
  },
  "TESS": {
    "mean": 10.069945880849138,
    "std": 6.689301786347574,
    "n": 231
  },
  "EURC": {
    "mean": 6.921472778293401,
    "std": 4.564649805336513,
    "n": 459
  },
  "NHPC": {
    "mean": 2.8545702748061266,
    "std": 2.957249630016629,
    "n": 464
  },
  "PSYC": {
    "mean": 9.721354123946155,
    "std": 5.426520296329287,
    "n": 682
  },
  "JNO": {
    "mean": 8.993329805586365,
    "std": 4.163645855569711,
    "n": 1691
  },
  "MSL": {
    "mean": 0.2410993773349968,
    "std": 1.0946607544155145,
    "n": 216
  },
  "M20": {
    "mean": 0.4370970885284567,
    "std": 1.4392449802223781,
    "n": 225
  },
  "CGO": {
    "mean": 10.289850692054399,
    "std": 5.565489892861328,
    "n": 268
  },
  "BIOS": {
    "mean": 7.000237304147708,
    "std": 3.7431823578094545,
    "n": 90
  },
  "SGP": {
    "mean": 0.0,
    "std": 0.0,
    "n": 111
  },
  "DSCO": {
    "mean": 4.854675270238321,
    "std": 4.950816787020306,
    "n": 51
  },
  "THB": {
    "mean": 8.127425734448254,
    "std": 5.624767373043861,
    "n": 131
  },
  "MMX": {
    "mean": 6.447047574555721,
    "std": 4.86009682234796,
    "n": 75
  },
  "RST": {
    "mean": 6.2573459288108575,
    "std": 5.9069727957618285,
    "n": 50
  },
  "XMM": {
    "mean": 10.356520785449455,
    "std": 3.1226085073686924,
    "n": 144
  },
  "TEST": {
    "mean": 0.0,
    "std": 0.0,
    "n": 220
  },
  "MEX": {
    "mean": 9.495547254342087,
    "std": 4.561461788079343,
    "n": 59
  },
  "BEPI": {
    "mean": 4.342343111860535,
    "std": 5.071384013101949,
    "n": 40
  },
  "HYB2": {
    "mean": 4.1767749285408255,
    "std": 3.2512601559797702,
    "n": 463
  },
  "HCRA": {
    "mean": 0.0,
    "std": 0.0,
    "n": 74
  },
  "EGS": {
    "mean": 0.0,
    "std": 0.0,
    "n": 16
  }
}