{
  "ACE": {
    "mean": 8.347107904750105,
    "std": 4.963355033436187,
    "n": 697
  },
  "DSN": {
    "mean": 0.0,
    "std": 0.0,
    "n": 10789
  },
  "DSS": {
    "mean": 0.0,
    "std": 0.0,
    "n": 2019
  },
  "JWST": {
    "mean": 11.307581054355474,
    "std": 5.899722825220163,
    "n": 1636
  },
  "KPLO": {
    "mean": 8.663175700963775,
    "std": 6.192059718886599,
    "n": 1333
  },
  "LUCY": {
    "mean": 9.023204428419032,
    "std": 3.962621064704021,
    "n": 848
  },
  "M01O": {
    "mean": 7.853411780822489,
    "std": 4.292078249280705,
    "n": 2614
  },
  "MMS2": {
    "mean": 11.827771132554297,
    "std": 5.718963934241492,
    "n": 333
  },
  "ORX": {
    "mean": 4.280214558931907,
    "std": 6.3704235074578905,
    "n": 749
  },
  "SOHO": {
    "mean": 10.405965109076321,
    "std": 4.508737241363302,
    "n": 2221
  },
  "SPP": {
    "mean": 8.977647791504776,
    "std": 4.617603627090302,
    "n": 1187
  },
  "VGR2": {
    "mean": 4.172451271354942,
    "std": 1.8815053261925965,
    "n": 1075
  },
  "CAPS": {
    "mean": 9.11036858930009,
    "std": 5.547640687664729,
    "n": 359
  },
  "MRO": {
    "mean": 11.325789730925226,
    "std": 5.721985391603194,
    "n": 1186
  },
  "STA": {
    "mean": 10.588223504806443,
    "std": 5.236204241582038,
    "n": 805
  },
  "IMAP": {
    "mean": 10.611333906193913,
    "std": 5.528761403829262,
    "n": 431
  },
  "MMS3": {
    "mean": 11.778315554501853,
    "std": 5.767976226796402,
    "n": 321
  },
  "TGO": {
    "mean": 10.432734557137348,
    "std": 5.127194392148625,
    "n": 361
  },
  "TDR8": {
    "mean": 7.014025107082547,
    "std": 2.9972898409743474,
    "n": 136
  },
  "MMS4": {
    "mean": 12.011774443556202,
    "std": 5.6140578667039325,
    "n": 296
  },
  "WIND": {
    "mean": 7.823804460024801,
    "std": 4.1816657683887195,
    "n": 613
  },
  "ESCB": {
    "mean": 7.787862555613745,
    "std": 3.384623188426639,
    "n": 400
  },
  "THC": {
    "mean": 8.175936598912246,
    "std": 5.623516360344559,
    "n": 176
  },
  "CHDR": {
    "mean": 8.203588873341545,
    "std": 6.869154865587668,
    "n": 728
  },
  "MMS1": {
    "mean": 10.824557127651339,
    "std": 6.303706859843624,
    "n": 356
  },
  "ESCG": {
    "mean": 7.629744341358703,
    "std": 3.6330871348012352,
    "n": 373
  },
  "VGR1": {
    "mean": 4.3444052063542715,
    "std": 1.779874735970569,
    "n": 1174
  },
  "DSSR": {
    "mean": 0.0,
    "std": 0.0,
    "n": 235
  },
  "LRO": {
    "mean": 10.688140584739156,
    "std": 6.493598035697675,
    "n": 759
  },
  "SWFO": {
    "mean": 0.2284743153403519,
    "std": 1.3571790426253232,
    "n": 254
  },
  "GBRA": {
    "mean": 0.0,
    "std": 0.0,
    "n": 569
  },
  "EMM": {
    "mean": 10.135336904512531,
    "std": 4.79404608636372,
    "n": 186
  },
  "TESS": {
    "mean": 10.166429127361203,
    "std": 6.710185836027664,
    "n": 225
  },
  "EURC": {
    "mean": 6.929645232388579,
    "std": 4.555495472970884,
    "n": 441
  },
  "NHPC": {
    "mean": 2.6907541927575105,
    "std": 2.8792034503680926,
    "n": 402
  },
  "PSYC": {
    "mean": 9.62462859788582,
    "std": 5.4826134281452275,
    "n": 645
  },
  "JNO": {
    "mean": 9.024236365867033,
    "std": 4.1651547643912386,
    "n": 1635
  },
  "MSL": {
    "mean": 0.2540364170944357,
    "std": 1.1221825856520087,
    "n": 205
  },
  "M20": {
    "mean": 0.4370970885284567,
    "std": 1.4392449802223781,
    "n": 225
  },
  "CGO": {
    "mean": 10.289850692054399,
    "std": 5.565489892861328,
    "n": 268
  },
  "BIOS": {
    "mean": 7.111815900254474,
    "std": 3.6669300959237847,
    "n": 81
  },
  "SGP": {
    "mean": 0.0,
    "std": 0.0,
    "n": 111
  },
  "DSCO": {
    "mean": 4.854675270238321,
    "std": 4.950816787020306,
    "n": 51
  },
  "THB": {
    "mean": 8.127425734448254,
    "std": 5.624767373043861,
    "n": 131
  },
  "MMX": {
    "mean": 6.447047574555721,
    "std": 4.86009682234796,
    "n": 75
  },
  "RST": {
    "mean": 6.2573459288108575,
    "std": 5.9069727957618285,
    "n": 50
  },
  "XMM": {
    "mean": 10.49102250883873,
    "std": 2.909686122370264,
    "n": 126
  },
  "TEST": {
    "mean": 0.0,
    "std": 0.0,
    "n": 220
  },
  "MEX": {
    "mean": 9.495547254342087,
    "std": 4.561461788079343,
    "n": 59
  },
  "BEPI": {
    "mean": 4.342343111860535,
    "std": 5.071384013101949,
    "n": 40
  },
  "HYB2": {
    "mean": 4.1767749285408255,
    "std": 3.2512601559797702,
    "n": 463
  },
  "HCRA": {
    "mean": 0.0,
    "std": 0.0,
    "n": 74
  },
  "EGS": {
    "mean": 0.0,
    "std": 0.0,
    "n": 16
  }
}