{
  "ACE": {
    "mean": 8.407123128378279,
    "std": 4.948526670375525,
    "n": 311
  },
  "DSN": {
    "mean": 0.0,
    "std": 0.0,
    "n": 5291
  },
  "DSS": {
    "mean": 0.0,
    "std": 0.0,
    "n": 1290
  },
  "JWST": {
    "mean": 10.98978197413928,
    "std": 6.005868995513681,
    "n": 648
  },
  "KPLO": {
    "mean": 8.407608741957286,
    "std": 6.557612586229407,
    "n": 520
  },
  "LUCY": {
    "mean": 8.961587174778352,
    "std": 4.251758676162655,
    "n": 550
  },
  "M01O": {
    "mean": 7.930895462817532,
    "std": 4.298981044275851,
    "n": 1086
  },
  "MMS2": {
    "mean": 12.03840791766199,
    "std": 5.5361134189395615,
    "n": 132
  },
  "ORX": {
    "mean": 4.027600957563071,
    "std": 6.2517165388226825,
    "n": 225
  },
  "SOHO": {
    "mean": 10.345557510418967,
    "std": 4.623370193692488,
    "n": 835
  },
  "SPP": {
    "mean": 7.731622087596258,
    "std": 4.233957757591028,
    "n": 444
  },
  "VGR2": {
    "mean": 4.383515479953926,
    "std": 1.664163876797189,
    "n": 451
  },
  "CAPS": {
    "mean": 8.649604634941179,
    "std": 5.7710023426369155,
    "n": 143
  },
  "MRO": {
    "mean": 11.278254312254985,
    "std": 5.811707049843167,
    "n": 522
  },
  "STA": {
    "mean": 10.462343997371265,
    "std": 5.348042543794406,
    "n": 348
  },
  "IMAP": {
    "mean": 10.422429851603882,
    "std": 5.6526975971129465,
    "n": 198
  },
  "MMS3": {
    "mean": 11.612153985407195,
    "std": 5.840697993490797,
    "n": 129
  },
  "TGO": {
    "mean": 9.99348683578827,
    "std": 5.387190740625567,
    "n": 138
  },
  "TDR8": {
    "mean": 6.839711603308979,
    "std": 3.15492915596383,
    "n": 114
  },
  "MMS4": {
    "mean": 12.0183189262264,
    "std": 5.589427172310364,
    "n": 107
  },
  "WIND": {
    "mean": 7.924520742056814,
    "std": 4.216905182079377,
    "n": 263
  },
  "ESCB": {
    "mean": 8.186738073100116,
    "std": 3.2098915480235064,
    "n": 150
  },
  "THC": {
    "mean": 8.565702285500588,
    "std": 5.455607774755456,
    "n": 84
  },
  "CHDR": {
    "mean": 8.018376004335718,
    "std": 6.912042112711008,
    "n": 312
  },
  "MMS1": {
    "mean": 10.335099932238512,
    "std": 6.526180764758596,
    "n": 137
  },
  "ESCG": {
    "mean": 7.629690754688808,
    "std": 3.5570522756698475,
    "n": 188
  },
  "VGR1": {
    "mean": 4.509672653607925,
    "std": 1.6055994988012905,
    "n": 400
  },
  "DSSR": {
    "mean": 0.0,
    "std": 0.0,
    "n": 85
  },
  "LRO": {
    "mean": 10.015453977772983,
    "std": 6.740717549757004,
    "n": 253
  },
  "SWFO": {
    "mean": 0.0,
    "std": 0.0,
    "n": 105
  },
  "GBRA": {
    "mean": 0.0,
    "std": 0.0,
    "n": 329
  },
  "EMM": {
    "mean": 11.325697287323143,
    "std": 3.5141971093333795,
    "n": 57
  },
  "TESS": {
    "mean": 8.083199644216837,
    "std": 5.374367501746985,
    "n": 82
  },
  "EURC": {
    "mean": 6.48825288918556,
    "std": 5.404481776331409,
    "n": 152
  },
  "NHPC": {
    "mean": 0.0,
    "std": 0.0,
    "n": 23
  },
  "PSYC": {
    "mean": 10.464443019425214,
    "std": 4.8937046832848345,
    "n": 340
  },
  "JNO": {
    "mean": 8.80643326102081,
    "std": 4.601655894049036,
    "n": 746
  },
  "MSL": {
    "mean": 0.19825384483370265,
    "std": 1.005342609809921,
    "n": 80
  },
  "M20": {
    "mean": 0.26544357602942714,
    "std": 1.1417159905260457,
    "n": 78
  },
  "CGO": {
    "mean": 10.189175753608673,
    "std": 5.61520945928585,
    "n": 144
  },
  "BIOS": {
    "mean": 7.126539924862833,
    "std": 3.669325643173708,
    "n": 43
  },
  "SGP": {
    "mean": 0.0,
    "std": 0.0,
    "n": 34
  },
  "DSCO": {
    "mean": 4.456591898078777,
    "std": 4.926947723221698,
    "n": 20
  },
  "THB": {
    "mean": 8.850979104734368,
    "std": 5.416431888036537,
    "n": 52
  },
  "MMX": {
    "mean": 6.016493598113673,
    "std": 4.865458928163983,
    "n": 55
  },
  "RST": {
    "mean": 6.684353926364162,
    "std": 6.153663687123189,
    "n": 23
  },
  "XMM": {
    "mean": 10.08752262698692,
    "std": 3.4944203426957317,
    "n": 56
  },
  "TEST": {
    "mean": 0.0,
    "std": 0.0,
    "n": 52
  },
  "MEX": {
    "mean": 9.66010675549268,
    "std": 4.5289395426079455,
    "n": 28
  },
  "BEPI": {
    "mean": 6.2961023683473805,
    "std": 3.365408276344554,
    "n": 9
  },
  "HYB2": {
    "mean": 0.0,
    "std": 0.0,
    "n": 8
  },
  "HCRA": {
    "mean": 0.0,
    "std": 0.0,
    "n": 14
  }
}