{
  "ACE": {
    "mean": 8.285621540625021,
    "std": 5.038550871492746,
    "n": 123
  },
  "DSN": {
    "mean": 0.0,
    "std": 0.0,
    "n": 2316
  },
  "DSS": {
    "mean": 0.0,
    "std": 0.0,
    "n": 735
  },
  "JWST": {
    "mean": 11.420655293612326,
    "std": 6.115064568944743,
    "n": 228
  },
  "KPLO": {
    "mean": 7.9499380096405865,
    "std": 6.875239217130856,
    "n": 214
  },
  "LUCY": {
    "mean": 10.076620054636782,
    "std": 3.130103362727672,
    "n": 216
  },
  "M01O": {
    "mean": 8.329228779885856,
    "std": 3.940329131184731,
    "n": 375
  },
  "MMS2": {
    "mean": 11.224733003973801,
    "std": 6.182892121864535,
    "n": 43
  },
  "ORX": {
    "mean": 3.865908239128735,
    "std": 6.174209670524112,
    "n": 71
  },
  "SOHO": {
    "mean": 10.103016605950948,
    "std": 4.8301657952052235,
    "n": 301
  },
  "SPP": {
    "mean": 10.301067763090876,
    "std": 3.7524033233463725,
    "n": 248
  },
  "VGR2": {
    "mean": 4.432155174219811,
    "std": 1.6448001093002407,
    "n": 177
  },
  "CAPS": {
    "mean": 7.981832574397967,
    "std": 5.96353407666399,
    "n": 67
  },
  "MRO": {
    "mean": 11.595301408776502,
    "std": 5.68441646534021,
    "n": 218
  },
  "STA": {
    "mean": 9.714513162869675,
    "std": 5.814971290310946,
    "n": 129
  },
  "IMAP": {
    "mean": 10.525219981517582,
    "std": 5.586799392836416,
    "n": 91
  },
  "MMS3": {
    "mean": 11.283796364855435,
    "std": 5.834480758830519,
    "n": 38
  },
  "TGO": {
    "mean": 11.037517917288396,
    "std": 4.656207354483694,
    "n": 40
  },
  "TDR8": {
    "mean": 6.839711603308979,
    "std": 3.15492915596383,
    "n": 114
  },
  "MMS4": {
    "mean": 11.480847371285932,
    "std": 5.962756507598812,
    "n": 33
  },
  "WIND": {
    "mean": 8.148718127148777,
    "std": 4.096029450141414,
    "n": 100
  },
  "ESCB": {
    "mean": 7.302198972940727,
    "std": 3.5078629207632055,
    "n": 32
  },
  "THC": {
    "mean": 8.19970751292628,
    "std": 5.624890718536139,
    "n": 41
  },
  "CHDR": {
    "mean": 7.9176128041444676,
    "std": 6.932622466465108,
    "n": 106
  },
  "MMS1": {
    "mean": 10.221231406554445,
    "std": 6.624643977804423,
    "n": 44
  },
  "ESCG": {
    "mean": 8.2751689574037,
    "std": 3.1563189004763585,
    "n": 106
  },
  "VGR1": {
    "mean": 4.584725742843114,
    "std": 1.5090179802942199,
    "n": 133
  },
  "DSSR": {
    "mean": 0.0,
    "std": 0.0,
    "n": 42
  },
  "LRO": {
    "mean": 10.430616786232068,
    "std": 7.1674789281195865,
    "n": 40
  },
  "SWFO": {
    "mean": 0.0,
    "std": 0.0,
    "n": 40
  },
  "GBRA": {
    "mean": 0.0,
    "std": 0.0,
    "n": 147
  },
  "EMM": {
    "mean": 11.23413222141711,
    "std": 3.6132761917819316,
    "n": 32
  },
  "TESS": {
    "mean": 8.151111908456105,
    "std": 5.3131324059263,
    "n": 29
  },
  "EURC": {
    "mean": 5.1632621494488875,
    "std": 5.689104649048417,
    "n": 73
  },
  "NHPC": {
    "mean": 0.0,
    "std": 0.0,
    "n": 10
  },
  "PSYC": {
    "mean": 9.089976865513393,
    "std": 5.785437215458321,
    "n": 111
  },
  "JNO": {
    "mean": 9.981963523222076,
    "std": 3.6266079890091394,
    "n": 204
  },
  "MSL": {
    "mean": 0.0,
    "std": 0.0,
    "n": 31
  },
  "M20": {
    "mean": 0.1669725720185106,
    "std": 0.9145464417919417,
    "n": 31
  },
  "CGO": {
    "mean": 8.935647562683684,
    "std": 6.066983483415078,
    "n": 34
  },
  "BIOS": {
    "mean": 6.837637997928658,
    "std": 3.794236603448397,
    "n": 17
  },
  "SGP": {
    "mean": 0.0,
    "std": 0.0,
    "n": 34
  },
  "DSCO": {
    "mean": 3.961415020514468,
    "std": 4.851722729828701,
    "n": 5
  },
  "THB": {
    "mean": 8.466122720918177,
    "std": 5.370120329956986,
    "n": 28
  },
  "MMX": {
    "mean": 4.050844072739909,
    "std": 4.930773778386302,
    "n": 34
  },
  "RST": {
    "mean": 4.273278775786431,
    "std": 5.542383218646343,
    "n": 5
  }
}