{
  "ACE": {
    "mean": 11.381118299297418,
    "std": 0.0,
    "n": 2
  },
  "DSN": {
    "mean": 0.0,
    "std": 0.0,
    "n": 6
  },
  "DSS": {
    "mean": 0.0,
    "std": 0.0,
    "n": 2
  },
  "JWST": {
    "mean": 17.147715103853763,
    "std": 0.0,
    "n": 2
  },
  "KPLO": {
    "mean": 0.0,
    "std": 0.0,
    "n": 2
  },
  "LUCY": {
    "mean": 11.042937835596494,
    "std": 0.0,
    "n": 2
  },
  "M01O": {
    "mean": 9.562475024372697,
    "std": 0.0,
    "n": 2
  },
  "MMS2": {
    "mean": 7.019327454639082,
    "std": 7.019327454639082,
    "n": 2
  },
  "ORX": {
    "mean": 0.0,
    "std": 0.0,
    "n": 2
  },
  "SOHO": {
    "mean": 12.412277544454046,
    "std": 0.0,
    "n": 2
  },
  "SPP": {
    "mean": 6.390576181243971,
    "std": 0.0,
    "n": 2
  },
  "VGR2": {
    "mean": 0.0,
    "std": 0.0,
    "n": 2
  }
}