{
  "ACE": {
    "mean": 8.45006394628173,
    "std": 4.908341148842828,
    "n": 617
  },
  "DSN": {
    "mean": 0.0,
    "std": 0.0,
    "n": 9303
  },
  "DSS": {
    "mean": 0.0,
    "std": 0.0,
    "n": 1845
  },
  "JWST": {
    "mean": 11.429011207616762,
    "std": 6.011373824050934,
    "n": 1442
  },
  "KPLO": {
    "mean": 8.575198247578744,
    "std": 6.180089724068808,
    "n": 1177
  },
  "LUCY": {
    "mean": 9.04515725518409,
    "std": 3.9833550111861578,
    "n": 812
  },
  "M01O": {
    "mean": 7.932012762774888,
    "std": 4.282701113580403,
    "n": 2358
  },
  "MMS2": {
    "mean": 11.924242776543378,
    "std": 5.650760747823758,
    "n": 284
  },
  "ORX": {
    "mean": 4.244633613315187,
    "std": 6.356830538314175,
    "n": 629
  },
  "SOHO": {
    "mean": 10.42072545989919,
    "std": 4.486698591357376,
    "n": 1957
  },
  "SPP": {
    "mean": 9.166991486712279,
    "std": 4.621260980214747,
    "n": 1131
  },
  "VGR2": {
    "mean": 4.17669654856256,
    "std": 1.8803566712582005,
    "n": 950
  },
  "CAPS": {
    "mean": 9.09542631718903,
    "std": 5.5581487319988225,
    "n": 313
  },
  "MRO": {
    "mean": 11.198426125223586,
    "std": 5.8055761840964,
    "n": 996
  },
  "STA": {
    "mean": 10.56113730938784,
    "std": 5.265770994380213,
    "n": 699
  },
  "IMAP": {
    "mean": 10.536483977423106,
    "std": 5.580241526167511,
    "n": 379
  },
  "MMS3": {
    "mean": 11.728988986514102,
    "std": 5.804198641883127,
    "n": 280
  },
  "TGO": {
    "mean": 10.396301035243141,
    "std": 5.1599650118542355,
    "n": 330
  },
  "TDR8": {
    "mean": 7.014025107082547,
    "std": 2.9972898409743474,
    "n": 136
  },
  "MMS4": {
    "mean": 12.00034160406038,
    "std": 5.608000971353169,
    "n": 257
  },
  "WIND": {
    "mean": 7.840625847510117,
    "std": 4.178502861812493,
    "n": 530
  },
  "ESCB": {
    "mean": 7.76463747223539,
    "std": 3.438556880516401,
    "n": 363
  },
  "THC": {
    "mean": 8.094511503054267,
    "std": 5.6187009703980415,
    "n": 152
  },
  "CHDR": {
    "mean": 8.239227840286453,
    "std": 6.864371925465758,
    "n": 642
  },
  "MMS1": {
    "mean": 10.80858345675535,
    "std": 6.313687481167953,
    "n": 311
  },
  "ESCG": {
    "mean": 7.622566835900113,
    "std": 3.6549578881159683,
    "n": 358
  },
  "VGR1": {
    "mean": 4.343705750128967,
    "std": 1.7780364806666398,
    "n": 1064
  },
  "DSSR": {
    "mean": 0.0,
    "std": 0.0,
    "n": 204
  },
  "LRO": {
    "mean": 10.834415611751934,
    "std": 6.4049796427018935,
    "n": 645
  },
  "SWFO": {
    "mean": 0.25231511346282337,
    "std": 1.424121296896639,
    "n": 230
  },
  "GBRA": {
    "mean": 0.0,
    "std": 0.0,
    "n": 541
  },
  "EMM": {
    "mean": 10.18593852307624,
    "std": 4.753681458685461,
    "n": 151
  },
  "TESS": {
    "mean": 9.853008782417568,
    "std": 6.4992558188539435,
    "n": 195
  },
  "EURC": {
    "mean": 7.085085619592882,
    "std": 4.954588888168189,
    "n": 344
  },
  "NHPC": {
    "mean": 2.8378287214834166,
    "std": 2.7451911402131897,
    "n": 193
  },
  "PSYC": {
    "mean": 9.589860742489934,
    "std": 5.502060818156504,
    "n": 630
  },
  "JNO": {
    "mean": 8.97412623306764,
    "std": 4.352179490167376,
    "n": 1372
  },
  "MSL": {
    "mean": 0.27554214552571066,
    "std": 1.1661796172817924,
    "n": 189
  },
  "M20": {
    "mean": 0.41409197860590624,
    "std": 1.4042542211352513,
    "n": 175
  },
  "CGO": {
    "mean": 10.405297083221814,
    "std": 5.539543350560467,
    "n": 239
  },
  "BIOS": {
    "mean": 7.029239327153974,
    "std": 3.7259097904270746,
    "n": 73
  },
  "SGP": {
    "mean": 0.0,
    "std": 0.0,
    "n": 34
  },
  "DSCO": {
    "mean": 4.841729469517685,
    "std": 4.950545965703306,
    "n": 45
  },
  "THB": {
    "mean": 8.165087193160534,
    "std": 5.574468787416359,
    "n": 127
  },
  "MMX": {
    "mean": 6.447047574555721,
    "std": 4.86009682234796,
    "n": 75
  },
  "RST": {
    "mean": 6.771292771997224,
    "std": 5.938614102744261,
    "n": 42
  },
  "XMM": {
    "mean": 10.49102250883873,
    "std": 2.909686122370264,
    "n": 126
  },
  "TEST": {
    "mean": 0.0,
    "std": 0.0,
    "n": 194
  },
  "MEX": {
    "mean": 9.817453080856374,
    "std": 4.3042786535186215,
    "n": 50
  },
  "BEPI": {
    "mean": 2.420109767318459,
    "std": 3.567173330124926,
    "n": 28
  },
  "HYB2": {
    "mean": 4.025471627023695,
    "std": 3.1834988944786,
    "n": 365
  },
  "HCRA": {
    "mean": 0.0,
    "std": 0.0,
    "n": 48
  },
  "EGS": {
    "mean": 0.0,
    "std": 0.0,
    "n": 16
  }
}