{
  "ACE": {
    "mean": 11.38114364947859,
    "std": 7.170114004970143e-05,
    "n": 9
  },
  "DSN": {
    "mean": 0.0,
    "std": 0.0,
    "n": 39
  },
  "DSS": {
    "mean": 0.0,
    "std": 0.0,
    "n": 13
  },
  "JWST": {
    "mean": 17.14691424609018,
    "std": 0.002774252672314062,
    "n": 13
  },
  "KPLO": {
    "mean": 1.4505069853734178,
    "std": 4.586905835764542,
    "n": 11
  },
  "LUCY": {
    "mean": 11.042937835596492,
    "std": 2.3498992183808822e-15,
    "n": 8
  },
  "M01O": {
    "mean": 9.5624750243727,
    "std": 2.786977903755656e-15,
    "n": 13
  },
  "MMS2": {
    "mean": 7.019327454639082,
    "std": 7.019327454639082,
    "n": 2
  },
  "ORX": {
    "mean": 0.0,
    "std": 0.0,
    "n": 2
  },
  "SOHO": {
    "mean": 10.639095038103466,
    "std": 4.343392361388309,
    "n": 14
  },
  "SPP": {
    "mean": 6.390576181243971,
    "std": 0.0,
    "n": 13
  },
  "VGR2": {
    "mean": 4.299602054141768,
    "std": 1.833356483336315,
    "n": 13
  },
  "CAPS": {
    "mean": 7.924596037084408,
    "std": 5.990431529935238,
    "n": 11
  },
  "MRO": {
    "mean": 6.2586713558454115,
    "std": 6.857011973233758,
    "n": 11
  },
  "STA": {
    "mean": 0.0,
    "std": 0.0,
    "n": 5
  },
  "IMAP": {
    "mean": 8.986039814076056,
    "std": 6.354089688545482,
    "n": 3
  },
  "MMS3": {
    "mean": 0.0,
    "std": 0.0,
    "n": 2
  }
}