{
  "ACE": {
    "mean": 8.52290629739612,
    "std": 4.917424772889569,
    "n": 177
  },
  "DSN": {
    "mean": 0.0,
    "std": 0.0,
    "n": 3151
  },
  "DSS": {
    "mean": 0.0,
    "std": 0.0,
    "n": 1040
  },
  "JWST": {
    "mean": 10.861090292306354,
    "std": 5.8705821304100825,
    "n": 349
  },
  "KPLO": {
    "mean": 8.253007056279326,
    "std": 6.530618574258172,
    "n": 341
  },
  "LUCY": {
    "mean": 9.498833658203587,
    "std": 3.834987800598276,
    "n": 314
  },
  "M01O": {
    "mean": 8.373677932628446,
    "std": 3.883005461474543,
    "n": 578
  },
  "MMS2": {
    "mean": 11.98405721802003,
    "std": 5.584326909513649,
    "n": 73
  },
  "ORX": {
    "mean": 4.080634785862911,
    "std": 6.274152502807011,
    "n": 111
  },
  "SOHO": {
    "mean": 10.172190393360717,
    "std": 4.772396822550797,
    "n": 449
  },
  "SPP": {
    "mean": 8.998210127152648,
    "std": 4.1797642854690364,
    "n": 322
  },
  "VGR2": {
    "mean": 4.277598330148847,
    "std": 1.766621649956235,
    "n": 262
  },
  "CAPS": {
    "mean": 8.343006793875709,
    "std": 5.902666425660977,
    "n": 93
  },
  "MRO": {
    "mean": 11.783806036724457,
    "std": 5.520342360091764,
    "n": 341
  },
  "STA": {
    "mean": 10.312684184584992,
    "std": 5.431093914159458,
    "n": 189
  },
  "IMAP": {
    "mean": 10.552228345959673,
    "std": 5.567715201415274,
    "n": 124
  },
  "MMS3": {
    "mean": 11.656137445664273,
    "std": 5.727163149501001,
    "n": 67
  },
  "TGO": {
    "mean": 10.661026150825396,
    "std": 4.915847177259597,
    "n": 63
  },
  "TDR8": {
    "mean": 6.839711603308979,
    "std": 3.15492915596383,
    "n": 114
  },
  "MMS4": {
    "mean": 12.048372959843704,
    "std": 5.518496366621658,
    "n": 52
  },
  "WIND": {
    "mean": 8.088404534581983,
    "std": 4.0280348199138825,
    "n": 150
  },
  "ESCB": {
    "mean": 8.017579842078774,
    "std": 3.379359798089419,
    "n": 90
  },
  "THC": {
    "mean": 8.507258400356072,
    "std": 5.484396530299815,
    "n": 55
  },
  "CHDR": {
    "mean": 7.848776280481164,
    "std": 6.933246514732096,
    "n": 162
  },
  "MMS1": {
    "mean": 10.4465269253309,
    "std": 6.485003815915294,
    "n": 72
  },
  "ESCG": {
    "mean": 8.186929874444884,
    "std": 3.1500045941231565,
    "n": 128
  },
  "VGR1": {
    "mean": 4.530119929160667,
    "std": 1.5803115545238013,
    "n": 212
  },
  "DSSR": {
    "mean": 0.0,
    "std": 0.0,
    "n": 68
  },
  "LRO": {
    "mean": 10.53111720989671,
    "std": 7.01383848616922,
    "n": 105
  },
  "SWFO": {
    "mean": 0.0,
    "std": 0.0,
    "n": 58
  },
  "GBRA": {
    "mean": 0.0,
    "std": 0.0,
    "n": 191
  },
  "EMM": {
    "mean": 11.363260177985122,
    "std": 3.4261518550512498,
    "n": 36
  },
  "TESS": {
    "mean": 7.933007388997997,
    "std": 4.974610001446154,
    "n": 42
  },
  "EURC": {
    "mean": 5.367819385738329,
    "std": 5.5545564662417295,
    "n": 84
  },
  "NHPC": {
    "mean": 0.0,
    "std": 0.0,
    "n": 15
  },
  "PSYC": {
    "mean": 9.826981303222256,
    "std": 5.3696353605394895,
    "n": 174
  },
  "JNO": {
    "mean": 9.888808048691985,
    "std": 3.7774703874513813,
    "n": 299
  },
  "MSL": {
    "mean": 0.12727891132469402,
    "std": 0.8346236364517667,
    "n": 44
  },
  "M20": {
    "mean": 0.39065281000557206,
    "std": 1.3672848350195017,
    "n": 53
  },
  "CGO": {
    "mean": 9.83673893107173,
    "std": 5.67165373123259,
    "n": 66
  },
  "BIOS": {
    "mean": 7.30149457724267,
    "std": 3.48187335626453,
    "n": 27
  },
  "SGP": {
    "mean": 0.0,
    "std": 0.0,
    "n": 34
  },
  "DSCO": {
    "mean": 4.951768775643085,
    "std": 4.951768775643084,
    "n": 10
  },
  "THB": {
    "mean": 8.793008581415883,
    "std": 5.186393394674723,
    "n": 35
  },
  "MMX": {
    "mean": 4.877063057512354,
    "std": 4.978158695392336,
    "n": 42
  },
  "RST": {
    "mean": 4.273278775786431,
    "std": 5.542383218646343,
    "n": 5
  },
  "XMM": {
    "mean": 11.298020796733232,
    "std": 3.426293600148954e-05,
    "n": 12
  },
  "TEST": {
    "mean": 0.0,
    "std": 0.0,
    "n": 17
  },
  "MEX": {
    "mean": 11.162196878066604,
    "std": 3.3979678769504145,
    "n": 12
  },
  "BEPI": {
    "mean": 6.2961023683473805,
    "std": 3.365408276344554,
    "n": 9
  },
  "HYB2": {
    "mean": 0.0,
    "std": 0.0,
    "n": 4
  }
}