{
  "ACE": {
    "mean": 8.408653775690498,
    "std": 4.919821105125228,
    "n": 528
  },
  "DSN": {
    "mean": 0.0,
    "std": 0.0,
    "n": 8237
  },
  "DSS": {
    "mean": 0.0,
    "std": 0.0,
    "n": 1665
  },
  "JWST": {
    "mean": 11.28166382231901,
    "std": 5.9793174505724584,
    "n": 1191
  },
  "KPLO": {
    "mean": 8.715414595533149,
    "std": 6.291798829922574,
    "n": 982
  },
  "LUCY": {
    "mean": 9.109813814656434,
    "std": 4.01356876597487,
    "n": 741
  },
  "M01O": {
    "mean": 7.843649588751308,
    "std": 4.335042158633705,
    "n": 2012
  },
  "MMS2": {
    "mean": 12.255337486930747,
    "std": 5.361328650987992,
    "n": 237
  },
  "ORX": {
    "mean": 3.9962119625597534,
    "std": 6.248717996234309,
    "n": 527
  },
  "SOHO": {
    "mean": 10.38377515078827,
    "std": 4.508087942264697,
    "n": 1646
  },
  "SPP": {
    "mean": 8.695349474014163,
    "std": 4.501725529179595,
    "n": 875
  },
  "VGR2": {
    "mean": 4.105519759046056,
    "std": 1.9345333271307237,
    "n": 797
  },
  "CAPS": {
    "mean": 9.253344667167685,
    "std": 5.478792418734109,
    "n": 270
  },
  "MRO": {
    "mean": 11.155105980311795,
    "std": 5.856912827352851,
    "n": 837
  },
  "STA": {
    "mean": 10.491886885343058,
    "std": 5.314547988897576,
    "n": 608
  },
  "IMAP": {
    "mean": 10.641299333597692,
    "std": 5.509027915384444,
    "n": 336
  },
  "MMS3": {
    "mean": 11.59828194812442,
    "std": 5.895279671220743,
    "n": 239
  },
  "TGO": {
    "mean": 10.314659070719022,
    "std": 5.205773080352573,
    "n": 262
  },
  "TDR8": {
    "mean": 6.839711603308979,
    "std": 3.15492915596383,
    "n": 114
  },
  "MMS4": {
    "mean": 12.059114374436204,
    "std": 5.561070574478822,
    "n": 217
  },
  "WIND": {
    "mean": 7.887353778332525,
    "std": 4.200013792898006,
    "n": 454
  },
  "ESCB": {
    "mean": 7.809236051444309,
    "std": 3.4093794885612803,
    "n": 274
  },
  "THC": {
    "mean": 8.398122064929119,
    "std": 5.537823037921983,
    "n": 130
  },
  "CHDR": {
    "mean": 8.180330261262505,
    "std": 6.878000058103351,
    "n": 553
  },
  "MMS1": {
    "mean": 10.639012774775798,
    "std": 6.413401575332564,
    "n": 263
  },
  "ESCG": {
    "mean": 7.665893509520586,
    "std": 3.6704066485630436,
    "n": 310
  },
  "VGR1": {
    "mean": 4.3985411755587345,
    "std": 1.729581947242438,
    "n": 868
  },
  "DSSR": {
    "mean": 0.0,
    "std": 0.0,
    "n": 142
  },
  "LRO": {
    "mean": 10.775016959728235,
    "std": 6.568627004913125,
    "n": 527
  },
  "SWFO": {
    "mean": 0.28447292204141816,
    "std": 1.5091254129421237,
    "n": 204
  },
  "GBRA": {
    "mean": 0.0,
    "std": 0.0,
    "n": 485
  },
  "EMM": {
    "mean": 10.149516482545796,
    "std": 4.785248354582694,
    "n": 132
  },
  "TESS": {
    "mean": 9.693273244024493,
    "std": 6.4953759510684606,
    "n": 163
  },
  "EURC": {
    "mean": 6.987868280915962,
    "std": 5.094751797936034,
    "n": 290
  },
  "NHPC": {
    "mean": 0.0,
    "std": 0.0,
    "n": 35
  },
  "PSYC": {
    "mean": 9.573443205123223,
    "std": 5.509054585204536,
    "n": 591
  },
  "JNO": {
    "mean": 8.966033776683302,
    "std": 4.392422199412181,
    "n": 1210
  },
  "MSL": {
    "mean": 0.2657653887847876,
    "std": 1.1474442260604223,
    "n": 157
  },
  "M20": {
    "mean": 0.43798190044855473,
    "std": 1.4405664690525166,
    "n": 130
  },
  "CGO": {
    "mean": 10.265167220885035,
    "std": 5.598919724261108,
    "n": 207
  },
  "BIOS": {
    "mean": 6.89691077485177,
    "std": 3.8177870844066226,
    "n": 64
  },
  "SGP": {
    "mean": 0.0,
    "std": 0.0,
    "n": 34
  },
  "DSCO": {
    "mean": 4.951768775643088,
    "std": 4.951768775643087,
    "n": 38
  },
  "THB": {
    "mean": 8.205715493189496,
    "std": 5.594682462696763,
    "n": 105
  },
  "MMX": {
    "mean": 6.447047574555721,
    "std": 4.86009682234796,
    "n": 75
  },
  "RST": {
    "mean": 6.771292771997224,
    "std": 5.938614102744261,
    "n": 42
  },
  "XMM": {
    "mean": 10.525509644591095,
    "std": 2.8515098630196727,
    "n": 117
  },
  "TEST": {
    "mean": 0.0,
    "std": 0.0,
    "n": 144
  },
  "MEX": {
    "mean": 9.434773246287115,
    "std": 4.666915418123494,
    "n": 41
  },
  "BEPI": {
    "mean": 2.2665968526050566,
    "std": 3.6346409384521188,
    "n": 25
  },
  "HYB2": {
    "mean": 0.0,
    "std": 0.0,
    "n": 26
  },
  "HCRA": {
    "mean": 0.0,
    "std": 0.0,
    "n": 38
  },
  "EGS": {
    "mean": 0.0,
    "std": 0.0,
    "n": 16
  }
}