{
  "ACE": {
    "mean": 8.370335567081183,
    "std": 4.987994036736558,
    "n": 100
  },
  "DSN": {
    "mean": 0.0,
    "std": 0.0,
    "n": 1479
  },
  "DSS": {
    "mean": 0.0,
    "std": 0.0,
    "n": 547
  },
  "JWST": {
    "mean": 11.8934700279124,
    "std": 6.2832760020989715,
    "n": 178
  },
  "KPLO": {
    "mean": 7.418415096835578,
    "std": 6.948519686776447,
    "n": 158
  },
  "LUCY": {
    "mean": 9.944444466027765,
    "std": 3.3154375491460226,
    "n": 170
  },
  "M01O": {
    "mean": 8.272392629733782,
    "std": 4.045404624894824,
    "n": 286
  },
  "MMS2": {
    "mean": 11.596256147995392,
    "std": 5.909455498402075,
    "n": 34
  },
  "ORX": {
    "mean": 3.7320352719386016,
    "std": 6.118614554663881,
    "n": 59
  },
  "SOHO": {
    "mean": 10.075848830203872,
    "std": 4.8519586279493705,
    "n": 255
  },
  "SPP": {
    "mean": 10.158958290199665,
    "std": 3.8044629581192715,
    "n": 203
  },
  "VGR2": {
    "mean": 4.454970660975161,
    "std": 1.60900176778333,
    "n": 151
  },
  "CAPS": {
    "mean": 7.864197859560667,
    "std": 5.993004889764443,
    "n": 49
  },
  "MRO": {
    "mean": 11.406770140050371,
    "std": 5.680112496898973,
    "n": 172
  },
  "STA": {
    "mean": 9.745626017150897,
    "std": 5.819514670565849,
    "n": 99
  },
  "IMAP": {
    "mean": 10.434229892581548,
    "std": 5.649699569693185,
    "n": 75
  },
  "MMS3": {
    "mean": 11.162646679906109,
    "std": 5.914033487799132,
    "n": 32
  },
  "TGO": {
    "mean": 10.85687436027468,
    "std": 4.874204077030509,
    "n": 36
  },
  "TDR8": {
    "mean": 6.839711603308979,
    "std": 3.15492915596383,
    "n": 114
  },
  "MMS4": {
    "mean": 10.758413078274286,
    "std": 6.37063146290965,
    "n": 27
  },
  "WIND": {
    "mean": 8.074747616558607,
    "std": 4.095419729468202,
    "n": 83
  },
  "ESCB": {
    "mean": 7.302198972940727,
    "std": 3.5078629207632055,
    "n": 32
  },
  "THC": {
    "mean": 9.036741273328367,
    "std": 5.393922404335639,
    "n": 27
  },
  "CHDR": {
    "mean": 7.676222169871766,
    "std": 6.960527297467464,
    "n": 82
  },
  "MMS1": {
    "mean": 10.398430174843092,
    "std": 6.5236699049617055,
    "n": 39
  },
  "ESCG": {
    "mean": 8.2751689574037,
    "std": 3.1563189004763585,
    "n": 106
  },
  "VGR1": {
    "mean": 4.5638539204027015,
    "std": 1.5368879677811875,
    "n": 108
  },
  "DSSR": {
    "mean": 0.0,
    "std": 0.0,
    "n": 42
  },
  "LRO": {
    "mean": 10.928639234985097,
    "std": 7.118220187806351,
    "n": 36
  },
  "SWFO": {
    "mean": 0.0,
    "std": 0.0,
    "n": 35
  },
  "GBRA": {
    "mean": 0.0,
    "std": 0.0,
    "n": 122
  },
  "EMM": {
    "mean": 11.196643459832847,
    "std": 3.6649618702940177,
    "n": 31
  },
  "TESS": {
    "mean": 5.809101792296096,
    "std": 4.743115196972252,
    "n": 15
  },
  "EURC": {
    "mean": 5.065465502432879,
    "std": 5.975348173230138,
    "n": 55
  },
  "NHPC": {
    "mean": 0.0,
    "std": 0.0,
    "n": 10
  },
  "PSYC": {
    "mean": 8.016411519630038,
    "std": 6.167295604187224,
    "n": 78
  },
  "JNO": {
    "mean": 10.001075784070448,
    "std": 3.7632659673354825,
    "n": 141
  },
  "MSL": {
    "mean": 0.0,
    "std": 0.0,
    "n": 24
  },
  "M20": {
    "mean": 0.0,
    "std": 0.0,
    "n": 25
  },
  "CGO": {
    "mean": 8.463402659914646,
    "std": 6.151656271758514,
    "n": 31
  },
  "BIOS": {
    "mean": 6.481374500800612,
    "std": 3.97086966242705,
    "n": 11
  },
  "SGP": {
    "mean": 0.0,
    "std": 0.0,
    "n": 34
  },
  "DSCO": {
    "mean": 3.961415020514468,
    "std": 4.851722729828701,
    "n": 5
  },
  "THB": {
    "mean": 8.440017389625368,
    "std": 5.469354640821094,
    "n": 17
  },
  "MMX": {
    "mean": 3.641133181033066,
    "std": 4.630527106904607,
    "n": 31
  }
}