{
  "ACE": {
    "mean": 8.453261960295658,
    "std": 4.928322895480267,
    "n": 347
  },
  "DSN": {
    "mean": 0.0,
    "std": 0.0,
    "n": 5559
  },
  "DSS": {
    "mean": 0.0,
    "std": 0.0,
    "n": 1310
  },
  "JWST": {
    "mean": 11.200533787174836,
    "std": 6.065513636500757,
    "n": 717
  },
  "KPLO": {
    "mean": 8.563832731173317,
    "std": 6.542330697957356,
    "n": 580
  },
  "LUCY": {
    "mean": 9.017149428302893,
    "std": 4.194409628889271,
    "n": 585
  },
  "M01O": {
    "mean": 7.896008422887915,
    "std": 4.294763606205876,
    "n": 1209
  },
  "MMS2": {
    "mean": 12.030486454140135,
    "std": 5.537496911114476,
    "n": 149
  },
  "ORX": {
    "mean": 3.7911884646650775,
    "std": 6.138796472722984,
    "n": 268
  },
  "SOHO": {
    "mean": 10.389992151840506,
    "std": 4.583261703639001,
    "n": 927
  },
  "SPP": {
    "mean": 8.277878334953176,
    "std": 4.397125351947559,
    "n": 558
  },
  "VGR2": {
    "mean": 4.2465490699294985,
    "std": 1.8145192124799232,
    "n": 517
  },
  "CAPS": {
    "mean": 8.663012669596775,
    "std": 5.759966831586467,
    "n": 160
  },
  "MRO": {
    "mean": 11.257521899537505,
    "std": 5.811214245647909,
    "n": 573
  },
  "STA": {
    "mean": 10.486011577766504,
    "std": 5.32242781829863,
    "n": 391
  },
  "IMAP": {
    "mean": 10.532908416903918,
    "std": 5.5786705954286395,
    "n": 210
  },
  "MMS3": {
    "mean": 11.789003703227095,
    "std": 5.724771196304975,
    "n": 147
  },
  "TGO": {
    "mean": 9.9861722109033,
    "std": 5.403937520770157,
    "n": 155
  },
  "TDR8": {
    "mean": 6.839711603308979,
    "std": 3.15492915596383,
    "n": 114
  },
  "MMS4": {
    "mean": 12.066581174960778,
    "std": 5.562033200723833,
    "n": 120
  },
  "WIND": {
    "mean": 7.850615546299446,
    "std": 4.262471155789959,
    "n": 296
  },
  "ESCB": {
    "mean": 8.165188801542152,
    "std": 3.208573251265016,
    "n": 157
  },
  "THC": {
    "mean": 8.429682078422026,
    "std": 5.543293618461028,
    "n": 87
  },
  "CHDR": {
    "mean": 8.11983968499179,
    "std": 6.896872022652185,
    "n": 346
  },
  "MMS1": {
    "mean": 10.479527408478024,
    "std": 6.470889326340788,
    "n": 156
  },
  "ESCG": {
    "mean": 7.557934917618794,
    "std": 3.585689891265214,
    "n": 210
  },
  "VGR1": {
    "mean": 4.4364351280142,
    "std": 1.6914601984866733,
    "n": 457
  },
  "DSSR": {
    "mean": 0.0,
    "std": 0.0,
    "n": 85
  },
  "LRO": {
    "mean": 10.050897027321648,
    "std": 6.721719841329948,
    "n": 273
  },
  "SWFO": {
    "mean": 0.13574572173904204,
    "std": 1.0514833260611067,
    "n": 122
  },
  "GBRA": {
    "mean": 0.0,
    "std": 0.0,
    "n": 347
  },
  "EMM": {
    "mean": 11.152573676561037,
    "std": 3.749130287244314,
    "n": 69
  },
  "TESS": {
    "mean": 8.40842756708205,
    "std": 5.716292206045698,
    "n": 90
  },
  "EURC": {
    "mean": 6.087545200566108,
    "std": 5.406191723110936,
    "n": 167
  },
  "NHPC": {
    "mean": 0.0,
    "std": 0.0,
    "n": 23
  },
  "PSYC": {
    "mean": 9.332162904662004,
    "std": 5.646383687679523,
    "n": 418
  },
  "JNO": {
    "mean": 8.905446422937596,
    "std": 4.556854374713388,
    "n": 781
  },
  "MSL": {
    "mean": 0.174289094359299,
    "std": 0.9448366877996783,
    "n": 91
  },
  "M20": {
    "mean": 0.24945299916018457,
    "std": 1.108593377259091,
    "n": 83
  },
  "CGO": {
    "mean": 10.205317695735747,
    "std": 5.597841933209258,
    "n": 150
  },
  "BIOS": {
    "mean": 7.126539924862833,
    "std": 3.669325643173708,
    "n": 43
  },
  "SGP": {
    "mean": 0.0,
    "std": 0.0,
    "n": 34
  },
  "DSCO": {
    "mean": 4.539121377672829,
    "std": 4.934545179890666,
    "n": 24
  },
  "THB": {
    "mean": 8.561010721535453,
    "std": 5.628930171567166,
    "n": 57
  },
  "MMX": {
    "mean": 6.168381566056731,
    "std": 4.884485997423059,
    "n": 62
  },
  "RST": {
    "mean": 7.504568018465512,
    "std": 6.107700359240118,
    "n": 29
  },
  "XMM": {
    "mean": 10.243541059579751,
    "std": 3.2865835429429873,
    "n": 75
  },
  "TEST": {
    "mean": 0.0,
    "std": 0.0,
    "n": 68
  },
  "MEX": {
    "mean": 9.093698746870189,
    "std": 4.880448830985071,
    "n": 36
  },
  "BEPI": {
    "mean": 6.2961023683473805,
    "std": 3.365408276344554,
    "n": 9
  },
  "HYB2": {
    "mean": 0.0,
    "std": 0.0,
    "n": 8
  },
  "HCRA": {
    "mean": 0.0,
    "std": 0.0,
    "n": 27
  }
}