{
  "ACE": {
    "mean": 8.742467154409828,
    "std": 4.7692727757988,
    "n": 198
  },
  "DSN": {
    "mean": 0.0,
    "std": 0.0,
    "n": 3493
  },
  "DSS": {
    "mean": 0.0,
    "std": 0.0,
    "n": 1094
  },
  "JWST": {
    "mean": 10.80495830220333,
    "std": 5.875944767058004,
    "n": 394
  },
  "KPLO": {
    "mean": 8.439394946769301,
    "std": 6.566825146397001,
    "n": 379
  },
  "LUCY": {
    "mean": 9.563456284543516,
    "std": 3.7669456793584155,
    "n": 350
  },
  "M01O": {
    "mean": 8.35271506864151,
    "std": 3.880003873411353,
    "n": 657
  },
  "MMS2": {
    "mean": 11.64609415661092,
    "std": 5.82926833343918,
    "n": 85
  },
  "ORX": {
    "mean": 4.296021025262081,
    "std": 6.365407251242878,
    "n": 131
  },
  "SOHO": {
    "mean": 10.18363473126775,
    "std": 4.762992836375614,
    "n": 507
  },
  "SPP": {
    "mean": 8.4629359815938,
    "std": 4.245468154241154,
    "n": 363
  },
  "VGR2": {
    "mean": 4.31800688711968,
    "std": 1.735880975911768,
    "n": 296
  },
  "CAPS": {
    "mean": 8.25653070612406,
    "std": 5.929094773948262,
    "n": 100
  },
  "MRO": {
    "mean": 11.736088938669695,
    "std": 5.572355398772946,
    "n": 350
  },
  "STA": {
    "mean": 10.334761987039645,
    "std": 5.40589213828791,
    "n": 205
  },
  "IMAP": {
    "mean": 10.56946860199934,
    "std": 5.555098552884408,
    "n": 134
  },
  "MMS3": {
    "mean": 11.623561498787033,
    "std": 5.771654568776773,
    "n": 76
  },
  "TGO": {
    "mean": 10.529649469642932,
    "std": 4.991899259566121,
    "n": 82
  },
  "TDR8": {
    "mean": 6.839711603308979,
    "std": 3.15492915596383,
    "n": 114
  },
  "MMS4": {
    "mean": 12.325969035360389,
    "std": 5.288786110815144,
    "n": 58
  },
  "WIND": {
    "mean": 7.981192406871187,
    "std": 4.022574194525952,
    "n": 168
  },
  "ESCB": {
    "mean": 8.319557735777906,
    "std": 3.165260817009509,
    "n": 126
  },
  "THC": {
    "mean": 8.549230981023976,
    "std": 5.438502549730044,
    "n": 63
  },
  "CHDR": {
    "mean": 7.738468542396836,
    "std": 6.947015301322717,
    "n": 186
  },
  "MMS1": {
    "mean": 10.557502527772677,
    "std": 6.4366332665287995,
    "n": 85
  },
  "ESCG": {
    "mean": 8.211184175608677,
    "std": 3.1049429823674495,
    "n": 132
  },
  "VGR1": {
    "mean": 4.488573855736273,
    "std": 1.6312460037328014,
    "n": 240
  },
  "DSSR": {
    "mean": 0.0,
    "std": 0.0,
    "n": 68
  },
  "LRO": {
    "mean": 10.31040345985652,
    "std": 6.838848107028884,
    "n": 138
  },
  "SWFO": {
    "mean": 0.0,
    "std": 0.0,
    "n": 66
  },
  "GBRA": {
    "mean": 0.0,
    "std": 0.0,
    "n": 191
  },
  "EMM": {
    "mean": 11.587830537233842,
    "std": 3.06075476965658,
    "n": 46
  },
  "TESS": {
    "mean": 7.619260374159661,
    "std": 5.0856054344950925,
    "n": 45
  },
  "EURC": {
    "mean": 5.613983411635755,
    "std": 5.494120046570652,
    "n": 95
  },
  "NHPC": {
    "mean": 0.0,
    "std": 0.0,
    "n": 15
  },
  "PSYC": {
    "mean": 10.094621148882274,
    "std": 5.194137907263373,
    "n": 215
  },
  "JNO": {
    "mean": 9.20085364977765,
    "std": 4.44974014754044,
    "n": 437
  },
  "MSL": {
    "mean": 0.1217450456149247,
    "std": 0.8166905937563529,
    "n": 46
  },
  "M20": {
    "mean": 0.39065281000557206,
    "std": 1.3672848350195017,
    "n": 53
  },
  "CGO": {
    "mean": 9.852819226578918,
    "std": 5.69187198376216,
    "n": 83
  },
  "BIOS": {
    "mean": 7.300921556125871,
    "std": 3.509447946156779,
    "n": 32
  },
  "SGP": {
    "mean": 0.0,
    "std": 0.0,
    "n": 34
  },
  "DSCO": {
    "mean": 4.951768775643085,
    "std": 4.951768775643084,
    "n": 10
  },
  "THB": {
    "mean": 8.954668836338687,
    "std": 5.089404640938011,
    "n": 37
  },
  "MMX": {
    "mean": 5.125630207147106,
    "std": 4.898461512253476,
    "n": 45
  },
  "RST": {
    "mean": 7.105025557367963,
    "std": 5.919891139206077,
    "n": 13
  },
  "XMM": {
    "mean": 10.806803399541693,
    "std": 2.3040182265601743,
    "n": 23
  },
  "TEST": {
    "mean": 0.0,
    "std": 0.0,
    "n": 17
  },
  "MEX": {
    "mean": 11.162196878066604,
    "std": 3.3979678769504145,
    "n": 12
  },
  "BEPI": {
    "mean": 6.2961023683473805,
    "std": 3.365408276344554,
    "n": 9
  },
  "HYB2": {
    "mean": 0.0,
    "std": 0.0,
    "n": 4
  }
}