{
  "ACE": {
    "mean": 8.401997553283731,
    "std": 4.922725805572448,
    "n": 523
  },
  "DSN": {
    "mean": 0.0,
    "std": 0.0,
    "n": 8155
  },
  "DSS": {
    "mean": 0.0,
    "std": 0.0,
    "n": 1650
  },
  "JWST": {
    "mean": 11.30751049919091,
    "std": 5.990042504656414,
    "n": 1174
  },
  "KPLO": {
    "mean": 8.72645285261644,
    "std": 6.272293040876534,
    "n": 962
  },
  "LUCY": {
    "mean": 9.107665712527533,
    "std": 4.018783479903037,
    "n": 739
  },
  "M01O": {
    "mean": 7.826969283111735,
    "std": 4.34535769678813,
    "n": 1968
  },
  "MMS2": {
    "mean": 12.2324744430545,
    "std": 5.391758614103415,
    "n": 234
  },
  "ORX": {
    "mean": 4.015883239221059,
    "std": 6.257851094446251,
    "n": 521
  },
  "SOHO": {
    "mean": 10.411278952966544,
    "std": 4.481065361959507,
    "n": 1619
  },
  "SPP": {
    "mean": 8.609272006788697,
    "std": 4.4706672178033555,
    "n": 843
  },
  "VGR2": {
    "mean": 4.1087821483544165,
    "std": 1.93075615939118,
    "n": 784
  },
  "CAPS": {
    "mean": 9.192975007497182,
    "std": 5.512415552503618,
    "n": 265
  },
  "MRO": {
    "mean": 11.15446428325072,
    "std": 5.858225160078113,
    "n": 832
  },
  "STA": {
    "mean": 10.514208063587075,
    "std": 5.299575027791772,
    "n": 598
  },
  "IMAP": {
    "mean": 10.641299333597692,
    "std": 5.509027915384444,
    "n": 336
  },
  "MMS3": {
    "mean": 11.553794124187505,
    "std": 5.935157687913379,
    "n": 235
  },
  "TGO": {
    "mean": 10.293870694657487,
    "std": 5.220333065927704,
    "n": 260
  },
  "TDR8": {
    "mean": 6.839711603308979,
    "std": 3.15492915596383,
    "n": 114
  },
  "MMS4": {
    "mean": 12.096964997355608,
    "std": 5.535471341230227,
    "n": 214
  },
  "WIND": {
    "mean": 7.888186722640201,
    "std": 4.196193244163016,
    "n": 450
  },
  "ESCB": {
    "mean": 7.82164251798372,
    "std": 3.4050430401426963,
    "n": 269
  },
  "THC": {
    "mean": 8.34522204567039,
    "std": 5.564599415446438,
    "n": 128
  },
  "CHDR": {
    "mean": 8.212815264697694,
    "std": 6.872076677498151,
    "n": 544
  },
  "MMS1": {
    "mean": 10.694915250762467,
    "std": 6.387530257328986,
    "n": 259
  },
  "ESCG": {
    "mean": 7.636555905953473,
    "std": 3.678242527780648,
    "n": 298
  },
  "VGR1": {
    "mean": 4.42282822093406,
    "std": 1.703028215453114,
    "n": 846
  },
  "DSSR": {
    "mean": 0.0,
    "std": 0.0,
    "n": 142
  },
  "LRO": {
    "mean": 10.750456397234867,
    "std": 6.583692294577562,
    "n": 519
  },
  "SWFO": {
    "mean": 0.28728948562598666,
    "std": 1.5163111313194855,
    "n": 202
  },
  "GBRA": {
    "mean": 0.0,
    "std": 0.0,
    "n": 482
  },
  "EMM": {
    "mean": 10.193361302596793,
    "std": 4.748936104616967,
    "n": 129
  },
  "TESS": {
    "mean": 9.693273244024493,
    "std": 6.4953759510684606,
    "n": 163
  },
  "EURC": {
    "mean": 7.019013446333833,
    "std": 5.1070597621725105,
    "n": 284
  },
  "NHPC": {
    "mean": 0.0,
    "std": 0.0,
    "n": 35
  },
  "PSYC": {
    "mean": 9.540450371828479,
    "std": 5.527543876129292,
    "n": 585
  },
  "JNO": {
    "mean": 8.953061351209818,
    "std": 4.396733203023371,
    "n": 1200
  },
  "MSL": {
    "mean": 0.2389157779327418,
    "std": 1.0916396703449025,
    "n": 153
  },
  "M20": {
    "mean": 0.43798190044855473,
    "std": 1.4405664690525166,
    "n": 130
  },
  "CGO": {
    "mean": 10.314074653709458,
    "std": 5.557962091861507,
    "n": 202
  },
  "BIOS": {
    "mean": 6.974408779021245,
    "std": 3.7685359765902495,
    "n": 62
  },
  "SGP": {
    "mean": 0.0,
    "std": 0.0,
    "n": 34
  },
  "DSCO": {
    "mean": 4.951768775643088,
    "std": 4.951768775643087,
    "n": 38
  },
  "THB": {
    "mean": 8.17131157199432,
    "std": 5.610450677587311,
    "n": 104
  },
  "MMX": {
    "mean": 6.447047574555721,
    "std": 4.86009682234796,
    "n": 75
  },
  "RST": {
    "mean": 6.771292771997224,
    "std": 5.938614102744261,
    "n": 42
  },
  "XMM": {
    "mean": 10.525509644591095,
    "std": 2.8515098630196727,
    "n": 117
  },
  "TEST": {
    "mean": 0.0,
    "std": 0.0,
    "n": 138
  },
  "MEX": {
    "mean": 9.381623269263608,
    "std": 4.712619259557808,
    "n": 40
  },
  "BEPI": {
    "mean": 2.2665968526050566,
    "std": 3.6346409384521188,
    "n": 25
  },
  "HYB2": {
    "mean": 0.0,
    "std": 0.0,
    "n": 24
  },
  "HCRA": {
    "mean": 0.0,
    "std": 0.0,
    "n": 38
  },
  "EGS": {
    "mean": 0.0,
    "std": 0.0,
    "n": 16
  }
}