{
  "ACE": {
    "mean": 8.444888146421693,
    "std": 4.928270013503209,
    "n": 315
  },
  "DSN": {
    "mean": 0.0,
    "std": 0.0,
    "n": 5299
  },
  "DSS": {
    "mean": 0.0,
    "std": 0.0,
    "n": 1294
  },
  "JWST": {
    "mean": 10.971692839796958,
    "std": 6.0074877764935595,
    "n": 651
  },
  "KPLO": {
    "mean": 8.407608741957286,
    "std": 6.557612586229407,
    "n": 520
  },
  "LUCY": {
    "mean": 8.961587174778352,
    "std": 4.251758676162655,
    "n": 550
  },
  "M01O": {
    "mean": 7.936882910749847,
    "std": 4.2922197183079955,
    "n": 1090
  },
  "MMS2": {
    "mean": 12.082857850809017,
    "std": 5.482190064860276,
    "n": 135
  },
  "ORX": {
    "mean": 4.027600957563071,
    "std": 6.2517165388226825,
    "n": 225
  },
  "SOHO": {
    "mean": 10.350495909544497,
    "std": 4.618945470652127,
    "n": 837
  },
  "SPP": {
    "mean": 7.731622087596258,
    "std": 4.233957757591028,
    "n": 444
  },
  "VGR2": {
    "mean": 4.383515479953926,
    "std": 1.664163876797189,
    "n": 451
  },
  "CAPS": {
    "mean": 8.649604634941179,
    "std": 5.7710023426369155,
    "n": 143
  },
  "MRO": {
    "mean": 11.278254312254985,
    "std": 5.811707049843167,
    "n": 522
  },
  "STA": {
    "mean": 10.47683950135097,
    "std": 5.336171030473237,
    "n": 350
  },
  "IMAP": {
    "mean": 10.452996150298985,
    "std": 5.632579851732092,
    "n": 200
  },
  "MMS3": {
    "mean": 11.612153985407195,
    "std": 5.840697993490797,
    "n": 129
  },
  "TGO": {
    "mean": 9.99348683578827,
    "std": 5.387190740625567,
    "n": 138
  },
  "TDR8": {
    "mean": 6.839711603308979,
    "std": 3.15492915596383,
    "n": 114
  },
  "MMS4": {
    "mean": 12.0183189262264,
    "std": 5.589427172310364,
    "n": 107
  },
  "WIND": {
    "mean": 7.904276179384853,
    "std": 4.21409538849799,
    "n": 267
  },
  "ESCB": {
    "mean": 8.186738073100116,
    "std": 3.2098915480235064,
    "n": 150
  },
  "THC": {
    "mean": 8.565702285500588,
    "std": 5.455607774755456,
    "n": 84
  },
  "CHDR": {
    "mean": 8.037447590969327,
    "std": 6.909208961827859,
    "n": 313
  },
  "MMS1": {
    "mean": 10.361937287144597,
    "std": 6.510075119297902,
    "n": 138
  },
  "ESCG": {
    "mean": 7.611165767291907,
    "std": 3.566604729787024,
    "n": 192
  },
  "VGR1": {
    "mean": 4.515333363621556,
    "std": 1.5986337477298689,
    "n": 404
  },
  "DSSR": {
    "mean": 0.0,
    "std": 0.0,
    "n": 85
  },
  "LRO": {
    "mean": 10.015453977772983,
    "std": 6.740717549757004,
    "n": 253
  },
  "SWFO": {
    "mean": 0.0,
    "std": 0.0,
    "n": 107
  },
  "GBRA": {
    "mean": 0.0,
    "std": 0.0,
    "n": 329
  },
  "EMM": {
    "mean": 11.151881850982177,
    "std": 3.7542319927479055,
    "n": 59
  },
  "TESS": {
    "mean": 8.083199644216837,
    "std": 5.374367501746985,
    "n": 82
  },
  "EURC": {
    "mean": 6.48825288918556,
    "std": 5.404481776331409,
    "n": 152
  },
  "NHPC": {
    "mean": 0.0,
    "std": 0.0,
    "n": 23
  },
  "PSYC": {
    "mean": 10.464443019425214,
    "std": 4.8937046832848345,
    "n": 340
  },
  "JNO": {
    "mean": 8.821822504864263,
    "std": 4.59417794019129,
    "n": 750
  },
  "MSL": {
    "mean": 0.19825384483370265,
    "std": 1.005342609809921,
    "n": 80
  },
  "M20": {
    "mean": 0.26544357602942714,
    "std": 1.1417159905260457,
    "n": 78
  },
  "CGO": {
    "mean": 10.189175753608673,
    "std": 5.61520945928585,
    "n": 144
  },
  "BIOS": {
    "mean": 7.126539924862833,
    "std": 3.669325643173708,
    "n": 43
  },
  "SGP": {
    "mean": 0.0,
    "std": 0.0,
    "n": 34
  },
  "DSCO": {
    "mean": 4.456591898078777,
    "std": 4.926947723221698,
    "n": 20
  },
  "THB": {
    "mean": 8.850979104734368,
    "std": 5.416431888036537,
    "n": 52
  },
  "MMX": {
    "mean": 6.016493598113673,
    "std": 4.865458928163983,
    "n": 55
  },
  "RST": {
    "mean": 6.684353926364162,
    "std": 6.153663687123189,
    "n": 23
  },
  "XMM": {
    "mean": 10.08752262698692,
    "std": 3.4944203426957317,
    "n": 56
  },
  "TEST": {
    "mean": 0.0,
    "std": 0.0,
    "n": 52
  },
  "MEX": {
    "mean": 9.66010675549268,
    "std": 4.5289395426079455,
    "n": 28
  },
  "BEPI": {
    "mean": 6.2961023683473805,
    "std": 3.365408276344554,
    "n": 9
  },
  "HYB2": {
    "mean": 0.0,
    "std": 0.0,
    "n": 8
  },
  "HCRA": {
    "mean": 0.0,
    "std": 0.0,
    "n": 14
  }
}