{
  "ACE": {
    "mean": 8.408653775690498,
    "std": 4.919821105125228,
    "n": 528
  },
  "DSN": {
    "mean": 0.0,
    "std": 0.0,
    "n": 8245
  },
  "DSS": {
    "mean": 0.0,
    "std": 0.0,
    "n": 1665
  },
  "JWST": {
    "mean": 11.301299140416196,
    "std": 5.978909654065148,
    "n": 1195
  },
  "KPLO": {
    "mean": 8.716613868614724,
    "std": 6.2790517074067,
    "n": 986
  },
  "LUCY": {
    "mean": 9.109813814656434,
    "std": 4.01356876597487,
    "n": 741
  },
  "M01O": {
    "mean": 7.843649588751308,
    "std": 4.335042158633705,
    "n": 2012
  },
  "MMS2": {
    "mean": 12.255337486930747,
    "std": 5.361328650987992,
    "n": 237
  },
  "ORX": {
    "mean": 3.9962119625597534,
    "std": 6.248717996234309,
    "n": 527
  },
  "SOHO": {
    "mean": 10.388692732348677,
    "std": 4.503725181078787,
    "n": 1650
  },
  "SPP": {
    "mean": 8.695349474014163,
    "std": 4.501725529179595,
    "n": 875
  },
  "VGR2": {
    "mean": 4.1103930904115416,
    "std": 1.9309227116666265,
    "n": 801
  },
  "CAPS": {
    "mean": 9.241784213863673,
    "std": 5.48352750015091,
    "n": 273
  },
  "MRO": {
    "mean": 11.156229325463276,
    "std": 5.855852847471634,
    "n": 842
  },
  "STA": {
    "mean": 10.491886885343058,
    "std": 5.314547988897576,
    "n": 608
  },
  "IMAP": {
    "mean": 10.62665101926564,
    "std": 5.519251595093636,
    "n": 339
  },
  "MMS3": {
    "mean": 11.59828194812442,
    "std": 5.895279671220743,
    "n": 239
  },
  "TGO": {
    "mean": 10.314659070719022,
    "std": 5.205773080352573,
    "n": 262
  },
  "TDR8": {
    "mean": 6.839711603308979,
    "std": 3.15492915596383,
    "n": 114
  },
  "MMS4": {
    "mean": 12.095560110555326,
    "std": 5.5317153085385655,
    "n": 220
  },
  "WIND": {
    "mean": 7.893110626448072,
    "std": 4.1868044850993265,
    "n": 457
  },
  "ESCB": {
    "mean": 7.731375033046526,
    "std": 3.445560731771722,
    "n": 278
  },
  "THC": {
    "mean": 8.398122064929119,
    "std": 5.537823037921983,
    "n": 130
  },
  "CHDR": {
    "mean": 8.165564322162751,
    "std": 6.880557065816584,
    "n": 554
  },
  "MMS1": {
    "mean": 10.639012774775798,
    "std": 6.413401575332564,
    "n": 263
  },
  "ESCG": {
    "mean": 7.665893509520586,
    "std": 3.6704066485630436,
    "n": 310
  },
  "VGR1": {
    "mean": 4.3985411755587345,
    "std": 1.729581947242438,
    "n": 868
  },
  "DSSR": {
    "mean": 0.0,
    "std": 0.0,
    "n": 142
  },
  "LRO": {
    "mean": 10.775016959728235,
    "std": 6.568627004913125,
    "n": 527
  },
  "SWFO": {
    "mean": 0.28447292204141816,
    "std": 1.5091254129421237,
    "n": 204
  },
  "GBRA": {
    "mean": 0.0,
    "std": 0.0,
    "n": 489
  },
  "EMM": {
    "mean": 10.215597875133543,
    "std": 4.729610585564939,
    "n": 136
  },
  "TESS": {
    "mean": 9.693273244024493,
    "std": 6.4953759510684606,
    "n": 163
  },
  "EURC": {
    "mean": 6.987868280915962,
    "std": 5.094751797936034,
    "n": 290
  },
  "NHPC": {
    "mean": 0.0,
    "std": 0.0,
    "n": 35
  },
  "PSYC": {
    "mean": 9.573443205123223,
    "std": 5.509054585204536,
    "n": 591
  },
  "JNO": {
    "mean": 8.966033776683302,
    "std": 4.392422199412181,
    "n": 1210
  },
  "MSL": {
    "mean": 0.2657653887847876,
    "std": 1.1474442260604223,
    "n": 157
  },
  "M20": {
    "mean": 0.43798190044855473,
    "std": 1.4405664690525166,
    "n": 130
  },
  "CGO": {
    "mean": 10.265167220885035,
    "std": 5.598919724261108,
    "n": 207
  },
  "BIOS": {
    "mean": 6.89691077485177,
    "std": 3.8177870844066226,
    "n": 64
  },
  "SGP": {
    "mean": 0.0,
    "std": 0.0,
    "n": 34
  },
  "DSCO": {
    "mean": 4.951768775643088,
    "std": 4.951768775643087,
    "n": 38
  },
  "THB": {
    "mean": 8.205715493189496,
    "std": 5.594682462696763,
    "n": 105
  },
  "MMX": {
    "mean": 6.447047574555721,
    "std": 4.86009682234796,
    "n": 75
  },
  "RST": {
    "mean": 6.771292771997224,
    "std": 5.938614102744261,
    "n": 42
  },
  "XMM": {
    "mean": 10.525509644591095,
    "std": 2.8515098630196727,
    "n": 117
  },
  "TEST": {
    "mean": 0.0,
    "std": 0.0,
    "n": 144
  },
  "MEX": {
    "mean": 9.434773246287115,
    "std": 4.666915418123494,
    "n": 41
  },
  "BEPI": {
    "mean": 2.2665968526050566,
    "std": 3.6346409384521188,
    "n": 25
  },
  "HYB2": {
    "mean": 0.0,
    "std": 0.0,
    "n": 26
  },
  "HCRA": {
    "mean": 0.0,
    "std": 0.0,
    "n": 38
  },
  "EGS": {
    "mean": 0.0,
    "std": 0.0,
    "n": 16
  }
}