{
  "ACE": {
    "mean": 8.430235167998076,
    "std": 4.91529939486068,
    "n": 582
  },
  "DSN": {
    "mean": 0.0,
    "std": 0.0,
    "n": 8918
  },
  "DSS": {
    "mean": 0.0,
    "std": 0.0,
    "n": 1749
  },
  "JWST": {
    "mean": 11.373312995641268,
    "std": 6.029205966113701,
    "n": 1340
  },
  "KPLO": {
    "mean": 8.688256414434703,
    "std": 6.222096392730517,
    "n": 1117
  },
  "LUCY": {
    "mean": 9.089254569003707,
    "std": 3.975457999534912,
    "n": 783
  },
  "M01O": {
    "mean": 7.906807158862619,
    "std": 4.31009971297317,
    "n": 2230
  },
  "MMS2": {
    "mean": 11.950621991311088,
    "std": 5.6261517692055545,
    "n": 265
  },
  "ORX": {
    "mean": 4.182190489411398,
    "std": 6.331345186361666,
    "n": 599
  },
  "SOHO": {
    "mean": 10.425765906683257,
    "std": 4.47741647700797,
    "n": 1837
  },
  "SPP": {
    "mean": 9.128366300192328,
    "std": 4.5747308101027855,
    "n": 1044
  },
  "VGR2": {
    "mean": 4.1541703228398585,
    "std": 1.8965386918840386,
    "n": 905
  },
  "CAPS": {
    "mean": 9.074217153731134,
    "std": 5.570003414813323,
    "n": 300
  },
  "MRO": {
    "mean": 11.221866896472688,
    "std": 5.79647623491156,
    "n": 935
  },
  "STA": {
    "mean": 10.56240587759204,
    "std": 5.265289633090229,
    "n": 664
  },
  "IMAP": {
    "mean": 10.58447157676793,
    "std": 5.547855858937284,
    "n": 362
  },
  "MMS3": {
    "mean": 11.676059701760416,
    "std": 5.843235610482028,
    "n": 260
  },
  "TGO": {
    "mean": 10.340063321335949,
    "std": 5.2022437527822545,
    "n": 313
  },
  "TDR8": {
    "mean": 6.839711603308979,
    "std": 3.15492915596383,
    "n": 114
  },
  "MMS4": {
    "mean": 11.932343947822103,
    "std": 5.6647741231888755,
    "n": 245
  },
  "WIND": {
    "mean": 7.871475219959654,
    "std": 4.1970379669555475,
    "n": 496
  },
  "ESCB": {
    "mean": 7.772990461825455,
    "std": 3.3769980094260497,
    "n": 335
  },
  "THC": {
    "mean": 8.160746734266631,
    "std": 5.623688506336661,
    "n": 141
  },
  "CHDR": {
    "mean": 8.242130069231058,
    "std": 6.865058910686468,
    "n": 608
  },
  "MMS1": {
    "mean": 10.771799577143788,
    "std": 6.339046440780587,
    "n": 292
  },
  "ESCG": {
    "mean": 7.659952327522551,
    "std": 3.6429004617158554,
    "n": 341
  },
  "VGR1": {
    "mean": 4.422678240612826,
    "std": 1.696314934919258,
    "n": 979
  },
  "DSSR": {
    "mean": 0.0,
    "std": 0.0,
    "n": 192
  },
  "LRO": {
    "mean": 10.861882766724541,
    "std": 6.455234134713111,
    "n": 618
  },
  "SWFO": {
    "mean": 0.2614075499840062,
    "std": 1.4487339628228424,
    "n": 222
  },
  "GBRA": {
    "mean": 0.0,
    "std": 0.0,
    "n": 521
  },
  "EMM": {
    "mean": 10.210121533965474,
    "std": 4.733528122869451,
    "n": 147
  },
  "TESS": {
    "mean": 9.965405593021938,
    "std": 6.574692447136841,
    "n": 186
  },
  "EURC": {
    "mean": 7.074369393519517,
    "std": 5.019332454515391,
    "n": 310
  },
  "NHPC": {
    "mean": 2.0044601264869115,
    "std": 1.9655348652260427,
    "n": 102
  },
  "PSYC": {
    "mean": 9.537529994357648,
    "std": 5.531002643262781,
    "n": 612
  },
  "JNO": {
    "mean": 9.009378268772863,
    "std": 4.35662735334198,
    "n": 1285
  },
  "MSL": {
    "mean": 0.3063380323785842,
    "std": 1.2257806259927162,
    "n": 170
  },
  "M20": {
    "mean": 0.4365427485303229,
    "std": 1.4384161636215933,
    "n": 166
  },
  "CGO": {
    "mean": 10.386611947069436,
    "std": 5.5407632509664095,
    "n": 224
  },
  "BIOS": {
    "mean": 6.976562835742111,
    "std": 3.7645650646294055,
    "n": 71
  },
  "SGP": {
    "mean": 0.0,
    "std": 0.0,
    "n": 34
  },
  "DSCO": {
    "mean": 4.951768775643087,
    "std": 4.951768775643087,
    "n": 44
  },
  "THB": {
    "mean": 8.037090229050206,
    "std": 5.645209151579077,
    "n": 116
  },
  "MMX": {
    "mean": 6.447047574555721,
    "std": 4.86009682234796,
    "n": 75
  },
  "RST": {
    "mean": 6.771292771997224,
    "std": 5.938614102744261,
    "n": 42
  },
  "XMM": {
    "mean": 10.478006574044688,
    "std": 2.9312374535648464,
    "n": 124
  },
  "TEST": {
    "mean": 0.0,
    "std": 0.0,
    "n": 160
  },
  "MEX": {
    "mean": 9.665860102911063,
    "std": 4.455399724792833,
    "n": 46
  },
  "BEPI": {
    "mean": 2.420109767318459,
    "std": 3.567173330124926,
    "n": 28
  },
  "HYB2": {
    "mean": 2.471604910666722,
    "std": 2.098954506331357,
    "n": 143
  },
  "HCRA": {
    "mean": 0.0,
    "std": 0.0,
    "n": 44
  },
  "EGS": {
    "mean": 0.0,
    "std": 0.0,
    "n": 16
  }
}