{
  "ACE": {
    "mean": 8.367349770200505,
    "std": 4.934965542294617,
    "n": 483
  },
  "DSN": {
    "mean": 0.0,
    "std": 0.0,
    "n": 7534
  },
  "DSS": {
    "mean": 0.0,
    "std": 0.0,
    "n": 1577
  },
  "JWST": {
    "mean": 11.253832713321412,
    "std": 6.033252218897546,
    "n": 1067
  },
  "KPLO": {
    "mean": 8.687020371788135,
    "std": 6.318386894372217,
    "n": 857
  },
  "LUCY": {
    "mean": 9.123509113190186,
    "std": 4.034536291323659,
    "n": 717
  },
  "M01O": {
    "mean": 7.7217335305886685,
    "std": 4.4154932385700585,
    "n": 1765
  },
  "MMS2": {
    "mean": 12.203312815396622,
    "std": 5.416917692190362,
    "n": 213
  },
  "ORX": {
    "mean": 3.6669873581773196,
    "std": 6.074126284507109,
    "n": 438
  },
  "SOHO": {
    "mean": 10.396960551491858,
    "std": 4.486085717957847,
    "n": 1472
  },
  "SPP": {
    "mean": 8.651988959177997,
    "std": 4.456958373437672,
    "n": 808
  },
  "VGR2": {
    "mean": 4.317692055688594,
    "std": 1.735870936500764,
    "n": 710
  },
  "CAPS": {
    "mean": 9.112230771056694,
    "std": 5.553096578862986,
    "n": 244
  },
  "MRO": {
    "mean": 11.198280645439326,
    "std": 5.8360237136486015,
    "n": 767
  },
  "STA": {
    "mean": 10.531907096347082,
    "std": 5.2817019592707695,
    "n": 548
  },
  "IMAP": {
    "mean": 10.721671534824674,
    "std": 5.448615107684094,
    "n": 307
  },
  "MMS3": {
    "mean": 11.861036546189693,
    "std": 5.708497430296834,
    "n": 213
  },
  "TGO": {
    "mean": 10.216229170337764,
    "std": 5.2774429265380824,
    "n": 243
  },
  "TDR8": {
    "mean": 6.839711603308979,
    "std": 3.15492915596383,
    "n": 114
  },
  "MMS4": {
    "mean": 12.123629998439425,
    "std": 5.527326385967344,
    "n": 192
  },
  "WIND": {
    "mean": 7.8970414798155835,
    "std": 4.227129814655573,
    "n": 412
  },
  "ESCB": {
    "mean": 8.015660130859475,
    "std": 3.2505264061796355,
    "n": 228
  },
  "THC": {
    "mean": 8.386897950630757,
    "std": 5.493180832996186,
    "n": 121
  },
  "CHDR": {
    "mean": 8.144700568619434,
    "std": 6.8865033022054405,
    "n": 499
  },
  "MMS1": {
    "mean": 10.503443856158945,
    "std": 6.481785144471925,
    "n": 236
  },
  "ESCG": {
    "mean": 7.564819897996536,
    "std": 3.5510621074697637,
    "n": 270
  },
  "VGR1": {
    "mean": 4.45173522399681,
    "std": 1.6681054320854594,
    "n": 749
  },
  "DSSR": {
    "mean": 0.0,
    "std": 0.0,
    "n": 136
  },
  "LRO": {
    "mean": 10.89324991713978,
    "std": 6.573606984811838,
    "n": 482
  },
  "SWFO": {
    "mean": 0.23024376043741562,
    "std": 1.3621417009648003,
    "n": 180
  },
  "GBRA": {
    "mean": 0.0,
    "std": 0.0,
    "n": 449
  },
  "EMM": {
    "mean": 10.140910766217448,
    "std": 4.792813407975981,
    "n": 126
  },
  "TESS": {
    "mean": 9.675755646321923,
    "std": 6.630698832940818,
    "n": 144
  },
  "EURC": {
    "mean": 7.073043962233723,
    "std": 5.172872583547983,
    "n": 261
  },
  "NHPC": {
    "mean": 0.0,
    "std": 0.0,
    "n": 33
  },
  "PSYC": {
    "mean": 9.483170384679449,
    "std": 5.558753202060213,
    "n": 571
  },
  "JNO": {
    "mean": 8.901947302538508,
    "std": 4.428171256350884,
    "n": 1144
  },
  "MSL": {
    "mean": 0.21790252979955327,
    "std": 1.0455929263056365,
    "n": 144
  },
  "M20": {
    "mean": 0.3539247680392362,
    "std": 1.3064091441833674,
    "n": 117
  },
  "CGO": {
    "mean": 10.281880530042814,
    "std": 5.634132332577208,
    "n": 190
  },
  "BIOS": {
    "mean": 6.7976950498830995,
    "std": 3.8807752958741553,
    "n": 57
  },
  "SGP": {
    "mean": 0.0,
    "std": 0.0,
    "n": 34
  },
  "DSCO": {
    "mean": 4.951768775643087,
    "std": 4.951768775643086,
    "n": 34
  },
  "THB": {
    "mean": 8.09411866564489,
    "std": 5.629050003664351,
    "n": 96
  },
  "MMX": {
    "mean": 6.3833415820869694,
    "std": 4.865709226505287,
    "n": 71
  },
  "RST": {
    "mean": 6.636855475185483,
    "std": 5.910642800722992,
    "n": 39
  },
  "XMM": {
    "mean": 10.403132049426544,
    "std": 3.0511786047110028,
    "n": 101
  },
  "TEST": {
    "mean": 0.0,
    "std": 0.0,
    "n": 110
  },
  "MEX": {
    "mean": 9.381623269263608,
    "std": 4.712619259557808,
    "n": 40
  },
  "BEPI": {
    "mean": 2.2665968526050566,
    "std": 3.6346409384521188,
    "n": 25
  },
  "HYB2": {
    "mean": 0.0,
    "std": 0.0,
    "n": 16
  },
  "HCRA": {
    "mean": 0.0,
    "std": 0.0,
    "n": 33
  },
  "EGS": {
    "mean": 0.0,
    "std": 0.0,
    "n": 16
  }
}