{
  "ACE": {
    "mean": 8.528227576760019,
    "std": 4.891804457786344,
    "n": 400
  },
  "DSN": {
    "mean": 0.0,
    "std": 0.0,
    "n": 6563
  },
  "DSS": {
    "mean": 0.0,
    "std": 0.0,
    "n": 1440
  },
  "JWST": {
    "mean": 11.110001518298313,
    "std": 6.044304349618372,
    "n": 875
  },
  "KPLO": {
    "mean": 8.503313386411312,
    "std": 6.325175029059784,
    "n": 742
  },
  "LUCY": {
    "mean": 9.107240452853764,
    "std": 4.096695302216328,
    "n": 660
  },
  "M01O": {
    "mean": 7.979927940887573,
    "std": 4.258172698046404,
    "n": 1480
  },
  "MMS2": {
    "mean": 12.048591492839707,
    "std": 5.5248662423329025,
    "n": 173
  },
  "ORX": {
    "mean": 3.751534791918511,
    "std": 6.118575642573762,
    "n": 355
  },
  "SOHO": {
    "mean": 10.217602715479865,
    "std": 4.626827771763413,
    "n": 1199
  },
  "SPP": {
    "mean": 8.923976749230302,
    "std": 4.448321862370817,
    "n": 758
  },
  "VGR2": {
    "mean": 4.269070840896764,
    "std": 1.7971061658324783,
    "n": 591
  },
  "CAPS": {
    "mean": 9.1757348286457,
    "std": 5.519333550709161,
    "n": 211
  },
  "MRO": {
    "mean": 11.1135088250193,
    "std": 5.8962531718439575,
    "n": 631
  },
  "STA": {
    "mean": 10.535823897000743,
    "std": 5.279033112058022,
    "n": 459
  },
  "IMAP": {
    "mean": 10.74386359494364,
    "std": 5.434713121540389,
    "n": 270
  },
  "MMS3": {
    "mean": 11.890535090203787,
    "std": 5.670209775919975,
    "n": 173
  },
  "TGO": {
    "mean": 9.982004353484006,
    "std": 5.397484382816288,
    "n": 195
  },
  "TDR8": {
    "mean": 6.839711603308979,
    "std": 3.15492915596383,
    "n": 114
  },
  "MMS4": {
    "mean": 11.91282530749416,
    "std": 5.696787729679368,
    "n": 156
  },
  "WIND": {
    "mean": 7.942843196808332,
    "std": 4.233292981807761,
    "n": 348
  },
  "ESCB": {
    "mean": 8.078128362725415,
    "std": 3.232204365144141,
    "n": 189
  },
  "THC": {
    "mean": 8.486753541989378,
    "std": 5.4367849299929745,
    "n": 111
  },
  "CHDR": {
    "mean": 8.096832983486783,
    "std": 6.89995746521299,
    "n": 416
  },
  "MMS1": {
    "mean": 10.46489251853019,
    "std": 6.477290751403597,
    "n": 188
  },
  "ESCG": {
    "mean": 7.701540526553268,
    "std": 3.473340056912333,
    "n": 235
  },
  "VGR1": {
    "mean": 4.444025702043485,
    "std": 1.6829361847011406,
    "n": 590
  },
  "DSSR": {
    "mean": 0.0,
    "std": 0.0,
    "n": 113
  },
  "LRO": {
    "mean": 10.635518533783236,
    "std": 6.71758220648861,
    "n": 367
  },
  "SWFO": {
    "mean": 0.2819311352294886,
    "std": 1.5024589306627263,
    "n": 147
  },
  "GBRA": {
    "mean": 0.0,
    "std": 0.0,
    "n": 380
  },
  "EMM": {
    "mean": 9.927111129580219,
    "std": 4.964515800101205,
    "n": 95
  },
  "TESS": {
    "mean": 9.513631567400466,
    "std": 6.392764161118952,
    "n": 114
  },
  "EURC": {
    "mean": 6.61995660849692,
    "std": 5.223168581729437,
    "n": 206
  },
  "NHPC": {
    "mean": 0.0,
    "std": 0.0,
    "n": 28
  },
  "PSYC": {
    "mean": 9.63801895822036,
    "std": 5.468816489731729,
    "n": 501
  },
  "JNO": {
    "mean": 8.883811279954905,
    "std": 4.583243227297695,
    "n": 877
  },
  "MSL": {
    "mean": 0.23404113439146307,
    "std": 1.0833631985031056,
    "n": 112
  },
  "M20": {
    "mean": 0.39383747965235666,
    "std": 1.3723898151039942,
    "n": 92
  },
  "CGO": {
    "mean": 10.282326018520775,
    "std": 5.596667934217436,
    "n": 165
  },
  "BIOS": {
    "mean": 6.847939958677724,
    "std": 3.85046986974656,
    "n": 50
  },
  "SGP": {
    "mean": 0.0,
    "std": 0.0,
    "n": 34
  },
  "DSCO": {
    "mean": 4.951768775643087,
    "std": 4.951768775643086,
    "n": 28
  },
  "THB": {
    "mean": 8.251807789171703,
    "std": 5.568498912098601,
    "n": 84
  },
  "MMX": {
    "mean": 6.255844173683396,
    "std": 4.862816903973702,
    "n": 69
  },
  "RST": {
    "mean": 7.504568018465512,
    "std": 6.107700359240118,
    "n": 29
  },
  "XMM": {
    "mean": 10.247047163175289,
    "std": 3.281681488623191,
    "n": 86
  },
  "TEST": {
    "mean": 0.0,
    "std": 0.0,
    "n": 95
  },
  "MEX": {
    "mean": 9.155437514433327,
    "std": 4.828276118324093,
    "n": 37
  },
  "BEPI": {
    "mean": 2.6983295864345913,
    "std": 3.816014296888384,
    "n": 21
  },
  "HYB2": {
    "mean": 0.0,
    "std": 0.0,
    "n": 14
  },
  "HCRA": {
    "mean": 0.0,
    "std": 0.0,
    "n": 32
  }
}