{
  "ACE": {
    "mean": 11.381118299297416,
    "std": 1.7763568394002505e-15,
    "n": 8
  },
  "DSN": {
    "mean": 0.0,
    "std": 0.0,
    "n": 24
  },
  "DSS": {
    "mean": 0.0,
    "std": 0.0,
    "n": 8
  },
  "JWST": {
    "mean": 17.14771510385376,
    "std": 3.552713678800501e-15,
    "n": 8
  },
  "KPLO": {
    "mean": 0.0,
    "std": 0.0,
    "n": 8
  },
  "LUCY": {
    "mean": 11.042937835596492,
    "std": 2.3498992183808822e-15,
    "n": 8
  },
  "M01O": {
    "mean": 9.562475024372699,
    "std": 1.7763568394002505e-15,
    "n": 8
  },
  "MMS2": {
    "mean": 7.019327454639082,
    "std": 7.019327454639082,
    "n": 2
  },
  "ORX": {
    "mean": 0.0,
    "std": 0.0,
    "n": 2
  },
  "SOHO": {
    "mean": 12.412277544454044,
    "std": 2.3498992183808822e-15,
    "n": 8
  },
  "SPP": {
    "mean": 6.390576181243971,
    "std": 0.0,
    "n": 8
  },
  "VGR2": {
    "mean": 3.810975609865082,
    "std": 2.200267803368496,
    "n": 8
  },
  "CAPS": {
    "mean": 4.150978876568023,
    "std": 5.870370624366733,
    "n": 6
  },
  "MRO": {
    "mean": 0.0,
    "std": 0.0,
    "n": 6
  }
}