{
  "ACE": {
    "mean": 8.444745039199448,
    "std": 4.9070581558031545,
    "n": 581
  },
  "DSN": {
    "mean": 0.0,
    "std": 0.0,
    "n": 8900
  },
  "DSS": {
    "mean": 0.0,
    "std": 0.0,
    "n": 1749
  },
  "JWST": {
    "mean": 11.376221809359832,
    "std": 6.040298358859121,
    "n": 1335
  },
  "KPLO": {
    "mean": 8.66713239063796,
    "std": 6.232974173232447,
    "n": 1109
  },
  "LUCY": {
    "mean": 9.089254569003707,
    "std": 3.975457999534912,
    "n": 783
  },
  "M01O": {
    "mean": 7.909087844200716,
    "std": 4.307885981259819,
    "n": 2224
  },
  "MMS2": {
    "mean": 12.03123292369313,
    "std": 5.557859261647604,
    "n": 262
  },
  "ORX": {
    "mean": 4.083453966482834,
    "std": 6.286173847662055,
    "n": 593
  },
  "SOHO": {
    "mean": 10.417076954741113,
    "std": 4.485265690033267,
    "n": 1829
  },
  "SPP": {
    "mean": 9.114772014212035,
    "std": 4.571889500971381,
    "n": 1037
  },
  "VGR2": {
    "mean": 4.149019022605723,
    "std": 1.9005363882428659,
    "n": 900
  },
  "CAPS": {
    "mean": 9.104565706084749,
    "std": 5.554492774919185,
    "n": 299
  },
  "MRO": {
    "mean": 11.224539833027059,
    "std": 5.794899937172213,
    "n": 931
  },
  "STA": {
    "mean": 10.550972575374383,
    "std": 5.274482570049693,
    "n": 661
  },
  "IMAP": {
    "mean": 10.58447157676793,
    "std": 5.547855858937284,
    "n": 362
  },
  "MMS3": {
    "mean": 11.664261470146215,
    "std": 5.851413389780298,
    "n": 259
  },
  "TGO": {
    "mean": 10.340063321335949,
    "std": 5.2022437527822545,
    "n": 313
  },
  "TDR8": {
    "mean": 6.839711603308979,
    "std": 3.15492915596383,
    "n": 114
  },
  "MMS4": {
    "mean": 12.030552539985248,
    "std": 5.583213654798027,
    "n": 243
  },
  "WIND": {
    "mean": 7.871475219959654,
    "std": 4.1970379669555475,
    "n": 496
  },
  "ESCB": {
    "mean": 7.751375885079128,
    "std": 3.397731564018344,
    "n": 330
  },
  "THC": {
    "mean": 8.160746734266631,
    "std": 5.623688506336661,
    "n": 141
  },
  "CHDR": {
    "mean": 8.232664414286374,
    "std": 6.86674598656222,
    "n": 607
  },
  "MMS1": {
    "mean": 10.771799577143788,
    "std": 6.339046440780587,
    "n": 292
  },
  "ESCG": {
    "mean": 7.659952327522551,
    "std": 3.6429004617158554,
    "n": 341
  },
  "VGR1": {
    "mean": 4.417251042883709,
    "std": 1.702230083208939,
    "n": 971
  },
  "DSSR": {
    "mean": 0.0,
    "std": 0.0,
    "n": 184
  },
  "LRO": {
    "mean": 10.872859764201625,
    "std": 6.466094876570772,
    "n": 613
  },
  "SWFO": {
    "mean": 0.2637839822565881,
    "std": 1.4550888302296845,
    "n": 220
  },
  "GBRA": {
    "mean": 0.0,
    "std": 0.0,
    "n": 518
  },
  "EMM": {
    "mean": 10.210121533965474,
    "std": 4.733528122869451,
    "n": 147
  },
  "TESS": {
    "mean": 9.965405593021938,
    "std": 6.574692447136841,
    "n": 186
  },
  "EURC": {
    "mean": 7.074369393519517,
    "std": 5.019332454515391,
    "n": 310
  },
  "NHPC": {
    "mean": 2.0044601264869115,
    "std": 1.9655348652260427,
    "n": 102
  },
  "PSYC": {
    "mean": 9.537529994357648,
    "std": 5.531002643262781,
    "n": 612
  },
  "JNO": {
    "mean": 9.009378268772863,
    "std": 4.35662735334198,
    "n": 1285
  },
  "MSL": {
    "mean": 0.3063380323785842,
    "std": 1.2257806259927162,
    "n": 170
  },
  "M20": {
    "mean": 0.4500999767455503,
    "std": 1.4584906188236586,
    "n": 161
  },
  "CGO": {
    "mean": 10.386611947069436,
    "std": 5.5407632509664095,
    "n": 224
  },
  "BIOS": {
    "mean": 6.976562835742111,
    "std": 3.7645650646294055,
    "n": 71
  },
  "SGP": {
    "mean": 0.0,
    "std": 0.0,
    "n": 34
  },
  "DSCO": {
    "mean": 4.951768775643087,
    "std": 4.951768775643087,
    "n": 44
  },
  "THB": {
    "mean": 8.037090229050206,
    "std": 5.645209151579077,
    "n": 116
  },
  "MMX": {
    "mean": 6.447047574555721,
    "std": 4.86009682234796,
    "n": 75
  },
  "RST": {
    "mean": 6.771292771997224,
    "std": 5.938614102744261,
    "n": 42
  },
  "XMM": {
    "mean": 10.478006574044688,
    "std": 2.9312374535648464,
    "n": 124
  },
  "TEST": {
    "mean": 0.0,
    "std": 0.0,
    "n": 159
  },
  "MEX": {
    "mean": 9.665860102911063,
    "std": 4.455399724792833,
    "n": 46
  },
  "BEPI": {
    "mean": 2.420109767318459,
    "std": 3.567173330124926,
    "n": 28
  },
  "HYB2": {
    "mean": 2.434470756652237,
    "std": 2.127391767589184,
    "n": 138
  },
  "HCRA": {
    "mean": 0.0,
    "std": 0.0,
    "n": 43
  },
  "EGS": {
    "mean": 0.0,
    "std": 0.0,
    "n": 16
  }
}