{
  "ACE": {
    "mean": 8.430151772590506,
    "std": 4.933539237284098,
    "n": 298
  },
  "DSN": {
    "mean": 0.0,
    "std": 0.0,
    "n": 5094
  },
  "DSS": {
    "mean": 0.0,
    "std": 0.0,
    "n": 1228
  },
  "JWST": {
    "mean": 10.926058474870095,
    "std": 5.997680756553536,
    "n": 616
  },
  "KPLO": {
    "mean": 8.352713027476366,
    "std": 6.536723663676946,
    "n": 500
  },
  "LUCY": {
    "mean": 8.933238000808508,
    "std": 4.279630983550779,
    "n": 536
  },
  "M01O": {
    "mean": 7.887738171925736,
    "std": 4.300104425173024,
    "n": 1013
  },
  "MMS2": {
    "mean": 11.96506978072773,
    "std": 5.605807308409921,
    "n": 128
  },
  "ORX": {
    "mean": 3.817821393845475,
    "std": 6.15231812613901,
    "n": 205
  },
  "SOHO": {
    "mean": 10.369238645062653,
    "std": 4.60202210159071,
    "n": 790
  },
  "SPP": {
    "mean": 7.838223587242894,
    "std": 4.231622319832347,
    "n": 431
  },
  "VGR2": {
    "mean": 4.382643122730427,
    "std": 1.6715323595861646,
    "n": 430
  },
  "CAPS": {
    "mean": 8.548626884666698,
    "std": 5.817494194982348,
    "n": 136
  },
  "MRO": {
    "mean": 11.25227880212559,
    "std": 5.83730736950415,
    "n": 507
  },
  "STA": {
    "mean": 10.435734208783797,
    "std": 5.372451229226988,
    "n": 325
  },
  "IMAP": {
    "mean": 10.413082236959132,
    "std": 5.658995403280509,
    "n": 193
  },
  "MMS3": {
    "mean": 11.548878988961377,
    "std": 5.895021883558386,
    "n": 126
  },
  "TGO": {
    "mean": 9.933344264467191,
    "std": 5.43139372927346,
    "n": 135
  },
  "TDR8": {
    "mean": 6.839711603308979,
    "std": 3.15492915596383,
    "n": 114
  },
  "MMS4": {
    "mean": 12.029734493596774,
    "std": 5.573885404683719,
    "n": 102
  },
  "WIND": {
    "mean": 7.963144192950917,
    "std": 4.203248135287915,
    "n": 252
  },
  "ESCB": {
    "mean": 8.186738073100116,
    "std": 3.2098915480235064,
    "n": 150
  },
  "THC": {
    "mean": 8.526102456830086,
    "std": 5.451919427225525,
    "n": 80
  },
  "CHDR": {
    "mean": 8.01320035674244,
    "std": 6.912391582905505,
    "n": 293
  },
  "MMS1": {
    "mean": 10.502571270384099,
    "std": 6.449511719443809,
    "n": 128
  },
  "ESCG": {
    "mean": 7.676493109487546,
    "std": 3.5278341389470596,
    "n": 181
  },
  "VGR1": {
    "mean": 4.507619821584791,
    "std": 1.608107542974858,
    "n": 372
  },
  "DSSR": {
    "mean": 0.0,
    "std": 0.0,
    "n": 85
  },
  "LRO": {
    "mean": 10.080785213952545,
    "std": 6.732665368309045,
    "n": 249
  },
  "SWFO": {
    "mean": 0.0,
    "std": 0.0,
    "n": 97
  },
  "GBRA": {
    "mean": 0.0,
    "std": 0.0,
    "n": 320
  },
  "EMM": {
    "mean": 11.325697287323143,
    "std": 3.5141971093333795,
    "n": 57
  },
  "TESS": {
    "mean": 8.14508301047143,
    "std": 5.393069797129331,
    "n": 79
  },
  "EURC": {
    "mean": 6.391661970651196,
    "std": 5.4387999529639615,
    "n": 140
  },
  "NHPC": {
    "mean": 0.0,
    "std": 0.0,
    "n": 23
  },
  "PSYC": {
    "mean": 10.423307421243779,
    "std": 4.933166775560093,
    "n": 317
  },
  "JNO": {
    "mean": 8.810488939122786,
    "std": 4.603984618228844,
    "n": 727
  },
  "MSL": {
    "mean": 0.20597802060644432,
    "std": 1.0239634812655733,
    "n": 77
  },
  "M20": {
    "mean": 0.2836246428807577,
    "std": 1.1779816133324597,
    "n": 73
  },
  "CGO": {
    "mean": 10.05366447517838,
    "std": 5.671882953900563,
    "n": 130
  },
  "BIOS": {
    "mean": 7.354588970934565,
    "std": 3.4980928384520924,
    "n": 38
  },
  "SGP": {
    "mean": 0.0,
    "std": 0.0,
    "n": 34
  },
  "DSCO": {
    "mean": 4.456591898078777,
    "std": 4.926947723221698,
    "n": 20
  },
  "THB": {
    "mean": 8.752697345206279,
    "std": 5.423163308485524,
    "n": 51
  },
  "MMX": {
    "mean": 6.016493598113673,
    "std": 4.865458928163983,
    "n": 55
  },
  "RST": {
    "mean": 8.091586331914513,
    "std": 5.869664019498173,
    "n": 19
  },
  "XMM": {
    "mean": 10.08752262698692,
    "std": 3.4944203426957317,
    "n": 56
  },
  "TEST": {
    "mean": 0.0,
    "std": 0.0,
    "n": 45
  },
  "MEX": {
    "mean": 9.596479852114397,
    "std": 4.599740883340531,
    "n": 27
  },
  "BEPI": {
    "mean": 6.2961023683473805,
    "std": 3.365408276344554,
    "n": 9
  },
  "HYB2": {
    "mean": 0.0,
    "std": 0.0,
    "n": 8
  },
  "HCRA": {
    "mean": 0.0,
    "std": 0.0,
    "n": 14
  }
}