{
  "ACE": {
    "mean": 8.365339797996093,
    "std": 4.954281459882724,
    "n": 47
  },
  "DSN": {
    "mean": 0.0,
    "std": 0.0,
    "n": 786
  },
  "DSS": {
    "mean": 0.0,
    "std": 0.0,
    "n": 317
  },
  "JWST": {
    "mean": 11.96353473891713,
    "std": 6.257120681819206,
    "n": 85
  },
  "KPLO": {
    "mean": 5.839161039403204,
    "std": 6.001376359723752,
    "n": 57
  },
  "LUCY": {
    "mean": 9.773634636102642,
    "std": 3.5221734361454984,
    "n": 87
  },
  "M01O": {
    "mean": 7.914019997167915,
    "std": 3.9582220354152278,
    "n": 137
  },
  "MMS2": {
    "mean": 10.242946504830826,
    "std": 6.708652523613693,
    "n": 10
  },
  "ORX": {
    "mean": 3.4532979652402034,
    "std": 5.982186077945595,
    "n": 28
  },
  "SOHO": {
    "mean": 10.184432856987934,
    "std": 4.7633323036815165,
    "n": 117
  },
  "SPP": {
    "mean": 8.960424022264405,
    "std": 3.93995413862984,
    "n": 76
  },
  "VGR2": {
    "mean": 4.399744982962319,
    "std": 1.73178778989651,
    "n": 82
  },
  "CAPS": {
    "mean": 7.299997334654112,
    "std": 6.133224528704222,
    "n": 29
  },
  "MRO": {
    "mean": 11.191017672599843,
    "std": 5.696987106289858,
    "n": 83
  },
  "STA": {
    "mean": 8.086343967252294,
    "std": 6.471471272626652,
    "n": 41
  },
  "IMAP": {
    "mean": 10.670922279215317,
    "std": 5.4740676276290445,
    "n": 48
  },
  "MMS3": {
    "mean": 9.636361985076181,
    "std": 6.8195753934695125,
    "n": 15
  },
  "TGO": {
    "mean": 11.762588737510644,
    "std": 4.191119134153914,
    "n": 18
  },
  "TDR8": {
    "mean": 6.839711603308979,
    "std": 3.15492915596383,
    "n": 114
  },
  "MMS4": {
    "mean": 10.933326803952065,
    "std": 6.317290495803746,
    "n": 12
  },
  "WIND": {
    "mean": 7.82813506592892,
    "std": 4.000074193420629,
    "n": 41
  },
  "ESCB": {
    "mean": 7.114963101839682,
    "std": 3.649899059186077,
    "n": 24
  },
  "THC": {
    "mean": 9.080361151252493,
    "std": 6.006514288439821,
    "n": 10
  },
  "CHDR": {
    "mean": 7.7300903956252505,
    "std": 6.95503605795706,
    "n": 38
  },
  "MMS1": {
    "mean": 9.636361985076183,
    "std": 6.819575393469512,
    "n": 15
  },
  "ESCG": {
    "mean": 8.014579826210472,
    "std": 2.7621924481972626,
    "n": 63
  },
  "VGR1": {
    "mean": 4.690527106139503,
    "std": 1.3540385436854394,
    "n": 39
  },
  "DSSR": {
    "mean": 0.0,
    "std": 0.0,
    "n": 30
  },
  "LRO": {
    "mean": 10.668397318586155,
    "std": 7.406961212327078,
    "n": 13
  },
  "SWFO": {
    "mean": 0.0,
    "std": 0.0,
    "n": 15
  },
  "GBRA": {
    "mean": 0.0,
    "std": 0.0,
    "n": 24
  },
  "EMM": {
    "mean": 11.269348936844743,
    "std": 3.563681038762641,
    "n": 11
  },
  "TESS": {
    "mean": 4.840203249634437,
    "std": 4.840203249634437,
    "n": 4
  },
  "EURC": {
    "mean": 7.433005331182482,
    "std": 5.592876488757636,
    "n": 22
  },
  "NHPC": {
    "mean": 0.0,
    "std": 0.0,
    "n": 5
  },
  "PSYC": {
    "mean": 10.396202589648338,
    "std": 4.940618140488928,
    "n": 38
  },
  "JNO": {
    "mean": 10.04095295470704,
    "std": 3.6523635466813618,
    "n": 89
  },
  "MSL": {
    "mean": 0.0,
    "std": 0.0,
    "n": 5
  },
  "M20": {
    "mean": 0.0,
    "std": 0.0,
    "n": 22
  },
  "CGO": {
    "mean": 7.589829951122854,
    "std": 6.207553342968365,
    "n": 16
  },
  "BIOS": {
    "mean": 6.481374500800612,
    "std": 3.97086966242705,
    "n": 11
  },
  "SGP": {
    "mean": 0.0,
    "std": 0.0,
    "n": 34
  },
  "DSCO": {
    "mean": 3.961415020514468,
    "std": 4.851722729828701,
    "n": 5
  },
  "THB": {
    "mean": 6.931197549030571,
    "std": 6.931197549030571,
    "n": 2
  },
  "MMX": {
    "mean": 0.0,
    "std": 0.0,
    "n": 13
  }
}