{
  "ACE": {
    "mean": 11.38114364947859,
    "std": 7.170114004970143e-05,
    "n": 9
  },
  "DSN": {
    "mean": 0.0,
    "std": 0.0,
    "n": 72
  },
  "DSS": {
    "mean": 0.0,
    "std": 0.0,
    "n": 24
  },
  "JWST": {
    "mean": 15.92213465708374,
    "std": 4.4160064184891885,
    "n": 14
  },
  "KPLO": {
    "mean": 1.4505069853734178,
    "std": 4.586905835764542,
    "n": 11
  },
  "LUCY": {
    "mean": 11.042937835596492,
    "std": 2.3498992183808822e-15,
    "n": 8
  },
  "M01O": {
    "mean": 8.128103770716795,
    "std": 3.414486549314309,
    "n": 20
  },
  "MMS2": {
    "mean": 7.019327454639082,
    "std": 7.019327454639082,
    "n": 2
  },
  "ORX": {
    "mean": 0.0,
    "std": 0.0,
    "n": 2
  },
  "SOHO": {
    "mean": 10.452444247961301,
    "std": 4.52604112518751,
    "n": 19
  },
  "SPP": {
    "mean": 6.390576181243971,
    "std": 0.0,
    "n": 14
  },
  "VGR2": {
    "mean": 4.2790446594087,
    "std": 1.8528806946279748,
    "n": 19
  },
  "CAPS": {
    "mean": 7.26421303399404,
    "std": 6.13938055293441,
    "n": 12
  },
  "MRO": {
    "mean": 7.942725556501272,
    "std": 6.804601300605772,
    "n": 26
  },
  "STA": {
    "mean": 0.0,
    "std": 0.0,
    "n": 9
  },
  "IMAP": {
    "mean": 12.516269741034506,
    "std": 3.4713886406798706,
    "n": 14
  },
  "MMS3": {
    "mean": 8.022088519587522,
    "std": 6.947332449370293,
    "n": 7
  },
  "TGO": {
    "mean": 13.109820359457137,
    "std": 0.5569977786728474,
    "n": 6
  },
  "TDR8": {
    "mean": 7.257512157750082,
    "std": 2.743081758062069,
    "n": 8
  },
  "MMS4": {
    "mean": 14.731801689838349,
    "std": 0.0,
    "n": 4
  },
  "WIND": {
    "mean": 5.842806338094669,
    "std": 4.1314879828264806,
    "n": 6
  },
  "ESCB": {
    "mean": 3.5949287251400497,
    "std": 4.40287051913358,
    "n": 5
  },
  "THC": {
    "mean": 10.3972731948487,
    "std": 6.00286849051162,
    "n": 4
  },
  "CHDR": {
    "mean": 0.0,
    "std": 0.0,
    "n": 2
  },
  "MMS1": {
    "mean": 7.3659008449191745,
    "std": 7.3659008449191745,
    "n": 2
  }
}