{
  "ACE": {
    "mean": 8.251319322839441,
    "std": 5.081837083949563,
    "n": 40
  },
  "DSN": {
    "mean": 0.0,
    "std": 0.0,
    "n": 595
  },
  "DSS": {
    "mean": 0.0,
    "std": 0.0,
    "n": 223
  },
  "JWST": {
    "mean": 12.52334890724755,
    "std": 5.828531882300867,
    "n": 58
  },
  "KPLO": {
    "mean": 5.5875578182090155,
    "std": 5.671393669667294,
    "n": 51
  },
  "LUCY": {
    "mean": 9.775715461019841,
    "std": 3.519659835793683,
    "n": 61
  },
  "M01O": {
    "mean": 8.139357119336804,
    "std": 3.789786781468159,
    "n": 80
  },
  "MMS2": {
    "mean": 10.423694524090223,
    "std": 6.596686430710676,
    "n": 7
  },
  "ORX": {
    "mean": 4.834617151336285,
    "std": 6.5896146284181585,
    "n": 20
  },
  "SOHO": {
    "mean": 10.191133141762261,
    "std": 4.757728274598278,
    "n": 95
  },
  "SPP": {
    "mean": 8.250191525710944,
    "std": 3.858956796152714,
    "n": 55
  },
  "VGR2": {
    "mean": 4.483582949824723,
    "std": 1.637173015081219,
    "n": 68
  },
  "CAPS": {
    "mean": 7.471761977822443,
    "std": 6.100668108397807,
    "n": 25
  },
  "MRO": {
    "mean": 10.722060000181735,
    "std": 5.9709031011627225,
    "n": 72
  },
  "STA": {
    "mean": 7.316701855405075,
    "std": 6.597553851994841,
    "n": 29
  },
  "IMAP": {
    "mean": 11.70549923149381,
    "std": 4.556359396300726,
    "n": 38
  },
  "MMS3": {
    "mean": 8.36250205888564,
    "std": 7.072458209579446,
    "n": 12
  },
  "TGO": {
    "mean": 11.624224159896103,
    "std": 4.425831602114742,
    "n": 16
  },
  "TDR8": {
    "mean": 6.574749689947804,
    "std": 3.362381640474433,
    "n": 82
  },
  "MMS4": {
    "mean": 11.458067980985383,
    "std": 6.1245949570302765,
    "n": 9
  },
  "WIND": {
    "mean": 7.228500469754691,
    "std": 3.921107329369148,
    "n": 32
  },
  "ESCB": {
    "mean": 7.114963101839682,
    "std": 3.649899059186077,
    "n": 24
  },
  "THC": {
    "mean": 9.617532833982262,
    "std": 5.625208682398356,
    "n": 8
  },
  "CHDR": {
    "mean": 6.993891310327608,
    "std": 6.993891310327604,
    "n": 28
  },
  "MMS1": {
    "mean": 9.8212011265589,
    "std": 6.944637915986757,
    "n": 9
  },
  "ESCG": {
    "mean": 7.87415746892547,
    "std": 2.986980337697231,
    "n": 33
  },
  "VGR1": {
    "mean": 4.730962684640709,
    "std": 1.2876049521685968,
    "n": 29
  },
  "DSSR": {
    "mean": 0.0,
    "std": 0.0,
    "n": 30
  },
  "LRO": {
    "mean": 9.687129112381474,
    "std": 7.180155792731799,
    "n": 9
  },
  "SWFO": {
    "mean": 0.0,
    "std": 0.0,
    "n": 11
  },
  "GBRA": {
    "mean": 0.0,
    "std": 0.0,
    "n": 16
  },
  "EMM": {
    "mean": 11.269348936844743,
    "std": 3.563681038762641,
    "n": 11
  },
  "TESS": {
    "mean": 4.840203249634437,
    "std": 4.840203249634437,
    "n": 4
  },
  "EURC": {
    "mean": 6.173484142518602,
    "std": 5.734930793741121,
    "n": 5
  },
  "NHPC": {
    "mean": 0.0,
    "std": 0.0,
    "n": 5
  },
  "PSYC": {
    "mean": 10.42168066407232,
    "std": 4.968341315128559,
    "n": 27
  },
  "JNO": {
    "mean": 9.589758619372562,
    "std": 3.904873037904145,
    "n": 51
  },
  "MSL": {
    "mean": 0.0,
    "std": 0.0,
    "n": 5
  },
  "M20": {
    "mean": 0.0,
    "std": 0.0,
    "n": 15
  },
  "CGO": {
    "mean": 7.817188008503176,
    "std": 5.938503848783916,
    "n": 12
  },
  "BIOS": {
    "mean": 5.992630194130727,
    "std": 4.237429447413094,
    "n": 9
  },
  "SGP": {
    "mean": 0.0,
    "std": 0.0,
    "n": 34
  },
  "DSCO": {
    "mean": 3.961415020514468,
    "std": 4.851722729828701,
    "n": 5
  },
  "THB": {
    "mean": 6.931197549030571,
    "std": 6.931197549030571,
    "n": 2
  },
  "MMX": {
    "mean": 0.0,
    "std": 0.0,
    "n": 5
  }
}