{
  "ACE": {
    "mean": 8.484903590155238,
    "std": 4.891896347496889,
    "n": 648
  },
  "DSN": {
    "mean": 0.0,
    "std": 0.0,
    "n": 10126
  },
  "DSS": {
    "mean": 0.0,
    "std": 0.0,
    "n": 1960
  },
  "JWST": {
    "mean": 11.378160724101972,
    "std": 5.96976289551784,
    "n": 1506
  },
  "KPLO": {
    "mean": 8.642827256294257,
    "std": 6.157638361117666,
    "n": 1225
  },
  "LUCY": {
    "mean": 9.039908785578373,
    "std": 3.966652417885262,
    "n": 830
  },
  "M01O": {
    "mean": 7.934490818635493,
    "std": 4.278133948947977,
    "n": 2427
  },
  "MMS2": {
    "mean": 11.843400265634518,
    "std": 5.706563616953542,
    "n": 303
  },
  "ORX": {
    "mean": 4.276174840914783,
    "std": 6.368419000209919,
    "n": 666
  },
  "SOHO": {
    "mean": 10.418307040235034,
    "std": 4.4920511719894645,
    "n": 2048
  },
  "SPP": {
    "mean": 9.011941658868105,
    "std": 4.623998408612996,
    "n": 1174
  },
  "VGR2": {
    "mean": 4.179202691684916,
    "std": 1.871351050746934,
    "n": 973
  },
  "CAPS": {
    "mean": 9.041464724668586,
    "std": 5.585074295375424,
    "n": 319
  },
  "MRO": {
    "mean": 11.226598330055161,
    "std": 5.791332430487844,
    "n": 1066
  },
  "STA": {
    "mean": 10.562183273016071,
    "std": 5.263203707795742,
    "n": 755
  },
  "IMAP": {
    "mean": 10.605135088740886,
    "std": 5.533543021819903,
    "n": 416
  },
  "MMS3": {
    "mean": 11.751489496994289,
    "std": 5.792650486317969,
    "n": 292
  },
  "TGO": {
    "mean": 10.383194661222143,
    "std": 5.16496987623233,
    "n": 349
  },
  "TDR8": {
    "mean": 7.014025107082547,
    "std": 2.9972898409743474,
    "n": 136
  },
  "MMS4": {
    "mean": 11.869645783955955,
    "std": 5.719496742665355,
    "n": 271
  },
  "WIND": {
    "mean": 7.813128322336141,
    "std": 4.193917320216359,
    "n": 552
  },
  "ESCB": {
    "mean": 7.792541502939834,
    "std": 3.397349696146697,
    "n": 379
  },
  "THC": {
    "mean": 8.160027626276502,
    "std": 5.586774636142297,
    "n": 158
  },
  "CHDR": {
    "mean": 8.149065236228962,
    "std": 6.881110108828628,
    "n": 680
  },
  "MMS1": {
    "mean": 10.769611551464125,
    "std": 6.33920138292136,
    "n": 327
  },
  "ESCG": {
    "mean": 7.622566835900113,
    "std": 3.6549578881159683,
    "n": 358
  },
  "VGR1": {
    "mean": 4.328498626375365,
    "std": 1.7938223519132894,
    "n": 1110
  },
  "DSSR": {
    "mean": 0.0,
    "std": 0.0,
    "n": 204
  },
  "LRO": {
    "mean": 10.799119885465322,
    "std": 6.464986948559653,
    "n": 669
  },
  "SWFO": {
    "mean": 0.24590032244258211,
    "std": 1.4064623909811713,
    "n": 236
  },
  "GBRA": {
    "mean": 0.0,
    "std": 0.0,
    "n": 541
  },
  "EMM": {
    "mean": 10.100791155394392,
    "std": 4.823005453242149,
    "n": 167
  },
  "TESS": {
    "mean": 9.703372796364341,
    "std": 6.512023992797841,
    "n": 201
  },
  "EURC": {
    "mean": 7.001862681859222,
    "std": 4.781534155081339,
    "n": 385
  },
  "NHPC": {
    "mean": 2.831031893887353,
    "std": 2.880724318682616,
    "n": 248
  },
  "PSYC": {
    "mean": 9.5848720408563,
    "std": 5.505372205743956,
    "n": 637
  },
  "JNO": {
    "mean": 8.98179841876995,
    "std": 4.276300747577927,
    "n": 1461
  },
  "MSL": {
    "mean": 0.27554214552571066,
    "std": 1.1661796172817924,
    "n": 189
  },
  "M20": {
    "mean": 0.5095691446575273,
    "std": 1.5420588440976977,
    "n": 193
  },
  "CGO": {
    "mean": 10.317405840078965,
    "std": 5.576596008098267,
    "n": 248
  },
  "BIOS": {
    "mean": 7.111815900254474,
    "std": 3.6669300959237847,
    "n": 81
  },
  "SGP": {
    "mean": 0.0,
    "std": 0.0,
    "n": 111
  },
  "DSCO": {
    "mean": 4.841729469517685,
    "std": 4.950545965703306,
    "n": 45
  },
  "THB": {
    "mean": 8.127425734448254,
    "std": 5.624767373043861,
    "n": 131
  },
  "MMX": {
    "mean": 6.447047574555721,
    "std": 4.86009682234796,
    "n": 75
  },
  "RST": {
    "mean": 6.771292771997224,
    "std": 5.938614102744261,
    "n": 42
  },
  "XMM": {
    "mean": 10.49102250883873,
    "std": 2.909686122370264,
    "n": 126
  },
  "TEST": {
    "mean": 0.0,
    "std": 0.0,
    "n": 194
  },
  "MEX": {
    "mean": 9.495547254342087,
    "std": 4.561461788079343,
    "n": 59
  },
  "BEPI": {
    "mean": 2.420109767318459,
    "std": 3.567173330124926,
    "n": 28
  },
  "HYB2": {
    "mean": 4.1767749285408255,
    "std": 3.2512601559797702,
    "n": 463
  },
  "HCRA": {
    "mean": 0.0,
    "std": 0.0,
    "n": 48
  },
  "EGS": {
    "mean": 0.0,
    "std": 0.0,
    "n": 16
  }
}