{
  "ACE": {
    "mean": 8.574665368643913,
    "std": 4.885046908403393,
    "n": 160
  },
  "DSN": {
    "mean": 0.0,
    "std": 0.0,
    "n": 2793
  },
  "DSS": {
    "mean": 0.0,
    "std": 0.0,
    "n": 896
  },
  "JWST": {
    "mean": 11.014506176059106,
    "std": 5.866928412367565,
    "n": 308
  },
  "KPLO": {
    "mean": 8.048974445376686,
    "std": 6.743315539358411,
    "n": 279
  },
  "LUCY": {
    "mean": 9.682116342809847,
    "std": 3.635782562091349,
    "n": 259
  },
  "M01O": {
    "mean": 8.422788679081554,
    "std": 3.8645178352047336,
    "n": 518
  },
  "MMS2": {
    "mean": 11.9476578494498,
    "std": 5.63750558687457,
    "n": 66
  },
  "ORX": {
    "mean": 3.099010985085579,
    "std": 5.7389508750135585,
    "n": 93
  },
  "SOHO": {
    "mean": 10.118704779673301,
    "std": 4.8161359433166355,
    "n": 379
  },
  "SPP": {
    "mean": 9.194652769879118,
    "std": 4.192339259189942,
    "n": 304
  },
  "VGR2": {
    "mean": 4.236260027327235,
    "std": 1.78966888957291,
    "n": 219
  },
  "CAPS": {
    "mean": 8.39003022825334,
    "std": 5.881751757833951,
    "n": 82
  },
  "MRO": {
    "mean": 11.899716617274985,
    "std": 5.46885833592331,
    "n": 300
  },
  "STA": {
    "mean": 9.981508276380884,
    "std": 5.652445363569911,
    "n": 169
  },
  "IMAP": {
    "mean": 10.615757911237935,
    "std": 5.52262153073786,
    "n": 108
  },
  "MMS3": {
    "mean": 11.788370006838578,
    "std": 5.593966822411114,
    "n": 60
  },
  "TGO": {
    "mean": 10.709648096243356,
    "std": 4.930263553600287,
    "n": 46
  },
  "TDR8": {
    "mean": 6.839711603308979,
    "std": 3.15492915596383,
    "n": 114
  },
  "MMS4": {
    "mean": 11.824753899010817,
    "std": 5.686962959026252,
    "n": 48
  },
  "WIND": {
    "mean": 8.158449271796187,
    "std": 4.093118320967007,
    "n": 132
  },
  "ESCB": {
    "mean": 7.489434844041761,
    "std": 3.349377084866587,
    "n": 60
  },
  "THC": {
    "mean": 8.60915588819759,
    "std": 5.401535665462636,
    "n": 50
  },
  "CHDR": {
    "mean": 7.8832026142148965,
    "std": 6.927624500414902,
    "n": 140
  },
  "MMS1": {
    "mean": 10.902272005151843,
    "std": 6.236775286865013,
    "n": 65
  },
  "ESCG": {
    "mean": 8.186929874444884,
    "std": 3.1500045941231565,
    "n": 128
  },
  "VGR1": {
    "mean": 4.575924349619505,
    "std": 1.5208676176954086,
    "n": 191
  },
  "DSSR": {
    "mean": 0.0,
    "std": 0.0,
    "n": 57
  },
  "LRO": {
    "mean": 9.434513998982188,
    "std": 6.993124697716311,
    "n": 72
  },
  "SWFO": {
    "mean": 0.0,
    "std": 0.0,
    "n": 49
  },
  "GBRA": {
    "mean": 0.0,
    "std": 0.0,
    "n": 180
  },
  "EMM": {
    "mean": 11.23413222141711,
    "std": 3.6132761917819316,
    "n": 32
  },
  "TESS": {
    "mean": 7.806572495383343,
    "std": 5.298482933837209,
    "n": 34
  },
  "EURC": {
    "mean": 5.166783501664324,
    "std": 5.612777683650139,
    "n": 75
  },
  "NHPC": {
    "mean": 0.0,
    "std": 0.0,
    "n": 10
  },
  "PSYC": {
    "mean": 9.485625144679679,
    "std": 5.55924257852633,
    "n": 133
  },
  "JNO": {
    "mean": 9.99515060248297,
    "std": 3.690044380954362,
    "n": 232
  },
  "MSL": {
    "mean": 0.0,
    "std": 0.0,
    "n": 39
  },
  "M20": {
    "mean": 0.12624755445302027,
    "std": 0.7984596421953536,
    "n": 41
  },
  "CGO": {
    "mean": 9.471542453181552,
    "std": 5.809184630718614,
    "n": 56
  },
  "BIOS": {
    "mean": 7.090563237998491,
    "std": 3.6384672677955816,
    "n": 24
  },
  "SGP": {
    "mean": 0.0,
    "std": 0.0,
    "n": 34
  },
  "DSCO": {
    "mean": 4.951768775643085,
    "std": 4.951768775643084,
    "n": 10
  },
  "THB": {
    "mean": 8.611753144078193,
    "std": 5.287150690282514,
    "n": 33
  },
  "MMX": {
    "mean": 4.877063057512354,
    "std": 4.978158695392336,
    "n": 42
  },
  "RST": {
    "mean": 4.273278775786431,
    "std": 5.542383218646343,
    "n": 5
  },
  "XMM": {
    "mean": 11.298020796733232,
    "std": 3.426293600148954e-05,
    "n": 12
  },
  "TEST": {
    "mean": 0.0,
    "std": 0.0,
    "n": 17
  },
  "MEX": {
    "mean": 12.476532887085018,
    "std": 0.0001261558864521717,
    "n": 8
  }
}