{
  "ACE": {
    "mean": 8.544825752756712,
    "std": 4.866400033176477,
    "n": 58
  },
  "DSN": {
    "mean": 0.0,
    "std": 0.0,
    "n": 940
  },
  "DSS": {
    "mean": 0.0,
    "std": 0.0,
    "n": 377
  },
  "JWST": {
    "mean": 11.470069962924681,
    "std": 6.101151551787289,
    "n": 107
  },
  "KPLO": {
    "mean": 6.067795050610598,
    "std": 6.377431591976907,
    "n": 68
  },
  "LUCY": {
    "mean": 9.732487804460098,
    "std": 3.573746461829809,
    "n": 101
  },
  "M01O": {
    "mean": 8.127042774011871,
    "std": 3.9859054039868016,
    "n": 158
  },
  "MMS2": {
    "mean": 10.44597140967259,
    "std": 6.484727532281965,
    "n": 18
  },
  "ORX": {
    "mean": 3.4532979652402034,
    "std": 5.982186077945595,
    "n": 28
  },
  "SOHO": {
    "mean": 10.101025863762615,
    "std": 4.831771207779715,
    "n": 145
  },
  "SPP": {
    "mean": 9.28728219340803,
    "std": 3.9391960770064984,
    "n": 95
  },
  "VGR2": {
    "mean": 4.380513862791356,
    "std": 1.752205546365809,
    "n": 87
  },
  "CAPS": {
    "mean": 7.299997334654112,
    "std": 6.133224528704222,
    "n": 29
  },
  "MRO": {
    "mean": 11.770009086428999,
    "std": 5.421795283070544,
    "n": 115
  },
  "STA": {
    "mean": 8.536458515061486,
    "std": 6.3078494410736,
    "n": 51
  },
  "IMAP": {
    "mean": 10.728231206601006,
    "std": 5.4324510410501725,
    "n": 49
  },
  "MMS3": {
    "mean": 10.324673555438764,
    "std": 6.536200493352779,
    "n": 21
  },
  "TGO": {
    "mean": 11.143505119746925,
    "std": 4.851777214035277,
    "n": 19
  },
  "TDR8": {
    "mean": 6.839711603308979,
    "std": 3.15492915596383,
    "n": 114
  },
  "MMS4": {
    "mean": 10.962207919808737,
    "std": 6.332986232699395,
    "n": 16
  },
  "WIND": {
    "mean": 7.909814725332454,
    "std": 3.9204752792905144,
    "n": 54
  },
  "ESCB": {
    "mean": 7.302198972940727,
    "std": 3.5078629207632055,
    "n": 32
  },
  "THC": {
    "mean": 9.080361151252493,
    "std": 6.006514288439821,
    "n": 10
  },
  "CHDR": {
    "mean": 7.770990344808451,
    "std": 6.950585065394487,
    "n": 45
  },
  "MMS1": {
    "mean": 9.15837016609576,
    "std": 6.999639227513489,
    "n": 19
  },
  "ESCG": {
    "mean": 7.984063726976733,
    "std": 2.806665074651096,
    "n": 79
  },
  "VGR1": {
    "mean": 4.5465196949860935,
    "std": 1.5594433900253333,
    "n": 57
  },
  "DSSR": {
    "mean": 0.0,
    "std": 0.0,
    "n": 42
  },
  "LRO": {
    "mean": 10.668397318586155,
    "std": 7.406961212327078,
    "n": 13
  },
  "SWFO": {
    "mean": 0.0,
    "std": 0.0,
    "n": 15
  },
  "GBRA": {
    "mean": 0.0,
    "std": 0.0,
    "n": 50
  },
  "EMM": {
    "mean": 10.779377243938455,
    "std": 4.174834854826083,
    "n": 23
  },
  "TESS": {
    "mean": 5.377097202287007,
    "std": 4.809422561350061,
    "n": 9
  },
  "EURC": {
    "mean": 5.110191165187956,
    "std": 5.777128030401957,
    "n": 32
  },
  "NHPC": {
    "mean": 0.0,
    "std": 0.0,
    "n": 5
  },
  "PSYC": {
    "mean": 10.937318822853248,
    "std": 4.4655170019765995,
    "n": 56
  },
  "JNO": {
    "mean": 10.04095295470704,
    "std": 3.6523635466813618,
    "n": 89
  },
  "MSL": {
    "mean": 0.0,
    "std": 0.0,
    "n": 13
  },
  "M20": {
    "mean": 0.0,
    "std": 0.0,
    "n": 22
  },
  "CGO": {
    "mean": 8.043201089507736,
    "std": 6.194512694083141,
    "n": 23
  },
  "BIOS": {
    "mean": 6.481374500800612,
    "std": 3.97086966242705,
    "n": 11
  },
  "SGP": {
    "mean": 0.0,
    "std": 0.0,
    "n": 34
  },
  "DSCO": {
    "mean": 3.961415020514468,
    "std": 4.851722729828701,
    "n": 5
  },
  "THB": {
    "mean": 6.238306948839445,
    "std": 6.276668779836302,
    "n": 6
  },
  "MMX": {
    "mean": 3.3072282479818473,
    "std": 4.599784529213051,
    "n": 26
  }
}