{
  "ACE": {
    "mean": 8.528302934658164,
    "std": 4.89216588355542,
    "n": 404
  },
  "DSN": {
    "mean": 0.0,
    "std": 0.0,
    "n": 6663
  },
  "DSS": {
    "mean": 0.0,
    "std": 0.0,
    "n": 1462
  },
  "JWST": {
    "mean": 11.08771282181758,
    "std": 6.038128019563158,
    "n": 890
  },
  "KPLO": {
    "mean": 8.579594563804065,
    "std": 6.347727119074018,
    "n": 754
  },
  "LUCY": {
    "mean": 9.108991737014609,
    "std": 4.093593761436104,
    "n": 667
  },
  "M01O": {
    "mean": 7.985705841435966,
    "std": 4.2577721407665745,
    "n": 1505
  },
  "MMS2": {
    "mean": 12.010624611596285,
    "std": 5.559590158179063,
    "n": 176
  },
  "ORX": {
    "mean": 3.7822385295831915,
    "std": 6.133999033107342,
    "n": 363
  },
  "SOHO": {
    "mean": 10.250062984108899,
    "std": 4.600118892207214,
    "n": 1217
  },
  "SPP": {
    "mean": 8.913869615640568,
    "std": 4.446820354826875,
    "n": 760
  },
  "VGR2": {
    "mean": 4.285236682172139,
    "std": 1.7827481124747337,
    "n": 603
  },
  "CAPS": {
    "mean": 9.21583951480715,
    "std": 5.505244272974091,
    "n": 217
  },
  "MRO": {
    "mean": 11.098677288233628,
    "std": 5.906872233394995,
    "n": 637
  },
  "STA": {
    "mean": 10.523409913320414,
    "std": 5.286708884173004,
    "n": 467
  },
  "IMAP": {
    "mean": 10.714419964543739,
    "std": 5.45618406273079,
    "n": 272
  },
  "MMS3": {
    "mean": 11.855262352187113,
    "std": 5.700619331134025,
    "n": 176
  },
  "TGO": {
    "mean": 9.961470188706123,
    "std": 5.411342938271041,
    "n": 198
  },
  "TDR8": {
    "mean": 6.839711603308979,
    "std": 3.15492915596383,
    "n": 114
  },
  "MMS4": {
    "mean": 11.970303214917262,
    "std": 5.636767910853793,
    "n": 160
  },
  "WIND": {
    "mean": 7.9388028864872755,
    "std": 4.243579571840101,
    "n": 351
  },
  "ESCB": {
    "mean": 8.064745874654104,
    "std": 3.22987589668268,
    "n": 196
  },
  "THC": {
    "mean": 8.440826251843438,
    "std": 5.455909043251383,
    "n": 113
  },
  "CHDR": {
    "mean": 8.100346482167378,
    "std": 6.899471199322468,
    "n": 421
  },
  "MMS1": {
    "mean": 10.483801314248433,
    "std": 6.465332767019367,
    "n": 189
  },
  "ESCG": {
    "mean": 7.701540526553268,
    "std": 3.473340056912333,
    "n": 235
  },
  "VGR1": {
    "mean": 4.442835670830134,
    "std": 1.681762936726742,
    "n": 599
  },
  "DSSR": {
    "mean": 0.0,
    "std": 0.0,
    "n": 113
  },
  "LRO": {
    "mean": 10.695188616240706,
    "std": 6.6352996552313055,
    "n": 382
  },
  "SWFO": {
    "mean": 0.27629251252489884,
    "std": 1.4878820822887309,
    "n": 150
  },
  "GBRA": {
    "mean": 0.0,
    "std": 0.0,
    "n": 381
  },
  "EMM": {
    "mean": 10.026875683153918,
    "std": 4.8874313541980285,
    "n": 99
  },
  "TESS": {
    "mean": 9.513631567400466,
    "std": 6.392764161118952,
    "n": 114
  },
  "EURC": {
    "mean": 6.705475246732207,
    "std": 5.2493965627530965,
    "n": 211
  },
  "NHPC": {
    "mean": 0.0,
    "std": 0.0,
    "n": 28
  },
  "PSYC": {
    "mean": 9.648849638018193,
    "std": 5.461451433322568,
    "n": 507
  },
  "JNO": {
    "mean": 8.875925488040735,
    "std": 4.593298785501423,
    "n": 887
  },
  "MSL": {
    "mean": 0.22214073772749038,
    "std": 1.0567123313590154,
    "n": 118
  },
  "M20": {
    "mean": 0.39383747965235666,
    "std": 1.3723898151039942,
    "n": 92
  },
  "CGO": {
    "mean": 10.304975525222256,
    "std": 5.596120921686121,
    "n": 170
  },
  "BIOS": {
    "mean": 6.847939958677724,
    "std": 3.85046986974656,
    "n": 50
  },
  "SGP": {
    "mean": 0.0,
    "std": 0.0,
    "n": 34
  },
  "DSCO": {
    "mean": 5.111503252276735,
    "std": 4.9491917425382095,
    "n": 31
  },
  "THB": {
    "mean": 8.19692532078966,
    "std": 5.5875639019998,
    "n": 86
  },
  "MMX": {
    "mean": 6.3833415820869694,
    "std": 4.865709226505287,
    "n": 71
  },
  "RST": {
    "mean": 7.504568018465512,
    "std": 6.107700359240118,
    "n": 29
  },
  "XMM": {
    "mean": 10.247047163175289,
    "std": 3.281681488623191,
    "n": 86
  },
  "TEST": {
    "mean": 0.0,
    "std": 0.0,
    "n": 95
  },
  "MEX": {
    "mean": 9.155437514433327,
    "std": 4.828276118324093,
    "n": 37
  },
  "BEPI": {
    "mean": 2.6983295864345913,
    "std": 3.816014296888384,
    "n": 21
  },
  "HYB2": {
    "mean": 0.0,
    "std": 0.0,
    "n": 14
  },
  "HCRA": {
    "mean": 0.0,
    "std": 0.0,
    "n": 32
  },
  "EGS": {
    "mean": 0.0,
    "std": 0.0,
    "n": 3
  }
}