{
  "ACE": {
    "mean": 8.197631826718867,
    "std": 5.073863783747497,
    "n": 91
  },
  "DSN": {
    "mean": 0.0,
    "std": 0.0,
    "n": 1365
  },
  "DSS": {
    "mean": 0.0,
    "std": 0.0,
    "n": 511
  },
  "JWST": {
    "mean": 12.306391848427234,
    "std": 6.150723486796495,
    "n": 166
  },
  "KPLO": {
    "mean": 7.2325272636353235,
    "std": 6.790020153391548,
    "n": 140
  },
  "LUCY": {
    "mean": 9.90405264535677,
    "std": 3.3602274636051095,
    "n": 155
  },
  "M01O": {
    "mean": 8.163418514789514,
    "std": 4.093190840348414,
    "n": 254
  },
  "MMS2": {
    "mean": 11.563638009396207,
    "std": 5.911724153083584,
    "n": 29
  },
  "ORX": {
    "mean": 3.7320352719386016,
    "std": 6.118614554663881,
    "n": 59
  },
  "SOHO": {
    "mean": 10.127172055098496,
    "std": 4.810577559374105,
    "n": 239
  },
  "SPP": {
    "mean": 10.129594196256654,
    "std": 3.801366557464807,
    "n": 194
  },
  "VGR2": {
    "mean": 4.442046615410035,
    "std": 1.6193639629261563,
    "n": 140
  },
  "CAPS": {
    "mean": 7.204842166961555,
    "std": 6.144376719423259,
    "n": 38
  },
  "MRO": {
    "mean": 11.549658490409419,
    "std": 5.560567411056721,
    "n": 155
  },
  "STA": {
    "mean": 9.745626017150897,
    "std": 5.819514670565849,
    "n": 99
  },
  "IMAP": {
    "mean": 10.473028113685542,
    "std": 5.6257136168789055,
    "n": 67
  },
  "MMS3": {
    "mean": 11.162646679906109,
    "std": 5.914033487799132,
    "n": 32
  },
  "TGO": {
    "mean": 10.85687436027468,
    "std": 4.874204077030509,
    "n": 36
  },
  "TDR8": {
    "mean": 6.839711603308979,
    "std": 3.15492915596383,
    "n": 114
  },
  "MMS4": {
    "mean": 10.605590439367976,
    "std": 6.443238795543328,
    "n": 26
  },
  "WIND": {
    "mean": 8.126561038396373,
    "std": 4.173627203388643,
    "n": 76
  },
  "ESCB": {
    "mean": 7.302198972940727,
    "std": 3.5078629207632055,
    "n": 32
  },
  "THC": {
    "mean": 9.036741273328367,
    "std": 5.393922404335639,
    "n": 27
  },
  "CHDR": {
    "mean": 7.646654499291517,
    "std": 6.9633623975641,
    "n": 75
  },
  "MMS1": {
    "mean": 10.194457942927274,
    "std": 6.58679192745713,
    "n": 34
  },
  "ESCG": {
    "mean": 8.248278789938476,
    "std": 3.1592058999906447,
    "n": 105
  },
  "VGR1": {
    "mean": 4.583227466456565,
    "std": 1.5110453482563542,
    "n": 102
  },
  "DSSR": {
    "mean": 0.0,
    "std": 0.0,
    "n": 42
  },
  "LRO": {
    "mean": 9.683243027729263,
    "std": 7.176122666864473,
    "n": 30
  },
  "SWFO": {
    "mean": 0.0,
    "std": 0.0,
    "n": 35
  },
  "GBRA": {
    "mean": 0.0,
    "std": 0.0,
    "n": 120
  },
  "EMM": {
    "mean": 10.779377243938455,
    "std": 4.174834854826083,
    "n": 23
  },
  "TESS": {
    "mean": 5.809101792296096,
    "std": 4.743115196972252,
    "n": 15
  },
  "EURC": {
    "mean": 3.5549155931742304,
    "std": 5.361567828273543,
    "n": 46
  },
  "NHPC": {
    "mean": 0.0,
    "std": 0.0,
    "n": 5
  },
  "PSYC": {
    "mean": 9.332538784046916,
    "std": 5.656621466524021,
    "n": 67
  },
  "JNO": {
    "mean": 10.1624080502013,
    "std": 3.6224542124246053,
    "n": 119
  },
  "MSL": {
    "mean": 0.0,
    "std": 0.0,
    "n": 24
  },
  "M20": {
    "mean": 0.0,
    "std": 0.0,
    "n": 25
  },
  "CGO": {
    "mean": 8.043201089507736,
    "std": 6.194512694083141,
    "n": 23
  },
  "BIOS": {
    "mean": 6.481374500800612,
    "std": 3.97086966242705,
    "n": 11
  },
  "SGP": {
    "mean": 0.0,
    "std": 0.0,
    "n": 34
  },
  "DSCO": {
    "mean": 3.961415020514468,
    "std": 4.851722729828701,
    "n": 5
  },
  "THB": {
    "mean": 8.565203502046836,
    "std": 5.442696609534125,
    "n": 14
  },
  "MMX": {
    "mean": 3.1847383128714086,
    "std": 4.556806537338114,
    "n": 27
  }
}