{
  "ACE": {
    "mean": 8.23196253299599,
    "std": 5.021984130143524,
    "n": 821
  },
  "DSN": {
    "mean": 0.0,
    "std": 0.0,
    "n": 12483
  },
  "DSS": {
    "mean": 0.0,
    "std": 0.0,
    "n": 2266
  },
  "JWST": {
    "mean": 11.4537923750481,
    "std": 5.827323641935256,
    "n": 1981
  },
  "KPLO": {
    "mean": 8.834023837363208,
    "std": 6.189954981323263,
    "n": 1613
  },
  "LUCY": {
    "mean": 9.001552466438103,
    "std": 3.9024681635734186,
    "n": 926
  },
  "M01O": {
    "mean": 7.905329936947905,
    "std": 4.241899415686737,
    "n": 3011
  },
  "MMS2": {
    "mean": 11.95355261937574,
    "std": 5.593515100482954,
    "n": 396
  },
  "ORX": {
    "mean": 4.351723065553386,
    "std": 6.397574413213727,
    "n": 885
  },
  "SOHO": {
    "mean": 10.43505481697758,
    "std": 4.491713057589422,
    "n": 2668
  },
  "SPP": {
    "mean": 8.736612789472417,
    "std": 4.551970271948253,
    "n": 1300
  },
  "VGR2": {
    "mean": 4.189206665439562,
    "std": 1.868900300373753,
    "n": 1254
  },
  "CAPS": {
    "mean": 9.355673466915219,
    "std": 5.405366234794006,
    "n": 428
  },
  "MRO": {
    "mean": 11.453826756195706,
    "std": 5.630906777143648,
    "n": 1399
  },
  "STA": {
    "mean": 10.582963225815059,
    "std": 5.2249165680965675,
    "n": 996
  },
  "IMAP": {
    "mean": 10.765179716104313,
    "std": 5.415606846180339,
    "n": 520
  },
  "MMS3": {
    "mean": 11.851490636515274,
    "std": 5.686994459131992,
    "n": 380
  },
  "TGO": {
    "mean": 10.524594527645244,
    "std": 5.04856717480504,
    "n": 429
  },
  "TDR8": {
    "mean": 7.014025107082547,
    "std": 2.9972898409743474,
    "n": 136
  },
  "MMS4": {
    "mean": 11.690179355334438,
    "std": 5.83981298876123,
    "n": 356
  },
  "WIND": {
    "mean": 7.867360802107891,
    "std": 4.191323896341054,
    "n": 726
  },
  "ESCB": {
    "mean": 7.787627494436133,
    "std": 3.403851983876745,
    "n": 512
  },
  "THC": {
    "mean": 8.044081263546397,
    "std": 5.665891169545024,
    "n": 228
  },
  "CHDR": {
    "mean": 8.200333126736785,
    "std": 6.86960015790923,
    "n": 861
  },
  "MMS1": {
    "mean": 10.721701920819838,
    "std": 6.365243654019038,
    "n": 442
  },
  "ESCG": {
    "mean": 7.696840332955082,
    "std": 3.6571846330909454,
    "n": 433
  },
  "VGR1": {
    "mean": 3.848343710276444,
    "std": 2.16919041008642,
    "n": 1535
  },
  "DSSR": {
    "mean": 0.0,
    "std": 0.0,
    "n": 278
  },
  "LRO": {
    "mean": 10.302513373570354,
    "std": 6.401912465044109,
    "n": 1010
  },
  "SWFO": {
    "mean": 0.19216051687566016,
    "std": 1.2474594817394835,
    "n": 302
  },
  "GBRA": {
    "mean": 0.0,
    "std": 0.0,
    "n": 643
  },
  "EMM": {
    "mean": 10.076165978371462,
    "std": 4.840854724692306,
    "n": 224
  },
  "TESS": {
    "mean": 9.765591828627349,
    "std": 6.499523566711595,
    "n": 261
  },
  "EURC": {
    "mean": 6.60792411160258,
    "std": 4.557867320968567,
    "n": 538
  },
  "NHPC": {
    "mean": 2.726201557988568,
    "std": 2.9748887735514487,
    "n": 730
  },
  "PSYC": {
    "mean": 9.752596437688219,
    "std": 5.407756826936085,
    "n": 706
  },
  "JNO": {
    "mean": 8.965377546551057,
    "std": 4.209826904745002,
    "n": 1827
  },
  "MSL": {
    "mean": 0.31095251279005687,
    "std": 1.232585880921156,
    "n": 284
  },
  "M20": {
    "mean": 0.39978392243456407,
    "std": 1.3818517498486647,
    "n": 246
  },
  "CGO": {
    "mean": 10.216087157966726,
    "std": 5.5796344827463695,
    "n": 317
  },
  "BIOS": {
    "mean": 6.908636657782526,
    "std": 3.8018288013863715,
    "n": 99
  },
  "SGP": {
    "mean": 0.0,
    "std": 0.0,
    "n": 111
  },
  "DSCO": {
    "mean": 4.864895639228295,
    "std": 4.951006671940902,
    "n": 57
  },
  "THB": {
    "mean": 7.720777406926676,
    "std": 5.754512945745642,
    "n": 144
  },
  "MMX": {
    "mean": 6.286980854753921,
    "std": 4.837917009469494,
    "n": 84
  },
  "RST": {
    "mean": 5.586916007866837,
    "std": 5.907579842444726,
    "n": 56
  },
  "XMM": {
    "mean": 10.356520785449455,
    "std": 3.1226085073686924,
    "n": 144
  },
  "TEST": {
    "mean": 0.0,
    "std": 0.0,
    "n": 271
  },
  "MEX": {
    "mean": 8.64732212457721,
    "std": 5.286989164477508,
    "n": 96
  },
  "BEPI": {
    "mean": 4.342343111860535,
    "std": 5.071384013101949,
    "n": 40
  },
  "HYB2": {
    "mean": 4.1767749285408255,
    "std": 3.2512601559797702,
    "n": 463
  },
  "HCRA": {
    "mean": 0.0,
    "std": 0.0,
    "n": 74
  },
  "EGS": {
    "mean": 0.0,
    "std": 0.0,
    "n": 16
  },
  "TERR": {
    "mean": 0.0,
    "std": 0.0,
    "n": 5
  }
}