{
  "ACE": {
    "mean": 8.464147453376574,
    "std": 4.923897755943545,
    "n": 360
  },
  "DSN": {
    "mean": 0.0,
    "std": 0.0,
    "n": 6005
  },
  "DSS": {
    "mean": 0.0,
    "std": 0.0,
    "n": 1357
  },
  "JWST": {
    "mean": 11.152207011663217,
    "std": 6.062949043776073,
    "n": 761
  },
  "KPLO": {
    "mean": 8.498777390306225,
    "std": 6.546355548230621,
    "n": 613
  },
  "LUCY": {
    "mean": 9.063725625795975,
    "std": 4.1450414461484355,
    "n": 619
  },
  "M01O": {
    "mean": 7.922462191187144,
    "std": 4.294646982604145,
    "n": 1287
  },
  "MMS2": {
    "mean": 12.013528538085152,
    "std": 5.545716108212945,
    "n": 154
  },
  "ORX": {
    "mean": 3.8832453699610365,
    "std": 6.183940695245231,
    "n": 297
  },
  "SOHO": {
    "mean": 10.368687979790627,
    "std": 4.602645294115487,
    "n": 972
  },
  "SPP": {
    "mean": 8.556522723515359,
    "std": 4.3599810435205475,
    "n": 605
  },
  "VGR2": {
    "mean": 4.222466421242223,
    "std": 1.8395459397334077,
    "n": 538
  },
  "CAPS": {
    "mean": 8.774384381096755,
    "std": 5.708985335419593,
    "n": 175
  },
  "MRO": {
    "mean": 11.15347812869876,
    "std": 5.877297125077278,
    "n": 587
  },
  "STA": {
    "mean": 10.52842201338429,
    "std": 5.29202032348749,
    "n": 417
  },
  "IMAP": {
    "mean": 10.4896907754759,
    "std": 5.607279020471506,
    "n": 225
  },
  "MMS3": {
    "mean": 11.80798654822223,
    "std": 5.7164689634984205,
    "n": 153
  },
  "TGO": {
    "mean": 9.988523073716065,
    "std": 5.401717116453239,
    "n": 164
  },
  "TDR8": {
    "mean": 6.839711603308979,
    "std": 3.15492915596383,
    "n": 114
  },
  "MMS4": {
    "mean": 11.942426419487637,
    "std": 5.660585576499021,
    "n": 131
  },
  "WIND": {
    "mean": 7.8454129078896475,
    "std": 4.283138666315724,
    "n": 307
  },
  "ESCB": {
    "mean": 8.15365141516812,
    "std": 3.224113666488309,
    "n": 163
  },
  "THC": {
    "mean": 8.646742363746323,
    "std": 5.407949213152428,
    "n": 97
  },
  "CHDR": {
    "mean": 8.118712711874977,
    "std": 6.897357469940086,
    "n": 365
  },
  "MMS1": {
    "mean": 10.386750525775247,
    "std": 6.518998711569204,
    "n": 163
  },
  "ESCG": {
    "mean": 7.557934917618794,
    "std": 3.585689891265214,
    "n": 210
  },
  "VGR1": {
    "mean": 4.433098688533125,
    "std": 1.6951979102129833,
    "n": 486
  },
  "DSSR": {
    "mean": 0.0,
    "std": 0.0,
    "n": 93
  },
  "LRO": {
    "mean": 9.88937945513523,
    "std": 6.7648438319365,
    "n": 284
  },
  "SWFO": {
    "mean": 0.3139687642328397,
    "std": 1.5823541956919125,
    "n": 132
  },
  "GBRA": {
    "mean": 0.0,
    "std": 0.0,
    "n": 353
  },
  "EMM": {
    "mean": 9.77404834391551,
    "std": 5.078363072239936,
    "n": 80
  },
  "TESS": {
    "mean": 9.072122203581252,
    "std": 6.056774043994458,
    "n": 101
  },
  "EURC": {
    "mean": 6.242787554479728,
    "std": 5.368755675981038,
    "n": 179
  },
  "NHPC": {
    "mean": 0.0,
    "std": 0.0,
    "n": 23
  },
  "PSYC": {
    "mean": 9.478081906998828,
    "std": 5.570396251517582,
    "n": 448
  },
  "JNO": {
    "mean": 8.898937192274426,
    "std": 4.5644545233185045,
    "n": 812
  },
  "MSL": {
    "mean": 0.174289094359299,
    "std": 0.9448366877996783,
    "n": 91
  },
  "M20": {
    "mean": 0.40258942364463124,
    "std": 1.3862845644039656,
    "n": 90
  },
  "CGO": {
    "mean": 10.235888272113892,
    "std": 5.607585870505063,
    "n": 159
  },
  "BIOS": {
    "mean": 6.8571774360934326,
    "std": 3.8466699106995494,
    "n": 46
  },
  "SGP": {
    "mean": 0.0,
    "std": 0.0,
    "n": 34
  },
  "DSCO": {
    "mean": 4.539121377672829,
    "std": 4.934545179890666,
    "n": 24
  },
  "THB": {
    "mean": 8.339431705441138,
    "std": 5.668333287634757,
    "n": 64
  },
  "MMX": {
    "mean": 6.255844173683396,
    "std": 4.862816903973702,
    "n": 69
  },
  "RST": {
    "mean": 7.504568018465512,
    "std": 6.107700359240118,
    "n": 29
  },
  "XMM": {
    "mean": 10.296936623248849,
    "std": 3.2106340817210572,
    "n": 79
  },
  "TEST": {
    "mean": 0.0,
    "std": 0.0,
    "n": 74
  },
  "MEX": {
    "mean": 9.093698746870189,
    "std": 4.880448830985071,
    "n": 36
  },
  "BEPI": {
    "mean": 3.777661421008428,
    "std": 4.038489931613466,
    "n": 15
  },
  "HYB2": {
    "mean": 0.0,
    "std": 0.0,
    "n": 12
  },
  "HCRA": {
    "mean": 0.0,
    "std": 0.0,
    "n": 30
  }
}