{
  "ACE": {
    "mean": 8.40389589920768,
    "std": 4.98013846947323,
    "n": 147
  },
  "DSN": {
    "mean": 0.0,
    "std": 0.0,
    "n": 2748
  },
  "DSS": {
    "mean": 0.0,
    "std": 0.0,
    "n": 881
  },
  "JWST": {
    "mean": 11.036017455693738,
    "std": 6.014441210893765,
    "n": 293
  },
  "KPLO": {
    "mean": 8.074558970577451,
    "std": 6.750018071652929,
    "n": 277
  },
  "LUCY": {
    "mean": 9.682116342809847,
    "std": 3.635782562091349,
    "n": 259
  },
  "M01O": {
    "mean": 8.306010553108035,
    "std": 3.921512288130701,
    "n": 488
  },
  "MMS2": {
    "mean": 11.776595839480112,
    "std": 5.830972574379857,
    "n": 61
  },
  "ORX": {
    "mean": 3.099010985085579,
    "std": 5.7389508750135585,
    "n": 93
  },
  "SOHO": {
    "mean": 10.142278827349221,
    "std": 4.796863393082685,
    "n": 372
  },
  "SPP": {
    "mean": 9.203907148059432,
    "std": 4.196150435092562,
    "n": 303
  },
  "VGR2": {
    "mean": 4.228299125259588,
    "std": 1.7931929911036806,
    "n": 211
  },
  "CAPS": {
    "mean": 8.39003022825334,
    "std": 5.881751757833951,
    "n": 82
  },
  "MRO": {
    "mean": 11.899716617274985,
    "std": 5.46885833592331,
    "n": 300
  },
  "STA": {
    "mean": 9.981508276380884,
    "std": 5.652445363569911,
    "n": 169
  },
  "IMAP": {
    "mean": 10.615757911237935,
    "std": 5.52262153073786,
    "n": 108
  },
  "MMS3": {
    "mean": 11.788636248199296,
    "std": 5.566012212130878,
    "n": 55
  },
  "TGO": {
    "mean": 10.709648096243356,
    "std": 4.930263553600287,
    "n": 46
  },
  "TDR8": {
    "mean": 6.839711603308979,
    "std": 3.15492915596383,
    "n": 114
  },
  "MMS4": {
    "mean": 11.623490170804693,
    "std": 5.8987798176908885,
    "n": 44
  },
  "WIND": {
    "mean": 8.117715215772584,
    "std": 4.045648496039223,
    "n": 123
  },
  "ESCB": {
    "mean": 7.489434844041761,
    "std": 3.349377084866587,
    "n": 60
  },
  "THC": {
    "mean": 8.60915588819759,
    "std": 5.401535665462636,
    "n": 50
  },
  "CHDR": {
    "mean": 7.804777259351107,
    "std": 6.946724381919318,
    "n": 138
  },
  "MMS1": {
    "mean": 10.902272005151843,
    "std": 6.236775286865013,
    "n": 65
  },
  "ESCG": {
    "mean": 8.167472283876256,
    "std": 3.2372375182710584,
    "n": 114
  },
  "VGR1": {
    "mean": 4.556694131643665,
    "std": 1.5462677779341283,
    "n": 184
  },
  "DSSR": {
    "mean": 0.0,
    "std": 0.0,
    "n": 57
  },
  "LRO": {
    "mean": 9.163518767121195,
    "std": 6.873172882692337,
    "n": 65
  },
  "SWFO": {
    "mean": 0.0,
    "std": 0.0,
    "n": 49
  },
  "GBRA": {
    "mean": 0.0,
    "std": 0.0,
    "n": 166
  },
  "EMM": {
    "mean": 11.23413222141711,
    "std": 3.6132761917819316,
    "n": 32
  },
  "TESS": {
    "mean": 7.806572495383343,
    "std": 5.298482933837209,
    "n": 34
  },
  "EURC": {
    "mean": 5.166783501664324,
    "std": 5.612777683650139,
    "n": 75
  },
  "NHPC": {
    "mean": 0.0,
    "std": 0.0,
    "n": 10
  },
  "PSYC": {
    "mean": 9.485625144679679,
    "std": 5.55924257852633,
    "n": 133
  },
  "JNO": {
    "mean": 9.99515060248297,
    "std": 3.690044380954362,
    "n": 232
  },
  "MSL": {
    "mean": 0.0,
    "std": 0.0,
    "n": 39
  },
  "M20": {
    "mean": 0.12624755445302027,
    "std": 0.7984596421953536,
    "n": 41
  },
  "CGO": {
    "mean": 9.471542453181552,
    "std": 5.809184630718614,
    "n": 56
  },
  "BIOS": {
    "mean": 7.090563237998491,
    "std": 3.6384672677955816,
    "n": 24
  },
  "SGP": {
    "mean": 0.0,
    "std": 0.0,
    "n": 34
  },
  "DSCO": {
    "mean": 4.951768775643085,
    "std": 4.951768775643084,
    "n": 10
  },
  "THB": {
    "mean": 8.611753144078193,
    "std": 5.287150690282514,
    "n": 33
  },
  "MMX": {
    "mean": 4.877063057512354,
    "std": 4.978158695392336,
    "n": 42
  },
  "RST": {
    "mean": 4.273278775786431,
    "std": 5.542383218646343,
    "n": 5
  },
  "XMM": {
    "mean": 11.298020796733232,
    "std": 3.426293600148954e-05,
    "n": 12
  },
  "TEST": {
    "mean": 0.0,
    "std": 0.0,
    "n": 17
  },
  "MEX": {
    "mean": 12.476532887085018,
    "std": 0.0001261558864521717,
    "n": 8
  }
}