{
  "ACE": {
    "mean": 8.52497473907036,
    "std": 4.876138388007881,
    "n": 280
  },
  "DSN": {
    "mean": 0.0,
    "std": 0.0,
    "n": 4788
  },
  "DSS": {
    "mean": 0.0,
    "std": 0.0,
    "n": 1202
  },
  "JWST": {
    "mean": 10.860701586078484,
    "std": 5.967612413095828,
    "n": 578
  },
  "KPLO": {
    "mean": 8.457757775421362,
    "std": 6.503691743134582,
    "n": 486
  },
  "LUCY": {
    "mean": 8.883241610585605,
    "std": 4.324377880725217,
    "n": 517
  },
  "M01O": {
    "mean": 8.00327890838586,
    "std": 4.235076012188339,
    "n": 969
  },
  "MMS2": {
    "mean": 12.105138305968476,
    "std": 5.474921473560757,
    "n": 118
  },
  "ORX": {
    "mean": 3.9432043543769413,
    "std": 6.212885314017028,
    "n": 195
  },
  "SOHO": {
    "mean": 10.345816397352538,
    "std": 4.623056637806988,
    "n": 739
  },
  "SPP": {
    "mean": 7.850765240874546,
    "std": 4.260061973518559,
    "n": 425
  },
  "VGR2": {
    "mean": 4.370453151130349,
    "std": 1.6814021692331191,
    "n": 408
  },
  "CAPS": {
    "mean": 8.567011311619995,
    "std": 5.813276709726677,
    "n": 127
  },
  "MRO": {
    "mean": 11.217230172041171,
    "std": 5.8756398187994705,
    "n": 476
  },
  "STA": {
    "mean": 10.45689369434201,
    "std": 5.352597370336537,
    "n": 299
  },
  "IMAP": {
    "mean": 10.515100176605683,
    "std": 5.591777109240539,
    "n": 186
  },
  "MMS3": {
    "mean": 11.813614452482918,
    "std": 5.691673581301483,
    "n": 117
  },
  "TGO": {
    "mean": 9.966989052573545,
    "std": 5.413632796686822,
    "n": 132
  },
  "TDR8": {
    "mean": 6.839711603308979,
    "std": 3.15492915596383,
    "n": 114
  },
  "MMS4": {
    "mean": 12.120587819025538,
    "std": 5.494881293004276,
    "n": 94
  },
  "WIND": {
    "mean": 7.98779505813623,
    "std": 4.140389929627877,
    "n": 240
  },
  "ESCB": {
    "mean": 8.186738073100116,
    "std": 3.2098915480235064,
    "n": 150
  },
  "THC": {
    "mean": 8.526102456830086,
    "std": 5.451919427225525,
    "n": 80
  },
  "CHDR": {
    "mean": 8.0643484809353,
    "std": 6.904312746034512,
    "n": 279
  },
  "MMS1": {
    "mean": 10.4652553904509,
    "std": 6.488924213011891,
    "n": 119
  },
  "ESCG": {
    "mean": 7.7429547721987895,
    "std": 3.49103627879801,
    "n": 169
  },
  "VGR1": {
    "mean": 4.47818465752241,
    "std": 1.6434402154167853,
    "n": 337
  },
  "DSSR": {
    "mean": 0.0,
    "std": 0.0,
    "n": 78
  },
  "LRO": {
    "mean": 10.15273413936941,
    "std": 6.778973911002759,
    "n": 235
  },
  "SWFO": {
    "mean": 0.0,
    "std": 0.0,
    "n": 96
  },
  "GBRA": {
    "mean": 0.0,
    "std": 0.0,
    "n": 320
  },
  "EMM": {
    "mean": 11.325697287323143,
    "std": 3.5141971093333795,
    "n": 57
  },
  "TESS": {
    "mean": 7.8961054935292045,
    "std": 5.4536603638678,
    "n": 73
  },
  "EURC": {
    "mean": 6.147559529759076,
    "std": 5.361401561922815,
    "n": 131
  },
  "NHPC": {
    "mean": 0.0,
    "std": 0.0,
    "n": 18
  },
  "PSYC": {
    "mean": 10.391371896940228,
    "std": 4.960684848553296,
    "n": 291
  },
  "JNO": {
    "mean": 8.883231962813698,
    "std": 4.546904635901913,
    "n": 693
  },
  "MSL": {
    "mean": 0.21147076782261615,
    "std": 1.036966579879345,
    "n": 75
  },
  "M20": {
    "mean": 0.3394196545950052,
    "std": 1.2812810981345366,
    "n": 61
  },
  "CGO": {
    "mean": 10.07358550123828,
    "std": 5.6489869174831435,
    "n": 127
  },
  "BIOS": {
    "mean": 7.475687476382571,
    "std": 3.4038750077057762,
    "n": 35
  },
  "SGP": {
    "mean": 0.0,
    "std": 0.0,
    "n": 34
  },
  "DSCO": {
    "mean": 4.456591898078777,
    "std": 4.926947723221698,
    "n": 20
  },
  "THB": {
    "mean": 8.981432174460899,
    "std": 5.298115455926482,
    "n": 47
  },
  "MMX": {
    "mean": 5.784885711142975,
    "std": 4.886808177476845,
    "n": 52
  },
  "RST": {
    "mean": 8.091586331914513,
    "std": 5.869664019498173,
    "n": 19
  },
  "XMM": {
    "mean": 10.08752262698692,
    "std": 3.4944203426957317,
    "n": 56
  },
  "TEST": {
    "mean": 0.0,
    "std": 0.0,
    "n": 45
  },
  "MEX": {
    "mean": 9.596479852114397,
    "std": 4.599740883340531,
    "n": 27
  },
  "BEPI": {
    "mean": 6.2961023683473805,
    "std": 3.365408276344554,
    "n": 9
  },
  "HYB2": {
    "mean": 0.0,
    "std": 0.0,
    "n": 4
  },
  "HCRA": {
    "mean": 0.0,
    "std": 0.0,
    "n": 11
  }
}