{
  "ACE": {
    "mean": 8.566218871381443,
    "std": 4.86963172682113,
    "n": 240
  },
  "DSN": {
    "mean": 0.0,
    "std": 0.0,
    "n": 4151
  },
  "DSS": {
    "mean": 0.0,
    "std": 0.0,
    "n": 1141
  },
  "JWST": {
    "mean": 10.622353172177911,
    "std": 5.888452855017762,
    "n": 495
  },
  "KPLO": {
    "mean": 8.451652684157132,
    "std": 6.520221591402427,
    "n": 434
  },
  "LUCY": {
    "mean": 8.755296301855138,
    "std": 4.463396063569023,
    "n": 417
  },
  "M01O": {
    "mean": 8.39472188554117,
    "std": 3.884426911270039,
    "n": 796
  },
  "MMS2": {
    "mean": 11.981971533789627,
    "std": 5.5534966435814,
    "n": 102
  },
  "ORX": {
    "mean": 3.9337999253650815,
    "std": 6.207001750412376,
    "n": 164
  },
  "SOHO": {
    "mean": 10.286648189259267,
    "std": 4.675235517500443,
    "n": 625
  },
  "SPP": {
    "mean": 8.19152577703287,
    "std": 4.310825427034293,
    "n": 384
  },
  "VGR2": {
    "mean": 4.3362593987067175,
    "std": 1.7074799219337762,
    "n": 362
  },
  "CAPS": {
    "mean": 8.479098983809935,
    "std": 5.847156342984016,
    "n": 118
  },
  "MRO": {
    "mean": 11.17379050374527,
    "std": 5.940474723141315,
    "n": 424
  },
  "STA": {
    "mean": 10.336562591582306,
    "std": 5.425145466711239,
    "n": 241
  },
  "IMAP": {
    "mean": 10.462588886385058,
    "std": 5.625514459467115,
    "n": 165
  },
  "MMS3": {
    "mean": 11.657286468179466,
    "std": 5.79745794169038,
    "n": 96
  },
  "TGO": {
    "mean": 9.782170454702648,
    "std": 5.510040144889109,
    "n": 104
  },
  "TDR8": {
    "mean": 6.839711603308979,
    "std": 3.15492915596383,
    "n": 114
  },
  "MMS4": {
    "mean": 12.201771243942527,
    "std": 5.420800027359176,
    "n": 79
  },
  "WIND": {
    "mean": 7.96320180548272,
    "std": 4.09313198718689,
    "n": 203
  },
  "ESCB": {
    "mean": 8.175919373914306,
    "std": 3.230148698895928,
    "n": 148
  },
  "THC": {
    "mean": 8.506326891109063,
    "std": 5.411271998896209,
    "n": 70
  },
  "CHDR": {
    "mean": 7.944395844040466,
    "std": 6.923314664494969,
    "n": 234
  },
  "MMS1": {
    "mean": 10.674113282780516,
    "std": 6.36879696286452,
    "n": 103
  },
  "ESCG": {
    "mean": 8.076799080170696,
    "std": 3.1924622947536356,
    "n": 152
  },
  "VGR1": {
    "mean": 4.490543392311865,
    "std": 1.628891290605346,
    "n": 301
  },
  "DSSR": {
    "mean": 0.0,
    "std": 0.0,
    "n": 78
  },
  "LRO": {
    "mean": 9.840038832418047,
    "std": 6.666982045801705,
    "n": 192
  },
  "SWFO": {
    "mean": 0.0,
    "std": 0.0,
    "n": 83
  },
  "GBRA": {
    "mean": 0.0,
    "std": 0.0,
    "n": 259
  },
  "EMM": {
    "mean": 11.641474136744053,
    "std": 3.0089238373033087,
    "n": 48
  },
  "TESS": {
    "mean": 8.272216538931639,
    "std": 5.4063670621933,
    "n": 65
  },
  "EURC": {
    "mean": 6.048820783450451,
    "std": 5.6108386830998755,
    "n": 103
  },
  "NHPC": {
    "mean": 0.0,
    "std": 0.0,
    "n": 18
  },
  "PSYC": {
    "mean": 10.37089651966421,
    "std": 4.990127405551603,
    "n": 266
  },
  "JNO": {
    "mean": 8.854944683068053,
    "std": 4.6078945859667435,
    "n": 603
  },
  "MSL": {
    "mean": 0.278251010292916,
    "std": 1.1816456069019365,
    "n": 57
  },
  "M20": {
    "mean": 0.38341849870917255,
    "std": 1.3555891023481068,
    "n": 54
  },
  "CGO": {
    "mean": 9.99178957063216,
    "std": 5.66185155678059,
    "n": 112
  },
  "BIOS": {
    "mean": 7.300921556125871,
    "std": 3.509447946156779,
    "n": 32
  },
  "SGP": {
    "mean": 0.0,
    "std": 0.0,
    "n": 34
  },
  "DSCO": {
    "mean": 4.244373236265502,
    "std": 4.9009800609982594,
    "n": 14
  },
  "THB": {
    "mean": 8.849703852968876,
    "std": 5.208177115089756,
    "n": 43
  },
  "MMX": {
    "mean": 5.125630207147106,
    "std": 4.898461512253476,
    "n": 45
  },
  "RST": {
    "mean": 8.091586331914513,
    "std": 5.869664019498173,
    "n": 19
  },
  "XMM": {
    "mean": 10.096105009505944,
    "std": 3.4834871754517813,
    "n": 47
  },
  "TEST": {
    "mean": 0.0,
    "std": 0.0,
    "n": 35
  },
  "MEX": {
    "mean": 9.087453727158627,
    "std": 5.102613566453179,
    "n": 21
  },
  "BEPI": {
    "mean": 6.2961023683473805,
    "std": 3.365408276344554,
    "n": 9
  },
  "HYB2": {
    "mean": 0.0,
    "std": 0.0,
    "n": 4
  }
}