{
  "ACE": {
    "mean": 8.450303986653488,
    "std": 4.928302746791387,
    "n": 335
  },
  "DSN": {
    "mean": 0.0,
    "std": 0.0,
    "n": 5447
  },
  "DSS": {
    "mean": 0.0,
    "std": 0.0,
    "n": 1310
  },
  "JWST": {
    "mean": 11.112348544043986,
    "std": 6.036074611181712,
    "n": 698
  },
  "KPLO": {
    "mean": 8.51238342503727,
    "std": 6.577023711642875,
    "n": 551
  },
  "LUCY": {
    "mean": 8.963327324632479,
    "std": 4.2449889999250106,
    "n": 568
  },
  "M01O": {
    "mean": 7.971930851158767,
    "std": 4.262198214346844,
    "n": 1151
  },
  "MMS2": {
    "mean": 12.020164148375438,
    "std": 5.539232971227889,
    "n": 143
  },
  "ORX": {
    "mean": 4.096929469880003,
    "std": 6.28262058047873,
    "n": 248
  },
  "SOHO": {
    "mean": 10.396750356019357,
    "std": 4.577057475006821,
    "n": 887
  },
  "SPP": {
    "mean": 7.921975425539253,
    "std": 4.393745815219511,
    "n": 507
  },
  "VGR2": {
    "mean": 4.395350102523495,
    "std": 1.6564286981535705,
    "n": 481
  },
  "CAPS": {
    "mean": 8.709324631493184,
    "std": 5.741737697283975,
    "n": 152
  },
  "MRO": {
    "mean": 11.284078677094918,
    "std": 5.799391505658304,
    "n": 553
  },
  "STA": {
    "mean": 10.466460031669879,
    "std": 5.343946886338928,
    "n": 368
  },
  "IMAP": {
    "mean": 10.452996150298985,
    "std": 5.632579851732092,
    "n": 200
  },
  "MMS3": {
    "mean": 11.641863803896529,
    "std": 5.827263711474713,
    "n": 140
  },
  "TGO": {
    "mean": 9.982102148876939,
    "std": 5.391865089623975,
    "n": 142
  },
  "TDR8": {
    "mean": 6.839711603308979,
    "std": 3.15492915596383,
    "n": 114
  },
  "MMS4": {
    "mean": 12.066581174960778,
    "std": 5.562033200723833,
    "n": 120
  },
  "WIND": {
    "mean": 7.827458858542892,
    "std": 4.283765345271565,
    "n": 283
  },
  "ESCB": {
    "mean": 8.165188801542152,
    "std": 3.208573251265016,
    "n": 157
  },
  "THC": {
    "mean": 8.62802753909078,
    "std": 5.453419868177859,
    "n": 85
  },
  "CHDR": {
    "mean": 8.076533742640473,
    "std": 6.903594549597427,
    "n": 334
  },
  "MMS1": {
    "mean": 10.448753145834738,
    "std": 6.474390078826728,
    "n": 148
  },
  "ESCG": {
    "mean": 7.552918235580524,
    "std": 3.5998219364214075,
    "n": 203
  },
  "VGR1": {
    "mean": 4.5052145546091005,
    "std": 1.6110618532594576,
    "n": 441
  },
  "DSSR": {
    "mean": 0.0,
    "std": 0.0,
    "n": 85
  },
  "LRO": {
    "mean": 9.996436099107456,
    "std": 6.676782379561464,
    "n": 263
  },
  "SWFO": {
    "mean": 0.0,
    "std": 0.0,
    "n": 113
  },
  "GBRA": {
    "mean": 0.0,
    "std": 0.0,
    "n": 336
  },
  "EMM": {
    "mean": 11.152573676561037,
    "std": 3.749130287244314,
    "n": 69
  },
  "TESS": {
    "mean": 8.025684515580215,
    "std": 5.356285820698605,
    "n": 85
  },
  "EURC": {
    "mean": 6.087545200566108,
    "std": 5.406191723110936,
    "n": 167
  },
  "NHPC": {
    "mean": 0.0,
    "std": 0.0,
    "n": 23
  },
  "PSYC": {
    "mean": 9.321793932170094,
    "std": 5.650392704593754,
    "n": 402
  },
  "JNO": {
    "mean": 8.86930543644303,
    "std": 4.575175885312541,
    "n": 771
  },
  "MSL": {
    "mean": 0.174289094359299,
    "std": 0.9448366877996783,
    "n": 91
  },
  "M20": {
    "mean": 0.26544357602942714,
    "std": 1.1417159905260457,
    "n": 78
  },
  "CGO": {
    "mean": 10.205317695735747,
    "std": 5.597841933209258,
    "n": 150
  },
  "BIOS": {
    "mean": 7.126539924862833,
    "std": 3.669325643173708,
    "n": 43
  },
  "SGP": {
    "mean": 0.0,
    "std": 0.0,
    "n": 34
  },
  "DSCO": {
    "mean": 4.539121377672829,
    "std": 4.934545179890666,
    "n": 24
  },
  "THB": {
    "mean": 8.620259314306436,
    "std": 5.566846605466689,
    "n": 55
  },
  "MMX": {
    "mean": 6.168381566056731,
    "std": 4.884485997423059,
    "n": 62
  },
  "RST": {
    "mean": 7.504568018465512,
    "std": 6.107700359240118,
    "n": 29
  },
  "XMM": {
    "mean": 10.243541059579751,
    "std": 3.2865835429429873,
    "n": 75
  },
  "TEST": {
    "mean": 0.0,
    "std": 0.0,
    "n": 68
  },
  "MEX": {
    "mean": 9.66010675549268,
    "std": 4.5289395426079455,
    "n": 28
  },
  "BEPI": {
    "mean": 6.2961023683473805,
    "std": 3.365408276344554,
    "n": 9
  },
  "HYB2": {
    "mean": 0.0,
    "std": 0.0,
    "n": 8
  },
  "HCRA": {
    "mean": 0.0,
    "std": 0.0,
    "n": 17
  }
}