{
  "ACE": {
    "mean": 8.532913394431121,
    "std": 4.876995288131287,
    "n": 247
  },
  "DSN": {
    "mean": 0.0,
    "std": 0.0,
    "n": 4207
  },
  "DSS": {
    "mean": 0.0,
    "std": 0.0,
    "n": 1153
  },
  "JWST": {
    "mean": 10.600852603865414,
    "std": 5.843170434105077,
    "n": 506
  },
  "KPLO": {
    "mean": 8.438801281802451,
    "std": 6.488397009613601,
    "n": 440
  },
  "LUCY": {
    "mean": 8.755296301855138,
    "std": 4.463396063569023,
    "n": 417
  },
  "M01O": {
    "mean": 8.407199066127552,
    "std": 3.8815828341783987,
    "n": 817
  },
  "MMS2": {
    "mean": 11.981971533789627,
    "std": 5.5534966435814,
    "n": 102
  },
  "ORX": {
    "mean": 4.226514637559371,
    "std": 6.3402325869342215,
    "n": 169
  },
  "SOHO": {
    "mean": 10.303896059326386,
    "std": 4.6601399037238025,
    "n": 636
  },
  "SPP": {
    "mean": 8.19152577703287,
    "std": 4.310825427034293,
    "n": 384
  },
  "VGR2": {
    "mean": 4.350394940072422,
    "std": 1.6942589953534772,
    "n": 369
  },
  "CAPS": {
    "mean": 8.550023001557202,
    "std": 5.8298383769218205,
    "n": 123
  },
  "MRO": {
    "mean": 11.143184069710324,
    "std": 5.960510417337812,
    "n": 429
  },
  "STA": {
    "mean": 10.441869333687738,
    "std": 5.354536188435037,
    "n": 250
  },
  "IMAP": {
    "mean": 10.462588886385058,
    "std": 5.625514459467115,
    "n": 165
  },
  "MMS3": {
    "mean": 11.688982501392445,
    "std": 5.775851772000568,
    "n": 97
  },
  "TGO": {
    "mean": 9.741212585213052,
    "std": 5.529446226616961,
    "n": 111
  },
  "TDR8": {
    "mean": 6.839711603308979,
    "std": 3.15492915596383,
    "n": 114
  },
  "MMS4": {
    "mean": 12.233396624516224,
    "std": 5.394142428220412,
    "n": 80
  },
  "WIND": {
    "mean": 7.881512348458539,
    "std": 4.098637612242339,
    "n": 214
  },
  "ESCB": {
    "mean": 8.186738073100116,
    "std": 3.2098915480235064,
    "n": 150
  },
  "THC": {
    "mean": 8.479593547570001,
    "std": 5.41878847827797,
    "n": 73
  },
  "CHDR": {
    "mean": 7.9028540511650816,
    "std": 6.92896302828472,
    "n": 237
  },
  "MMS1": {
    "mean": 10.571477578138396,
    "std": 6.423127794358891,
    "n": 104
  },
  "ESCG": {
    "mean": 8.076799080170696,
    "std": 3.1924622947536356,
    "n": 152
  },
  "VGR1": {
    "mean": 4.490543392311865,
    "std": 1.628891290605346,
    "n": 301
  },
  "DSSR": {
    "mean": 0.0,
    "std": 0.0,
    "n": 78
  },
  "LRO": {
    "mean": 10.026038548378562,
    "std": 6.681990244597062,
    "n": 197
  },
  "SWFO": {
    "mean": 0.0,
    "std": 0.0,
    "n": 83
  },
  "GBRA": {
    "mean": 0.0,
    "std": 0.0,
    "n": 259
  },
  "EMM": {
    "mean": 11.641474136744053,
    "std": 3.0089238373033087,
    "n": 48
  },
  "TESS": {
    "mean": 8.272216538931639,
    "std": 5.4063670621933,
    "n": 65
  },
  "EURC": {
    "mean": 6.084241790565483,
    "std": 5.5305747260223885,
    "n": 108
  },
  "NHPC": {
    "mean": 0.0,
    "std": 0.0,
    "n": 18
  },
  "PSYC": {
    "mean": 10.37089651966421,
    "std": 4.990127405551603,
    "n": 266
  },
  "JNO": {
    "mean": 8.868748321024864,
    "std": 4.606841387348849,
    "n": 619
  },
  "MSL": {
    "mean": 0.2643384597782702,
    "std": 1.1533211371815495,
    "n": 60
  },
  "M20": {
    "mean": 0.38341849870917255,
    "std": 1.3555891023481068,
    "n": 54
  },
  "CGO": {
    "mean": 9.99178957063216,
    "std": 5.66185155678059,
    "n": 112
  },
  "BIOS": {
    "mean": 7.300921556125871,
    "std": 3.509447946156779,
    "n": 32
  },
  "SGP": {
    "mean": 0.0,
    "std": 0.0,
    "n": 34
  },
  "DSCO": {
    "mean": 4.244373236265502,
    "std": 4.9009800609982594,
    "n": 14
  },
  "THB": {
    "mean": 8.849703852968876,
    "std": 5.208177115089756,
    "n": 43
  },
  "MMX": {
    "mean": 5.125630207147106,
    "std": 4.898461512253476,
    "n": 45
  },
  "RST": {
    "mean": 8.091586331914513,
    "std": 5.869664019498173,
    "n": 19
  },
  "XMM": {
    "mean": 10.096105009505944,
    "std": 3.4834871754517813,
    "n": 47
  },
  "TEST": {
    "mean": 0.0,
    "std": 0.0,
    "n": 35
  },
  "MEX": {
    "mean": 9.286634546249735,
    "std": 4.918249063499639,
    "n": 23
  },
  "BEPI": {
    "mean": 6.2961023683473805,
    "std": 3.365408276344554,
    "n": 9
  },
  "HYB2": {
    "mean": 0.0,
    "std": 0.0,
    "n": 4
  }
}