{
  "ACE": {
    "mean": 8.5353420174646,
    "std": 4.88777267993038,
    "n": 401
  },
  "DSN": {
    "mean": 0.0,
    "std": 0.0,
    "n": 6581
  },
  "DSS": {
    "mean": 0.0,
    "std": 0.0,
    "n": 1444
  },
  "JWST": {
    "mean": 11.096178414551927,
    "std": 6.045641193577513,
    "n": 878
  },
  "KPLO": {
    "mean": 8.503313386411312,
    "std": 6.325175029059784,
    "n": 742
  },
  "LUCY": {
    "mean": 9.107240452853764,
    "std": 4.096695302216328,
    "n": 660
  },
  "M01O": {
    "mean": 7.982009864035094,
    "std": 4.253130992668203,
    "n": 1488
  },
  "MMS2": {
    "mean": 12.06401224109832,
    "std": 5.512699898689087,
    "n": 174
  },
  "ORX": {
    "mean": 3.7200973495281326,
    "std": 6.102474959552059,
    "n": 358
  },
  "SOHO": {
    "mean": 10.226716813606835,
    "std": 4.619367155807094,
    "n": 1204
  },
  "SPP": {
    "mean": 8.923976749230302,
    "std": 4.448321862370817,
    "n": 758
  },
  "VGR2": {
    "mean": 4.275885719454546,
    "std": 1.7910852024364838,
    "n": 596
  },
  "CAPS": {
    "mean": 9.1757348286457,
    "std": 5.519333550709161,
    "n": 211
  },
  "MRO": {
    "mean": 11.124437970109069,
    "std": 5.890190070726861,
    "n": 633
  },
  "STA": {
    "mean": 10.529563281041009,
    "std": 5.282909194840433,
    "n": 463
  },
  "IMAP": {
    "mean": 10.74386359494364,
    "std": 5.434713121540389,
    "n": 270
  },
  "MMS3": {
    "mean": 11.890535090203787,
    "std": 5.670209775919975,
    "n": 173
  },
  "TGO": {
    "mean": 9.961470188706123,
    "std": 5.411342938271041,
    "n": 198
  },
  "TDR8": {
    "mean": 6.839711603308979,
    "std": 3.15492915596383,
    "n": 114
  },
  "MMS4": {
    "mean": 11.91282530749416,
    "std": 5.696787729679368,
    "n": 156
  },
  "WIND": {
    "mean": 7.9200843337802285,
    "std": 4.248490634883256,
    "n": 349
  },
  "ESCB": {
    "mean": 8.078128362725415,
    "std": 3.232204365144141,
    "n": 189
  },
  "THC": {
    "mean": 8.486753541989378,
    "std": 5.4367849299929745,
    "n": 111
  },
  "CHDR": {
    "mean": 8.110959961033949,
    "std": 6.8976998709179,
    "n": 417
  },
  "MMS1": {
    "mean": 10.46489251853019,
    "std": 6.477290751403597,
    "n": 188
  },
  "ESCG": {
    "mean": 7.701540526553268,
    "std": 3.473340056912333,
    "n": 235
  },
  "VGR1": {
    "mean": 4.444025702043485,
    "std": 1.6829361847011406,
    "n": 590
  },
  "DSSR": {
    "mean": 0.0,
    "std": 0.0,
    "n": 113
  },
  "LRO": {
    "mean": 10.659678314993137,
    "std": 6.729695336860913,
    "n": 371
  },
  "SWFO": {
    "mean": 0.28002619512658666,
    "std": 1.4975525649244108,
    "n": 148
  },
  "GBRA": {
    "mean": 0.0,
    "std": 0.0,
    "n": 381
  },
  "EMM": {
    "mean": 9.927111129580219,
    "std": 4.964515800101205,
    "n": 95
  },
  "TESS": {
    "mean": 9.513631567400466,
    "std": 6.392764161118952,
    "n": 114
  },
  "EURC": {
    "mean": 6.649744518250715,
    "std": 5.2280477452132335,
    "n": 207
  },
  "NHPC": {
    "mean": 0.0,
    "std": 0.0,
    "n": 28
  },
  "PSYC": {
    "mean": 9.648849638018193,
    "std": 5.461451433322568,
    "n": 507
  },
  "JNO": {
    "mean": 8.883811279954905,
    "std": 4.583243227297695,
    "n": 877
  },
  "MSL": {
    "mean": 0.23404113439146307,
    "std": 1.0833631985031056,
    "n": 112
  },
  "M20": {
    "mean": 0.39383747965235666,
    "std": 1.3723898151039942,
    "n": 92
  },
  "CGO": {
    "mean": 10.345418617439403,
    "std": 5.5661742124101,
    "n": 168
  },
  "BIOS": {
    "mean": 6.847939958677724,
    "std": 3.85046986974656,
    "n": 50
  },
  "SGP": {
    "mean": 0.0,
    "std": 0.0,
    "n": 34
  },
  "DSCO": {
    "mean": 4.951768775643087,
    "std": 4.951768775643086,
    "n": 28
  },
  "THB": {
    "mean": 8.251807789171703,
    "std": 5.568498912098601,
    "n": 84
  },
  "MMX": {
    "mean": 6.3833415820869694,
    "std": 4.865709226505287,
    "n": 71
  },
  "RST": {
    "mean": 7.504568018465512,
    "std": 6.107700359240118,
    "n": 29
  },
  "XMM": {
    "mean": 10.247047163175289,
    "std": 3.281681488623191,
    "n": 86
  },
  "TEST": {
    "mean": 0.0,
    "std": 0.0,
    "n": 95
  },
  "MEX": {
    "mean": 9.155437514433327,
    "std": 4.828276118324093,
    "n": 37
  },
  "BEPI": {
    "mean": 2.6983295864345913,
    "std": 3.816014296888384,
    "n": 21
  },
  "HYB2": {
    "mean": 0.0,
    "std": 0.0,
    "n": 14
  },
  "HCRA": {
    "mean": 0.0,
    "std": 0.0,
    "n": 32
  },
  "EGS": {
    "mean": 0.0,
    "std": 0.0,
    "n": 3
  }
}