{
  "ACE": {
    "mean": 8.55579054226137,
    "std": 4.864018260401884,
    "n": 249
  },
  "DSN": {
    "mean": 0.0,
    "std": 0.0,
    "n": 4291
  },
  "DSS": {
    "mean": 0.0,
    "std": 0.0,
    "n": 1159
  },
  "JWST": {
    "mean": 10.559492114729002,
    "std": 5.840647852495034,
    "n": 513
  },
  "KPLO": {
    "mean": 8.438801281802451,
    "std": 6.488397009613601,
    "n": 440
  },
  "LUCY": {
    "mean": 8.787823634032412,
    "std": 4.433008028003108,
    "n": 429
  },
  "M01O": {
    "mean": 8.40259311085608,
    "std": 3.8816876356867587,
    "n": 822
  },
  "MMS2": {
    "mean": 11.981971533789627,
    "std": 5.5534966435814,
    "n": 102
  },
  "ORX": {
    "mean": 4.226514637559371,
    "std": 6.3402325869342215,
    "n": 169
  },
  "SOHO": {
    "mean": 10.317319491689883,
    "std": 4.64831475489942,
    "n": 646
  },
  "SPP": {
    "mean": 8.134025062467316,
    "std": 4.288483637482641,
    "n": 393
  },
  "VGR2": {
    "mean": 4.350394940072422,
    "std": 1.6942589953534772,
    "n": 369
  },
  "CAPS": {
    "mean": 8.550023001557202,
    "std": 5.8298383769218205,
    "n": 123
  },
  "MRO": {
    "mean": 11.143184069710324,
    "std": 5.960510417337812,
    "n": 429
  },
  "STA": {
    "mean": 10.441869333687738,
    "std": 5.354536188435037,
    "n": 250
  },
  "IMAP": {
    "mean": 10.462588886385058,
    "std": 5.625514459467115,
    "n": 165
  },
  "MMS3": {
    "mean": 11.688982501392445,
    "std": 5.775851772000568,
    "n": 97
  },
  "TGO": {
    "mean": 9.741212585213052,
    "std": 5.529446226616961,
    "n": 111
  },
  "TDR8": {
    "mean": 6.839711603308979,
    "std": 3.15492915596383,
    "n": 114
  },
  "MMS4": {
    "mean": 12.233396624516224,
    "std": 5.394142428220412,
    "n": 80
  },
  "WIND": {
    "mean": 7.8896854702982,
    "std": 4.080494227812378,
    "n": 216
  },
  "ESCB": {
    "mean": 8.186738073100116,
    "std": 3.2098915480235064,
    "n": 150
  },
  "THC": {
    "mean": 8.479593547570001,
    "std": 5.41878847827797,
    "n": 73
  },
  "CHDR": {
    "mean": 7.917744419435697,
    "std": 6.924290888428937,
    "n": 240
  },
  "MMS1": {
    "mean": 10.571477578138396,
    "std": 6.423127794358891,
    "n": 104
  },
  "ESCG": {
    "mean": 8.076799080170696,
    "std": 3.1924622947536356,
    "n": 152
  },
  "VGR1": {
    "mean": 4.477673153303155,
    "std": 1.6441748807096623,
    "n": 303
  },
  "DSSR": {
    "mean": 0.0,
    "std": 0.0,
    "n": 78
  },
  "LRO": {
    "mean": 10.026038548378562,
    "std": 6.681990244597062,
    "n": 197
  },
  "SWFO": {
    "mean": 0.0,
    "std": 0.0,
    "n": 86
  },
  "GBRA": {
    "mean": 0.0,
    "std": 0.0,
    "n": 259
  },
  "EMM": {
    "mean": 11.641474136744053,
    "std": 3.0089238373033087,
    "n": 48
  },
  "TESS": {
    "mean": 8.19198364748668,
    "std": 5.384932873543318,
    "n": 68
  },
  "EURC": {
    "mean": 6.037504682043215,
    "std": 5.429618681728159,
    "n": 115
  },
  "NHPC": {
    "mean": 0.0,
    "std": 0.0,
    "n": 18
  },
  "PSYC": {
    "mean": 10.293501769517462,
    "std": 5.050960640358492,
    "n": 268
  },
  "JNO": {
    "mean": 8.899483135763605,
    "std": 4.593783181710512,
    "n": 630
  },
  "MSL": {
    "mean": 0.2643384597782702,
    "std": 1.1533211371815495,
    "n": 60
  },
  "M20": {
    "mean": 0.38341849870917255,
    "std": 1.3555891023481068,
    "n": 54
  },
  "CGO": {
    "mean": 9.99178957063216,
    "std": 5.66185155678059,
    "n": 112
  },
  "BIOS": {
    "mean": 7.300921556125871,
    "std": 3.509447946156779,
    "n": 32
  },
  "SGP": {
    "mean": 0.0,
    "std": 0.0,
    "n": 34
  },
  "DSCO": {
    "mean": 4.244373236265502,
    "std": 4.9009800609982594,
    "n": 14
  },
  "THB": {
    "mean": 8.849703852968876,
    "std": 5.208177115089756,
    "n": 43
  },
  "MMX": {
    "mean": 5.125630207147106,
    "std": 4.898461512253476,
    "n": 45
  },
  "RST": {
    "mean": 8.091586331914513,
    "std": 5.869664019498173,
    "n": 19
  },
  "XMM": {
    "mean": 10.096105009505944,
    "std": 3.4834871754517813,
    "n": 47
  },
  "TEST": {
    "mean": 0.0,
    "std": 0.0,
    "n": 35
  },
  "MEX": {
    "mean": 9.286634546249735,
    "std": 4.918249063499639,
    "n": 23
  },
  "BEPI": {
    "mean": 6.2961023683473805,
    "std": 3.365408276344554,
    "n": 9
  },
  "HYB2": {
    "mean": 0.0,
    "std": 0.0,
    "n": 4
  }
}