{
  "ACE": {
    "mean": 8.574665368643913,
    "std": 4.885046908403393,
    "n": 160
  },
  "DSN": {
    "mean": 0.0,
    "std": 0.0,
    "n": 2863
  },
  "DSS": {
    "mean": 0.0,
    "std": 0.0,
    "n": 923
  },
  "JWST": {
    "mean": 10.933660939878553,
    "std": 5.83034612807045,
    "n": 319
  },
  "KPLO": {
    "mean": 8.163861143373033,
    "std": 6.658818654657513,
    "n": 302
  },
  "LUCY": {
    "mean": 9.579378728680897,
    "std": 3.7498470926425256,
    "n": 271
  },
  "M01O": {
    "mean": 8.381746526572092,
    "std": 3.8889845067386943,
    "n": 537
  },
  "MMS2": {
    "mean": 11.86659118273602,
    "std": 5.673220649763587,
    "n": 70
  },
  "ORX": {
    "mean": 3.080985288242628,
    "std": 5.727108170545853,
    "n": 98
  },
  "SOHO": {
    "mean": 10.134637065847848,
    "std": 4.80321260899745,
    "n": 398
  },
  "SPP": {
    "mean": 9.155441236027764,
    "std": 4.214412467906393,
    "n": 306
  },
  "VGR2": {
    "mean": 4.258166207790016,
    "std": 1.7741900558605732,
    "n": 231
  },
  "CAPS": {
    "mean": 8.295280583192385,
    "std": 5.918340377558435,
    "n": 89
  },
  "MRO": {
    "mean": 11.925287388986211,
    "std": 5.456517380327695,
    "n": 308
  },
  "STA": {
    "mean": 10.037371697380257,
    "std": 5.618633111633851,
    "n": 172
  },
  "IMAP": {
    "mean": 10.615757911237935,
    "std": 5.52262153073786,
    "n": 108
  },
  "MMS3": {
    "mean": 11.83662298524841,
    "std": 5.560501288495865,
    "n": 61
  },
  "TGO": {
    "mean": 10.501371360316373,
    "std": 5.078237809411236,
    "n": 53
  },
  "TDR8": {
    "mean": 6.839711603308979,
    "std": 3.15492915596383,
    "n": 114
  },
  "MMS4": {
    "mean": 11.824753899010817,
    "std": 5.686962959026252,
    "n": 48
  },
  "WIND": {
    "mean": 8.21619405194072,
    "std": 4.035145288304969,
    "n": 137
  },
  "ESCB": {
    "mean": 7.489434844041761,
    "std": 3.349377084866587,
    "n": 60
  },
  "THC": {
    "mean": 8.712179279422477,
    "std": 5.3977021546553265,
    "n": 51
  },
  "CHDR": {
    "mean": 7.761362143130144,
    "std": 6.942442045327564,
    "n": 144
  },
  "MMS1": {
    "mean": 10.902272005151843,
    "std": 6.236775286865013,
    "n": 65
  },
  "ESCG": {
    "mean": 8.186929874444884,
    "std": 3.1500045941231565,
    "n": 128
  },
  "VGR1": {
    "mean": 4.570710458955862,
    "std": 1.5278200082502849,
    "n": 199
  },
  "DSSR": {
    "mean": 0.0,
    "std": 0.0,
    "n": 67
  },
  "LRO": {
    "mean": 10.251208889114933,
    "std": 7.071940554086764,
    "n": 83
  },
  "SWFO": {
    "mean": 0.0,
    "std": 0.0,
    "n": 54
  },
  "GBRA": {
    "mean": 0.0,
    "std": 0.0,
    "n": 191
  },
  "EMM": {
    "mean": 11.23413222141711,
    "std": 3.6132761917819316,
    "n": 32
  },
  "TESS": {
    "mean": 7.806572495383343,
    "std": 5.298482933837209,
    "n": 34
  },
  "EURC": {
    "mean": 5.166783501664324,
    "std": 5.612777683650139,
    "n": 75
  },
  "NHPC": {
    "mean": 0.0,
    "std": 0.0,
    "n": 10
  },
  "PSYC": {
    "mean": 9.485625144679679,
    "std": 5.55924257852633,
    "n": 133
  },
  "JNO": {
    "mean": 9.99515060248297,
    "std": 3.690044380954362,
    "n": 232
  },
  "MSL": {
    "mean": 0.0,
    "std": 0.0,
    "n": 41
  },
  "M20": {
    "mean": 0.12624755445302027,
    "std": 0.7984596421953536,
    "n": 41
  },
  "CGO": {
    "mean": 9.471542453181552,
    "std": 5.809184630718614,
    "n": 56
  },
  "BIOS": {
    "mean": 7.236592626705999,
    "std": 3.5321377657923896,
    "n": 26
  },
  "SGP": {
    "mean": 0.0,
    "std": 0.0,
    "n": 34
  },
  "DSCO": {
    "mean": 4.951768775643085,
    "std": 4.951768775643084,
    "n": 10
  },
  "THB": {
    "mean": 8.611753144078193,
    "std": 5.287150690282514,
    "n": 33
  },
  "MMX": {
    "mean": 4.877063057512354,
    "std": 4.978158695392336,
    "n": 42
  },
  "RST": {
    "mean": 4.273278775786431,
    "std": 5.542383218646343,
    "n": 5
  },
  "XMM": {
    "mean": 11.298020796733232,
    "std": 3.426293600148954e-05,
    "n": 12
  },
  "TEST": {
    "mean": 0.0,
    "std": 0.0,
    "n": 17
  },
  "MEX": {
    "mean": 12.476532887085018,
    "std": 0.0001261558864521717,
    "n": 8
  },
  "BEPI": {
    "mean": 6.2961023683473805,
    "std": 3.365408276344554,
    "n": 9
  },
  "HYB2": {
    "mean": 0.0,
    "std": 0.0,
    "n": 4
  }
}