{
  "ACE": {
    "mean": 8.35444524776443,
    "std": 4.958901139729893,
    "n": 738
  },
  "DSN": {
    "mean": 0.0,
    "std": 0.0,
    "n": 11211
  },
  "DSS": {
    "mean": 0.0,
    "std": 0.0,
    "n": 2105
  },
  "JWST": {
    "mean": 11.412851563079752,
    "std": 5.920478848891105,
    "n": 1747
  },
  "KPLO": {
    "mean": 8.73086952619457,
    "std": 6.227116445279675,
    "n": 1406
  },
  "LUCY": {
    "mean": 9.016566269347356,
    "std": 3.939358382827182,
    "n": 875
  },
  "M01O": {
    "mean": 7.853967747758648,
    "std": 4.284930940332724,
    "n": 2688
  },
  "MMS2": {
    "mean": 11.881614812228513,
    "std": 5.664504136121153,
    "n": 357
  },
  "ORX": {
    "mean": 4.270808666657186,
    "std": 6.3654069006177485,
    "n": 802
  },
  "SOHO": {
    "mean": 10.404171376746309,
    "std": 4.513868393404452,
    "n": 2355
  },
  "SPP": {
    "mean": 8.882440090358735,
    "std": 4.580355471972303,
    "n": 1237
  },
  "VGR2": {
    "mean": 4.187378429176633,
    "std": 1.8705845177578675,
    "n": 1110
  },
  "CAPS": {
    "mean": 9.169626422469072,
    "std": 5.515984283082913,
    "n": 373
  },
  "MRO": {
    "mean": 11.357112140788388,
    "std": 5.703652540237805,
    "n": 1267
  },
  "STA": {
    "mean": 10.59728194840765,
    "std": 5.225621106628117,
    "n": 865
  },
  "IMAP": {
    "mean": 10.68099884233957,
    "std": 5.478502412673328,
    "n": 461
  },
  "MMS3": {
    "mean": 11.7668286265798,
    "std": 5.757958686833525,
    "n": 337
  },
  "TGO": {
    "mean": 10.50848055621284,
    "std": 5.058261569697154,
    "n": 384
  },
  "TDR8": {
    "mean": 7.014025107082547,
    "std": 2.9972898409743474,
    "n": 136
  },
  "MMS4": {
    "mean": 12.000394548815015,
    "std": 5.596123978898027,
    "n": 314
  },
  "WIND": {
    "mean": 7.872429730070438,
    "std": 4.173543707434817,
    "n": 655
  },
  "ESCB": {
    "mean": 7.816852453699548,
    "std": 3.422471766084753,
    "n": 448
  },
  "THC": {
    "mean": 8.16324649609794,
    "std": 5.648212518722296,
    "n": 184
  },
  "CHDR": {
    "mean": 8.181389909900606,
    "std": 6.872183428152206,
    "n": 764
  },
  "MMS1": {
    "mean": 10.721383714046139,
    "std": 6.347038337319795,
    "n": 386
  },
  "ESCG": {
    "mean": 7.629744341358703,
    "std": 3.6330871348012352,
    "n": 373
  },
  "VGR1": {
    "mean": 4.1429995965145725,
    "std": 1.963823469105068,
    "n": 1274
  },
  "DSSR": {
    "mean": 0.0,
    "std": 0.0,
    "n": 256
  },
  "LRO": {
    "mean": 10.683011764547011,
    "std": 6.406117168086656,
    "n": 826
  },
  "SWFO": {
    "mean": 0.21816720337011045,
    "std": 1.3270602162643328,
    "n": 266
  },
  "GBRA": {
    "mean": 0.0,
    "std": 0.0,
    "n": 619
  },
  "EMM": {
    "mean": 10.10300937413302,
    "std": 4.819765948095871,
    "n": 205
  },
  "TESS": {
    "mean": 10.069945880849138,
    "std": 6.689301786347574,
    "n": 231
  },
  "EURC": {
    "mean": 6.580969343144179,
    "std": 4.682794907160213,
    "n": 486
  },
  "NHPC": {
    "mean": 2.7471358076614916,
    "std": 2.9538299502397596,
    "n": 489
  },
  "PSYC": {
    "mean": 9.721354123946155,
    "std": 5.426520296329287,
    "n": 682
  },
  "JNO": {
    "mean": 8.985603131478909,
    "std": 4.165547165139716,
    "n": 1699
  },
  "MSL": {
    "mean": 0.3890330997020975,
    "std": 1.3676191765791825,
    "n": 227
  },
  "M20": {
    "mean": 0.4370970885284567,
    "std": 1.4392449802223781,
    "n": 225
  },
  "CGO": {
    "mean": 10.255237957775261,
    "std": 5.567524364717267,
    "n": 291
  },
  "BIOS": {
    "mean": 7.000237304147708,
    "std": 3.7431823578094545,
    "n": 90
  },
  "SGP": {
    "mean": 0.0,
    "std": 0.0,
    "n": 111
  },
  "DSCO": {
    "mean": 4.854675270238321,
    "std": 4.950816787020306,
    "n": 51
  },
  "THB": {
    "mean": 8.127425734448254,
    "std": 5.624767373043861,
    "n": 131
  },
  "MMX": {
    "mean": 6.447047574555721,
    "std": 4.86009682234796,
    "n": 75
  },
  "RST": {
    "mean": 6.2573459288108575,
    "std": 5.9069727957618285,
    "n": 50
  },
  "XMM": {
    "mean": 10.356520785449455,
    "std": 3.1226085073686924,
    "n": 144
  },
  "TEST": {
    "mean": 0.0,
    "std": 0.0,
    "n": 220
  },
  "MEX": {
    "mean": 9.495547254342087,
    "std": 4.561461788079343,
    "n": 59
  },
  "BEPI": {
    "mean": 4.342343111860535,
    "std": 5.071384013101949,
    "n": 40
  },
  "HYB2": {
    "mean": 4.1767749285408255,
    "std": 3.2512601559797702,
    "n": 463
  },
  "HCRA": {
    "mean": 0.0,
    "std": 0.0,
    "n": 74
  },
  "EGS": {
    "mean": 0.0,
    "std": 0.0,
    "n": 16
  }
}