{
  "ACE": {
    "mean": 8.24598328222403,
    "std": 5.0122954356702465,
    "n": 792
  },
  "DSN": {
    "mean": 0.0,
    "std": 0.0,
    "n": 11991
  },
  "DSS": {
    "mean": 0.0,
    "std": 0.0,
    "n": 2266
  },
  "JWST": {
    "mean": 11.386641380628951,
    "std": 5.854648694826888,
    "n": 1895
  },
  "KPLO": {
    "mean": 8.788285666084692,
    "std": 6.166872316489074,
    "n": 1542
  },
  "LUCY": {
    "mean": 9.001552466438103,
    "std": 3.9024681635734186,
    "n": 926
  },
  "M01O": {
    "mean": 7.881320061075439,
    "std": 4.257798774694143,
    "n": 2884
  },
  "MMS2": {
    "mean": 11.910810325984013,
    "std": 5.625671544462559,
    "n": 390
  },
  "ORX": {
    "mean": 4.353572383503458,
    "std": 6.399039087762914,
    "n": 850
  },
  "SOHO": {
    "mean": 10.41640182016413,
    "std": 4.506981218405367,
    "n": 2556
  },
  "SPP": {
    "mean": 8.738894248476107,
    "std": 4.552979008286684,
    "n": 1299
  },
  "VGR2": {
    "mean": 4.210153697453185,
    "std": 1.8463564427377808,
    "n": 1185
  },
  "CAPS": {
    "mean": 9.297385094316214,
    "std": 5.4405666928605525,
    "n": 416
  },
  "MRO": {
    "mean": 11.451127706920639,
    "std": 5.638969820261645,
    "n": 1349
  },
  "STA": {
    "mean": 10.596897843240932,
    "std": 5.217965160003812,
    "n": 949
  },
  "IMAP": {
    "mean": 10.737951833662892,
    "std": 5.436050410188496,
    "n": 505
  },
  "MMS3": {
    "mean": 11.854867101815884,
    "std": 5.691219214749561,
    "n": 369
  },
  "TGO": {
    "mean": 10.466059401314979,
    "std": 5.098295643964414,
    "n": 408
  },
  "TDR8": {
    "mean": 7.014025107082547,
    "std": 2.9972898409743474,
    "n": 136
  },
  "MMS4": {
    "mean": 11.755807002119505,
    "std": 5.788122934636477,
    "n": 349
  },
  "WIND": {
    "mean": 7.8504332015561955,
    "std": 4.175594665589772,
    "n": 685
  },
  "ESCB": {
    "mean": 7.743913936275302,
    "std": 3.457459194240064,
    "n": 494
  },
  "THC": {
    "mean": 8.120110571415381,
    "std": 5.6545808022159525,
    "n": 207
  },
  "CHDR": {
    "mean": 8.195091752992674,
    "std": 6.869644046631011,
    "n": 824
  },
  "MMS1": {
    "mean": 10.709414621418574,
    "std": 6.364396594260015,
    "n": 426
  },
  "ESCG": {
    "mean": 7.667300847575416,
    "std": 3.646622456547681,
    "n": 409
  },
  "VGR1": {
    "mean": 3.9014898535313858,
    "std": 2.139757248988556,
    "n": 1439
  },
  "DSSR": {
    "mean": 0.0,
    "std": 0.0,
    "n": 278
  },
  "LRO": {
    "mean": 10.354980600759994,
    "std": 6.499467919704432,
    "n": 944
  },
  "SWFO": {
    "mean": 0.1960556624880046,
    "std": 1.2597361544685268,
    "n": 296
  },
  "GBRA": {
    "mean": 0.0,
    "std": 0.0,
    "n": 643
  },
  "EMM": {
    "mean": 10.076165978371462,
    "std": 4.840854724692306,
    "n": 224
  },
  "TESS": {
    "mean": 9.851685441483488,
    "std": 6.676837139320293,
    "n": 243
  },
  "EURC": {
    "mean": 6.60792411160258,
    "std": 4.557867320968567,
    "n": 538
  },
  "NHPC": {
    "mean": 2.560099620654367,
    "std": 2.943963694803724,
    "n": 651
  },
  "PSYC": {
    "mean": 9.752596437688219,
    "std": 5.407756826936085,
    "n": 706
  },
  "JNO": {
    "mean": 9.0175106586655,
    "std": 4.14797999951958,
    "n": 1769
  },
  "MSL": {
    "mean": 0.33075098738717656,
    "std": 1.2686417955283709,
    "n": 267
  },
  "M20": {
    "mean": 0.4370970885284567,
    "std": 1.4392449802223781,
    "n": 225
  },
  "CGO": {
    "mean": 10.280951203414133,
    "std": 5.537429223463082,
    "n": 315
  },
  "BIOS": {
    "mean": 6.908636657782526,
    "std": 3.8018288013863715,
    "n": 99
  },
  "SGP": {
    "mean": 0.0,
    "std": 0.0,
    "n": 111
  },
  "DSCO": {
    "mean": 4.854675270238321,
    "std": 4.950816787020306,
    "n": 51
  },
  "THB": {
    "mean": 8.174940783804717,
    "std": 5.599068453312844,
    "n": 136
  },
  "MMX": {
    "mean": 6.286980854753921,
    "std": 4.837917009469494,
    "n": 84
  },
  "RST": {
    "mean": 5.586916007866837,
    "std": 5.907579842444726,
    "n": 56
  },
  "XMM": {
    "mean": 10.356520785449455,
    "std": 3.1226085073686924,
    "n": 144
  },
  "TEST": {
    "mean": 0.0,
    "std": 0.0,
    "n": 271
  },
  "MEX": {
    "mean": 9.047078129776725,
    "std": 5.0458436701078355,
    "n": 89
  },
  "BEPI": {
    "mean": 4.342343111860535,
    "std": 5.071384013101949,
    "n": 40
  },
  "HYB2": {
    "mean": 4.1767749285408255,
    "std": 3.2512601559797702,
    "n": 463
  },
  "HCRA": {
    "mean": 0.0,
    "std": 0.0,
    "n": 74
  },
  "EGS": {
    "mean": 0.0,
    "std": 0.0,
    "n": 16
  },
  "TERR": {
    "mean": 0.0,
    "std": 0.0,
    "n": 5
  }
}