{
  "ACE": {
    "mean": 8.44128614333056,
    "std": 4.928239468829352,
    "n": 303
  },
  "DSN": {
    "mean": 0.0,
    "std": 0.0,
    "n": 5163
  },
  "DSS": {
    "mean": 0.0,
    "std": 0.0,
    "n": 1250
  },
  "JWST": {
    "mean": 10.96606850091584,
    "std": 5.991743734451561,
    "n": 627
  },
  "KPLO": {
    "mean": 8.324902722187183,
    "std": 6.519241226945564,
    "n": 506
  },
  "LUCY": {
    "mean": 8.961587174778352,
    "std": 4.251758676162655,
    "n": 550
  },
  "M01O": {
    "mean": 7.90005386316708,
    "std": 4.306209226925365,
    "n": 1036
  },
  "MMS2": {
    "mean": 12.00763488702174,
    "std": 5.572931663615737,
    "n": 130
  },
  "ORX": {
    "mean": 3.886032998314993,
    "std": 6.185589700820214,
    "n": 212
  },
  "SOHO": {
    "mean": 10.330212801296938,
    "std": 4.637039570976567,
    "n": 805
  },
  "SPP": {
    "mean": 7.834120274853785,
    "std": 4.222267906320364,
    "n": 433
  },
  "VGR2": {
    "mean": 4.389083318511571,
    "std": 1.665150975697282,
    "n": 434
  },
  "CAPS": {
    "mean": 8.548626884666698,
    "std": 5.817494194982348,
    "n": 136
  },
  "MRO": {
    "mean": 11.268810486017298,
    "std": 5.8241417284075405,
    "n": 510
  },
  "STA": {
    "mean": 10.428695874605515,
    "std": 5.374408522249571,
    "n": 334
  },
  "IMAP": {
    "mean": 10.413082236959132,
    "std": 5.658995403280509,
    "n": 193
  },
  "MMS3": {
    "mean": 11.57394137243285,
    "std": 5.878502731494647,
    "n": 127
  },
  "TGO": {
    "mean": 9.933344264467191,
    "std": 5.43139372927346,
    "n": 135
  },
  "TDR8": {
    "mean": 6.839711603308979,
    "std": 3.15492915596383,
    "n": 114
  },
  "MMS4": {
    "mean": 12.106936413489393,
    "std": 5.512094005813414,
    "n": 105
  },
  "WIND": {
    "mean": 7.970030889161063,
    "std": 4.21450732276207,
    "n": 256
  },
  "ESCB": {
    "mean": 8.186738073100116,
    "std": 3.2098915480235064,
    "n": 150
  },
  "THC": {
    "mean": 8.487213968135046,
    "std": 5.4982598661287385,
    "n": 82
  },
  "CHDR": {
    "mean": 8.005982177578847,
    "std": 6.913655521897974,
    "n": 302
  },
  "MMS1": {
    "mean": 10.486967373960622,
    "std": 6.4620788543784276,
    "n": 131
  },
  "ESCG": {
    "mean": 7.649021176320358,
    "std": 3.5469539181897303,
    "n": 184
  },
  "VGR1": {
    "mean": 4.512316146701526,
    "std": 1.602347433117392,
    "n": 384
  },
  "DSSR": {
    "mean": 0.0,
    "std": 0.0,
    "n": 85
  },
  "LRO": {
    "mean": 10.040462073096734,
    "std": 6.749246683609391,
    "n": 250
  },
  "SWFO": {
    "mean": 0.0,
    "std": 0.0,
    "n": 99
  },
  "GBRA": {
    "mean": 0.0,
    "std": 0.0,
    "n": 321
  },
  "EMM": {
    "mean": 11.325697287323143,
    "std": 3.5141971093333795,
    "n": 57
  },
  "TESS": {
    "mean": 8.14508301047143,
    "std": 5.393069797129331,
    "n": 79
  },
  "EURC": {
    "mean": 6.391661970651196,
    "std": 5.4387999529639615,
    "n": 140
  },
  "NHPC": {
    "mean": 0.0,
    "std": 0.0,
    "n": 23
  },
  "PSYC": {
    "mean": 10.410184551208003,
    "std": 4.944789005035892,
    "n": 326
  },
  "JNO": {
    "mean": 8.814391527204107,
    "std": 4.5952874962514265,
    "n": 744
  },
  "MSL": {
    "mean": 0.20597802060644432,
    "std": 1.0239634812655733,
    "n": 77
  },
  "M20": {
    "mean": 0.26544357602942714,
    "std": 1.1417159905260457,
    "n": 78
  },
  "CGO": {
    "mean": 10.184248384612554,
    "std": 5.604290124173478,
    "n": 140
  },
  "BIOS": {
    "mean": 7.354588970934565,
    "std": 3.4980928384520924,
    "n": 38
  },
  "SGP": {
    "mean": 0.0,
    "std": 0.0,
    "n": 34
  },
  "DSCO": {
    "mean": 4.456591898078777,
    "std": 4.926947723221698,
    "n": 20
  },
  "THB": {
    "mean": 8.752697345206279,
    "std": 5.423163308485524,
    "n": 51
  },
  "MMX": {
    "mean": 6.016493598113673,
    "std": 4.865458928163983,
    "n": 55
  },
  "RST": {
    "mean": 8.091586331914513,
    "std": 5.869664019498173,
    "n": 19
  },
  "XMM": {
    "mean": 10.08752262698692,
    "std": 3.4944203426957317,
    "n": 56
  },
  "TEST": {
    "mean": 0.0,
    "std": 0.0,
    "n": 48
  },
  "MEX": {
    "mean": 9.596479852114397,
    "std": 4.599740883340531,
    "n": 27
  },
  "BEPI": {
    "mean": 6.2961023683473805,
    "std": 3.365408276344554,
    "n": 9
  },
  "HYB2": {
    "mean": 0.0,
    "std": 0.0,
    "n": 8
  },
  "HCRA": {
    "mean": 0.0,
    "std": 0.0,
    "n": 14
  }
}