{
  "ACE": {
    "mean": 8.40395940638018,
    "std": 4.964887781104181,
    "n": 433
  },
  "DSN": {
    "mean": 0.0,
    "std": 0.0,
    "n": 6881
  },
  "DSS": {
    "mean": 0.0,
    "std": 0.0,
    "n": 1466
  },
  "JWST": {
    "mean": 11.282106197906646,
    "std": 6.0933010462822885,
    "n": 944
  },
  "KPLO": {
    "mean": 8.66667238068467,
    "std": 6.366403582720457,
    "n": 785
  },
  "LUCY": {
    "mean": 9.113238631967725,
    "std": 4.088051000223048,
    "n": 675
  },
  "M01O": {
    "mean": 7.725312932116956,
    "std": 4.407185212120337,
    "n": 1614
  },
  "MMS2": {
    "mean": 12.088207496036205,
    "std": 5.4986032257338024,
    "n": 187
  },
  "ORX": {
    "mean": 3.8097481833707096,
    "std": 6.147717189146311,
    "n": 382
  },
  "SOHO": {
    "mean": 10.292396850605403,
    "std": 4.569083148220191,
    "n": 1294
  },
  "SPP": {
    "mean": 8.717448604597912,
    "std": 4.4469885128118705,
    "n": 797
  },
  "VGR2": {
    "mean": 4.288082900020501,
    "std": 1.7717785586224475,
    "n": 633
  },
  "CAPS": {
    "mean": 9.068768371762118,
    "std": 5.580382323410545,
    "n": 226
  },
  "MRO": {
    "mean": 11.088613322512881,
    "std": 5.903916982312864,
    "n": 673
  },
  "STA": {
    "mean": 10.501941253971786,
    "std": 5.30763929957832,
    "n": 497
  },
  "IMAP": {
    "mean": 10.801983445365257,
    "std": 5.389842763915585,
    "n": 286
  },
  "MMS3": {
    "mean": 11.912146285594702,
    "std": 5.665805154168136,
    "n": 190
  },
  "TGO": {
    "mean": 9.994057337823186,
    "std": 5.392300375443667,
    "n": 209
  },
  "TDR8": {
    "mean": 6.839711603308979,
    "std": 3.15492915596383,
    "n": 114
  },
  "MMS4": {
    "mean": 11.975641693539814,
    "std": 5.639723722081274,
    "n": 171
  },
  "WIND": {
    "mean": 7.841049730289793,
    "std": 4.255175331004433,
    "n": 375
  },
  "ESCB": {
    "mean": 8.049237850324007,
    "std": 3.235593226278354,
    "n": 217
  },
  "THC": {
    "mean": 8.425729479762285,
    "std": 5.459301703226404,
    "n": 116
  },
  "CHDR": {
    "mean": 8.123756972894357,
    "std": 6.892953489146799,
    "n": 442
  },
  "MMS1": {
    "mean": 10.40528284942319,
    "std": 6.519943582722796,
    "n": 206
  },
  "ESCG": {
    "mean": 7.701540526553268,
    "std": 3.473340056912333,
    "n": 235
  },
  "VGR1": {
    "mean": 4.454566760880989,
    "std": 1.6638829674589686,
    "n": 647
  },
  "DSSR": {
    "mean": 0.0,
    "std": 0.0,
    "n": 113
  },
  "LRO": {
    "mean": 10.860727018981729,
    "std": 6.677114804486026,
    "n": 419
  },
  "SWFO": {
    "mean": 0.2639737380811135,
    "std": 1.455452085501036,
    "n": 157
  },
  "GBRA": {
    "mean": 0.0,
    "std": 0.0,
    "n": 410
  },
  "EMM": {
    "mean": 10.026875683153918,
    "std": 4.8874313541980285,
    "n": 99
  },
  "TESS": {
    "mean": 9.570142069355327,
    "std": 6.344178468224271,
    "n": 123
  },
  "EURC": {
    "mean": 6.891575506343641,
    "std": 5.297181724747909,
    "n": 222
  },
  "NHPC": {
    "mean": 0.0,
    "std": 0.0,
    "n": 28
  },
  "PSYC": {
    "mean": 9.442373441912837,
    "std": 5.581673350477218,
    "n": 533
  },
  "JNO": {
    "mean": 8.89885618572783,
    "std": 4.5367215131565315,
    "n": 959
  },
  "MSL": {
    "mean": 0.2047859925925302,
    "std": 1.0163451114846511,
    "n": 128
  },
  "M20": {
    "mean": 0.3735365786393486,
    "std": 1.3393848162679072,
    "n": 97
  },
  "CGO": {
    "mean": 10.285993424298908,
    "std": 5.615109006907511,
    "n": 173
  },
  "BIOS": {
    "mean": 6.799526198420348,
    "std": 3.87844496642235,
    "n": 53
  },
  "SGP": {
    "mean": 0.0,
    "std": 0.0,
    "n": 34
  },
  "DSCO": {
    "mean": 5.111503252276735,
    "std": 4.9491917425382095,
    "n": 31
  },
  "THB": {
    "mean": 8.094604453150914,
    "std": 5.62162860933501,
    "n": 90
  },
  "MMX": {
    "mean": 6.3833415820869694,
    "std": 4.865709226505287,
    "n": 71
  },
  "RST": {
    "mean": 7.504568018465512,
    "std": 6.107700359240118,
    "n": 29
  },
  "XMM": {
    "mean": 10.403132049426544,
    "std": 3.0511786047110028,
    "n": 101
  },
  "TEST": {
    "mean": 0.0,
    "std": 0.0,
    "n": 95
  },
  "MEX": {
    "mean": 9.32574765239274,
    "std": 4.759553845465456,
    "n": 39
  },
  "BEPI": {
    "mean": 2.6983295864345913,
    "std": 3.816014296888384,
    "n": 21
  },
  "HYB2": {
    "mean": 0.0,
    "std": 0.0,
    "n": 16
  },
  "HCRA": {
    "mean": 0.0,
    "std": 0.0,
    "n": 32
  },
  "EGS": {
    "mean": 0.0,
    "std": 0.0,
    "n": 3
  }
}