{
  "ACE": {
    "mean": 8.357347543391768,
    "std": 4.958463159165228,
    "n": 750
  },
  "DSN": {
    "mean": 0.0,
    "std": 0.0,
    "n": 11460
  },
  "DSS": {
    "mean": 0.0,
    "std": 0.0,
    "n": 2192
  },
  "JWST": {
    "mean": 11.38859619557592,
    "std": 5.901583558088531,
    "n": 1801
  },
  "KPLO": {
    "mean": 8.67744992662494,
    "std": 6.172420109394637,
    "n": 1451
  },
  "LUCY": {
    "mean": 9.026908214267419,
    "std": 3.918243702452215,
    "n": 885
  },
  "M01O": {
    "mean": 7.8597311252280555,
    "std": 4.275079424510516,
    "n": 2754
  },
  "MMS2": {
    "mean": 11.87119972621433,
    "std": 5.6766441093219004,
    "n": 366
  },
  "ORX": {
    "mean": 4.382248182583312,
    "std": 6.409142248076726,
    "n": 816
  },
  "SOHO": {
    "mean": 10.402519147948212,
    "std": 4.516966889669254,
    "n": 2421
  },
  "SPP": {
    "mean": 8.867639267244043,
    "std": 4.58870497351564,
    "n": 1240
  },
  "VGR2": {
    "mean": 4.206448055237376,
    "std": 1.855358458648244,
    "n": 1140
  },
  "CAPS": {
    "mean": 9.183109418082207,
    "std": 5.507445220866156,
    "n": 386
  },
  "MRO": {
    "mean": 11.362137999249585,
    "std": 5.703415010790343,
    "n": 1278
  },
  "STA": {
    "mean": 10.618293976027235,
    "std": 5.207322910392714,
    "n": 883
  },
  "IMAP": {
    "mean": 10.736565223155901,
    "std": 5.4373987273880156,
    "n": 490
  },
  "MMS3": {
    "mean": 11.767621782487081,
    "std": 5.763766885527628,
    "n": 352
  },
  "TGO": {
    "mean": 10.50848055621284,
    "std": 5.058261569697154,
    "n": 384
  },
  "TDR8": {
    "mean": 7.014025107082547,
    "std": 2.9972898409743474,
    "n": 136
  },
  "MMS4": {
    "mean": 11.909617293685267,
    "std": 5.676321882989391,
    "n": 330
  },
  "WIND": {
    "mean": 7.84630216503178,
    "std": 4.17657886435071,
    "n": 665
  },
  "ESCB": {
    "mean": 7.813415067124671,
    "std": 3.414447629313799,
    "n": 462
  },
  "THC": {
    "mean": 8.16324649609794,
    "std": 5.648212518722296,
    "n": 184
  },
  "CHDR": {
    "mean": 8.189830562648677,
    "std": 6.871184307855385,
    "n": 782
  },
  "MMS1": {
    "mean": 10.738168925191584,
    "std": 6.343009455896699,
    "n": 395
  },
  "ESCG": {
    "mean": 7.678819799000944,
    "std": 3.661046819124107,
    "n": 388
  },
  "VGR1": {
    "mean": 4.049426819199436,
    "std": 2.0376990006571027,
    "n": 1340
  },
  "DSSR": {
    "mean": 0.0,
    "std": 0.0,
    "n": 256
  },
  "LRO": {
    "mean": 10.563273044371421,
    "std": 6.431532617253014,
    "n": 850
  },
  "SWFO": {
    "mean": 0.20950352381389664,
    "std": 1.3011414043036011,
    "n": 277
  },
  "GBRA": {
    "mean": 0.0,
    "std": 0.0,
    "n": 643
  },
  "EMM": {
    "mean": 10.10300937413302,
    "std": 4.819765948095871,
    "n": 205
  },
  "TESS": {
    "mean": 9.93754733322345,
    "std": 6.699396464650826,
    "n": 237
  },
  "EURC": {
    "mean": 6.581077861365769,
    "std": 4.582401306775848,
    "n": 512
  },
  "NHPC": {
    "mean": 2.549648724191217,
    "std": 2.9410859634125828,
    "n": 540
  },
  "PSYC": {
    "mean": 9.724305678279025,
    "std": 5.425174156765904,
    "n": 691
  },
  "JNO": {
    "mean": 8.995115251601561,
    "std": 4.142171797895848,
    "n": 1719
  },
  "MSL": {
    "mean": 0.36950005703923067,
    "std": 1.3355483025963615,
    "n": 239
  },
  "M20": {
    "mean": 0.4370970885284567,
    "std": 1.4392449802223781,
    "n": 225
  },
  "CGO": {
    "mean": 10.255237957775261,
    "std": 5.567524364717267,
    "n": 291
  },
  "BIOS": {
    "mean": 7.000237304147708,
    "std": 3.7431823578094545,
    "n": 90
  },
  "SGP": {
    "mean": 0.0,
    "std": 0.0,
    "n": 111
  },
  "DSCO": {
    "mean": 4.854675270238321,
    "std": 4.950816787020306,
    "n": 51
  },
  "THB": {
    "mean": 8.127425734448254,
    "std": 5.624767373043861,
    "n": 131
  },
  "MMX": {
    "mean": 6.447047574555721,
    "std": 4.86009682234796,
    "n": 75
  },
  "RST": {
    "mean": 6.2573459288108575,
    "std": 5.9069727957618285,
    "n": 50
  },
  "XMM": {
    "mean": 10.356520785449455,
    "std": 3.1226085073686924,
    "n": 144
  },
  "TEST": {
    "mean": 0.0,
    "std": 0.0,
    "n": 258
  },
  "MEX": {
    "mean": 9.3423261489249,
    "std": 4.873425922516413,
    "n": 80
  },
  "BEPI": {
    "mean": 4.342343111860535,
    "std": 5.071384013101949,
    "n": 40
  },
  "HYB2": {
    "mean": 4.1767749285408255,
    "std": 3.2512601559797702,
    "n": 463
  },
  "HCRA": {
    "mean": 0.0,
    "std": 0.0,
    "n": 74
  },
  "EGS": {
    "mean": 0.0,
    "std": 0.0,
    "n": 16
  }
}