{
  "ACE": {
    "mean": 7.722913925735836,
    "std": 5.315273897873497,
    "n": 28
  },
  "DSN": {
    "mean": 0.0,
    "std": 0.0,
    "n": 349
  },
  "DSS": {
    "mean": 0.0,
    "std": 0.0,
    "n": 155
  },
  "JWST": {
    "mean": 13.298676183074072,
    "std": 5.705968721048818,
    "n": 41
  },
  "KPLO": {
    "mean": 5.596005338813355,
    "std": 5.446407663791242,
    "n": 42
  },
  "LUCY": {
    "mean": 10.147564497575154,
    "std": 3.0142758163414105,
    "n": 37
  },
  "M01O": {
    "mean": 8.328243034086416,
    "std": 3.674407009382468,
    "n": 69
  },
  "MMS2": {
    "mean": 10.423694524090223,
    "std": 6.596686430710676,
    "n": 7
  },
  "ORX": {
    "mean": 6.043271439170355,
    "std": 6.853798235382321,
    "n": 16
  },
  "SOHO": {
    "mean": 10.489248629116092,
    "std": 4.49122794054802,
    "n": 71
  },
  "SPP": {
    "mean": 7.934130969374962,
    "std": 3.418722139232826,
    "n": 41
  },
  "VGR2": {
    "mean": 4.495076528428824,
    "std": 1.623430869918858,
    "n": 52
  },
  "CAPS": {
    "mean": 7.26421303399404,
    "std": 6.13938055293441,
    "n": 12
  },
  "MRO": {
    "mean": 10.44106065854629,
    "std": 6.11933635914884,
    "n": 47
  },
  "STA": {
    "mean": 6.649723708907697,
    "std": 6.651314116632824,
    "n": 22
  },
  "IMAP": {
    "mean": 11.553479760954929,
    "std": 4.71668836131869,
    "n": 21
  },
  "MMS3": {
    "mean": 8.36250205888564,
    "std": 7.072458209579446,
    "n": 12
  },
  "TGO": {
    "mean": 11.546787508294866,
    "std": 4.560472355080118,
    "n": 15
  },
  "TDR8": {
    "mean": 6.6047200589048325,
    "std": 3.340538870404897,
    "n": 54
  },
  "MMS4": {
    "mean": 11.048851267378762,
    "std": 6.379057253457266,
    "n": 8
  },
  "WIND": {
    "mean": 7.303611990394738,
    "std": 3.2662746016511113,
    "n": 18
  },
  "ESCB": {
    "mean": 7.114963101839682,
    "std": 3.649899059186077,
    "n": 24
  },
  "THC": {
    "mean": 9.617532833982262,
    "std": 5.625208682398356,
    "n": 8
  },
  "CHDR": {
    "mean": 6.6608488669786725,
    "std": 6.98595722801136,
    "n": 21
  },
  "MMS1": {
    "mean": 9.8212011265589,
    "std": 6.944637915986757,
    "n": 9
  },
  "ESCG": {
    "mean": 6.665592371820566,
    "std": 4.7132855667396445,
    "n": 6
  },
  "VGR1": {
    "mean": 4.516803879986191,
    "std": 1.5969313264139706,
    "n": 18
  },
  "DSSR": {
    "mean": 0.0,
    "std": 0.0,
    "n": 14
  },
  "LRO": {
    "mean": 8.808480288756181,
    "std": 6.501704187639039,
    "n": 6
  },
  "SWFO": {
    "mean": 0.0,
    "std": 0.0,
    "n": 6
  },
  "GBRA": {
    "mean": 0.0,
    "std": 0.0,
    "n": 16
  },
  "EMM": {
    "mean": 11.269348936844743,
    "std": 3.563681038762641,
    "n": 11
  },
  "TESS": {
    "mean": 4.840203249634437,
    "std": 4.840203249634437,
    "n": 4
  },
  "EURC": {
    "mean": 6.173484142518602,
    "std": 5.734930793741121,
    "n": 5
  },
  "NHPC": {
    "mean": 0.0,
    "std": 0.0,
    "n": 5
  },
  "PSYC": {
    "mean": 10.097561408969591,
    "std": 5.214358289899458,
    "n": 19
  },
  "JNO": {
    "mean": 9.80320462711202,
    "std": 3.998216044548757,
    "n": 22
  },
  "MSL": {
    "mean": 0.0,
    "std": 0.0,
    "n": 5
  },
  "M20": {
    "mean": 0.0,
    "std": 0.0,
    "n": 9
  },
  "CGO": {
    "mean": 6.049982052265153,
    "std": 5.314335654992488,
    "n": 5
  },
  "BIOS": {
    "mean": 4.494472645598045,
    "std": 4.494472645598045,
    "n": 4
  }
}