{
  "ACE": {
    "mean": 8.395560073943312,
    "std": 4.922372004644065,
    "n": 499
  },
  "DSN": {
    "mean": 0.0,
    "std": 0.0,
    "n": 7763
  },
  "DSS": {
    "mean": 0.0,
    "std": 0.0,
    "n": 1609
  },
  "JWST": {
    "mean": 11.243816405410636,
    "std": 5.984942272104317,
    "n": 1113
  },
  "KPLO": {
    "mean": 8.650765394757066,
    "std": 6.269200390763745,
    "n": 888
  },
  "LUCY": {
    "mean": 9.123937598029643,
    "std": 4.0317420722832855,
    "n": 718
  },
  "M01O": {
    "mean": 7.7923709335465245,
    "std": 4.371640355445897,
    "n": 1860
  },
  "MMS2": {
    "mean": 12.120897333823072,
    "std": 5.484301141744476,
    "n": 224
  },
  "ORX": {
    "mean": 4.038189856227759,
    "std": 6.2619690597379725,
    "n": 480
  },
  "SOHO": {
    "mean": 10.413957808556457,
    "std": 4.473540468012464,
    "n": 1528
  },
  "SPP": {
    "mean": 8.609368323911111,
    "std": 4.4870435833210145,
    "n": 812
  },
  "VGR2": {
    "mean": 4.2399223009631175,
    "std": 1.8153464216744009,
    "n": 741
  },
  "CAPS": {
    "mean": 9.129301424323899,
    "std": 5.54347569251669,
    "n": 249
  },
  "MRO": {
    "mean": 11.199040632618063,
    "std": 5.83702723980983,
    "n": 781
  },
  "STA": {
    "mean": 10.528507411215653,
    "std": 5.285205844652024,
    "n": 572
  },
  "IMAP": {
    "mean": 10.757549490380022,
    "std": 5.421886850171269,
    "n": 316
  },
  "MMS3": {
    "mean": 11.731552035830134,
    "std": 5.803921259016555,
    "n": 219
  },
  "TGO": {
    "mean": 10.258677227440732,
    "std": 5.245044346263586,
    "n": 247
  },
  "TDR8": {
    "mean": 6.839711603308979,
    "std": 3.15492915596383,
    "n": 114
  },
  "MMS4": {
    "mean": 12.073137765402373,
    "std": 5.548571394147258,
    "n": 201
  },
  "WIND": {
    "mean": 7.878159507656989,
    "std": 4.208856468193644,
    "n": 423
  },
  "ESCB": {
    "mean": 7.993318497120445,
    "std": 3.237033354199093,
    "n": 250
  },
  "THC": {
    "mean": 8.295790329572489,
    "std": 5.550952889670935,
    "n": 124
  },
  "CHDR": {
    "mean": 8.197634107450414,
    "std": 6.873949726641547,
    "n": 516
  },
  "MMS1": {
    "mean": 10.59864148396824,
    "std": 6.441678448405605,
    "n": 245
  },
  "ESCG": {
    "mean": 7.653284801181135,
    "std": 3.6683404140734273,
    "n": 295
  },
  "VGR1": {
    "mean": 4.463907534680854,
    "std": 1.656304028306699,
    "n": 787
  },
  "DSSR": {
    "mean": 0.0,
    "std": 0.0,
    "n": 136
  },
  "LRO": {
    "mean": 10.7953832020607,
    "std": 6.53919087058333,
    "n": 504
  },
  "SWFO": {
    "mean": 0.30068640464481505,
    "std": 1.549963783471052,
    "n": 193
  },
  "GBRA": {
    "mean": 0.0,
    "std": 0.0,
    "n": 455
  },
  "EMM": {
    "mean": 10.140910766217448,
    "std": 4.792813407975981,
    "n": 126
  },
  "TESS": {
    "mean": 9.609515202531682,
    "std": 6.633305184838378,
    "n": 146
  },
  "EURC": {
    "mean": 6.952340325543328,
    "std": 5.173269965269741,
    "n": 273
  },
  "NHPC": {
    "mean": 0.0,
    "std": 0.0,
    "n": 33
  },
  "PSYC": {
    "mean": 9.511877624841615,
    "std": 5.54306982999146,
    "n": 576
  },
  "JNO": {
    "mean": 8.919408135375319,
    "std": 4.408836799077448,
    "n": 1177
  },
  "MSL": {
    "mean": 0.24532962432019795,
    "std": 1.1054840554098435,
    "n": 149
  },
  "M20": {
    "mean": 0.34507664883825534,
    "std": 1.2911585921288549,
    "n": 120
  },
  "CGO": {
    "mean": 10.279060284666913,
    "std": 5.574587467313706,
    "n": 200
  },
  "BIOS": {
    "mean": 6.90725756194875,
    "std": 3.8125412770442706,
    "n": 60
  },
  "SGP": {
    "mean": 0.0,
    "std": 0.0,
    "n": 34
  },
  "DSCO": {
    "mean": 4.817937187112194,
    "std": 4.949959910276561,
    "n": 37
  },
  "THB": {
    "mean": 8.070385581632351,
    "std": 5.661008914518735,
    "n": 98
  },
  "MMX": {
    "mean": 6.3793662675728315,
    "std": 4.908486167029739,
    "n": 73
  },
  "RST": {
    "mean": 6.771292771997224,
    "std": 5.938614102744261,
    "n": 42
  },
  "XMM": {
    "mean": 10.437223836422145,
    "std": 2.9973960029282587,
    "n": 105
  },
  "TEST": {
    "mean": 0.0,
    "std": 0.0,
    "n": 138
  },
  "MEX": {
    "mean": 9.381623269263608,
    "std": 4.712619259557808,
    "n": 40
  },
  "BEPI": {
    "mean": 2.2665968526050566,
    "std": 3.6346409384521188,
    "n": 25
  },
  "HYB2": {
    "mean": 0.0,
    "std": 0.0,
    "n": 20
  },
  "HCRA": {
    "mean": 0.0,
    "std": 0.0,
    "n": 35
  },
  "EGS": {
    "mean": 0.0,
    "std": 0.0,
    "n": 16
  }
}