{
  "ACE": {
    "mean": 8.616149310884058,
    "std": 4.851903303511064,
    "n": 226
  },
  "DSN": {
    "mean": 0.0,
    "std": 0.0,
    "n": 3786
  },
  "DSS": {
    "mean": 0.0,
    "std": 0.0,
    "n": 1094
  },
  "JWST": {
    "mean": 10.927585033721089,
    "std": 5.904812417623096,
    "n": 432
  },
  "KPLO": {
    "mean": 8.368616072417067,
    "std": 6.497621055128882,
    "n": 403
  },
  "LUCY": {
    "mean": 9.114768228766126,
    "std": 4.192618700078964,
    "n": 378
  },
  "M01O": {
    "mean": 8.378114790415298,
    "std": 3.844250998487585,
    "n": 712
  },
  "MMS2": {
    "mean": 11.810107149036575,
    "std": 5.680384894196917,
    "n": 96
  },
  "ORX": {
    "mean": 3.802559150738735,
    "std": 6.143344839083545,
    "n": 148
  },
  "SOHO": {
    "mean": 10.223717890474983,
    "std": 4.729348450043904,
    "n": 573
  },
  "SPP": {
    "mean": 8.439686157468543,
    "std": 4.26271094309813,
    "n": 364
  },
  "VGR2": {
    "mean": 4.306817842212386,
    "std": 1.726596993414266,
    "n": 322
  },
  "CAPS": {
    "mean": 8.646075505726014,
    "std": 5.7863106232658,
    "n": 110
  },
  "MRO": {
    "mean": 11.373123705443682,
    "std": 5.810887139146082,
    "n": 403
  },
  "STA": {
    "mean": 10.42457619409104,
    "std": 5.3600780140297095,
    "n": 225
  },
  "IMAP": {
    "mean": 10.551696529789467,
    "std": 5.566465338656324,
    "n": 147
  },
  "MMS3": {
    "mean": 11.708210651166805,
    "std": 5.729012110984742,
    "n": 83
  },
  "TGO": {
    "mean": 9.723792592327786,
    "std": 5.545004553244885,
    "n": 98
  },
  "TDR8": {
    "mean": 6.839711603308979,
    "std": 3.15492915596383,
    "n": 114
  },
  "MMS4": {
    "mean": 12.429262948800138,
    "std": 5.211714542811658,
    "n": 67
  },
  "WIND": {
    "mean": 8.000532338944792,
    "std": 4.107497076785936,
    "n": 183
  },
  "ESCB": {
    "mean": 8.263116725355085,
    "std": 3.157964276265671,
    "n": 141
  },
  "THC": {
    "mean": 8.535454265412818,
    "std": 5.402919927212952,
    "n": 67
  },
  "CHDR": {
    "mean": 7.831866294465361,
    "std": 6.937093647896418,
    "n": 207
  },
  "MMS1": {
    "mean": 10.770944052527803,
    "std": 6.313542308054963,
    "n": 94
  },
  "ESCG": {
    "mean": 8.211184175608677,
    "std": 3.1049429823674495,
    "n": 132
  },
  "VGR1": {
    "mean": 4.4835920867510035,
    "std": 1.6371763497101204,
    "n": 272
  },
  "DSSR": {
    "mean": 0.0,
    "std": 0.0,
    "n": 68
  },
  "LRO": {
    "mean": 10.141850359750473,
    "std": 6.715083018291485,
    "n": 167
  },
  "SWFO": {
    "mean": 0.0,
    "std": 0.0,
    "n": 70
  },
  "GBRA": {
    "mean": 0.0,
    "std": 0.0,
    "n": 233
  },
  "EMM": {
    "mean": 11.587830537233842,
    "std": 3.06075476965658,
    "n": 46
  },
  "TESS": {
    "mean": 7.2923124771566945,
    "std": 5.136003125364137,
    "n": 51
  },
  "EURC": {
    "mean": 5.613983411635755,
    "std": 5.494120046570652,
    "n": 95
  },
  "NHPC": {
    "mean": 0.0,
    "std": 0.0,
    "n": 15
  },
  "PSYC": {
    "mean": 10.258280020667963,
    "std": 5.0758932848948355,
    "n": 239
  },
  "JNO": {
    "mean": 8.944488648453095,
    "std": 4.612777417270777,
    "n": 524
  },
  "MSL": {
    "mean": 0.10566551128842522,
    "std": 0.7619648379970722,
    "n": 53
  },
  "M20": {
    "mean": 0.38341849870917255,
    "std": 1.3555891023481068,
    "n": 54
  },
  "CGO": {
    "mean": 10.012725618807323,
    "std": 5.582378996615952,
    "n": 93
  },
  "BIOS": {
    "mean": 7.300921556125871,
    "std": 3.509447946156779,
    "n": 32
  },
  "SGP": {
    "mean": 0.0,
    "std": 0.0,
    "n": 34
  },
  "DSCO": {
    "mean": 4.244373236265502,
    "std": 4.9009800609982594,
    "n": 14
  },
  "THB": {
    "mean": 8.850925532953802,
    "std": 5.218893080094681,
    "n": 39
  },
  "MMX": {
    "mean": 5.125630207147106,
    "std": 4.898461512253476,
    "n": 45
  },
  "RST": {
    "mean": 7.105025557367963,
    "std": 5.919891139206077,
    "n": 13
  },
  "XMM": {
    "mean": 10.168218717059913,
    "std": 3.389406239175829,
    "n": 40
  },
  "TEST": {
    "mean": 0.0,
    "std": 0.0,
    "n": 35
  },
  "MEX": {
    "mean": 9.087453727158627,
    "std": 5.102613566453179,
    "n": 21
  },
  "BEPI": {
    "mean": 6.2961023683473805,
    "std": 3.365408276344554,
    "n": 9
  },
  "HYB2": {
    "mean": 0.0,
    "std": 0.0,
    "n": 4
  }
}