{
  "ACE": {
    "mean": 6.4018933028317075,
    "std": 5.645939200010303,
    "n": 16
  },
  "DSN": {
    "mean": 0.0,
    "std": 0.0,
    "n": 153
  },
  "DSS": {
    "mean": 0.0,
    "std": 0.0,
    "n": 51
  },
  "JWST": {
    "mean": 15.310088087336348,
    "std": 5.303570437482576,
    "n": 28
  },
  "KPLO": {
    "mean": 3.211105156360673,
    "std": 4.945310893367858,
    "n": 19
  },
  "LUCY": {
    "mean": 11.042937835596492,
    "std": 2.3498992183808822e-15,
    "n": 8
  },
  "M01O": {
    "mean": 8.545847852927485,
    "std": 3.076579006683186,
    "n": 44
  },
  "MMS2": {
    "mean": 7.019327454639082,
    "std": 7.019327454639082,
    "n": 2
  },
  "ORX": {
    "mean": 0.0,
    "std": 0.0,
    "n": 5
  },
  "SOHO": {
    "mean": 10.45244424796131,
    "std": 4.526041125187509,
    "n": 38
  },
  "SPP": {
    "mean": 6.390576181243971,
    "std": 0.0,
    "n": 14
  },
  "VGR2": {
    "mean": 4.516786621347685,
    "std": 1.596925227816277,
    "n": 36
  },
  "CAPS": {
    "mean": 7.26421303399404,
    "std": 6.13938055293441,
    "n": 12
  },
  "MRO": {
    "mean": 10.44106065854629,
    "std": 6.11933635914884,
    "n": 47
  },
  "STA": {
    "mean": 1.1892312242013852,
    "std": 3.760679333066734,
    "n": 11
  },
  "IMAP": {
    "mean": 11.681851758298873,
    "std": 4.581999236189549,
    "n": 15
  },
  "MMS3": {
    "mean": 8.022088519587522,
    "std": 6.947332449370293,
    "n": 7
  },
  "TGO": {
    "mean": 13.109820359457137,
    "std": 0.5569977786728474,
    "n": 6
  },
  "TDR8": {
    "mean": 5.655204278766295,
    "std": 3.8632399877308203,
    "n": 22
  },
  "MMS4": {
    "mean": 14.731801689838349,
    "std": 0.0,
    "n": 4
  },
  "WIND": {
    "mean": 7.17087296098777,
    "std": 3.3803819670651323,
    "n": 11
  },
  "ESCB": {
    "mean": 6.99013918777232,
    "std": 3.7363865609294717,
    "n": 18
  },
  "THC": {
    "mean": 10.3972731948487,
    "std": 6.00286849051162,
    "n": 4
  },
  "CHDR": {
    "mean": 6.993891310327608,
    "std": 6.993891310327608,
    "n": 6
  },
  "MMS1": {
    "mean": 11.048851267378762,
    "std": 6.379057253457265,
    "n": 4
  },
  "ESCG": {
    "mean": 7.998710846184679,
    "std": 3.9993554230923385,
    "n": 5
  },
  "VGR1": {
    "mean": 4.234503637487053,
    "std": 1.893727596878235,
    "n": 6
  },
  "DSSR": {
    "mean": 0.0,
    "std": 0.0,
    "n": 5
  },
  "LRO": {
    "mean": 0.0,
    "std": 0.0,
    "n": 1
  }
}