{
  "ACE": {
    "mean": 8.408653775690498,
    "std": 4.919821105125228,
    "n": 528
  },
  "DSN": {
    "mean": 0.0,
    "std": 0.0,
    "n": 8227
  },
  "DSS": {
    "mean": 0.0,
    "std": 0.0,
    "n": 1662
  },
  "JWST": {
    "mean": 11.281284665129824,
    "std": 5.973060823229987,
    "n": 1188
  },
  "KPLO": {
    "mean": 8.725823856970832,
    "std": 6.2848398428280845,
    "n": 979
  },
  "LUCY": {
    "mean": 9.109813814656434,
    "std": 4.01356876597487,
    "n": 741
  },
  "M01O": {
    "mean": 7.842794876948413,
    "std": 4.335950366935741,
    "n": 2011
  },
  "MMS2": {
    "mean": 12.255337486930747,
    "std": 5.361328650987992,
    "n": 237
  },
  "ORX": {
    "mean": 3.9962119625597534,
    "std": 6.248717996234309,
    "n": 527
  },
  "SOHO": {
    "mean": 10.391490724402237,
    "std": 4.500624615156954,
    "n": 1640
  },
  "SPP": {
    "mean": 8.670453922772094,
    "std": 4.502614611144848,
    "n": 870
  },
  "VGR2": {
    "mean": 4.109456407037387,
    "std": 1.9311703799432491,
    "n": 795
  },
  "CAPS": {
    "mean": 9.253344667167685,
    "std": 5.478792418734109,
    "n": 270
  },
  "MRO": {
    "mean": 11.15446428325072,
    "std": 5.858225160078113,
    "n": 832
  },
  "STA": {
    "mean": 10.48334016395404,
    "std": 5.321224493970017,
    "n": 606
  },
  "IMAP": {
    "mean": 10.641299333597692,
    "std": 5.509027915384444,
    "n": 336
  },
  "MMS3": {
    "mean": 11.585115898789487,
    "std": 5.9041442687536,
    "n": 238
  },
  "TGO": {
    "mean": 10.293870694657487,
    "std": 5.220333065927704,
    "n": 260
  },
  "TDR8": {
    "mean": 6.839711603308979,
    "std": 3.15492915596383,
    "n": 114
  },
  "MMS4": {
    "mean": 12.114943607651186,
    "std": 5.512922234247566,
    "n": 216
  },
  "WIND": {
    "mean": 7.885418114472018,
    "std": 4.2044447277741135,
    "n": 453
  },
  "ESCB": {
    "mean": 7.8344992749123925,
    "std": 3.3884009733003677,
    "n": 272
  },
  "THC": {
    "mean": 8.398122064929119,
    "std": 5.537823037921983,
    "n": 130
  },
  "CHDR": {
    "mean": 8.16980951423462,
    "std": 6.879780247526919,
    "n": 552
  },
  "MMS1": {
    "mean": 10.639012774775798,
    "std": 6.413401575332564,
    "n": 263
  },
  "ESCG": {
    "mean": 7.6573128062522136,
    "std": 3.680754314769081,
    "n": 308
  },
  "VGR1": {
    "mean": 4.396172863919108,
    "std": 1.7321102316135,
    "n": 865
  },
  "DSSR": {
    "mean": 0.0,
    "std": 0.0,
    "n": 142
  },
  "LRO": {
    "mean": 10.738670398872607,
    "std": 6.569764836715126,
    "n": 524
  },
  "SWFO": {
    "mean": 0.28447292204141816,
    "std": 1.5091254129421237,
    "n": 204
  },
  "GBRA": {
    "mean": 0.0,
    "std": 0.0,
    "n": 482
  },
  "EMM": {
    "mean": 10.193361302596793,
    "std": 4.748936104616967,
    "n": 129
  },
  "TESS": {
    "mean": 9.693273244024493,
    "std": 6.4953759510684606,
    "n": 163
  },
  "EURC": {
    "mean": 7.011213952768974,
    "std": 5.104604639794517,
    "n": 287
  },
  "NHPC": {
    "mean": 0.0,
    "std": 0.0,
    "n": 35
  },
  "PSYC": {
    "mean": 9.573443205123223,
    "std": 5.509054585204536,
    "n": 591
  },
  "JNO": {
    "mean": 8.966033776683302,
    "std": 4.392422199412181,
    "n": 1210
  },
  "MSL": {
    "mean": 0.23583299370135158,
    "std": 1.0849090802890888,
    "n": 155
  },
  "M20": {
    "mean": 0.43798190044855473,
    "std": 1.4405664690525166,
    "n": 130
  },
  "CGO": {
    "mean": 10.297922454464578,
    "std": 5.574688958497385,
    "n": 205
  },
  "BIOS": {
    "mean": 6.89691077485177,
    "std": 3.8177870844066226,
    "n": 64
  },
  "SGP": {
    "mean": 0.0,
    "std": 0.0,
    "n": 34
  },
  "DSCO": {
    "mean": 4.951768775643088,
    "std": 4.951768775643087,
    "n": 38
  },
  "THB": {
    "mean": 8.205715493189496,
    "std": 5.594682462696763,
    "n": 105
  },
  "MMX": {
    "mean": 6.447047574555721,
    "std": 4.86009682234796,
    "n": 75
  },
  "RST": {
    "mean": 6.771292771997224,
    "std": 5.938614102744261,
    "n": 42
  },
  "XMM": {
    "mean": 10.525509644591095,
    "std": 2.8515098630196727,
    "n": 117
  },
  "TEST": {
    "mean": 0.0,
    "std": 0.0,
    "n": 144
  },
  "MEX": {
    "mean": 9.434773246287115,
    "std": 4.666915418123494,
    "n": 41
  },
  "BEPI": {
    "mean": 2.2665968526050566,
    "std": 3.6346409384521188,
    "n": 25
  },
  "HYB2": {
    "mean": 0.0,
    "std": 0.0,
    "n": 26
  },
  "HCRA": {
    "mean": 0.0,
    "std": 0.0,
    "n": 38
  },
  "EGS": {
    "mean": 0.0,
    "std": 0.0,
    "n": 16
  }
}