{
  "ACE": {
    "mean": 8.416083839217256,
    "std": 4.917055002214186,
    "n": 537
  },
  "DSN": {
    "mean": 0.0,
    "std": 0.0,
    "n": 8383
  },
  "DSS": {
    "mean": 0.0,
    "std": 0.0,
    "n": 1665
  },
  "JWST": {
    "mean": 11.281011909482888,
    "std": 5.991541241946683,
    "n": 1231
  },
  "KPLO": {
    "mean": 8.698868123614002,
    "std": 6.265317482544534,
    "n": 1025
  },
  "LUCY": {
    "mean": 9.088582639831467,
    "std": 4.0280689447088145,
    "n": 746
  },
  "M01O": {
    "mean": 7.872644593370797,
    "std": 4.335693115935966,
    "n": 2099
  },
  "MMS2": {
    "mean": 12.166283717648854,
    "std": 5.446606111719545,
    "n": 246
  },
  "ORX": {
    "mean": 4.058300361442381,
    "std": 6.2764167456115745,
    "n": 546
  },
  "SOHO": {
    "mean": 10.417570020878651,
    "std": 4.479394956676352,
    "n": 1705
  },
  "SPP": {
    "mean": 8.868928188922819,
    "std": 4.526256877699622,
    "n": 931
  },
  "VGR2": {
    "mean": 4.125746473588988,
    "std": 1.9182038223434676,
    "n": 838
  },
  "CAPS": {
    "mean": 9.194468152184037,
    "std": 5.515407934397034,
    "n": 280
  },
  "MRO": {
    "mean": 11.153907268349064,
    "std": 5.853914749879154,
    "n": 870
  },
  "STA": {
    "mean": 10.497995431096216,
    "std": 5.31070870787221,
    "n": 624
  },
  "IMAP": {
    "mean": 10.606445069759024,
    "std": 5.533151840768121,
    "n": 346
  },
  "MMS3": {
    "mean": 11.515376806989979,
    "std": 5.955579007739354,
    "n": 242
  },
  "TGO": {
    "mean": 10.377288514791939,
    "std": 5.166672082128607,
    "n": 288
  },
  "TDR8": {
    "mean": 6.839711603308979,
    "std": 3.15492915596383,
    "n": 114
  },
  "MMS4": {
    "mean": 12.076868881212889,
    "std": 5.549712815252924,
    "n": 224
  },
  "WIND": {
    "mean": 7.915496909667095,
    "std": 4.1812023483318175,
    "n": 465
  },
  "ESCB": {
    "mean": 7.747920407000798,
    "std": 3.442618806815005,
    "n": 286
  },
  "THC": {
    "mean": 8.261654185450082,
    "std": 5.590182335786487,
    "n": 135
  },
  "CHDR": {
    "mean": 8.171551279550188,
    "std": 6.8799173613218025,
    "n": 569
  },
  "MMS1": {
    "mean": 10.690125796721562,
    "std": 6.375755280850557,
    "n": 271
  },
  "ESCG": {
    "mean": 7.665893509520586,
    "std": 3.6704066485630436,
    "n": 310
  },
  "VGR1": {
    "mean": 4.404347684149593,
    "std": 1.7201860208224755,
    "n": 902
  },
  "DSSR": {
    "mean": 0.0,
    "std": 0.0,
    "n": 155
  },
  "LRO": {
    "mean": 10.805738413119231,
    "std": 6.559643729559155,
    "n": 547
  },
  "SWFO": {
    "mean": 0.27634512426880636,
    "std": 1.4881650840891816,
    "n": 210
  },
  "GBRA": {
    "mean": 0.0,
    "std": 0.0,
    "n": 506
  },
  "EMM": {
    "mean": 10.231515290866358,
    "std": 4.715972313412073,
    "n": 137
  },
  "TESS": {
    "mean": 9.636060726730262,
    "std": 6.384537287896362,
    "n": 171
  },
  "EURC": {
    "mean": 6.987868280915962,
    "std": 5.094751797936034,
    "n": 290
  },
  "NHPC": {
    "mean": 0.0,
    "std": 0.0,
    "n": 35
  },
  "PSYC": {
    "mean": 9.573443205123223,
    "std": 5.509054585204536,
    "n": 591
  },
  "JNO": {
    "mean": 8.980323089019171,
    "std": 4.3894219909979935,
    "n": 1225
  },
  "MSL": {
    "mean": 0.2513564219229618,
    "std": 1.117526992439996,
    "n": 166
  },
  "M20": {
    "mean": 0.42490781386800086,
    "std": 1.420858830720103,
    "n": 134
  },
  "CGO": {
    "mean": 10.265167220885035,
    "std": 5.598919724261108,
    "n": 207
  },
  "BIOS": {
    "mean": 6.89691077485177,
    "std": 3.8177870844066226,
    "n": 64
  },
  "SGP": {
    "mean": 0.0,
    "std": 0.0,
    "n": 34
  },
  "DSCO": {
    "mean": 4.951768775643087,
    "std": 4.951768775643087,
    "n": 42
  },
  "THB": {
    "mean": 8.162465888620419,
    "std": 5.6091424913193455,
    "n": 107
  },
  "MMX": {
    "mean": 6.447047574555721,
    "std": 4.86009682234796,
    "n": 75
  },
  "RST": {
    "mean": 6.771292771997224,
    "std": 5.938614102744261,
    "n": 42
  },
  "XMM": {
    "mean": 10.478006574044688,
    "std": 2.9312374535648464,
    "n": 124
  },
  "TEST": {
    "mean": 0.0,
    "std": 0.0,
    "n": 144
  },
  "MEX": {
    "mean": 9.434773246287115,
    "std": 4.666915418123494,
    "n": 41
  },
  "BEPI": {
    "mean": 2.2665968526050566,
    "std": 3.6346409384521188,
    "n": 25
  },
  "HYB2": {
    "mean": 2.320379210914418,
    "std": 2.6282921146879037,
    "n": 57
  },
  "HCRA": {
    "mean": 0.0,
    "std": 0.0,
    "n": 38
  },
  "EGS": {
    "mean": 0.0,
    "std": 0.0,
    "n": 16
  }
}