{
  "ACE": {
    "mean": 8.449482998968312,
    "std": 4.899842119747354,
    "n": 547
  },
  "DSN": {
    "mean": 0.0,
    "std": 0.0,
    "n": 8425
  },
  "DSS": {
    "mean": 0.0,
    "std": 0.0,
    "n": 1671
  },
  "JWST": {
    "mean": 11.27751628437601,
    "std": 5.9807976466493695,
    "n": 1241
  },
  "KPLO": {
    "mean": 8.70548682915692,
    "std": 6.249902714748704,
    "n": 1038
  },
  "LUCY": {
    "mean": 9.090761663658887,
    "std": 4.022900349357773,
    "n": 748
  },
  "M01O": {
    "mean": 7.879924090948999,
    "std": 4.3274774809552845,
    "n": 2117
  },
  "MMS2": {
    "mean": 12.124776005850388,
    "std": 5.480469141287325,
    "n": 248
  },
  "ORX": {
    "mean": 4.063929475755757,
    "std": 6.278801603662917,
    "n": 552
  },
  "SOHO": {
    "mean": 10.426594818892394,
    "std": 4.471544080505975,
    "n": 1719
  },
  "SPP": {
    "mean": 8.909977829666076,
    "std": 4.5395503849930225,
    "n": 950
  },
  "VGR2": {
    "mean": 4.128777039506456,
    "std": 1.9163453124546275,
    "n": 846
  },
  "CAPS": {
    "mean": 9.174811717368867,
    "std": 5.527264652697208,
    "n": 282
  },
  "MRO": {
    "mean": 11.159396666009345,
    "std": 5.848341707854747,
    "n": 872
  },
  "STA": {
    "mean": 10.494911955780276,
    "std": 5.313995504585005,
    "n": 628
  },
  "IMAP": {
    "mean": 10.606445069759024,
    "std": 5.533151840768121,
    "n": 346
  },
  "MMS3": {
    "mean": 11.567676398581012,
    "std": 5.920952064488925,
    "n": 246
  },
  "TGO": {
    "mean": 10.366293035115964,
    "std": 5.184497118456857,
    "n": 291
  },
  "TDR8": {
    "mean": 6.839711603308979,
    "std": 3.15492915596383,
    "n": 114
  },
  "MMS4": {
    "mean": 12.015011692915133,
    "std": 5.600800425576228,
    "n": 230
  },
  "WIND": {
    "mean": 7.897618411000159,
    "std": 4.196468908592944,
    "n": 470
  },
  "ESCB": {
    "mean": 7.759429502425266,
    "std": 3.42061548146086,
    "n": 296
  },
  "THC": {
    "mean": 8.25276497271092,
    "std": 5.589688994642967,
    "n": 138
  },
  "CHDR": {
    "mean": 8.177601823960432,
    "std": 6.878953026693398,
    "n": 572
  },
  "MMS1": {
    "mean": 10.62431659058694,
    "std": 6.409050052799713,
    "n": 274
  },
  "ESCG": {
    "mean": 7.644283063271017,
    "std": 3.6845820858673313,
    "n": 312
  },
  "VGR1": {
    "mean": 4.413236830943923,
    "std": 1.7105934191826144,
    "n": 914
  },
  "DSSR": {
    "mean": 0.0,
    "std": 0.0,
    "n": 155
  },
  "LRO": {
    "mean": 10.81559680349938,
    "std": 6.530681698529833,
    "n": 552
  },
  "SWFO": {
    "mean": 0.2737380947945724,
    "std": 1.4813696955079578,
    "n": 212
  },
  "GBRA": {
    "mean": 0.0,
    "std": 0.0,
    "n": 506
  },
  "EMM": {
    "mean": 10.231515290866358,
    "std": 4.715972313412073,
    "n": 137
  },
  "TESS": {
    "mean": 9.636318550989207,
    "std": 6.365951424254419,
    "n": 172
  },
  "EURC": {
    "mean": 6.987868280915962,
    "std": 5.094751797936034,
    "n": 290
  },
  "NHPC": {
    "mean": 0.0,
    "std": 0.0,
    "n": 36
  },
  "PSYC": {
    "mean": 9.584292450473098,
    "std": 5.5029178420898095,
    "n": 593
  },
  "JNO": {
    "mean": 8.974668949853575,
    "std": 4.391729331160113,
    "n": 1228
  },
  "MSL": {
    "mean": 0.24836408356673606,
    "std": 1.1111895918040897,
    "n": 168
  },
  "M20": {
    "mean": 0.42176034858008976,
    "std": 1.4160554098899794,
    "n": 135
  },
  "CGO": {
    "mean": 10.265167220885035,
    "std": 5.598919724261108,
    "n": 207
  },
  "BIOS": {
    "mean": 6.89691077485177,
    "std": 3.8177870844066226,
    "n": 64
  },
  "SGP": {
    "mean": 0.0,
    "std": 0.0,
    "n": 34
  },
  "DSCO": {
    "mean": 4.951768775643087,
    "std": 4.951768775643087,
    "n": 42
  },
  "THB": {
    "mean": 8.195996049813635,
    "std": 5.593876768962486,
    "n": 108
  },
  "MMX": {
    "mean": 6.447047574555721,
    "std": 4.86009682234796,
    "n": 75
  },
  "RST": {
    "mean": 6.771292771997224,
    "std": 5.938614102744261,
    "n": 42
  },
  "XMM": {
    "mean": 10.478006574044688,
    "std": 2.9312374535648464,
    "n": 124
  },
  "TEST": {
    "mean": 0.0,
    "std": 0.0,
    "n": 144
  },
  "MEX": {
    "mean": 9.434773246287115,
    "std": 4.666915418123494,
    "n": 41
  },
  "BEPI": {
    "mean": 2.2665968526050566,
    "std": 3.6346409384521188,
    "n": 25
  },
  "HYB2": {
    "mean": 2.284173094322301,
    "std": 2.6197622853217655,
    "n": 64
  },
  "HCRA": {
    "mean": 0.0,
    "std": 0.0,
    "n": 43
  },
  "EGS": {
    "mean": 0.0,
    "std": 0.0,
    "n": 16
  }
}