{
  "ACE": {
    "mean": 8.528302934658164,
    "std": 4.89216588355542,
    "n": 404
  },
  "DSN": {
    "mean": 0.0,
    "std": 0.0,
    "n": 6608
  },
  "DSS": {
    "mean": 0.0,
    "std": 0.0,
    "n": 1451
  },
  "JWST": {
    "mean": 11.095043144820638,
    "std": 6.038814085984121,
    "n": 880
  },
  "KPLO": {
    "mean": 8.531835127273926,
    "std": 6.335093840284147,
    "n": 747
  },
  "LUCY": {
    "mean": 9.108991737014609,
    "std": 4.093593761436104,
    "n": 667
  },
  "M01O": {
    "mean": 7.984131293780514,
    "std": 4.25066946301365,
    "n": 1490
  },
  "MMS2": {
    "mean": 11.995075028292044,
    "std": 5.5716344881025295,
    "n": 175
  },
  "ORX": {
    "mean": 3.7200973495281326,
    "std": 6.102474959552059,
    "n": 358
  },
  "SOHO": {
    "mean": 10.23575552630678,
    "std": 4.611938541001444,
    "n": 1209
  },
  "SPP": {
    "mean": 8.923976749230302,
    "std": 4.448321862370817,
    "n": 758
  },
  "VGR2": {
    "mean": 4.285236682172139,
    "std": 1.7827481124747337,
    "n": 603
  },
  "CAPS": {
    "mean": 9.21583951480715,
    "std": 5.505244272974091,
    "n": 217
  },
  "MRO": {
    "mean": 11.098677288233628,
    "std": 5.906872233394995,
    "n": 637
  },
  "STA": {
    "mean": 10.529563281041009,
    "std": 5.282909194840433,
    "n": 463
  },
  "IMAP": {
    "mean": 10.74386359494364,
    "std": 5.434713121540389,
    "n": 270
  },
  "MMS3": {
    "mean": 11.906864208592491,
    "std": 5.657970499795046,
    "n": 174
  },
  "TGO": {
    "mean": 9.961470188706123,
    "std": 5.411342938271041,
    "n": 198
  },
  "TDR8": {
    "mean": 6.839711603308979,
    "std": 3.15492915596383,
    "n": 114
  },
  "MMS4": {
    "mean": 11.952935299980652,
    "std": 5.650196502196181,
    "n": 159
  },
  "WIND": {
    "mean": 7.9388028864872755,
    "std": 4.243579571840101,
    "n": 351
  },
  "ESCB": {
    "mean": 8.078128362725415,
    "std": 3.232204365144141,
    "n": 189
  },
  "THC": {
    "mean": 8.486753541989378,
    "std": 5.4367849299929745,
    "n": 111
  },
  "CHDR": {
    "mean": 8.105627891102175,
    "std": 6.898591860542804,
    "n": 419
  },
  "MMS1": {
    "mean": 10.46489251853019,
    "std": 6.477290751403597,
    "n": 188
  },
  "ESCG": {
    "mean": 7.701540526553268,
    "std": 3.473340056912333,
    "n": 235
  },
  "VGR1": {
    "mean": 4.43650620000957,
    "std": 1.6914024290617216,
    "n": 591
  },
  "DSSR": {
    "mean": 0.0,
    "std": 0.0,
    "n": 113
  },
  "LRO": {
    "mean": 10.672845529884807,
    "std": 6.694908467103228,
    "n": 375
  },
  "SWFO": {
    "mean": 0.2781468246894955,
    "std": 1.4926938706598858,
    "n": 149
  },
  "GBRA": {
    "mean": 0.0,
    "std": 0.0,
    "n": 381
  },
  "EMM": {
    "mean": 9.927111129580219,
    "std": 4.964515800101205,
    "n": 95
  },
  "TESS": {
    "mean": 9.513631567400466,
    "std": 6.392764161118952,
    "n": 114
  },
  "EURC": {
    "mean": 6.649744518250715,
    "std": 5.2280477452132335,
    "n": 207
  },
  "NHPC": {
    "mean": 0.0,
    "std": 0.0,
    "n": 28
  },
  "PSYC": {
    "mean": 9.648849638018193,
    "std": 5.461451433322568,
    "n": 507
  },
  "JNO": {
    "mean": 8.889651273985045,
    "std": 4.5822896512143805,
    "n": 883
  },
  "MSL": {
    "mean": 0.22993514957757777,
    "std": 1.0742574766999946,
    "n": 114
  },
  "M20": {
    "mean": 0.39383747965235666,
    "std": 1.3723898151039942,
    "n": 92
  },
  "CGO": {
    "mean": 10.345418617439403,
    "std": 5.5661742124101,
    "n": 168
  },
  "BIOS": {
    "mean": 6.847939958677724,
    "std": 3.85046986974656,
    "n": 50
  },
  "SGP": {
    "mean": 0.0,
    "std": 0.0,
    "n": 34
  },
  "DSCO": {
    "mean": 4.951768775643087,
    "std": 4.951768775643086,
    "n": 28
  },
  "THB": {
    "mean": 8.251807789171703,
    "std": 5.568498912098601,
    "n": 84
  },
  "MMX": {
    "mean": 6.3833415820869694,
    "std": 4.865709226505287,
    "n": 71
  },
  "RST": {
    "mean": 7.504568018465512,
    "std": 6.107700359240118,
    "n": 29
  },
  "XMM": {
    "mean": 10.247047163175289,
    "std": 3.281681488623191,
    "n": 86
  },
  "TEST": {
    "mean": 0.0,
    "std": 0.0,
    "n": 95
  },
  "MEX": {
    "mean": 9.155437514433327,
    "std": 4.828276118324093,
    "n": 37
  },
  "BEPI": {
    "mean": 2.6983295864345913,
    "std": 3.816014296888384,
    "n": 21
  },
  "HYB2": {
    "mean": 0.0,
    "std": 0.0,
    "n": 14
  },
  "HCRA": {
    "mean": 0.0,
    "std": 0.0,
    "n": 32
  },
  "EGS": {
    "mean": 0.0,
    "std": 0.0,
    "n": 3
  }
}