{
  "ACE": {
    "mean": 8.450303986653488,
    "std": 4.928302746791387,
    "n": 335
  },
  "DSN": {
    "mean": 0.0,
    "std": 0.0,
    "n": 5476
  },
  "DSS": {
    "mean": 0.0,
    "std": 0.0,
    "n": 1310
  },
  "JWST": {
    "mean": 11.097884207906564,
    "std": 6.056564133895252,
    "n": 702
  },
  "KPLO": {
    "mean": 8.5066247714773,
    "std": 6.593929348084355,
    "n": 557
  },
  "LUCY": {
    "mean": 9.007984701666995,
    "std": 4.203257463742959,
    "n": 582
  },
  "M01O": {
    "mean": 7.955453318898304,
    "std": 4.267856584938429,
    "n": 1163
  },
  "MMS2": {
    "mean": 12.020164148375438,
    "std": 5.539232971227889,
    "n": 143
  },
  "ORX": {
    "mean": 4.096929469880003,
    "std": 6.28262058047873,
    "n": 248
  },
  "SOHO": {
    "mean": 10.389289630134316,
    "std": 4.58388312450397,
    "n": 896
  },
  "SPP": {
    "mean": 8.025999571042872,
    "std": 4.403719613817139,
    "n": 522
  },
  "VGR2": {
    "mean": 4.414753657421378,
    "std": 1.6367926701215796,
    "n": 495
  },
  "CAPS": {
    "mean": 8.709324631493184,
    "std": 5.741737697283975,
    "n": 152
  },
  "MRO": {
    "mean": 11.284078677094918,
    "std": 5.799391505658304,
    "n": 553
  },
  "STA": {
    "mean": 10.47306976833286,
    "std": 5.338206947059251,
    "n": 369
  },
  "IMAP": {
    "mean": 10.452996150298985,
    "std": 5.632579851732092,
    "n": 200
  },
  "MMS3": {
    "mean": 11.641863803896529,
    "std": 5.827263711474713,
    "n": 140
  },
  "TGO": {
    "mean": 9.94101212020905,
    "std": 5.4129045574605925,
    "n": 149
  },
  "TDR8": {
    "mean": 6.839711603308979,
    "std": 3.15492915596383,
    "n": 114
  },
  "MMS4": {
    "mean": 12.066581174960778,
    "std": 5.562033200723833,
    "n": 120
  },
  "WIND": {
    "mean": 7.862890083895282,
    "std": 4.2751116528626545,
    "n": 286
  },
  "ESCB": {
    "mean": 8.165188801542152,
    "std": 3.208573251265016,
    "n": 157
  },
  "THC": {
    "mean": 8.62802753909078,
    "std": 5.453419868177859,
    "n": 85
  },
  "CHDR": {
    "mean": 8.076533742640473,
    "std": 6.903594549597427,
    "n": 334
  },
  "MMS1": {
    "mean": 10.448753145834738,
    "std": 6.474390078826728,
    "n": 148
  },
  "ESCG": {
    "mean": 7.557934917618794,
    "std": 3.585689891265214,
    "n": 210
  },
  "VGR1": {
    "mean": 4.498974902646217,
    "std": 1.6186414521907757,
    "n": 445
  },
  "DSSR": {
    "mean": 0.0,
    "std": 0.0,
    "n": 85
  },
  "LRO": {
    "mean": 9.996436099107456,
    "std": 6.676782379561464,
    "n": 263
  },
  "SWFO": {
    "mean": 0.0694678860782008,
    "std": 0.7546143976551988,
    "n": 119
  },
  "GBRA": {
    "mean": 0.0,
    "std": 0.0,
    "n": 336
  },
  "EMM": {
    "mean": 11.152573676561037,
    "std": 3.749130287244314,
    "n": 69
  },
  "TESS": {
    "mean": 8.025684515580215,
    "std": 5.356285820698605,
    "n": 85
  },
  "EURC": {
    "mean": 6.087545200566108,
    "std": 5.406191723110936,
    "n": 167
  },
  "NHPC": {
    "mean": 0.0,
    "std": 0.0,
    "n": 23
  },
  "PSYC": {
    "mean": 9.321793932170094,
    "std": 5.650392704593754,
    "n": 402
  },
  "JNO": {
    "mean": 8.905446422937596,
    "std": 4.556854374713388,
    "n": 781
  },
  "MSL": {
    "mean": 0.174289094359299,
    "std": 0.9448366877996783,
    "n": 91
  },
  "M20": {
    "mean": 0.24945299916018457,
    "std": 1.108593377259091,
    "n": 83
  },
  "CGO": {
    "mean": 10.205317695735747,
    "std": 5.597841933209258,
    "n": 150
  },
  "BIOS": {
    "mean": 7.126539924862833,
    "std": 3.669325643173708,
    "n": 43
  },
  "SGP": {
    "mean": 0.0,
    "std": 0.0,
    "n": 34
  },
  "DSCO": {
    "mean": 4.539121377672829,
    "std": 4.934545179890666,
    "n": 24
  },
  "THB": {
    "mean": 8.620259314306436,
    "std": 5.566846605466689,
    "n": 55
  },
  "MMX": {
    "mean": 6.168381566056731,
    "std": 4.884485997423059,
    "n": 62
  },
  "RST": {
    "mean": 7.504568018465512,
    "std": 6.107700359240118,
    "n": 29
  },
  "XMM": {
    "mean": 10.243541059579751,
    "std": 3.2865835429429873,
    "n": 75
  },
  "TEST": {
    "mean": 0.0,
    "std": 0.0,
    "n": 68
  },
  "MEX": {
    "mean": 9.093698746870189,
    "std": 4.880448830985071,
    "n": 36
  },
  "BEPI": {
    "mean": 6.2961023683473805,
    "std": 3.365408276344554,
    "n": 9
  },
  "HYB2": {
    "mean": 0.0,
    "std": 0.0,
    "n": 8
  },
  "HCRA": {
    "mean": 0.0,
    "std": 0.0,
    "n": 17
  }
}