{
  "ACE": {
    "mean": 8.502675099631135,
    "std": 4.882110197248858,
    "n": 652
  },
  "DSN": {
    "mean": 0.0,
    "std": 0.0,
    "n": 10351
  },
  "DSS": {
    "mean": 0.0,
    "std": 0.0,
    "n": 2017
  },
  "JWST": {
    "mean": 11.309950839690467,
    "std": 5.942270587576226,
    "n": 1546
  },
  "KPLO": {
    "mean": 8.689619664540428,
    "std": 6.202068456940839,
    "n": 1258
  },
  "LUCY": {
    "mean": 9.023204428419032,
    "std": 3.962621064704021,
    "n": 848
  },
  "M01O": {
    "mean": 7.938214243525402,
    "std": 4.266424486326618,
    "n": 2462
  },
  "MMS2": {
    "mean": 11.899485730182167,
    "std": 5.6649265247306335,
    "n": 309
  },
  "ORX": {
    "mean": 4.324873066562014,
    "std": 6.389133788081008,
    "n": 700
  },
  "SOHO": {
    "mean": 10.420396681122574,
    "std": 4.491731918273757,
    "n": 2100
  },
  "SPP": {
    "mean": 9.011941658868105,
    "std": 4.623998408612996,
    "n": 1174
  },
  "VGR2": {
    "mean": 4.154677253668679,
    "std": 1.8929048961533328,
    "n": 1016
  },
  "CAPS": {
    "mean": 9.041464724668586,
    "std": 5.585074295375424,
    "n": 319
  },
  "MRO": {
    "mean": 11.331466129583388,
    "std": 5.720484858195908,
    "n": 1123
  },
  "STA": {
    "mean": 10.574027168688845,
    "std": 5.252241974119878,
    "n": 769
  },
  "IMAP": {
    "mean": 10.605135088740886,
    "std": 5.533543021819903,
    "n": 416
  },
  "MMS3": {
    "mean": 11.760813210914199,
    "std": 5.776750422595102,
    "n": 304
  },
  "TGO": {
    "mean": 10.383194661222143,
    "std": 5.16496987623233,
    "n": 349
  },
  "TDR8": {
    "mean": 7.014025107082547,
    "std": 2.9972898409743474,
    "n": 136
  },
  "MMS4": {
    "mean": 11.888648225343596,
    "std": 5.707167151630863,
    "n": 278
  },
  "WIND": {
    "mean": 7.86438621393962,
    "std": 4.185299132378435,
    "n": 579
  },
  "ESCB": {
    "mean": 7.792541502939834,
    "std": 3.397349696146697,
    "n": 379
  },
  "THC": {
    "mean": 8.180192935608826,
    "std": 5.607825255535234,
    "n": 161
  },
  "CHDR": {
    "mean": 8.197448529602479,
    "std": 6.871323569747973,
    "n": 698
  },
  "MMS1": {
    "mean": 10.786355110736217,
    "std": 6.322174725266968,
    "n": 333
  },
  "ESCG": {
    "mean": 7.580219242367335,
    "std": 3.6885642344835543,
    "n": 360
  },
  "VGR1": {
    "mean": 4.335346890076668,
    "std": 1.7871446191792995,
    "n": 1127
  },
  "DSSR": {
    "mean": 0.0,
    "std": 0.0,
    "n": 204
  },
  "LRO": {
    "mean": 10.80088800286452,
    "std": 6.4676750303092065,
    "n": 698
  },
  "SWFO": {
    "mean": 0.2398036202332619,
    "std": 1.3894436882991108,
    "n": 242
  },
  "GBRA": {
    "mean": 0.0,
    "std": 0.0,
    "n": 541
  },
  "EMM": {
    "mean": 10.135336904512531,
    "std": 4.79404608636372,
    "n": 186
  },
  "TESS": {
    "mean": 9.609397897603882,
    "std": 6.486769392008635,
    "n": 207
  },
  "EURC": {
    "mean": 6.984305075939726,
    "std": 4.668447790331447,
    "n": 411
  },
  "NHPC": {
    "mean": 2.546918045120232,
    "std": 2.8827861299105946,
    "n": 289
  },
  "PSYC": {
    "mean": 9.62462859788582,
    "std": 5.4826134281452275,
    "n": 645
  },
  "JNO": {
    "mean": 9.002266750187607,
    "std": 4.234673314980096,
    "n": 1514
  },
  "MSL": {
    "mean": 0.2657013546140782,
    "std": 1.1463067124922508,
    "n": 196
  },
  "M20": {
    "mean": 0.48209237705344493,
    "std": 1.504316877704969,
    "n": 204
  },
  "CGO": {
    "mean": 10.316655708351526,
    "std": 5.56434790729264,
    "n": 259
  },
  "BIOS": {
    "mean": 7.111815900254474,
    "std": 3.6669300959237847,
    "n": 81
  },
  "SGP": {
    "mean": 0.0,
    "std": 0.0,
    "n": 111
  },
  "DSCO": {
    "mean": 4.841729469517685,
    "std": 4.950545965703306,
    "n": 45
  },
  "THB": {
    "mean": 8.127425734448254,
    "std": 5.624767373043861,
    "n": 131
  },
  "MMX": {
    "mean": 6.447047574555721,
    "std": 4.86009682234796,
    "n": 75
  },
  "RST": {
    "mean": 6.2573459288108575,
    "std": 5.9069727957618285,
    "n": 50
  },
  "XMM": {
    "mean": 10.49102250883873,
    "std": 2.909686122370264,
    "n": 126
  },
  "TEST": {
    "mean": 0.0,
    "std": 0.0,
    "n": 194
  },
  "MEX": {
    "mean": 9.495547254342087,
    "std": 4.561461788079343,
    "n": 59
  },
  "BEPI": {
    "mean": 2.1859055962876406,
    "std": 3.4648591198487138,
    "n": 31
  },
  "HYB2": {
    "mean": 4.1767749285408255,
    "std": 3.2512601559797702,
    "n": 463
  },
  "HCRA": {
    "mean": 0.0,
    "std": 0.0,
    "n": 48
  },
  "EGS": {
    "mean": 0.0,
    "std": 0.0,
    "n": 16
  }
}