{
  "ACE": {
    "mean": 8.211872117150623,
    "std": 5.068268870459081,
    "n": 95
  },
  "DSN": {
    "mean": 0.0,
    "std": 0.0,
    "n": 1407
  },
  "DSS": {
    "mean": 0.0,
    "std": 0.0,
    "n": 524
  },
  "JWST": {
    "mean": 12.11470719943838,
    "std": 6.172457114952519,
    "n": 173
  },
  "KPLO": {
    "mean": 6.983129771785829,
    "std": 6.80118686294689,
    "n": 145
  },
  "LUCY": {
    "mean": 9.944806991902189,
    "std": 3.3155969091892645,
    "n": 160
  },
  "M01O": {
    "mean": 8.226840419402533,
    "std": 4.071271975852197,
    "n": 270
  },
  "MMS2": {
    "mean": 11.596256147995392,
    "std": 5.909455498402075,
    "n": 34
  },
  "ORX": {
    "mean": 3.7320352719386016,
    "std": 6.118614554663881,
    "n": 59
  },
  "SOHO": {
    "mean": 10.091282556466707,
    "std": 4.839609099495877,
    "n": 246
  },
  "SPP": {
    "mean": 10.158958290199665,
    "std": 3.8044629581192715,
    "n": 203
  },
  "VGR2": {
    "mean": 4.454970660975161,
    "std": 1.60900176778333,
    "n": 151
  },
  "CAPS": {
    "mean": 7.204842166961555,
    "std": 6.144376719423259,
    "n": 38
  },
  "MRO": {
    "mean": 11.640353600094983,
    "std": 5.496936715071386,
    "n": 160
  },
  "STA": {
    "mean": 9.745626017150897,
    "std": 5.819514670565849,
    "n": 99
  },
  "IMAP": {
    "mean": 10.452536095496814,
    "std": 5.638428233774641,
    "n": 71
  },
  "MMS3": {
    "mean": 11.162646679906109,
    "std": 5.914033487799132,
    "n": 32
  },
  "TGO": {
    "mean": 10.85687436027468,
    "std": 4.874204077030509,
    "n": 36
  },
  "TDR8": {
    "mean": 6.839711603308979,
    "std": 3.15492915596383,
    "n": 114
  },
  "MMS4": {
    "mean": 10.758413078274286,
    "std": 6.37063146290965,
    "n": 27
  },
  "WIND": {
    "mean": 8.126561038396373,
    "std": 4.173627203388643,
    "n": 76
  },
  "ESCB": {
    "mean": 7.302198972940727,
    "std": 3.5078629207632055,
    "n": 32
  },
  "THC": {
    "mean": 9.036741273328367,
    "std": 5.393922404335639,
    "n": 27
  },
  "CHDR": {
    "mean": 7.79066373808645,
    "std": 6.948357313713743,
    "n": 79
  },
  "MMS1": {
    "mean": 10.398430174843092,
    "std": 6.5236699049617055,
    "n": 39
  },
  "ESCG": {
    "mean": 8.2751689574037,
    "std": 3.1563189004763585,
    "n": 106
  },
  "VGR1": {
    "mean": 4.583227466456565,
    "std": 1.5110453482563542,
    "n": 102
  },
  "DSSR": {
    "mean": 0.0,
    "std": 0.0,
    "n": 42
  },
  "LRO": {
    "mean": 10.928639234985097,
    "std": 7.118220187806351,
    "n": 36
  },
  "SWFO": {
    "mean": 0.0,
    "std": 0.0,
    "n": 35
  },
  "GBRA": {
    "mean": 0.0,
    "std": 0.0,
    "n": 122
  },
  "EMM": {
    "mean": 10.779377243938455,
    "std": 4.174834854826083,
    "n": 23
  },
  "TESS": {
    "mean": 5.809101792296096,
    "std": 4.743115196972252,
    "n": 15
  },
  "EURC": {
    "mean": 4.293406659922903,
    "std": 5.720003579647564,
    "n": 50
  },
  "NHPC": {
    "mean": 0.0,
    "std": 0.0,
    "n": 5
  },
  "PSYC": {
    "mean": 8.93257283615919,
    "std": 5.847971928242111,
    "n": 70
  },
  "JNO": {
    "mean": 10.1624080502013,
    "std": 3.6224542124246053,
    "n": 119
  },
  "MSL": {
    "mean": 0.0,
    "std": 0.0,
    "n": 24
  },
  "M20": {
    "mean": 0.0,
    "std": 0.0,
    "n": 25
  },
  "CGO": {
    "mean": 8.7455160819118,
    "std": 6.0528568940401,
    "n": 30
  },
  "BIOS": {
    "mean": 6.481374500800612,
    "std": 3.97086966242705,
    "n": 11
  },
  "SGP": {
    "mean": 0.0,
    "std": 0.0,
    "n": 34
  },
  "DSCO": {
    "mean": 3.961415020514468,
    "std": 4.851722729828701,
    "n": 5
  },
  "THB": {
    "mean": 8.565203502046836,
    "std": 5.442696609534125,
    "n": 14
  },
  "MMX": {
    "mean": 3.1847383128714086,
    "std": 4.556806537338114,
    "n": 27
  }
}