{
  "ACE": {
    "mean": 8.528227576760019,
    "std": 4.891804457786344,
    "n": 400
  },
  "DSN": {
    "mean": 0.0,
    "std": 0.0,
    "n": 6531
  },
  "DSS": {
    "mean": 0.0,
    "std": 0.0,
    "n": 1429
  },
  "JWST": {
    "mean": 11.101402645050712,
    "std": 6.031200248037112,
    "n": 867
  },
  "KPLO": {
    "mean": 8.502023451609467,
    "std": 6.340582233725048,
    "n": 732
  },
  "LUCY": {
    "mean": 9.107240452853764,
    "std": 4.096695302216328,
    "n": 660
  },
  "M01O": {
    "mean": 7.966290175446316,
    "std": 4.272780400671421,
    "n": 1468
  },
  "MMS2": {
    "mean": 12.048591492839707,
    "std": 5.5248662423329025,
    "n": 173
  },
  "ORX": {
    "mean": 3.751534791918511,
    "std": 6.118575642573762,
    "n": 355
  },
  "SOHO": {
    "mean": 10.201004334420396,
    "std": 4.640338069884712,
    "n": 1190
  },
  "SPP": {
    "mean": 8.923976749230302,
    "std": 4.448321862370817,
    "n": 758
  },
  "VGR2": {
    "mean": 4.269070840896764,
    "std": 1.7971061658324783,
    "n": 591
  },
  "CAPS": {
    "mean": 9.11433966986283,
    "std": 5.554483496080174,
    "n": 207
  },
  "MRO": {
    "mean": 11.1135088250193,
    "std": 5.8962531718439575,
    "n": 631
  },
  "STA": {
    "mean": 10.55330771391056,
    "std": 5.266191145094971,
    "n": 457
  },
  "IMAP": {
    "mean": 10.74386359494364,
    "std": 5.434713121540389,
    "n": 270
  },
  "MMS3": {
    "mean": 11.890535090203787,
    "std": 5.670209775919975,
    "n": 173
  },
  "TGO": {
    "mean": 9.982004353484006,
    "std": 5.397484382816288,
    "n": 195
  },
  "TDR8": {
    "mean": 6.839711603308979,
    "std": 3.15492915596383,
    "n": 114
  },
  "MMS4": {
    "mean": 11.91282530749416,
    "std": 5.696787729679368,
    "n": 156
  },
  "WIND": {
    "mean": 7.942843196808332,
    "std": 4.233292981807761,
    "n": 348
  },
  "ESCB": {
    "mean": 8.053422018972029,
    "std": 3.272302189602651,
    "n": 184
  },
  "THC": {
    "mean": 8.486753541989378,
    "std": 5.4367849299929745,
    "n": 111
  },
  "CHDR": {
    "mean": 8.103835877325396,
    "std": 6.900416811782081,
    "n": 414
  },
  "MMS1": {
    "mean": 10.501941605238697,
    "std": 6.461238640355366,
    "n": 186
  },
  "ESCG": {
    "mean": 7.701540526553268,
    "std": 3.473340056912333,
    "n": 235
  },
  "VGR1": {
    "mean": 4.443995418643928,
    "std": 1.6829694001921212,
    "n": 582
  },
  "DSSR": {
    "mean": 0.0,
    "std": 0.0,
    "n": 113
  },
  "LRO": {
    "mean": 10.6181347468039,
    "std": 6.762175357847977,
    "n": 362
  },
  "SWFO": {
    "mean": 0.2858198405429988,
    "std": 1.5124178272577258,
    "n": 145
  },
  "GBRA": {
    "mean": 0.0,
    "std": 0.0,
    "n": 378
  },
  "EMM": {
    "mean": 9.927111129580219,
    "std": 4.964515800101205,
    "n": 95
  },
  "TESS": {
    "mean": 9.513631567400466,
    "std": 6.392764161118952,
    "n": 114
  },
  "EURC": {
    "mean": 6.559504673996571,
    "std": 5.212729484069548,
    "n": 204
  },
  "NHPC": {
    "mean": 0.0,
    "std": 0.0,
    "n": 28
  },
  "PSYC": {
    "mean": 9.622402403248405,
    "std": 5.480468671630307,
    "n": 490
  },
  "JNO": {
    "mean": 8.89456913149524,
    "std": 4.582972359379915,
    "n": 869
  },
  "MSL": {
    "mean": 0.14685469987681674,
    "std": 0.86961202128403,
    "n": 108
  },
  "M20": {
    "mean": 0.39383747965235666,
    "std": 1.3723898151039942,
    "n": 92
  },
  "CGO": {
    "mean": 10.282326018520775,
    "std": 5.596667934217436,
    "n": 165
  },
  "BIOS": {
    "mean": 6.758731403156125,
    "std": 3.904474226334781,
    "n": 48
  },
  "SGP": {
    "mean": 0.0,
    "std": 0.0,
    "n": 34
  },
  "DSCO": {
    "mean": 4.951768775643087,
    "std": 4.951768775643086,
    "n": 28
  },
  "THB": {
    "mean": 8.309367451133356,
    "std": 5.547850272422751,
    "n": 82
  },
  "MMX": {
    "mean": 6.255844173683396,
    "std": 4.862816903973702,
    "n": 69
  },
  "RST": {
    "mean": 7.504568018465512,
    "std": 6.107700359240118,
    "n": 29
  },
  "XMM": {
    "mean": 10.247047163175289,
    "std": 3.281681488623191,
    "n": 86
  },
  "TEST": {
    "mean": 0.0,
    "std": 0.0,
    "n": 95
  },
  "MEX": {
    "mean": 9.155437514433327,
    "std": 4.828276118324093,
    "n": 37
  },
  "BEPI": {
    "mean": 2.6983295864345913,
    "std": 3.816014296888384,
    "n": 21
  },
  "HYB2": {
    "mean": 0.0,
    "std": 0.0,
    "n": 14
  },
  "HCRA": {
    "mean": 0.0,
    "std": 0.0,
    "n": 32
  }
}