{
  "ACE": {
    "mean": 8.35444524776443,
    "std": 4.958901139729893,
    "n": 738
  },
  "DSN": {
    "mean": 0.0,
    "std": 0.0,
    "n": 11266
  },
  "DSS": {
    "mean": 0.0,
    "std": 0.0,
    "n": 2127
  },
  "JWST": {
    "mean": 11.435718648355309,
    "std": 5.932755923086955,
    "n": 1763
  },
  "KPLO": {
    "mean": 8.713547348786944,
    "std": 6.22028846330258,
    "n": 1415
  },
  "LUCY": {
    "mean": 9.026908214267419,
    "std": 3.918243702452215,
    "n": 885
  },
  "M01O": {
    "mean": 7.858405428996608,
    "std": 4.280245942095341,
    "n": 2695
  },
  "MMS2": {
    "mean": 11.872387515332667,
    "std": 5.6735844799446635,
    "n": 361
  },
  "ORX": {
    "mean": 4.398418840083618,
    "std": 6.415415423985445,
    "n": 813
  },
  "SOHO": {
    "mean": 10.405403078102447,
    "std": 4.513205541652496,
    "n": 2375
  },
  "SPP": {
    "mean": 8.882440090358735,
    "std": 4.580355471972303,
    "n": 1237
  },
  "VGR2": {
    "mean": 4.195360803603486,
    "std": 1.8641130132971497,
    "n": 1120
  },
  "CAPS": {
    "mean": 9.169626422469072,
    "std": 5.515984283082913,
    "n": 373
  },
  "MRO": {
    "mean": 11.357112140788388,
    "std": 5.703652540237805,
    "n": 1267
  },
  "STA": {
    "mean": 10.59728194840765,
    "std": 5.225621106628117,
    "n": 865
  },
  "IMAP": {
    "mean": 10.671246960864021,
    "std": 5.485306312077071,
    "n": 469
  },
  "MMS3": {
    "mean": 11.775744185441935,
    "std": 5.753770231756689,
    "n": 343
  },
  "TGO": {
    "mean": 10.50848055621284,
    "std": 5.058261569697154,
    "n": 384
  },
  "TDR8": {
    "mean": 7.014025107082547,
    "std": 2.9972898409743474,
    "n": 136
  },
  "MMS4": {
    "mean": 12.000394548815015,
    "std": 5.596123978898027,
    "n": 314
  },
  "WIND": {
    "mean": 7.872429730070438,
    "std": 4.173543707434817,
    "n": 655
  },
  "ESCB": {
    "mean": 7.816852453699548,
    "std": 3.422471766084753,
    "n": 448
  },
  "THC": {
    "mean": 8.16324649609794,
    "std": 5.648212518722296,
    "n": 184
  },
  "CHDR": {
    "mean": 8.167626693330792,
    "std": 6.874626424535113,
    "n": 767
  },
  "MMS1": {
    "mean": 10.738168925191584,
    "std": 6.343009455896699,
    "n": 395
  },
  "ESCG": {
    "mean": 7.606823657058811,
    "std": 3.6652477038746833,
    "n": 380
  },
  "VGR1": {
    "mean": 4.145204149611995,
    "std": 1.9620413792239977,
    "n": 1277
  },
  "DSSR": {
    "mean": 0.0,
    "std": 0.0,
    "n": 256
  },
  "LRO": {
    "mean": 10.657207388304144,
    "std": 6.419829697282678,
    "n": 828
  },
  "SWFO": {
    "mean": 0.21816720337011045,
    "std": 1.3270602162643328,
    "n": 266
  },
  "GBRA": {
    "mean": 0.0,
    "std": 0.0,
    "n": 628
  },
  "EMM": {
    "mean": 10.10300937413302,
    "std": 4.819765948095871,
    "n": 205
  },
  "TESS": {
    "mean": 10.069945880849138,
    "std": 6.689301786347574,
    "n": 231
  },
  "EURC": {
    "mean": 6.595316996801882,
    "std": 4.622226586432307,
    "n": 499
  },
  "NHPC": {
    "mean": 2.6600978414781573,
    "std": 2.946218204517316,
    "n": 505
  },
  "PSYC": {
    "mean": 9.721354123946155,
    "std": 5.426520296329287,
    "n": 682
  },
  "JNO": {
    "mean": 8.994644905498872,
    "std": 4.1433312528518575,
    "n": 1718
  },
  "MSL": {
    "mean": 0.3890330997020975,
    "std": 1.3676191765791825,
    "n": 227
  },
  "M20": {
    "mean": 0.4370970885284567,
    "std": 1.4392449802223781,
    "n": 225
  },
  "CGO": {
    "mean": 10.255237957775261,
    "std": 5.567524364717267,
    "n": 291
  },
  "BIOS": {
    "mean": 7.000237304147708,
    "std": 3.7431823578094545,
    "n": 90
  },
  "SGP": {
    "mean": 0.0,
    "std": 0.0,
    "n": 111
  },
  "DSCO": {
    "mean": 4.854675270238321,
    "std": 4.950816787020306,
    "n": 51
  },
  "THB": {
    "mean": 8.127425734448254,
    "std": 5.624767373043861,
    "n": 131
  },
  "MMX": {
    "mean": 6.447047574555721,
    "std": 4.86009682234796,
    "n": 75
  },
  "RST": {
    "mean": 6.2573459288108575,
    "std": 5.9069727957618285,
    "n": 50
  },
  "XMM": {
    "mean": 10.356520785449455,
    "std": 3.1226085073686924,
    "n": 144
  },
  "TEST": {
    "mean": 0.0,
    "std": 0.0,
    "n": 220
  },
  "MEX": {
    "mean": 9.495547254342087,
    "std": 4.561461788079343,
    "n": 59
  },
  "BEPI": {
    "mean": 4.342343111860535,
    "std": 5.071384013101949,
    "n": 40
  },
  "HYB2": {
    "mean": 4.1767749285408255,
    "std": 3.2512601559797702,
    "n": 463
  },
  "HCRA": {
    "mean": 0.0,
    "std": 0.0,
    "n": 74
  },
  "EGS": {
    "mean": 0.0,
    "std": 0.0,
    "n": 16
  }
}