{
  "ACE": {
    "mean": 8.348098503221722,
    "std": 4.987983475109652,
    "n": 73
  },
  "DSN": {
    "mean": 0.0,
    "std": 0.0,
    "n": 1110
  },
  "DSS": {
    "mean": 0.0,
    "std": 0.0,
    "n": 426
  },
  "JWST": {
    "mean": 12.285488805080673,
    "std": 6.092489466661951,
    "n": 132
  },
  "KPLO": {
    "mean": 6.608105715412409,
    "std": 6.855917403139318,
    "n": 89
  },
  "LUCY": {
    "mean": 9.931322401640138,
    "std": 3.324708835225885,
    "n": 129
  },
  "M01O": {
    "mean": 8.21640504866758,
    "std": 4.048267818389807,
    "n": 199
  },
  "MMS2": {
    "mean": 11.874581503061174,
    "std": 5.667125759720471,
    "n": 27
  },
  "ORX": {
    "mean": 4.588881137493812,
    "std": 6.4902711969452875,
    "n": 42
  },
  "SOHO": {
    "mean": 9.95710176643019,
    "std": 4.944333633186387,
    "n": 182
  },
  "SPP": {
    "mean": 9.666297695917065,
    "std": 3.988126797007201,
    "n": 129
  },
  "VGR2": {
    "mean": 4.386047753870937,
    "std": 1.7463774143652395,
    "n": 95
  },
  "CAPS": {
    "mean": 7.204842166961555,
    "std": 6.144376719423259,
    "n": 38
  },
  "MRO": {
    "mean": 11.5133647171207,
    "std": 5.613098738795965,
    "n": 131
  },
  "STA": {
    "mean": 9.07166628458936,
    "std": 6.1195354097199095,
    "n": 64
  },
  "IMAP": {
    "mean": 10.728231206601006,
    "std": 5.4324510410501725,
    "n": 49
  },
  "MMS3": {
    "mean": 10.970912797947973,
    "std": 6.059646975191299,
    "n": 30
  },
  "TGO": {
    "mean": 11.167455269608686,
    "std": 4.680663540518066,
    "n": 27
  },
  "TDR8": {
    "mean": 6.839711603308979,
    "std": 3.15492915596383,
    "n": 114
  },
  "MMS4": {
    "mean": 10.605590439367976,
    "std": 6.443238795543328,
    "n": 26
  },
  "WIND": {
    "mean": 7.899473867265955,
    "std": 4.13387679817801,
    "n": 64
  },
  "ESCB": {
    "mean": 7.302198972940727,
    "std": 3.5078629207632055,
    "n": 32
  },
  "THC": {
    "mean": 8.972552849858419,
    "std": 5.623995467200068,
    "n": 18
  },
  "CHDR": {
    "mean": 7.993018640374406,
    "std": 6.922157195486788,
    "n": 49
  },
  "MMS1": {
    "mean": 10.092301665186518,
    "std": 6.7324720731805145,
    "n": 26
  },
  "ESCG": {
    "mean": 7.99983087085769,
    "std": 3.084502563134401,
    "n": 93
  },
  "VGR1": {
    "mean": 4.4796591112362965,
    "std": 1.6418323935761974,
    "n": 76
  },
  "DSSR": {
    "mean": 0.0,
    "std": 0.0,
    "n": 42
  },
  "LRO": {
    "mean": 9.64990861387956,
    "std": 6.7286610819449635,
    "n": 23
  },
  "SWFO": {
    "mean": 0.0,
    "std": 0.0,
    "n": 19
  },
  "GBRA": {
    "mean": 0.0,
    "std": 0.0,
    "n": 75
  },
  "EMM": {
    "mean": 10.779377243938455,
    "std": 4.174834854826083,
    "n": 23
  },
  "TESS": {
    "mean": 5.377097202287007,
    "std": 4.809422561350061,
    "n": 9
  },
  "EURC": {
    "mean": 5.110191165187956,
    "std": 5.777128030401957,
    "n": 32
  },
  "NHPC": {
    "mean": 0.0,
    "std": 0.0,
    "n": 5
  },
  "PSYC": {
    "mean": 10.969826290020059,
    "std": 4.432852348494451,
    "n": 57
  },
  "JNO": {
    "mean": 10.022116610463446,
    "std": 3.729619601299179,
    "n": 102
  },
  "MSL": {
    "mean": 0.0,
    "std": 0.0,
    "n": 13
  },
  "M20": {
    "mean": 0.0,
    "std": 0.0,
    "n": 22
  },
  "CGO": {
    "mean": 8.043201089507736,
    "std": 6.194512694083141,
    "n": 23
  },
  "BIOS": {
    "mean": 6.481374500800612,
    "std": 3.97086966242705,
    "n": 11
  },
  "SGP": {
    "mean": 0.0,
    "std": 0.0,
    "n": 34
  },
  "DSCO": {
    "mean": 3.961415020514468,
    "std": 4.851722729828701,
    "n": 5
  },
  "THB": {
    "mean": 8.08643953763385,
    "std": 5.752874887484418,
    "n": 9
  },
  "MMX": {
    "mean": 3.1847383128714086,
    "std": 4.556806537338114,
    "n": 27
  }
}