{
  "ACE": {
    "mean": 11.38114364947859,
    "std": 7.170114004970143e-05,
    "n": 9
  },
  "DSN": {
    "mean": 0.0,
    "std": 0.0,
    "n": 45
  },
  "DSS": {
    "mean": 0.0,
    "std": 0.0,
    "n": 15
  },
  "JWST": {
    "mean": 15.92213465708374,
    "std": 4.4160064184891885,
    "n": 14
  },
  "KPLO": {
    "mean": 1.4505069853734178,
    "std": 4.586905835764542,
    "n": 11
  },
  "LUCY": {
    "mean": 11.042937835596492,
    "std": 2.3498992183808822e-15,
    "n": 8
  },
  "M01O": {
    "mean": 9.5624750243727,
    "std": 2.786977903755656e-15,
    "n": 13
  },
  "MMS2": {
    "mean": 7.019327454639082,
    "std": 7.019327454639082,
    "n": 2
  },
  "ORX": {
    "mean": 0.0,
    "std": 0.0,
    "n": 2
  },
  "SOHO": {
    "mean": 10.860742851397289,
    "std": 4.10497494831711,
    "n": 16
  },
  "SPP": {
    "mean": 6.390576181243971,
    "std": 0.0,
    "n": 14
  },
  "VGR2": {
    "mean": 4.403842362254126,
    "std": 1.7273290945625552,
    "n": 15
  },
  "CAPS": {
    "mean": 7.26421303399404,
    "std": 6.13938055293441,
    "n": 12
  },
  "MRO": {
    "mean": 6.835584967623171,
    "std": 6.837237160820872,
    "n": 14
  },
  "STA": {
    "mean": 0.0,
    "std": 0.0,
    "n": 7
  },
  "IMAP": {
    "mean": 10.783247776891267,
    "std": 5.391623888445634,
    "n": 5
  },
  "MMS3": {
    "mean": 7.019327454639081,
    "std": 7.019327454639082,
    "n": 4
  },
  "TGO": {
    "mean": 13.336337709531934,
    "std": 0.5505637756172757,
    "n": 2
  },
  "TDR8": {
    "mean": 0.0,
    "std": 0.0,
    "n": 1
  }
}