{
  "ACE": {
    "mean": 8.367349770200505,
    "std": 4.934965542294617,
    "n": 483
  },
  "DSN": {
    "mean": 0.0,
    "std": 0.0,
    "n": 7546
  },
  "DSS": {
    "mean": 0.0,
    "std": 0.0,
    "n": 1581
  },
  "JWST": {
    "mean": 11.251990405864305,
    "std": 6.024888634501901,
    "n": 1070
  },
  "KPLO": {
    "mean": 8.685369075042535,
    "std": 6.322848692408402,
    "n": 859
  },
  "LUCY": {
    "mean": 9.123937598029643,
    "std": 4.0317420722832855,
    "n": 718
  },
  "M01O": {
    "mean": 7.720490167643935,
    "std": 4.414968377483258,
    "n": 1769
  },
  "MMS2": {
    "mean": 12.21512818396878,
    "std": 5.406996939084988,
    "n": 214
  },
  "ORX": {
    "mean": 3.650319233821968,
    "std": 6.065323528354529,
    "n": 440
  },
  "SOHO": {
    "mean": 10.402422115158421,
    "std": 4.481227825219827,
    "n": 1476
  },
  "SPP": {
    "mean": 8.651988959177997,
    "std": 4.456958373437672,
    "n": 808
  },
  "VGR2": {
    "mean": 4.317692055688594,
    "std": 1.735870936500764,
    "n": 710
  },
  "CAPS": {
    "mean": 9.112230771056694,
    "std": 5.553096578862986,
    "n": 244
  },
  "MRO": {
    "mean": 11.198201345658177,
    "std": 5.839413068507773,
    "n": 771
  },
  "STA": {
    "mean": 10.536285324160904,
    "std": 5.2778847147182235,
    "n": 549
  },
  "IMAP": {
    "mean": 10.739518707551465,
    "std": 5.4354528932159125,
    "n": 309
  },
  "MMS3": {
    "mean": 11.861036546189693,
    "std": 5.708497430296834,
    "n": 213
  },
  "TGO": {
    "mean": 10.216229170337764,
    "std": 5.2774429265380824,
    "n": 243
  },
  "TDR8": {
    "mean": 6.839711603308979,
    "std": 3.15492915596383,
    "n": 114
  },
  "MMS4": {
    "mean": 12.123629998439425,
    "std": 5.527326385967344,
    "n": 192
  },
  "WIND": {
    "mean": 7.8970414798155835,
    "std": 4.227129814655573,
    "n": 412
  },
  "ESCB": {
    "mean": 8.015660130859475,
    "std": 3.2505264061796355,
    "n": 228
  },
  "THC": {
    "mean": 8.386897950630757,
    "std": 5.493180832996186,
    "n": 121
  },
  "CHDR": {
    "mean": 8.112186793894406,
    "std": 6.891906011290262,
    "n": 501
  },
  "MMS1": {
    "mean": 10.538976274929361,
    "std": 6.466023889598278,
    "n": 238
  },
  "ESCG": {
    "mean": 7.564819897996536,
    "std": 3.5510621074697637,
    "n": 270
  },
  "VGR1": {
    "mean": 4.455080079991432,
    "std": 1.664298476325828,
    "n": 753
  },
  "DSSR": {
    "mean": 0.0,
    "std": 0.0,
    "n": 136
  },
  "LRO": {
    "mean": 10.89324991713978,
    "std": 6.573606984811838,
    "n": 482
  },
  "SWFO": {
    "mean": 0.23024376043741562,
    "std": 1.3621417009648003,
    "n": 180
  },
  "GBRA": {
    "mean": 0.0,
    "std": 0.0,
    "n": 449
  },
  "EMM": {
    "mean": 10.140910766217448,
    "std": 4.792813407975981,
    "n": 126
  },
  "TESS": {
    "mean": 9.675755646321923,
    "std": 6.630698832940818,
    "n": 144
  },
  "EURC": {
    "mean": 6.966281034501893,
    "std": 5.20561694379659,
    "n": 265
  },
  "NHPC": {
    "mean": 0.0,
    "std": 0.0,
    "n": 33
  },
  "PSYC": {
    "mean": 9.483170384679449,
    "std": 5.558753202060213,
    "n": 571
  },
  "JNO": {
    "mean": 8.905769239414166,
    "std": 4.420922453100292,
    "n": 1148
  },
  "MSL": {
    "mean": 0.21790252979955327,
    "std": 1.0455929263056365,
    "n": 144
  },
  "M20": {
    "mean": 0.3539247680392362,
    "std": 1.3064091441833674,
    "n": 117
  },
  "CGO": {
    "mean": 10.281880530042814,
    "std": 5.634132332577208,
    "n": 190
  },
  "BIOS": {
    "mean": 6.7976950498830995,
    "std": 3.8807752958741553,
    "n": 57
  },
  "SGP": {
    "mean": 0.0,
    "std": 0.0,
    "n": 34
  },
  "DSCO": {
    "mean": 4.951768775643087,
    "std": 4.951768775643086,
    "n": 34
  },
  "THB": {
    "mean": 8.09411866564489,
    "std": 5.629050003664351,
    "n": 96
  },
  "MMX": {
    "mean": 6.3833415820869694,
    "std": 4.865709226505287,
    "n": 71
  },
  "RST": {
    "mean": 6.636855475185483,
    "std": 5.910642800722992,
    "n": 39
  },
  "XMM": {
    "mean": 10.403132049426544,
    "std": 3.0511786047110028,
    "n": 101
  },
  "TEST": {
    "mean": 0.0,
    "std": 0.0,
    "n": 110
  },
  "MEX": {
    "mean": 9.381623269263608,
    "std": 4.712619259557808,
    "n": 40
  },
  "BEPI": {
    "mean": 2.2665968526050566,
    "std": 3.6346409384521188,
    "n": 25
  },
  "HYB2": {
    "mean": 0.0,
    "std": 0.0,
    "n": 16
  },
  "HCRA": {
    "mean": 0.0,
    "std": 0.0,
    "n": 33
  },
  "EGS": {
    "mean": 0.0,
    "std": 0.0,
    "n": 16
  }
}