{
  "ACE": {
    "mean": 8.42838760498247,
    "std": 4.953028585399187,
    "n": 452
  },
  "DSN": {
    "mean": 0.0,
    "std": 0.0,
    "n": 7243
  },
  "DSS": {
    "mean": 0.0,
    "std": 0.0,
    "n": 1535
  },
  "JWST": {
    "mean": 11.178944379053839,
    "std": 6.0236139495987295,
    "n": 1008
  },
  "KPLO": {
    "mean": 8.664647365840263,
    "std": 6.347751129828287,
    "n": 826
  },
  "LUCY": {
    "mean": 9.132801930359506,
    "std": 4.052375803934068,
    "n": 700
  },
  "M01O": {
    "mean": 7.740650256963315,
    "std": 4.408668408283173,
    "n": 1693
  },
  "MMS2": {
    "mean": 12.23507384013633,
    "std": 5.377882542960508,
    "n": 198
  },
  "ORX": {
    "mean": 3.811851504892733,
    "std": 6.148730115481576,
    "n": 407
  },
  "SOHO": {
    "mean": 10.349534686260236,
    "std": 4.524108977888237,
    "n": 1384
  },
  "SPP": {
    "mean": 8.651988959177997,
    "std": 4.456958373437672,
    "n": 808
  },
  "VGR2": {
    "mean": 4.310909767859114,
    "std": 1.7399654565915565,
    "n": 669
  },
  "CAPS": {
    "mean": 9.04515884031528,
    "std": 5.591154610870683,
    "n": 239
  },
  "MRO": {
    "mean": 11.186855832167707,
    "std": 5.836057829654885,
    "n": 714
  },
  "STA": {
    "mean": 10.494481962061698,
    "std": 5.3070327454576,
    "n": 526
  },
  "IMAP": {
    "mean": 10.819937282256477,
    "std": 5.375968731059893,
    "n": 293
  },
  "MMS3": {
    "mean": 11.898879571102903,
    "std": 5.674401379489768,
    "n": 200
  },
  "TGO": {
    "mean": 10.166213627689388,
    "std": 5.289041076126431,
    "n": 226
  },
  "TDR8": {
    "mean": 6.839711603308979,
    "std": 3.15492915596383,
    "n": 114
  },
  "MMS4": {
    "mean": 11.949763007912095,
    "std": 5.666075985084083,
    "n": 180
  },
  "WIND": {
    "mean": 7.858968044157441,
    "std": 4.221057462048545,
    "n": 391
  },
  "ESCB": {
    "mean": 8.015660130859475,
    "std": 3.2505264061796355,
    "n": 228
  },
  "THC": {
    "mean": 8.456788766886014,
    "std": 5.462182935852115,
    "n": 120
  },
  "CHDR": {
    "mean": 8.089668666363545,
    "std": 6.894811419376853,
    "n": 473
  },
  "MMS1": {
    "mean": 10.464550602880635,
    "std": 6.499885632307881,
    "n": 223
  },
  "ESCG": {
    "mean": 7.685456021667649,
    "std": 3.4829368982593527,
    "n": 239
  },
  "VGR1": {
    "mean": 4.466609854742134,
    "std": 1.6504835339822954,
    "n": 701
  },
  "DSSR": {
    "mean": 0.0,
    "std": 0.0,
    "n": 113
  },
  "LRO": {
    "mean": 10.830985493178396,
    "std": 6.633671039940158,
    "n": 446
  },
  "SWFO": {
    "mean": 0.24523004070257284,
    "std": 1.4044652225680567,
    "n": 169
  },
  "GBRA": {
    "mean": 0.0,
    "std": 0.0,
    "n": 427
  },
  "EMM": {
    "mean": 10.100846322190947,
    "std": 4.826679446531576,
    "n": 113
  },
  "TESS": {
    "mean": 9.351216623172704,
    "std": 6.496959679103127,
    "n": 136
  },
  "EURC": {
    "mean": 6.927653534239651,
    "std": 5.269271732500624,
    "n": 240
  },
  "NHPC": {
    "mean": 0.0,
    "std": 0.0,
    "n": 30
  },
  "PSYC": {
    "mean": 9.443910595654938,
    "std": 5.582806617175107,
    "n": 560
  },
  "JNO": {
    "mean": 8.871066599105445,
    "std": 4.505871821110066,
    "n": 1065
  },
  "MSL": {
    "mean": 0.22574075029594007,
    "std": 1.0634007830282681,
    "n": 139
  },
  "M20": {
    "mean": 0.3870018491643985,
    "std": 1.3613996793011274,
    "n": 107
  },
  "CGO": {
    "mean": 10.316822035197166,
    "std": 5.599713687429647,
    "n": 184
  },
  "BIOS": {
    "mean": 6.881448591857102,
    "std": 3.8306128668279746,
    "n": 55
  },
  "SGP": {
    "mean": 0.0,
    "std": 0.0,
    "n": 34
  },
  "DSCO": {
    "mean": 4.951768775643087,
    "std": 4.951768775643086,
    "n": 34
  },
  "THB": {
    "mean": 8.189868970727542,
    "std": 5.59772491911716,
    "n": 92
  },
  "MMX": {
    "mean": 6.3833415820869694,
    "std": 4.865709226505287,
    "n": 71
  },
  "RST": {
    "mean": 6.636855475185483,
    "std": 5.910642800722992,
    "n": 39
  },
  "XMM": {
    "mean": 10.403132049426544,
    "std": 3.0511786047110028,
    "n": 101
  },
  "TEST": {
    "mean": 0.0,
    "std": 0.0,
    "n": 102
  },
  "MEX": {
    "mean": 9.381623269263608,
    "std": 4.712619259557808,
    "n": 40
  },
  "BEPI": {
    "mean": 2.2665968526050566,
    "std": 3.6346409384521188,
    "n": 25
  },
  "HYB2": {
    "mean": 0.0,
    "std": 0.0,
    "n": 16
  },
  "HCRA": {
    "mean": 0.0,
    "std": 0.0,
    "n": 33
  },
  "EGS": {
    "mean": 0.0,
    "std": 0.0,
    "n": 16
  }
}