{
  "ACE": {
    "mean": 8.430151772590506,
    "std": 4.933539237284098,
    "n": 298
  },
  "DSN": {
    "mean": 0.0,
    "std": 0.0,
    "n": 5061
  },
  "DSS": {
    "mean": 0.0,
    "std": 0.0,
    "n": 1219
  },
  "JWST": {
    "mean": 10.945526211309849,
    "std": 6.000942635359471,
    "n": 612
  },
  "KPLO": {
    "mean": 8.401911380609366,
    "std": 6.530549196076398,
    "n": 496
  },
  "LUCY": {
    "mean": 8.933238000808508,
    "std": 4.279630983550779,
    "n": 536
  },
  "M01O": {
    "mean": 7.886083293613041,
    "std": 4.301906028899321,
    "n": 1012
  },
  "MMS2": {
    "mean": 12.01652262842778,
    "std": 5.55957282092882,
    "n": 125
  },
  "ORX": {
    "mean": 3.8834588338560785,
    "std": 6.184425240824674,
    "n": 198
  },
  "SOHO": {
    "mean": 10.366826135801752,
    "std": 4.604197395001711,
    "n": 783
  },
  "SPP": {
    "mean": 7.850765240874546,
    "std": 4.260061973518559,
    "n": 425
  },
  "VGR2": {
    "mean": 4.37442240223332,
    "std": 1.6796069053827978,
    "n": 425
  },
  "CAPS": {
    "mean": 8.548626884666698,
    "std": 5.817494194982348,
    "n": 136
  },
  "MRO": {
    "mean": 11.225965505417133,
    "std": 5.862688057012641,
    "n": 497
  },
  "STA": {
    "mean": 10.404627141309854,
    "std": 5.387557412116703,
    "n": 322
  },
  "IMAP": {
    "mean": 10.413082236959132,
    "std": 5.658995403280509,
    "n": 193
  },
  "MMS3": {
    "mean": 11.806778286223729,
    "std": 5.697487492371068,
    "n": 122
  },
  "TGO": {
    "mean": 9.933344264467191,
    "std": 5.43139372927346,
    "n": 135
  },
  "TDR8": {
    "mean": 6.839711603308979,
    "std": 3.15492915596383,
    "n": 114
  },
  "MMS4": {
    "mean": 12.270329183468709,
    "std": 5.360726296884956,
    "n": 100
  },
  "WIND": {
    "mean": 7.963144192950917,
    "std": 4.203248135287915,
    "n": 252
  },
  "ESCB": {
    "mean": 8.186738073100116,
    "std": 3.2098915480235064,
    "n": 150
  },
  "THC": {
    "mean": 8.526102456830086,
    "std": 5.451919427225525,
    "n": 80
  },
  "CHDR": {
    "mean": 8.01320035674244,
    "std": 6.912391582905505,
    "n": 293
  },
  "MMS1": {
    "mean": 10.469270243459261,
    "std": 6.463883034973066,
    "n": 127
  },
  "ESCG": {
    "mean": 7.669210727802199,
    "std": 3.536263143813663,
    "n": 180
  },
  "VGR1": {
    "mean": 4.507619821584791,
    "std": 1.608107542974858,
    "n": 372
  },
  "DSSR": {
    "mean": 0.0,
    "std": 0.0,
    "n": 85
  },
  "LRO": {
    "mean": 10.05220544626979,
    "std": 6.7311348474978905,
    "n": 248
  },
  "SWFO": {
    "mean": 0.0,
    "std": 0.0,
    "n": 97
  },
  "GBRA": {
    "mean": 0.0,
    "std": 0.0,
    "n": 320
  },
  "EMM": {
    "mean": 11.325697287323143,
    "std": 3.5141971093333795,
    "n": 57
  },
  "TESS": {
    "mean": 8.14508301047143,
    "std": 5.393069797129331,
    "n": 79
  },
  "EURC": {
    "mean": 6.391661970651196,
    "std": 5.4387999529639615,
    "n": 140
  },
  "NHPC": {
    "mean": 0.0,
    "std": 0.0,
    "n": 23
  },
  "PSYC": {
    "mean": 10.423307421243779,
    "std": 4.933166775560093,
    "n": 317
  },
  "JNO": {
    "mean": 8.822624598818546,
    "std": 4.595519830911062,
    "n": 726
  },
  "MSL": {
    "mean": 0.20597802060644432,
    "std": 1.0239634812655733,
    "n": 77
  },
  "M20": {
    "mean": 0.2836246428807577,
    "std": 1.1779816133324597,
    "n": 73
  },
  "CGO": {
    "mean": 10.07358550123828,
    "std": 5.6489869174831435,
    "n": 127
  },
  "BIOS": {
    "mean": 7.354588970934565,
    "std": 3.4980928384520924,
    "n": 38
  },
  "SGP": {
    "mean": 0.0,
    "std": 0.0,
    "n": 34
  },
  "DSCO": {
    "mean": 4.456591898078777,
    "std": 4.926947723221698,
    "n": 20
  },
  "THB": {
    "mean": 8.752697345206279,
    "std": 5.423163308485524,
    "n": 51
  },
  "MMX": {
    "mean": 6.016493598113673,
    "std": 4.865458928163983,
    "n": 55
  },
  "RST": {
    "mean": 8.091586331914513,
    "std": 5.869664019498173,
    "n": 19
  },
  "XMM": {
    "mean": 10.08752262698692,
    "std": 3.4944203426957317,
    "n": 56
  },
  "TEST": {
    "mean": 0.0,
    "std": 0.0,
    "n": 45
  },
  "MEX": {
    "mean": 9.596479852114397,
    "std": 4.599740883340531,
    "n": 27
  },
  "BEPI": {
    "mean": 6.2961023683473805,
    "std": 3.365408276344554,
    "n": 9
  },
  "HYB2": {
    "mean": 0.0,
    "std": 0.0,
    "n": 8
  },
  "HCRA": {
    "mean": 0.0,
    "std": 0.0,
    "n": 14
  }
}