{
  "ACE": {
    "mean": 8.624150711250364,
    "std": 4.856357234026935,
    "n": 167
  },
  "DSN": {
    "mean": 0.0,
    "std": 0.0,
    "n": 2899
  },
  "DSS": {
    "mean": 0.0,
    "std": 0.0,
    "n": 951
  },
  "JWST": {
    "mean": 10.976631790853935,
    "std": 5.857661209405796,
    "n": 324
  },
  "KPLO": {
    "mean": 8.145493068126044,
    "std": 6.6321017901618955,
    "n": 306
  },
  "LUCY": {
    "mean": 9.549650451678096,
    "std": 3.781723910094477,
    "n": 273
  },
  "M01O": {
    "mean": 8.36618170318648,
    "std": 3.8922835226426735,
    "n": 546
  },
  "MMS2": {
    "mean": 11.86659118273602,
    "std": 5.673220649763587,
    "n": 70
  },
  "ORX": {
    "mean": 3.498536321441689,
    "std": 5.982060663848044,
    "n": 102
  },
  "SOHO": {
    "mean": 10.14335609252881,
    "std": 4.7960901773964055,
    "n": 405
  },
  "SPP": {
    "mean": 9.093607193269019,
    "std": 4.187026967799199,
    "n": 313
  },
  "VGR2": {
    "mean": 4.264461190604122,
    "std": 1.7714576745219028,
    "n": 239
  },
  "CAPS": {
    "mean": 8.295280583192385,
    "std": 5.918340377558435,
    "n": 89
  },
  "MRO": {
    "mean": 11.925287388986211,
    "std": 5.456517380327695,
    "n": 308
  },
  "STA": {
    "mean": 10.10655741939923,
    "std": 5.5729154365959435,
    "n": 176
  },
  "IMAP": {
    "mean": 10.648220640519886,
    "std": 5.4991995522562,
    "n": 114
  },
  "MMS3": {
    "mean": 11.742150085622338,
    "std": 5.649071002522045,
    "n": 64
  },
  "TGO": {
    "mean": 10.477858238490112,
    "std": 5.0819341533035045,
    "n": 58
  },
  "TDR8": {
    "mean": 6.839711603308979,
    "std": 3.15492915596383,
    "n": 114
  },
  "MMS4": {
    "mean": 11.884081404946073,
    "std": 5.643621554798,
    "n": 49
  },
  "WIND": {
    "mean": 8.107425561206824,
    "std": 4.09517331878931,
    "n": 141
  },
  "ESCB": {
    "mean": 7.308963923551713,
    "std": 3.555137847900558,
    "n": 63
  },
  "THC": {
    "mean": 8.712179279422477,
    "std": 5.3977021546553265,
    "n": 51
  },
  "CHDR": {
    "mean": 7.823915193955745,
    "std": 6.935610534746822,
    "n": 150
  },
  "MMS1": {
    "mean": 10.576831049774176,
    "std": 6.417038614361232,
    "n": 67
  },
  "ESCG": {
    "mean": 8.186929874444884,
    "std": 3.1500045941231565,
    "n": 128
  },
  "VGR1": {
    "mean": 4.570710458955862,
    "std": 1.5278200082502849,
    "n": 199
  },
  "DSSR": {
    "mean": 0.0,
    "std": 0.0,
    "n": 68
  },
  "LRO": {
    "mean": 10.27246961204083,
    "std": 7.116528194167744,
    "n": 89
  },
  "SWFO": {
    "mean": 0.0,
    "std": 0.0,
    "n": 54
  },
  "GBRA": {
    "mean": 0.0,
    "std": 0.0,
    "n": 191
  },
  "EMM": {
    "mean": 11.363260177985122,
    "std": 3.4261518550512498,
    "n": 36
  },
  "TESS": {
    "mean": 7.806572495383343,
    "std": 5.298482933837209,
    "n": 34
  },
  "EURC": {
    "mean": 5.323336555092778,
    "std": 5.688075179428815,
    "n": 80
  },
  "NHPC": {
    "mean": 0.0,
    "std": 0.0,
    "n": 15
  },
  "PSYC": {
    "mean": 9.44423828811398,
    "std": 5.583755211791004,
    "n": 139
  },
  "JNO": {
    "mean": 9.947006368972334,
    "std": 3.756533143583225,
    "n": 239
  },
  "MSL": {
    "mean": 0.0,
    "std": 0.0,
    "n": 41
  },
  "M20": {
    "mean": 0.12624755445302027,
    "std": 0.7984596421953536,
    "n": 41
  },
  "CGO": {
    "mean": 9.83673893107173,
    "std": 5.67165373123259,
    "n": 66
  },
  "BIOS": {
    "mean": 7.30149457724267,
    "std": 3.48187335626453,
    "n": 27
  },
  "SGP": {
    "mean": 0.0,
    "std": 0.0,
    "n": 34
  },
  "DSCO": {
    "mean": 4.951768775643085,
    "std": 4.951768775643084,
    "n": 10
  },
  "THB": {
    "mean": 8.611753144078193,
    "std": 5.287150690282514,
    "n": 33
  },
  "MMX": {
    "mean": 4.877063057512354,
    "std": 4.978158695392336,
    "n": 42
  },
  "RST": {
    "mean": 4.273278775786431,
    "std": 5.542383218646343,
    "n": 5
  },
  "XMM": {
    "mean": 11.298020796733232,
    "std": 3.426293600148954e-05,
    "n": 12
  },
  "TEST": {
    "mean": 0.0,
    "std": 0.0,
    "n": 17
  },
  "MEX": {
    "mean": 12.476532887085018,
    "std": 0.0001261558864521717,
    "n": 8
  },
  "BEPI": {
    "mean": 6.2961023683473805,
    "std": 3.365408276344554,
    "n": 9
  },
  "HYB2": {
    "mean": 0.0,
    "std": 0.0,
    "n": 4
  }
}