{
  "ACE": {
    "mean": 8.296148631990329,
    "std": 4.988496236832349,
    "n": 770
  },
  "DSN": {
    "mean": 0.0,
    "std": 0.0,
    "n": 11692
  },
  "DSS": {
    "mean": 0.0,
    "std": 0.0,
    "n": 2235
  },
  "JWST": {
    "mean": 11.344964011691514,
    "std": 5.877492376562424,
    "n": 1835
  },
  "KPLO": {
    "mean": 8.65772700701001,
    "std": 6.144978036541238,
    "n": 1472
  },
  "LUCY": {
    "mean": 9.022447807804252,
    "std": 3.903930591241213,
    "n": 903
  },
  "M01O": {
    "mean": 7.850137908832546,
    "std": 4.272574067883209,
    "n": 2800
  },
  "MMS2": {
    "mean": 11.917562403926926,
    "std": 5.6243522544271185,
    "n": 374
  },
  "ORX": {
    "mean": 4.36295152568843,
    "std": 6.403053278587084,
    "n": 823
  },
  "SOHO": {
    "mean": 10.409805415063177,
    "std": 4.511227587547555,
    "n": 2467
  },
  "SPP": {
    "mean": 8.809975549289248,
    "std": 4.566697696159363,
    "n": 1270
  },
  "VGR2": {
    "mean": 4.20316619291007,
    "std": 1.8513886673058115,
    "n": 1164
  },
  "CAPS": {
    "mean": 9.241860553212982,
    "std": 5.472883176123972,
    "n": 401
  },
  "MRO": {
    "mean": 11.376209605967036,
    "std": 5.694073474075674,
    "n": 1314
  },
  "STA": {
    "mean": 10.593650373594302,
    "std": 5.223908288022219,
    "n": 911
  },
  "IMAP": {
    "mean": 10.736565223155901,
    "std": 5.4373987273880156,
    "n": 490
  },
  "MMS3": {
    "mean": 11.81730077534771,
    "std": 5.727915982146198,
    "n": 358
  },
  "TGO": {
    "mean": 10.484802931885179,
    "std": 5.075735285099302,
    "n": 391
  },
  "TDR8": {
    "mean": 7.014025107082547,
    "std": 2.9972898409743474,
    "n": 136
  },
  "MMS4": {
    "mean": 11.924524976187032,
    "std": 5.666907067532485,
    "n": 337
  },
  "WIND": {
    "mean": 7.833933458326292,
    "std": 4.168648642176112,
    "n": 675
  },
  "ESCB": {
    "mean": 7.806187202966906,
    "std": 3.406350933727639,
    "n": 482
  },
  "THC": {
    "mean": 8.181153875742885,
    "std": 5.626214426050728,
    "n": 198
  },
  "CHDR": {
    "mean": 8.180406657747266,
    "std": 6.873261592540224,
    "n": 800
  },
  "MMS1": {
    "mean": 10.74433631659976,
    "std": 6.343875061183519,
    "n": 403
  },
  "ESCG": {
    "mean": 7.678819799000944,
    "std": 3.661046819124107,
    "n": 388
  },
  "VGR1": {
    "mean": 4.052544976017139,
    "std": 2.035430359537556,
    "n": 1349
  },
  "DSSR": {
    "mean": 0.0,
    "std": 0.0,
    "n": 256
  },
  "LRO": {
    "mean": 10.474522294706913,
    "std": 6.441645719466811,
    "n": 892
  },
  "SWFO": {
    "mean": 0.20433970456496256,
    "std": 1.285416671461804,
    "n": 284
  },
  "GBRA": {
    "mean": 0.0,
    "std": 0.0,
    "n": 643
  },
  "EMM": {
    "mean": 10.10300937413302,
    "std": 4.819765948095871,
    "n": 205
  },
  "TESS": {
    "mean": 9.851685441483488,
    "std": 6.676837139320293,
    "n": 243
  },
  "EURC": {
    "mean": 6.6027706436323985,
    "std": 4.614642250756928,
    "n": 520
  },
  "NHPC": {
    "mean": 2.805765745868674,
    "std": 2.9680490213752435,
    "n": 594
  },
  "PSYC": {
    "mean": 9.736728782806555,
    "std": 5.417884250884075,
    "n": 698
  },
  "JNO": {
    "mean": 8.997814761090961,
    "std": 4.144273767915984,
    "n": 1730
  },
  "MSL": {
    "mean": 0.3532420545295045,
    "std": 1.3080328554589562,
    "n": 250
  },
  "M20": {
    "mean": 0.4370970885284567,
    "std": 1.4392449802223781,
    "n": 225
  },
  "CGO": {
    "mean": 10.233134675733783,
    "std": 5.56820852732314,
    "n": 300
  },
  "BIOS": {
    "mean": 6.908636657782526,
    "std": 3.8018288013863715,
    "n": 99
  },
  "SGP": {
    "mean": 0.0,
    "std": 0.0,
    "n": 111
  },
  "DSCO": {
    "mean": 4.854675270238321,
    "std": 4.950816787020306,
    "n": 51
  },
  "THB": {
    "mean": 8.127425734448254,
    "std": 5.624767373043861,
    "n": 131
  },
  "MMX": {
    "mean": 6.362218001206304,
    "std": 4.883589741929257,
    "n": 76
  },
  "RST": {
    "mean": 6.2573459288108575,
    "std": 5.9069727957618285,
    "n": 50
  },
  "XMM": {
    "mean": 10.356520785449455,
    "std": 3.1226085073686924,
    "n": 144
  },
  "TEST": {
    "mean": 0.0,
    "std": 0.0,
    "n": 271
  },
  "MEX": {
    "mean": 9.3423261489249,
    "std": 4.873425922516413,
    "n": 80
  },
  "BEPI": {
    "mean": 4.342343111860535,
    "std": 5.071384013101949,
    "n": 40
  },
  "HYB2": {
    "mean": 4.1767749285408255,
    "std": 3.2512601559797702,
    "n": 463
  },
  "HCRA": {
    "mean": 0.0,
    "std": 0.0,
    "n": 74
  },
  "EGS": {
    "mean": 0.0,
    "std": 0.0,
    "n": 16
  },
  "TERR": {
    "mean": 0.0,
    "std": 0.0,
    "n": 3
  }
}