{
  "ACE": {
    "mean": 8.434421435911137,
    "std": 4.915855226306626,
    "n": 606
  },
  "DSN": {
    "mean": 0.0,
    "std": 0.0,
    "n": 9146
  },
  "DSS": {
    "mean": 0.0,
    "std": 0.0,
    "n": 1816
  },
  "JWST": {
    "mean": 11.423919531547858,
    "std": 6.015762432865233,
    "n": 1398
  },
  "KPLO": {
    "mean": 8.603093288533687,
    "std": 6.1894740087246936,
    "n": 1159
  },
  "LUCY": {
    "mean": 9.054918847862217,
    "std": 3.9911480281853446,
    "n": 798
  },
  "M01O": {
    "mean": 7.927068531919173,
    "std": 4.28759094333807,
    "n": 2320
  },
  "MMS2": {
    "mean": 11.949691120814725,
    "std": 5.626251444630857,
    "n": 276
  },
  "ORX": {
    "mean": 4.20049240741289,
    "std": 6.338715954780552,
    "n": 616
  },
  "SOHO": {
    "mean": 10.44083310661216,
    "std": 4.466158729734719,
    "n": 1914
  },
  "SPP": {
    "mean": 9.225319181589532,
    "std": 4.599779252658854,
    "n": 1119
  },
  "VGR2": {
    "mean": 4.16914913741106,
    "std": 1.8855824440036135,
    "n": 931
  },
  "CAPS": {
    "mean": 9.081313797480792,
    "std": 5.565881831113508,
    "n": 308
  },
  "MRO": {
    "mean": 11.221471035987319,
    "std": 5.790472387171852,
    "n": 970
  },
  "STA": {
    "mean": 10.554723397052276,
    "std": 5.271891013728998,
    "n": 687
  },
  "IMAP": {
    "mean": 10.537767592960973,
    "std": 5.57966150478346,
    "n": 370
  },
  "MMS3": {
    "mean": 11.724588861738821,
    "std": 5.813786220288456,
    "n": 274
  },
  "TGO": {
    "mean": 10.356434036154798,
    "std": 5.1893901599127945,
    "n": 325
  },
  "TDR8": {
    "mean": 6.839711603308979,
    "std": 3.15492915596383,
    "n": 114
  },
  "MMS4": {
    "mean": 11.959896174959383,
    "std": 5.642727747894283,
    "n": 253
  },
  "WIND": {
    "mean": 7.825636290645974,
    "std": 4.195480281950362,
    "n": 520
  },
  "ESCB": {
    "mean": 7.7660960304312425,
    "std": 3.400870219685615,
    "n": 350
  },
  "THC": {
    "mean": 8.104053890379554,
    "std": 5.622679116121541,
    "n": 149
  },
  "CHDR": {
    "mean": 8.224882660472012,
    "std": 6.867766248946212,
    "n": 633
  },
  "MMS1": {
    "mean": 10.840764869220255,
    "std": 6.292733968742184,
    "n": 306
  },
  "ESCG": {
    "mean": 7.675900459697984,
    "std": 3.6155917272302367,
    "n": 352
  },
  "VGR1": {
    "mean": 4.432302016061365,
    "std": 1.68597384757644,
    "n": 1017
  },
  "DSSR": {
    "mean": 0.0,
    "std": 0.0,
    "n": 196
  },
  "LRO": {
    "mean": 10.831279226336596,
    "std": 6.408162964283051,
    "n": 640
  },
  "SWFO": {
    "mean": 0.2556496744336977,
    "std": 1.4332035292553924,
    "n": 227
  },
  "GBRA": {
    "mean": 0.0,
    "std": 0.0,
    "n": 539
  },
  "EMM": {
    "mean": 10.210121533965474,
    "std": 4.733528122869451,
    "n": 147
  },
  "TESS": {
    "mean": 9.9095928160731,
    "std": 6.5622919675658515,
    "n": 189
  },
  "EURC": {
    "mean": 7.0974320178007035,
    "std": 5.054146484478459,
    "n": 318
  },
  "NHPC": {
    "mean": 3.138502212414497,
    "std": 2.650862423483915,
    "n": 156
  },
  "PSYC": {
    "mean": 9.559087822212327,
    "std": 5.519449657161713,
    "n": 624
  },
  "JNO": {
    "mean": 8.997878427471655,
    "std": 4.3581031152542415,
    "n": 1314
  },
  "MSL": {
    "mean": 0.29093556147686767,
    "std": 1.1964416655374999,
    "n": 179
  },
  "M20": {
    "mean": 0.41647181756341145,
    "std": 1.4079317143529417,
    "n": 174
  },
  "CGO": {
    "mean": 10.391469900248538,
    "std": 5.539003115509523,
    "n": 234
  },
  "BIOS": {
    "mean": 6.976562835742111,
    "std": 3.7645650646294055,
    "n": 71
  },
  "SGP": {
    "mean": 0.0,
    "std": 0.0,
    "n": 34
  },
  "DSCO": {
    "mean": 4.951768775643087,
    "std": 4.951768775643087,
    "n": 44
  },
  "THB": {
    "mean": 8.141870177392011,
    "std": 5.5904266470201875,
    "n": 126
  },
  "MMX": {
    "mean": 6.447047574555721,
    "std": 4.86009682234796,
    "n": 75
  },
  "RST": {
    "mean": 6.771292771997224,
    "std": 5.938614102744261,
    "n": 42
  },
  "XMM": {
    "mean": 10.478006574044688,
    "std": 2.9312374535648464,
    "n": 124
  },
  "TEST": {
    "mean": 0.0,
    "std": 0.0,
    "n": 187
  },
  "MEX": {
    "mean": 9.817453080856374,
    "std": 4.3042786535186215,
    "n": 50
  },
  "BEPI": {
    "mean": 2.420109767318459,
    "std": 3.567173330124926,
    "n": 28
  },
  "HYB2": {
    "mean": 3.1685930748910986,
    "std": 2.5651785935910274,
    "n": 241
  },
  "HCRA": {
    "mean": 0.0,
    "std": 0.0,
    "n": 48
  },
  "EGS": {
    "mean": 0.0,
    "std": 0.0,
    "n": 16
  }
}