{
  "ACE": {
    "mean": 8.365548218087394,
    "std": 4.957619563833488,
    "n": 692
  },
  "DSN": {
    "mean": 0.0,
    "std": 0.0,
    "n": 10713
  },
  "DSS": {
    "mean": 0.0,
    "std": 0.0,
    "n": 2019
  },
  "JWST": {
    "mean": 11.32768479547321,
    "std": 5.915054870485294,
    "n": 1620
  },
  "KPLO": {
    "mean": 8.673411378692045,
    "std": 6.194283311205481,
    "n": 1310
  },
  "LUCY": {
    "mean": 9.023204428419032,
    "std": 3.962621064704021,
    "n": 848
  },
  "M01O": {
    "mean": 7.8453361874028165,
    "std": 4.304367795474796,
    "n": 2585
  },
  "MMS2": {
    "mean": 11.827771132554297,
    "std": 5.718963934241492,
    "n": 333
  },
  "ORX": {
    "mean": 4.294023639096151,
    "std": 6.376188595164528,
    "n": 737
  },
  "SOHO": {
    "mean": 10.410110310045082,
    "std": 4.504485999902588,
    "n": 2207
  },
  "SPP": {
    "mean": 9.011941658868105,
    "std": 4.623998408612996,
    "n": 1174
  },
  "VGR2": {
    "mean": 4.167451844264459,
    "std": 1.8847534939251285,
    "n": 1058
  },
  "CAPS": {
    "mean": 9.072189078876917,
    "std": 5.5672090607898985,
    "n": 344
  },
  "MRO": {
    "mean": 11.29153748642443,
    "std": 5.737297227626164,
    "n": 1175
  },
  "STA": {
    "mean": 10.588223504806443,
    "std": 5.236204241582038,
    "n": 805
  },
  "IMAP": {
    "mean": 10.611333906193913,
    "std": 5.528761403829262,
    "n": 431
  },
  "MMS3": {
    "mean": 11.778315554501853,
    "std": 5.767976226796402,
    "n": 321
  },
  "TGO": {
    "mean": 10.432734557137348,
    "std": 5.127194392148625,
    "n": 361
  },
  "TDR8": {
    "mean": 7.014025107082547,
    "std": 2.9972898409743474,
    "n": 136
  },
  "MMS4": {
    "mean": 12.011774443556202,
    "std": 5.6140578667039325,
    "n": 296
  },
  "WIND": {
    "mean": 7.844900502423974,
    "std": 4.174202556864583,
    "n": 608
  },
  "ESCB": {
    "mean": 7.787862555613745,
    "std": 3.384623188426639,
    "n": 400
  },
  "THC": {
    "mean": 8.165953993616077,
    "std": 5.63538242969312,
    "n": 169
  },
  "CHDR": {
    "mean": 8.213641761676842,
    "std": 6.86721604757621,
    "n": 722
  },
  "MMS1": {
    "mean": 10.824557127651339,
    "std": 6.303706859843624,
    "n": 356
  },
  "ESCG": {
    "mean": 7.629744341358703,
    "std": 3.6330871348012352,
    "n": 373
  },
  "VGR1": {
    "mean": 4.3444052063542715,
    "std": 1.779874735970569,
    "n": 1174
  },
  "DSSR": {
    "mean": 0.0,
    "std": 0.0,
    "n": 226
  },
  "LRO": {
    "mean": 10.708562684997407,
    "std": 6.499650279200346,
    "n": 752
  },
  "SWFO": {
    "mean": 0.2284743153403519,
    "std": 1.3571790426253232,
    "n": 254
  },
  "GBRA": {
    "mean": 0.0,
    "std": 0.0,
    "n": 568
  },
  "EMM": {
    "mean": 10.135336904512531,
    "std": 4.79404608636372,
    "n": 186
  },
  "TESS": {
    "mean": 10.166429127361203,
    "std": 6.710185836027664,
    "n": 225
  },
  "EURC": {
    "mean": 6.95805094988313,
    "std": 4.5836275169320535,
    "n": 431
  },
  "NHPC": {
    "mean": 2.6463621049724684,
    "std": 2.9345151634105413,
    "n": 382
  },
  "PSYC": {
    "mean": 9.62462859788582,
    "std": 5.4826134281452275,
    "n": 645
  },
  "JNO": {
    "mean": 9.015746585285045,
    "std": 4.162667338628379,
    "n": 1611
  },
  "MSL": {
    "mean": 0.2540364170944357,
    "std": 1.1221825856520087,
    "n": 205
  },
  "M20": {
    "mean": 0.4595646958827232,
    "std": 1.472268986290191,
    "n": 214
  },
  "CGO": {
    "mean": 10.289850692054399,
    "std": 5.565489892861328,
    "n": 268
  },
  "BIOS": {
    "mean": 7.111815900254474,
    "std": 3.6669300959237847,
    "n": 81
  },
  "SGP": {
    "mean": 0.0,
    "std": 0.0,
    "n": 111
  },
  "DSCO": {
    "mean": 4.854675270238321,
    "std": 4.950816787020306,
    "n": 51
  },
  "THB": {
    "mean": 8.127425734448254,
    "std": 5.624767373043861,
    "n": 131
  },
  "MMX": {
    "mean": 6.447047574555721,
    "std": 4.86009682234796,
    "n": 75
  },
  "RST": {
    "mean": 6.2573459288108575,
    "std": 5.9069727957618285,
    "n": 50
  },
  "XMM": {
    "mean": 10.49102250883873,
    "std": 2.909686122370264,
    "n": 126
  },
  "TEST": {
    "mean": 0.0,
    "std": 0.0,
    "n": 220
  },
  "MEX": {
    "mean": 9.495547254342087,
    "std": 4.561461788079343,
    "n": 59
  },
  "BEPI": {
    "mean": 4.342343111860535,
    "std": 5.071384013101949,
    "n": 40
  },
  "HYB2": {
    "mean": 4.1767749285408255,
    "std": 3.2512601559797702,
    "n": 463
  },
  "HCRA": {
    "mean": 0.0,
    "std": 0.0,
    "n": 67
  },
  "EGS": {
    "mean": 0.0,
    "std": 0.0,
    "n": 16
  }
}