{
  "ACE": {
    "mean": 8.590486239294274,
    "std": 4.867539799642346,
    "n": 228
  },
  "DSN": {
    "mean": 0.0,
    "std": 0.0,
    "n": 3906
  },
  "DSS": {
    "mean": 0.0,
    "std": 0.0,
    "n": 1107
  },
  "JWST": {
    "mean": 10.792687360895972,
    "std": 5.839833698183062,
    "n": 459
  },
  "KPLO": {
    "mean": 8.437532631257584,
    "std": 6.517320731648618,
    "n": 421
  },
  "LUCY": {
    "mean": 8.678545064165231,
    "std": 4.530183992382177,
    "n": 397
  },
  "M01O": {
    "mean": 8.398237603206121,
    "std": 3.8741792736310825,
    "n": 765
  },
  "MMS2": {
    "mean": 11.954745492640628,
    "std": 5.574143555483917,
    "n": 101
  },
  "ORX": {
    "mean": 4.063724437435762,
    "std": 6.266672199406517,
    "n": 152
  },
  "SOHO": {
    "mean": 10.280828816422519,
    "std": 4.680273642080762,
    "n": 600
  },
  "SPP": {
    "mean": 8.341545117329677,
    "std": 4.290555404024869,
    "n": 371
  },
  "VGR2": {
    "mean": 4.313417178408792,
    "std": 1.724697547174756,
    "n": 338
  },
  "CAPS": {
    "mean": 8.416533678140365,
    "std": 5.875751073221292,
    "n": 113
  },
  "MRO": {
    "mean": 11.212924454657589,
    "std": 5.918574592269644,
    "n": 415
  },
  "STA": {
    "mean": 10.42457619409104,
    "std": 5.3600780140297095,
    "n": 225
  },
  "IMAP": {
    "mean": 10.53997727842645,
    "std": 5.5742429015928865,
    "n": 151
  },
  "MMS3": {
    "mean": 11.683740172562102,
    "std": 5.769386169800854,
    "n": 92
  },
  "TGO": {
    "mean": 9.723792592327786,
    "std": 5.545004553244885,
    "n": 98
  },
  "TDR8": {
    "mean": 6.839711603308979,
    "std": 3.15492915596383,
    "n": 114
  },
  "MMS4": {
    "mean": 12.26353512196692,
    "std": 5.358049567909576,
    "n": 75
  },
  "WIND": {
    "mean": 7.908304608680579,
    "std": 4.113424978037602,
    "n": 194
  },
  "ESCB": {
    "mean": 8.263116725355085,
    "std": 3.157964276265671,
    "n": 141
  },
  "THC": {
    "mean": 8.535454265412818,
    "std": 5.402919927212952,
    "n": 67
  },
  "CHDR": {
    "mean": 7.865745283988866,
    "std": 6.9331561583512284,
    "n": 215
  },
  "MMS1": {
    "mean": 10.746677226883707,
    "std": 6.33408477661278,
    "n": 101
  },
  "ESCG": {
    "mean": 8.162494335168121,
    "std": 3.112390402282501,
    "n": 146
  },
  "VGR1": {
    "mean": 4.5168038799862025,
    "std": 1.5969313264139708,
    "n": 288
  },
  "DSSR": {
    "mean": 0.0,
    "std": 0.0,
    "n": 78
  },
  "LRO": {
    "mean": 10.069063576349043,
    "std": 6.683252840855229,
    "n": 177
  },
  "SWFO": {
    "mean": 0.0,
    "std": 0.0,
    "n": 72
  },
  "GBRA": {
    "mean": 0.0,
    "std": 0.0,
    "n": 251
  },
  "EMM": {
    "mean": 11.641474136744053,
    "std": 3.0089238373033087,
    "n": 48
  },
  "TESS": {
    "mean": 7.2923124771566945,
    "std": 5.136003125364137,
    "n": 51
  },
  "EURC": {
    "mean": 5.630046165287932,
    "std": 5.515245142502543,
    "n": 97
  },
  "NHPC": {
    "mean": 0.0,
    "std": 0.0,
    "n": 18
  },
  "PSYC": {
    "mean": 10.23689788212808,
    "std": 5.092453471040693,
    "n": 242
  },
  "JNO": {
    "mean": 8.83625002900706,
    "std": 4.6267353507916145,
    "n": 564
  },
  "MSL": {
    "mean": 0.10566551128842522,
    "std": 0.7619648379970722,
    "n": 53
  },
  "M20": {
    "mean": 0.38341849870917255,
    "std": 1.3555891023481068,
    "n": 54
  },
  "CGO": {
    "mean": 9.924806293084758,
    "std": 5.661630446168464,
    "n": 98
  },
  "BIOS": {
    "mean": 7.300921556125871,
    "std": 3.509447946156779,
    "n": 32
  },
  "SGP": {
    "mean": 0.0,
    "std": 0.0,
    "n": 34
  },
  "DSCO": {
    "mean": 4.244373236265502,
    "std": 4.9009800609982594,
    "n": 14
  },
  "THB": {
    "mean": 8.849703852968876,
    "std": 5.208177115089756,
    "n": 43
  },
  "MMX": {
    "mean": 5.125630207147106,
    "std": 4.898461512253476,
    "n": 45
  },
  "RST": {
    "mean": 7.105025557367963,
    "std": 5.919891139206077,
    "n": 13
  },
  "XMM": {
    "mean": 10.096105009505944,
    "std": 3.4834871754517813,
    "n": 47
  },
  "TEST": {
    "mean": 0.0,
    "std": 0.0,
    "n": 35
  },
  "MEX": {
    "mean": 9.087453727158627,
    "std": 5.102613566453179,
    "n": 21
  },
  "BEPI": {
    "mean": 6.2961023683473805,
    "std": 3.365408276344554,
    "n": 9
  },
  "HYB2": {
    "mean": 0.0,
    "std": 0.0,
    "n": 4
  }
}