{
  "ACE": {
    "mean": 8.210618874856054,
    "std": 5.0316107676854935,
    "n": 853
  },
  "DSN": {
    "mean": 0.0,
    "std": 0.0,
    "n": 13560
  },
  "DSS": {
    "mean": 0.0,
    "std": 0.0,
    "n": 2401
  },
  "JWST": {
    "mean": 11.460258162895997,
    "std": 5.83634707818683,
    "n": 2057
  },
  "KPLO": {
    "mean": 8.724933940790486,
    "std": 6.201175046170349,
    "n": 1664
  },
  "LUCY": {
    "mean": 8.993181319470937,
    "std": 3.8778913924033858,
    "n": 961
  },
  "M01O": {
    "mean": 7.9387651362431395,
    "std": 4.219128084311332,
    "n": 3116
  },
  "MMS2": {
    "mean": 11.77380144449091,
    "std": 5.721851281203121,
    "n": 430
  },
  "ORX": {
    "mean": 4.368674834438466,
    "std": 6.403956873901113,
    "n": 913
  },
  "SOHO": {
    "mean": 10.441571532689329,
    "std": 4.4873551862521985,
    "n": 2765
  },
  "SPP": {
    "mean": 8.667599662611996,
    "std": 4.5353184217872,
    "n": 1332
  },
  "VGR2": {
    "mean": 4.212493966289386,
    "std": 1.8509758518417792,
    "n": 1311
  },
  "CAPS": {
    "mean": 9.311573656845004,
    "std": 5.428067245932764,
    "n": 446
  },
  "MRO": {
    "mean": 11.466943964013371,
    "std": 5.619493221825672,
    "n": 1432
  },
  "STA": {
    "mean": 10.588078737250884,
    "std": 5.217981650523623,
    "n": 1045
  },
  "IMAP": {
    "mean": 10.765848903540865,
    "std": 5.414721557906119,
    "n": 540
  },
  "MMS3": {
    "mean": 11.868385077376207,
    "std": 5.664323586643329,
    "n": 405
  },
  "TGO": {
    "mean": 10.50815110412881,
    "std": 5.0620337044859145,
    "n": 442
  },
  "TDR8": {
    "mean": 7.014025107082547,
    "std": 2.9972898409743474,
    "n": 136
  },
  "MMS4": {
    "mean": 11.718400201942462,
    "std": 5.824821469541503,
    "n": 374
  },
  "WIND": {
    "mean": 7.872424431110464,
    "std": 4.226942732895284,
    "n": 754
  },
  "ESCB": {
    "mean": 7.787627494436133,
    "std": 3.403851983876745,
    "n": 512
  },
  "THC": {
    "mean": 8.036380286672573,
    "std": 5.681867823453106,
    "n": 239
  },
  "CHDR": {
    "mean": 8.20784626914523,
    "std": 6.869037411520743,
    "n": 896
  },
  "MMS1": {
    "mean": 10.880871253585545,
    "std": 6.280128869945203,
    "n": 465
  },
  "ESCG": {
    "mean": 7.697144618504078,
    "std": 3.6350820401518553,
    "n": 454
  },
  "VGR1": {
    "mean": 3.7140726521925482,
    "std": 2.245472995624381,
    "n": 1689
  },
  "DSSR": {
    "mean": 0.0,
    "std": 0.0,
    "n": 287
  },
  "LRO": {
    "mean": 10.174738630829125,
    "std": 6.458097986019744,
    "n": 1048
  },
  "SWFO": {
    "mean": 0.1848168028549343,
    "std": 1.2239450569972241,
    "n": 314
  },
  "GBRA": {
    "mean": 0.0,
    "std": 0.0,
    "n": 661
  },
  "EMM": {
    "mean": 10.075642807613153,
    "std": 4.840551021548727,
    "n": 256
  },
  "TESS": {
    "mean": 9.691314278364082,
    "std": 6.48100590868308,
    "n": 267
  },
  "EURC": {
    "mean": 6.433473710986997,
    "std": 4.642424412340575,
    "n": 584
  },
  "NHPC": {
    "mean": 2.789201883030447,
    "std": 2.976865015526967,
    "n": 759
  },
  "PSYC": {
    "mean": 9.801750384129395,
    "std": 5.374569499777658,
    "n": 727
  },
  "JNO": {
    "mean": 8.84523257988789,
    "std": 4.3137946967389835,
    "n": 1869
  },
  "MSL": {
    "mean": 0.2993576733300887,
    "std": 1.2108213280844138,
    "n": 295
  },
  "M20": {
    "mean": 0.3981653640441407,
    "std": 1.3792852806772187,
    "n": 247
  },
  "CGO": {
    "mean": 10.319310396423036,
    "std": 5.513565976668552,
    "n": 339
  },
  "BIOS": {
    "mean": 6.908636657782526,
    "std": 3.8018288013863715,
    "n": 99
  },
  "SGP": {
    "mean": 0.0,
    "std": 0.0,
    "n": 111
  },
  "DSCO": {
    "mean": 5.519787753357474,
    "std": 5.061207224223677,
    "n": 69
  },
  "THB": {
    "mean": 7.751827512100509,
    "std": 5.7755097653703125,
    "n": 147
  },
  "MMX": {
    "mean": 6.286980854753921,
    "std": 4.837917009469494,
    "n": 84
  },
  "RST": {
    "mean": 5.586916007866837,
    "std": 5.907579842444726,
    "n": 56
  },
  "XMM": {
    "mean": 10.309444622685579,
    "std": 3.1924408557625874,
    "n": 160
  },
  "TEST": {
    "mean": 0.0,
    "std": 0.0,
    "n": 271
  },
  "MEX": {
    "mean": 8.64732212457721,
    "std": 5.286989164477508,
    "n": 96
  },
  "BEPI": {
    "mean": 4.342343111860535,
    "std": 5.071384013101949,
    "n": 40
  },
  "HYB2": {
    "mean": 4.1767749285408255,
    "std": 3.2512601559797702,
    "n": 463
  },
  "HCRA": {
    "mean": 0.0,
    "std": 0.0,
    "n": 74
  },
  "EGS": {
    "mean": 0.0,
    "std": 0.0,
    "n": 16
  },
  "TERR": {
    "mean": 0.0,
    "std": 0.0,
    "n": 5
  }
}