{
  "ACE": {
    "mean": 8.454203006041269,
    "std": 4.928328933288225,
    "n": 351
  },
  "DSN": {
    "mean": 0.0,
    "std": 0.0,
    "n": 5671
  },
  "DSS": {
    "mean": 0.0,
    "std": 0.0,
    "n": 1329
  },
  "JWST": {
    "mean": 11.110860542437997,
    "std": 6.045192150874283,
    "n": 739
  },
  "KPLO": {
    "mean": 8.56045974639842,
    "std": 6.531240106035286,
    "n": 594
  },
  "LUCY": {
    "mean": 9.046834235982534,
    "std": 4.162874502599698,
    "n": 607
  },
  "M01O": {
    "mean": 7.878170842168924,
    "std": 4.3136722621517745,
    "n": 1236
  },
  "MMS2": {
    "mean": 11.982321962276295,
    "std": 5.575219355220711,
    "n": 152
  },
  "ORX": {
    "mean": 3.7945293883631925,
    "std": 6.140446116300735,
    "n": 275
  },
  "SOHO": {
    "mean": 10.38241713397876,
    "std": 4.590177785314901,
    "n": 948
  },
  "SPP": {
    "mean": 8.393220059169769,
    "std": 4.385502904578334,
    "n": 579
  },
  "VGR2": {
    "mean": 4.2058733125546945,
    "std": 1.8525711566313035,
    "n": 522
  },
  "CAPS": {
    "mean": 8.702386506995758,
    "std": 5.742241642222678,
    "n": 165
  },
  "MRO": {
    "mean": 11.189660700693299,
    "std": 5.858294650296754,
    "n": 579
  },
  "STA": {
    "mean": 10.466817684163734,
    "std": 5.33589371942608,
    "n": 398
  },
  "IMAP": {
    "mean": 10.43558455021548,
    "std": 5.643224733725681,
    "n": 221
  },
  "MMS3": {
    "mean": 11.847722256655494,
    "std": 5.68212043082606,
    "n": 150
  },
  "TGO": {
    "mean": 9.959597816209259,
    "std": 5.420752569377324,
    "n": 158
  },
  "TDR8": {
    "mean": 6.839711603308979,
    "std": 3.15492915596383,
    "n": 114
  },
  "MMS4": {
    "mean": 12.086568957269318,
    "std": 5.537338535789428,
    "n": 127
  },
  "WIND": {
    "mean": 7.869112834020279,
    "std": 4.268584665962841,
    "n": 301
  },
  "ESCB": {
    "mean": 8.15365141516812,
    "std": 3.224113666488309,
    "n": 163
  },
  "THC": {
    "mean": 8.611791407042599,
    "std": 5.443817686129191,
    "n": 92
  },
  "CHDR": {
    "mean": 8.110995617212494,
    "std": 6.898456881827442,
    "n": 355
  },
  "MMS1": {
    "mean": 10.467106157875778,
    "std": 6.480767574905201,
    "n": 159
  },
  "ESCG": {
    "mean": 7.557934917618794,
    "std": 3.585689891265214,
    "n": 210
  },
  "VGR1": {
    "mean": 4.458252269222494,
    "std": 1.6666894478761782,
    "n": 473
  },
  "DSSR": {
    "mean": 0.0,
    "std": 0.0,
    "n": 90
  },
  "LRO": {
    "mean": 9.931681102208842,
    "std": 6.781415309622075,
    "n": 278
  },
  "SWFO": {
    "mean": 0.3263297392026365,
    "std": 1.611951492396501,
    "n": 127
  },
  "GBRA": {
    "mean": 0.0,
    "std": 0.0,
    "n": 348
  },
  "EMM": {
    "mean": 9.77404834391551,
    "std": 5.078363072239936,
    "n": 80
  },
  "TESS": {
    "mean": 9.147031442057662,
    "std": 6.109988969835761,
    "n": 97
  },
  "EURC": {
    "mean": 6.2290763403829486,
    "std": 5.414767797594676,
    "n": 174
  },
  "NHPC": {
    "mean": 0.0,
    "std": 0.0,
    "n": 23
  },
  "PSYC": {
    "mean": 9.437903460621845,
    "std": 5.591472967315638,
    "n": 435
  },
  "JNO": {
    "mean": 8.892228393483649,
    "std": 4.569600015491689,
    "n": 795
  },
  "MSL": {
    "mean": 0.174289094359299,
    "std": 0.9448366877996783,
    "n": 91
  },
  "M20": {
    "mean": 0.24945299916018457,
    "std": 1.108593377259091,
    "n": 83
  },
  "CGO": {
    "mean": 10.185808349518233,
    "std": 5.618906239404096,
    "n": 153
  },
  "BIOS": {
    "mean": 7.009559156895509,
    "std": 3.749341280215953,
    "n": 45
  },
  "SGP": {
    "mean": 0.0,
    "std": 0.0,
    "n": 34
  },
  "DSCO": {
    "mean": 4.539121377672829,
    "std": 4.934545179890666,
    "n": 24
  },
  "THB": {
    "mean": 8.36325366372966,
    "std": 5.672812489098533,
    "n": 61
  },
  "MMX": {
    "mean": 6.274377454177141,
    "std": 4.843714300956881,
    "n": 64
  },
  "RST": {
    "mean": 7.504568018465512,
    "std": 6.107700359240118,
    "n": 29
  },
  "XMM": {
    "mean": 10.296936623248849,
    "std": 3.2106340817210572,
    "n": 79
  },
  "TEST": {
    "mean": 0.0,
    "std": 0.0,
    "n": 68
  },
  "MEX": {
    "mean": 9.093698746870189,
    "std": 4.880448830985071,
    "n": 36
  },
  "BEPI": {
    "mean": 6.2961023683473805,
    "std": 3.365408276344554,
    "n": 9
  },
  "HYB2": {
    "mean": 0.0,
    "std": 0.0,
    "n": 12
  },
  "HCRA": {
    "mean": 0.0,
    "std": 0.0,
    "n": 28
  }
}