{
  "ACE": {
    "mean": 8.434420634357455,
    "std": 4.919161449415,
    "n": 685
  },
  "DSN": {
    "mean": 0.0,
    "std": 0.0,
    "n": 10557
  },
  "DSS": {
    "mean": 0.0,
    "std": 0.0,
    "n": 2019
  },
  "JWST": {
    "mean": 11.299915513264438,
    "std": 5.927779499106275,
    "n": 1593
  },
  "KPLO": {
    "mean": 8.718438693210524,
    "std": 6.194728583173175,
    "n": 1296
  },
  "LUCY": {
    "mean": 9.023204428419032,
    "std": 3.962621064704021,
    "n": 848
  },
  "M01O": {
    "mean": 7.944656284703246,
    "std": 4.24608151805689,
    "n": 2525
  },
  "MMS2": {
    "mean": 11.801868651726117,
    "std": 5.733265396928649,
    "n": 320
  },
  "ORX": {
    "mean": 4.4385630042270146,
    "std": 6.432941120481828,
    "n": 713
  },
  "SOHO": {
    "mean": 10.419185185157165,
    "std": 4.4946915766609745,
    "n": 2161
  },
  "SPP": {
    "mean": 9.011941658868105,
    "std": 4.623998408612996,
    "n": 1174
  },
  "VGR2": {
    "mean": 4.157407859166233,
    "std": 1.8922693391841074,
    "n": 1041
  },
  "CAPS": {
    "mean": 9.059059872020185,
    "std": 5.5743280314499986,
    "n": 339
  },
  "MRO": {
    "mean": 11.262622901217318,
    "std": 5.762725696823538,
    "n": 1162
  },
  "STA": {
    "mean": 10.596023413515558,
    "std": 5.231142598863553,
    "n": 797
  },
  "IMAP": {
    "mean": 10.611333906193913,
    "std": 5.528761403829262,
    "n": 431
  },
  "MMS3": {
    "mean": 11.749316475346985,
    "std": 5.784511097620451,
    "n": 308
  },
  "TGO": {
    "mean": 10.353528390761507,
    "std": 5.187277189631509,
    "n": 350
  },
  "TDR8": {
    "mean": 7.014025107082547,
    "std": 2.9972898409743474,
    "n": 136
  },
  "MMS4": {
    "mean": 11.968176993581217,
    "std": 5.646277222171031,
    "n": 286
  },
  "WIND": {
    "mean": 7.83264774239754,
    "std": 4.200580512766289,
    "n": 600
  },
  "ESCB": {
    "mean": 7.792541502939834,
    "std": 3.397349696146697,
    "n": 379
  },
  "THC": {
    "mean": 8.164873690022624,
    "std": 5.627635537630292,
    "n": 163
  },
  "CHDR": {
    "mean": 8.196807819728333,
    "std": 6.871744294177612,
    "n": 710
  },
  "MMS1": {
    "mean": 10.80812601041789,
    "std": 6.307438247443175,
    "n": 347
  },
  "ESCG": {
    "mean": 7.629744341358703,
    "std": 3.6330871348012352,
    "n": 373
  },
  "VGR1": {
    "mean": 4.344271430931121,
    "std": 1.7798954681276353,
    "n": 1160
  },
  "DSSR": {
    "mean": 0.0,
    "std": 0.0,
    "n": 204
  },
  "LRO": {
    "mean": 10.834322712348618,
    "std": 6.477994813093576,
    "n": 729
  },
  "SWFO": {
    "mean": 0.23400191974374748,
    "std": 1.3730274673613185,
    "n": 248
  },
  "GBRA": {
    "mean": 0.0,
    "std": 0.0,
    "n": 568
  },
  "EMM": {
    "mean": 10.135336904512531,
    "std": 4.79404608636372,
    "n": 186
  },
  "TESS": {
    "mean": 9.609397897603882,
    "std": 6.486769392008635,
    "n": 207
  },
  "EURC": {
    "mean": 6.95805094988313,
    "std": 4.5836275169320535,
    "n": 431
  },
  "NHPC": {
    "mean": 2.656859884397952,
    "std": 2.8964086703419647,
    "n": 345
  },
  "PSYC": {
    "mean": 9.62462859788582,
    "std": 5.4826134281452275,
    "n": 645
  },
  "JNO": {
    "mean": 9.009494903310214,
    "std": 4.196806627804769,
    "n": 1569
  },
  "MSL": {
    "mean": 0.2540364170944357,
    "std": 1.1221825856520087,
    "n": 205
  },
  "M20": {
    "mean": 0.4595646958827232,
    "std": 1.472268986290191,
    "n": 214
  },
  "CGO": {
    "mean": 10.289850692054399,
    "std": 5.565489892861328,
    "n": 268
  },
  "BIOS": {
    "mean": 7.111815900254474,
    "std": 3.6669300959237847,
    "n": 81
  },
  "SGP": {
    "mean": 0.0,
    "std": 0.0,
    "n": 111
  },
  "DSCO": {
    "mean": 4.841729469517685,
    "std": 4.950545965703306,
    "n": 45
  },
  "THB": {
    "mean": 8.127425734448254,
    "std": 5.624767373043861,
    "n": 131
  },
  "MMX": {
    "mean": 6.447047574555721,
    "std": 4.86009682234796,
    "n": 75
  },
  "RST": {
    "mean": 6.2573459288108575,
    "std": 5.9069727957618285,
    "n": 50
  },
  "XMM": {
    "mean": 10.49102250883873,
    "std": 2.909686122370264,
    "n": 126
  },
  "TEST": {
    "mean": 0.0,
    "std": 0.0,
    "n": 220
  },
  "MEX": {
    "mean": 9.495547254342087,
    "std": 4.561461788079343,
    "n": 59
  },
  "BEPI": {
    "mean": 4.342343111860535,
    "std": 5.071384013101949,
    "n": 40
  },
  "HYB2": {
    "mean": 4.1767749285408255,
    "std": 3.2512601559797702,
    "n": 463
  },
  "HCRA": {
    "mean": 0.0,
    "std": 0.0,
    "n": 48
  },
  "EGS": {
    "mean": 0.0,
    "std": 0.0,
    "n": 16
  }
}