{
  "ACE": {
    "mean": 8.463341933476615,
    "std": 4.92384381572243,
    "n": 356
  },
  "DSN": {
    "mean": 0.0,
    "std": 0.0,
    "n": 5705
  },
  "DSS": {
    "mean": 0.0,
    "std": 0.0,
    "n": 1336
  },
  "JWST": {
    "mean": 11.097876119156467,
    "std": 6.0699337881679325,
    "n": 747
  },
  "KPLO": {
    "mean": 8.579220886305977,
    "std": 6.550517607147731,
    "n": 602
  },
  "LUCY": {
    "mean": 9.049425359847978,
    "std": 4.158841811327421,
    "n": 614
  },
  "M01O": {
    "mean": 7.901562029040562,
    "std": 4.298062627904165,
    "n": 1262
  },
  "MMS2": {
    "mean": 11.982321962276295,
    "std": 5.575219355220711,
    "n": 152
  },
  "ORX": {
    "mean": 3.902239526224462,
    "std": 6.193093191868952,
    "n": 285
  },
  "SOHO": {
    "mean": 10.379814328375339,
    "std": 4.592550946639233,
    "n": 959
  },
  "SPP": {
    "mean": 8.477821034059964,
    "std": 4.374097138457689,
    "n": 592
  },
  "VGR2": {
    "mean": 4.219088875610236,
    "std": 1.841632917084388,
    "n": 530
  },
  "CAPS": {
    "mean": 8.782624380421652,
    "std": 5.705782909033028,
    "n": 172
  },
  "MRO": {
    "mean": 11.15347812869876,
    "std": 5.877297125077278,
    "n": 587
  },
  "STA": {
    "mean": 10.50342652336188,
    "std": 5.312761470561231,
    "n": 403
  },
  "IMAP": {
    "mean": 10.43558455021548,
    "std": 5.643224733725681,
    "n": 221
  },
  "MMS3": {
    "mean": 11.885670670250008,
    "std": 5.654173368102536,
    "n": 152
  },
  "TGO": {
    "mean": 9.936182896263716,
    "std": 5.437989498919304,
    "n": 161
  },
  "TDR8": {
    "mean": 6.839711603308979,
    "std": 3.15492915596383,
    "n": 114
  },
  "MMS4": {
    "mean": 12.013380304364665,
    "std": 5.600720053583212,
    "n": 129
  },
  "WIND": {
    "mean": 7.849116388336802,
    "std": 4.271951477800035,
    "n": 304
  },
  "ESCB": {
    "mean": 8.15365141516812,
    "std": 3.224113666488309,
    "n": 163
  },
  "THC": {
    "mean": 8.712037664246306,
    "std": 5.385859581833297,
    "n": 95
  },
  "CHDR": {
    "mean": 8.098548772567536,
    "std": 6.9005238270504385,
    "n": 359
  },
  "MMS1": {
    "mean": 10.467106157875778,
    "std": 6.480767574905201,
    "n": 159
  },
  "ESCG": {
    "mean": 7.557934917618794,
    "std": 3.585689891265214,
    "n": 210
  },
  "VGR1": {
    "mean": 4.452825023977343,
    "std": 1.6729139056748494,
    "n": 477
  },
  "DSSR": {
    "mean": 0.0,
    "std": 0.0,
    "n": 93
  },
  "LRO": {
    "mean": 9.931681102208842,
    "std": 6.781415309622075,
    "n": 278
  },
  "SWFO": {
    "mean": 0.3263297392026365,
    "std": 1.611951492396501,
    "n": 127
  },
  "GBRA": {
    "mean": 0.0,
    "std": 0.0,
    "n": 353
  },
  "EMM": {
    "mean": 9.77404834391551,
    "std": 5.078363072239936,
    "n": 80
  },
  "TESS": {
    "mean": 9.05369438652646,
    "std": 6.147851003944934,
    "n": 98
  },
  "EURC": {
    "mean": 6.239467387072083,
    "std": 5.401014400116778,
    "n": 175
  },
  "NHPC": {
    "mean": 0.0,
    "std": 0.0,
    "n": 23
  },
  "PSYC": {
    "mean": 9.454510720243329,
    "std": 5.5828599189662125,
    "n": 441
  },
  "JNO": {
    "mean": 8.903606577058582,
    "std": 4.564136765013807,
    "n": 803
  },
  "MSL": {
    "mean": 0.174289094359299,
    "std": 0.9448366877996783,
    "n": 91
  },
  "M20": {
    "mean": 0.3529192999482157,
    "std": 1.3046881266307133,
    "n": 88
  },
  "CGO": {
    "mean": 10.185808349518233,
    "std": 5.618906239404096,
    "n": 153
  },
  "BIOS": {
    "mean": 6.8571774360934326,
    "std": 3.8466699106995494,
    "n": 46
  },
  "SGP": {
    "mean": 0.0,
    "std": 0.0,
    "n": 34
  },
  "DSCO": {
    "mean": 4.539121377672829,
    "std": 4.934545179890666,
    "n": 24
  },
  "THB": {
    "mean": 8.339431705441138,
    "std": 5.668333287634757,
    "n": 64
  },
  "MMX": {
    "mean": 6.255844173683396,
    "std": 4.862816903973702,
    "n": 69
  },
  "RST": {
    "mean": 7.504568018465512,
    "std": 6.107700359240118,
    "n": 29
  },
  "XMM": {
    "mean": 10.296936623248849,
    "std": 3.2106340817210572,
    "n": 79
  },
  "TEST": {
    "mean": 0.0,
    "std": 0.0,
    "n": 68
  },
  "MEX": {
    "mean": 9.093698746870189,
    "std": 4.880448830985071,
    "n": 36
  },
  "BEPI": {
    "mean": 4.358840101163571,
    "std": 4.035501777351856,
    "n": 13
  },
  "HYB2": {
    "mean": 0.0,
    "std": 0.0,
    "n": 12
  },
  "HCRA": {
    "mean": 0.0,
    "std": 0.0,
    "n": 28
  }
}