{
  "ACE": {
    "mean": 8.447354870340671,
    "std": 4.903649886328809,
    "n": 566
  },
  "DSN": {
    "mean": 0.0,
    "std": 0.0,
    "n": 8742
  },
  "DSS": {
    "mean": 0.0,
    "std": 0.0,
    "n": 1742
  },
  "JWST": {
    "mean": 11.326693647851341,
    "std": 6.0131332132556325,
    "n": 1287
  },
  "KPLO": {
    "mean": 8.662277473094566,
    "std": 6.269088754160356,
    "n": 1072
  },
  "LUCY": {
    "mean": 9.106098468979601,
    "std": 3.9873587536712494,
    "n": 762
  },
  "M01O": {
    "mean": 7.879435825095808,
    "std": 4.325856048865111,
    "n": 2162
  },
  "MMS2": {
    "mean": 12.085738148550025,
    "std": 5.5116910080974195,
    "n": 256
  },
  "ORX": {
    "mean": 3.9968751602720918,
    "std": 6.247993356408316,
    "n": 575
  },
  "SOHO": {
    "mean": 10.418189956694777,
    "std": 4.481915685196366,
    "n": 1774
  },
  "SPP": {
    "mean": 8.991864431065434,
    "std": 4.5412199495102605,
    "n": 976
  },
  "VGR2": {
    "mean": 4.134268343704935,
    "std": 1.9134328077216844,
    "n": 867
  },
  "CAPS": {
    "mean": 9.103384760466334,
    "std": 5.557694695916504,
    "n": 295
  },
  "MRO": {
    "mean": 11.1749496025129,
    "std": 5.8326858218635005,
    "n": 901
  },
  "STA": {
    "mean": 10.529163614402252,
    "std": 5.2890871525201515,
    "n": 641
  },
  "IMAP": {
    "mean": 10.565364373136074,
    "std": 5.5612995212641545,
    "n": 355
  },
  "MMS3": {
    "mean": 11.5720143458577,
    "std": 5.92046919022288,
    "n": 251
  },
  "TGO": {
    "mean": 10.33990568558666,
    "std": 5.203776255421645,
    "n": 298
  },
  "TDR8": {
    "mean": 6.839711603308979,
    "std": 3.15492915596383,
    "n": 114
  },
  "MMS4": {
    "mean": 12.061452547563395,
    "std": 5.563879678122106,
    "n": 234
  },
  "WIND": {
    "mean": 7.896219295664298,
    "std": 4.188623067452509,
    "n": 481
  },
  "ESCB": {
    "mean": 7.791614077704481,
    "std": 3.3664068860269927,
    "n": 319
  },
  "THC": {
    "mean": 8.193392562835303,
    "std": 5.613047573066228,
    "n": 139
  },
  "CHDR": {
    "mean": 8.201630793598817,
    "std": 6.874042642625873,
    "n": 589
  },
  "MMS1": {
    "mean": 10.700366819321475,
    "std": 6.37343823145896,
    "n": 283
  },
  "ESCG": {
    "mean": 7.64558071040018,
    "std": 3.6736007853487265,
    "n": 319
  },
  "VGR1": {
    "mean": 4.41185788077575,
    "std": 1.7078999695708166,
    "n": 948
  },
  "DSSR": {
    "mean": 0.0,
    "std": 0.0,
    "n": 168
  },
  "LRO": {
    "mean": 10.813373008389103,
    "std": 6.509098767059233,
    "n": 584
  },
  "SWFO": {
    "mean": 0.26743076542142563,
    "std": 1.4647796565901217,
    "n": 217
  },
  "GBRA": {
    "mean": 0.0,
    "std": 0.0,
    "n": 506
  },
  "EMM": {
    "mean": 10.220441761766253,
    "std": 4.725079535760229,
    "n": 142
  },
  "TESS": {
    "mean": 9.526441127253786,
    "std": 6.393731075681011,
    "n": 175
  },
  "EURC": {
    "mean": 7.073237897790295,
    "std": 5.068616792202247,
    "n": 304
  },
  "NHPC": {
    "mean": 1.2097925023767158,
    "std": 1.8146887535650735,
    "n": 65
  },
  "PSYC": {
    "mean": 9.61624813133134,
    "std": 5.484946107948479,
    "n": 603
  },
  "JNO": {
    "mean": 8.99019510597431,
    "std": 4.373749223182606,
    "n": 1256
  },
  "MSL": {
    "mean": 0.24836408356673606,
    "std": 1.1111895918040897,
    "n": 168
  },
  "M20": {
    "mean": 0.49296664119750744,
    "std": 1.5194252329972489,
    "n": 147
  },
  "CGO": {
    "mean": 10.300315363910899,
    "std": 5.590548267115453,
    "n": 213
  },
  "BIOS": {
    "mean": 6.9182329094970685,
    "std": 3.8028866389095115,
    "n": 69
  },
  "SGP": {
    "mean": 0.0,
    "std": 0.0,
    "n": 34
  },
  "DSCO": {
    "mean": 4.951768775643087,
    "std": 4.951768775643087,
    "n": 44
  },
  "THB": {
    "mean": 8.120803425503418,
    "std": 5.622722137669865,
    "n": 109
  },
  "MMX": {
    "mean": 6.447047574555721,
    "std": 4.86009682234796,
    "n": 75
  },
  "RST": {
    "mean": 6.771292771997224,
    "std": 5.938614102744261,
    "n": 42
  },
  "XMM": {
    "mean": 10.478006574044688,
    "std": 2.9312374535648464,
    "n": 124
  },
  "TEST": {
    "mean": 0.0,
    "std": 0.0,
    "n": 144
  },
  "MEX": {
    "mean": 9.48539227202379,
    "std": 4.622399748859159,
    "n": 42
  },
  "BEPI": {
    "mean": 2.2665968526050566,
    "std": 3.6346409384521188,
    "n": 25
  },
  "HYB2": {
    "mean": 2.359411055071979,
    "std": 2.6755755813122373,
    "n": 72
  },
  "HCRA": {
    "mean": 0.0,
    "std": 0.0,
    "n": 43
  },
  "EGS": {
    "mean": 0.0,
    "std": 0.0,
    "n": 16
  }
}