{
  "ACE": {
    "mean": 8.423607905427593,
    "std": 4.917839962117413,
    "n": 573
  },
  "DSN": {
    "mean": 0.0,
    "std": 0.0,
    "n": 8828
  },
  "DSS": {
    "mean": 0.0,
    "std": 0.0,
    "n": 1749
  },
  "JWST": {
    "mean": 11.327324335763828,
    "std": 6.020420312918305,
    "n": 1312
  },
  "KPLO": {
    "mean": 8.679193300504737,
    "std": 6.261631810906082,
    "n": 1095
  },
  "LUCY": {
    "mean": 9.102562041209785,
    "std": 3.978388340513624,
    "n": 771
  },
  "M01O": {
    "mean": 7.8801731097352,
    "std": 4.320121298677943,
    "n": 2180
  },
  "MMS2": {
    "mean": 12.010459317799704,
    "std": 5.574126058962781,
    "n": 260
  },
  "ORX": {
    "mean": 3.998955259933178,
    "std": 6.248754448988658,
    "n": 585
  },
  "SOHO": {
    "mean": 10.418302841361925,
    "std": 4.482874881564546,
    "n": 1799
  },
  "SPP": {
    "mean": 9.00554551129235,
    "std": 4.5783295025969695,
    "n": 1002
  },
  "VGR2": {
    "mean": 4.146734302977294,
    "std": 1.9042670700186999,
    "n": 884
  },
  "CAPS": {
    "mean": 9.104565706084749,
    "std": 5.554492774919185,
    "n": 299
  },
  "MRO": {
    "mean": 11.21044663850728,
    "std": 5.8083946122783106,
    "n": 921
  },
  "STA": {
    "mean": 10.520321963023692,
    "std": 5.294473573546283,
    "n": 649
  },
  "IMAP": {
    "mean": 10.581687596374046,
    "std": 5.549962199637346,
    "n": 357
  },
  "MMS3": {
    "mean": 11.655058394800742,
    "std": 5.86087124000753,
    "n": 258
  },
  "TGO": {
    "mean": 10.340301584553735,
    "std": 5.202878811795446,
    "n": 308
  },
  "TDR8": {
    "mean": 6.839711603308979,
    "std": 3.15492915596383,
    "n": 114
  },
  "MMS4": {
    "mean": 12.058169432653076,
    "std": 5.558533987316209,
    "n": 240
  },
  "WIND": {
    "mean": 7.908966020651206,
    "std": 4.189004041334936,
    "n": 487
  },
  "ESCB": {
    "mean": 7.786035384159938,
    "std": 3.36633904233974,
    "n": 325
  },
  "THC": {
    "mean": 8.193392562835303,
    "std": 5.613047573066228,
    "n": 139
  },
  "CHDR": {
    "mean": 8.202505181549082,
    "std": 6.871897113277116,
    "n": 599
  },
  "MMS1": {
    "mean": 10.740231007541723,
    "std": 6.351822853178325,
    "n": 286
  },
  "ESCG": {
    "mean": 7.643978272768097,
    "std": 3.6576896422186302,
    "n": 332
  },
  "VGR1": {
    "mean": 4.411733673645075,
    "std": 1.7082048393701124,
    "n": 963
  },
  "DSSR": {
    "mean": 0.0,
    "std": 0.0,
    "n": 172
  },
  "LRO": {
    "mean": 10.853498739667732,
    "std": 6.48953676258655,
    "n": 599
  },
  "SWFO": {
    "mean": 0.26620401879105215,
    "std": 1.4615279332635267,
    "n": 218
  },
  "GBRA": {
    "mean": 0.0,
    "std": 0.0,
    "n": 518
  },
  "EMM": {
    "mean": 10.210121533965474,
    "std": 4.733528122869451,
    "n": 147
  },
  "TESS": {
    "mean": 9.526441127253786,
    "std": 6.393731075681011,
    "n": 175
  },
  "EURC": {
    "mean": 7.074369393519517,
    "std": 5.019332454515391,
    "n": 310
  },
  "NHPC": {
    "mean": 1.783037205537776,
    "std": 1.957388492993309,
    "n": 86
  },
  "PSYC": {
    "mean": 9.537529994357648,
    "std": 5.531002643262781,
    "n": 612
  },
  "JNO": {
    "mean": 8.991855148381791,
    "std": 4.361331023672074,
    "n": 1268
  },
  "MSL": {
    "mean": 0.24836408356673606,
    "std": 1.1111895918040897,
    "n": 168
  },
  "M20": {
    "mean": 0.4615674920766471,
    "std": 1.4751602966916446,
    "n": 157
  },
  "CGO": {
    "mean": 10.33353758129151,
    "std": 5.58242053959072,
    "n": 219
  },
  "BIOS": {
    "mean": 6.976562835742111,
    "std": 3.7645650646294055,
    "n": 71
  },
  "SGP": {
    "mean": 0.0,
    "std": 0.0,
    "n": 34
  },
  "DSCO": {
    "mean": 4.951768775643087,
    "std": 4.951768775643087,
    "n": 44
  },
  "THB": {
    "mean": 8.080642312408651,
    "std": 5.635489905384737,
    "n": 111
  },
  "MMX": {
    "mean": 6.447047574555721,
    "std": 4.86009682234796,
    "n": 75
  },
  "RST": {
    "mean": 6.771292771997224,
    "std": 5.938614102744261,
    "n": 42
  },
  "XMM": {
    "mean": 10.478006574044688,
    "std": 2.9312374535648464,
    "n": 124
  },
  "TEST": {
    "mean": 0.0,
    "std": 0.0,
    "n": 144
  },
  "MEX": {
    "mean": 9.48539227202379,
    "std": 4.622399748859159,
    "n": 42
  },
  "BEPI": {
    "mean": 2.420109767318459,
    "std": 3.567173330124926,
    "n": 28
  },
  "HYB2": {
    "mean": 2.336641833141778,
    "std": 2.2881605155382623,
    "n": 109
  },
  "HCRA": {
    "mean": 0.0,
    "std": 0.0,
    "n": 43
  },
  "EGS": {
    "mean": 0.0,
    "std": 0.0,
    "n": 16
  }
}